<?xml version="1.0" encoding="UTF-8" standalone="yes"?><imgdir name="700000100.img"><imgdir name="info"><int name="version" value="10"/><int name="cloud" value="0"/><int name="town" value="0"/><int name="returnMap" value="700000000"/><int name="forcedReturn" value="700000000"/><float name="mobRate" value="1.0"/><string name="bgm" value="Bgm07/HighEnough"/><string name="mapMark" value="None"/><int name="hideMinimap" value="0"/><int name="fieldLimit" value="376"/><int name="VRTop" value="-600"/><int name="VRLeft" value="-1180"/><int name="VRBottom" value="450"/><int name="VRRight" value="1000"/><int name="fieldType" value="70"/><int name="swim" value="0"/></imgdir><imgdir name="back"><imgdir name="0"><string name="bS" value="weddingCN"/><int name="front" value="0"/><int name="ani" value="0"/><int name="no" value="0"/><int name="f" value="0"/><int name="x" value="0"/><int name="y" value="1"/><int name="rx" value="0"/><int name="ry" value="0"/><int name="type" value="3"/><int name="cx" value="0"/><int name="cy" value="0"/><int name="a" value="255"/></imgdir><imgdir name="1"><string name="bS" value="weddingCN"/><int name="front" value="0"/><int name="ani" value="0"/><int name="no" value="1"/><int name="f" value="0"/><int name="x" value="0"/><int name="y" value="-121"/><int name="rx" value="0"/><int name="ry" value="0"/><int name="type" value="1"/><int name="cx" value="0"/><int name="cy" value="0"/><int name="a" value="255"/></imgdir><imgdir name="2"><string name="bS" value="weddingCN"/><int name="front" value="0"/><int name="ani" value="0"/><int name="no" value="9"/><int name="f" value="0"/><int name="x" value="293"/><int name="y" value="-216"/><int name="rx" value="1"/><int name="ry" value="2"/><int name="type" value="4"/><int name="cx" value="500"/><int name="cy" value="0"/><int name="a" value="255"/></imgdir><imgdir name="3"><string name="bS" value="weddingCN"/><int name="front" value="0"/><int name="ani" value="0"/><int name="no" value="10"/><int name="f" value="0"/><int name="x" value="326"/><int name="y" value="-123"/><int name="rx" value="1"/><int name="ry" value="3"/><int name="type" value="4"/><int name="cx" value="950"/><int name="cy" value="0"/><int name="a" value="255"/></imgdir><imgdir name="4"><string name="bS" value="weddingCN"/><int name="front" value="0"/><int name="ani" value="0"/><int name="no" value="15"/><int name="f" value="0"/><int name="x" value="-387"/><int name="y" value="-309"/><int name="rx" value="2"/><int name="ry" value="4"/><int name="type" value="4"/><int name="cx" value="900"/><int name="cy" value="0"/><int name="a" value="255"/></imgdir><imgdir name="5"><string name="bS" value="weddingCN"/><int name="front" value="0"/><int name="ani" value="0"/><int name="no" value="11"/><int name="f" value="0"/><int name="x" value="-82"/><int name="y" value="-264"/><int name="rx" value="1"/><int name="ry" value="4"/><int name="type" value="4"/><int name="cx" value="500"/><int name="cy" value="0"/><int name="a" value="255"/></imgdir><imgdir name="6"><string name="bS" value="weddingCN"/><int name="front" value="0"/><int name="ani" value="0"/><int name="no" value="12"/><int name="f" value="0"/><int name="x" value="-190"/><int name="y" value="-228"/><int name="rx" value="1"/><int name="ry" value="4"/><int name="type" value="4"/><int name="cx" value="500"/><int name="cy" value="0"/><int name="a" value="255"/></imgdir><imgdir name="7"><string name="bS" value="weddingCN"/><int name="front" value="0"/><int name="ani" value="0"/><int name="no" value="13"/><int name="f" value="0"/><int name="x" value="-442"/><int name="y" value="-100"/><int name="rx" value="2"/><int name="ry" value="4"/><int name="type" value="4"/><int name="cx" value="870"/><int name="cy" value="0"/><int name="a" value="255"/></imgdir><imgdir name="8"><string name="bS" value="weddingCN"/><int name="front" value="0"/><int name="ani" value="0"/><int name="no" value="14"/><int name="f" value="0"/><int name="x" value="225"/><int name="y" value="-280"/><int name="rx" value="2"/><int name="ry" value="4"/><int name="type" value="4"/><int name="cx" value="700"/><int name="cy" value="0"/><int name="a" value="255"/></imgdir><imgdir name="9"><string name="bS" value="weddingCN"/><int name="front" value="0"/><int name="ani" value="0"/><int name="no" value="15"/><int name="f" value="0"/><int name="x" value="414"/><int name="y" value="-118"/><int name="rx" value="3"/><int name="ry" value="4"/><int name="type" value="4"/><int name="cx" value="900"/><int name="cy" value="0"/><int name="a" value="255"/></imgdir><imgdir name="10"><string name="bS" value="weddingCN"/><int name="front" value="0"/><int name="ani" value="0"/><int name="no" value="2"/><int name="f" value="0"/><int name="x" value="25"/><int name="y" value="28"/><int name="rx" value="1"/><int name="ry" value="-5"/><int name="type" value="4"/><int name="cx" value="0"/><int name="cy" value="0"/><int name="a" value="255"/></imgdir><imgdir name="11"><string name="bS" value="weddingCN"/><int name="front" value="0"/><int name="ani" value="0"/><int name="no" value="3"/><int name="f" value="0"/><int name="x" value="45"/><int name="y" value="-13"/><int name="rx" value="-15"/><int name="ry" value="-5"/><int name="type" value="0"/><int name="cx" value="0"/><int name="cy" value="0"/><int name="a" value="255"/></imgdir><imgdir name="12"><string name="bS" value="weddingCN"/><int name="front" value="0"/><int name="ani" value="0"/><int name="no" value="4"/><int name="f" value="0"/><int name="x" value="66"/><int name="y" value="12"/><int name="rx" value="4"/><int name="ry" value="-5"/><int name="type" value="4"/><int name="cx" value="0"/><int name="cy" value="0"/><int name="a" value="255"/></imgdir><imgdir name="13"><string name="bS" value="weddingCN"/><int name="front" value="0"/><int name="ani" value="0"/><int name="no" value="5"/><int name="f" value="0"/><int name="x" value="22"/><int name="y" value="-11"/><int name="rx" value="-18"/><int name="ry" value="-5"/><int name="type" value="0"/><int name="cx" value="0"/><int name="cy" value="0"/><int name="a" value="255"/></imgdir><imgdir name="14"><string name="bS" value="weddingCN"/><int name="front" value="0"/><int name="ani" value="0"/><int name="no" value="6"/><int name="f" value="0"/><int name="x" value="-81"/><int name="y" value="41"/><int name="rx" value="6"/><int name="ry" value="-6"/><int name="type" value="4"/><int name="cx" value="0"/><int name="cy" value="0"/><int name="a" value="255"/></imgdir><imgdir name="15"><string name="bS" value="weddingCN"/><int name="front" value="0"/><int name="ani" value="0"/><int name="no" value="7"/><int name="f" value="0"/><int name="x" value="-31"/><int name="y" value="64"/><int name="rx" value="-25"/><int name="ry" value="-7"/><int name="type" value="0"/><int name="cx" value="0"/><int name="cy" value="0"/><int name="a" value="255"/></imgdir><imgdir name="16"><string name="bS" value="weddingCN"/><int name="front" value="0"/><int name="ani" value="0"/><int name="no" value="8"/><int name="f" value="0"/><int name="x" value="-18"/><int name="y" value="230"/><int name="rx" value="15"/><int name="ry" value="-12"/><int name="type" value="4"/><int name="cx" value="0"/><int name="cy" value="0"/><int name="a" value="255"/></imgdir><imgdir name="17"><string name="bS" value="weddingCN"/><int name="front" value="0"/><int name="ani" value="0"/><int name="no" value="16"/><int name="f" value="0"/><int name="x" value="-759"/><int name="y" value="119"/><int name="rx" value="-70"/><int name="ry" value="-90"/><int name="type" value="0"/><int name="cx" value="0"/><int name="cy" value="0"/><int name="a" value="255"/></imgdir><imgdir name="18"><string name="bS" value="weddingCN"/><int name="front" value="0"/><int name="ani" value="0"/><int name="no" value="17"/><int name="f" value="0"/><int name="x" value="-606"/><int name="y" value="178"/><int name="rx" value="-70"/><int name="ry" value="-90"/><int name="type" value="0"/><int name="cx" value="0"/><int name="cy" value="0"/><int name="a" value="255"/></imgdir><imgdir name="19"><string name="bS" value="weddingCN"/><int name="front" value="0"/><int name="ani" value="0"/><int name="no" value="18"/><int name="f" value="0"/><int name="x" value="-360"/><int name="y" value="161"/><int name="rx" value="-70"/><int name="ry" value="-90"/><int name="type" value="0"/><int name="cx" value="0"/><int name="cy" value="0"/><int name="a" value="255"/></imgdir><imgdir name="20"><string name="bS" value="weddingCN"/><int name="front" value="0"/><int name="ani" value="0"/><int name="no" value="16"/><int name="f" value="0"/><int name="x" value="-4"/><int name="y" value="110"/><int name="rx" value="-70"/><int name="ry" value="-90"/><int name="type" value="0"/><int name="cx" value="0"/><int name="cy" value="0"/><int name="a" value="255"/></imgdir></imgdir><imgdir name="life"><imgdir name="0"><string name="type" value="n"/><string name="id" value="9300003"/><int name="x" value="573"/><int name="y" value="-162"/><int name="mobTime" value="0"/><int name="f" value="0"/><int name="hide" value="0"/><int name="fh" value="76"/><int name="cy" value="-159"/><int name="rx0" value="523"/><int name="rx1" value="623"/></imgdir><imgdir name="1"><string name="type" value="n"/><string name="id" value="9300008"/><int name="x" value="-964"/><int name="y" value="286"/><int name="mobTime" value="0"/><int name="f" value="0"/><int name="hide" value="0"/><int name="fh" value="13"/><int name="cy" value="290"/><int name="rx0" value="-1014"/><int name="rx1" value="-914"/></imgdir></imgdir><imgdir name="reactor"></imgdir><imgdir name="0"><imgdir name="info"></imgdir><imgdir name="tile"></imgdir><imgdir name="obj"></imgdir></imgdir><imgdir name="1"><imgdir name="info"></imgdir><imgdir name="tile"></imgdir><imgdir name="obj"></imgdir></imgdir><imgdir name="2"><imgdir name="info"></imgdir><imgdir name="tile"></imgdir><imgdir name="obj"><imgdir name="9"><string name="oS" value="weddingCN"/><string name="l0" value="set"/><string name="l1" value="5"/><string name="l2" value="0"/><int name="x" value="31"/><int name="y" value="63"/><int name="z" value="3"/><int name="f" value="0"/><int name="zM" value="0"/></imgdir><imgdir name="10"><string name="oS" value="weddingCN"/><string name="l0" value="set"/><string name="l1" value="4"/><string name="l2" value="0"/><int name="x" value="31"/><int name="y" value="-34"/><int name="z" value="3"/><int name="f" value="0"/><int name="zM" value="0"/></imgdir><imgdir name="11"><string name="oS" value="weddingCN"/><string name="l0" value="set"/><string name="l1" value="3"/><string name="l2" value="0"/><int name="x" value="34"/><int name="y" value="-272"/><int name="z" value="3"/><int name="f" value="0"/><int name="zM" value="0"/></imgdir><imgdir name="12"><string name="oS" value="weddingCN"/><string name="l0" value="set"/><string name="l1" value="4"/><string name="l2" value="0"/><int name="x" value="31"/><int name="y" value="-509"/><int name="z" value="3"/><int name="f" value="0"/><int name="zM" value="0"/></imgdir><imgdir name="13"><string name="oS" value="weddingCN"/><string name="l0" value="set"/><string name="l1" value="4"/><string name="l2" value="0"/><int name="x" value="31"/><int name="y" value="-609"/><int name="z" value="3"/><int name="f" value="0"/><int name="zM" value="0"/></imgdir><imgdir name="15"><string name="oS" value="weddingCN"/><string name="l0" value="set"/><string name="l1" value="4"/><string name="l2" value="0"/><int name="x" value="412"/><int name="y" value="-35"/><int name="z" value="3"/><int name="f" value="0"/><int name="zM" value="0"/></imgdir><imgdir name="14"><string name="oS" value="weddingCN"/><string name="l0" value="set"/><string name="l1" value="3"/><string name="l2" value="0"/><int name="x" value="415"/><int name="y" value="-273"/><int name="z" value="0"/><int name="f" value="0"/><int name="zM" value="0"/></imgdir><imgdir name="16"><string name="oS" value="weddingCN"/><string name="l0" value="set"/><string name="l1" value="4"/><string name="l2" value="0"/><int name="x" value="412"/><int name="y" value="-510"/><int name="z" value="3"/><int name="f" value="0"/><int name="zM" value="0"/></imgdir><imgdir name="17"><string name="oS" value="weddingCN"/><string name="l0" value="set"/><string name="l1" value="4"/><string name="l2" value="0"/><int name="x" value="412"/><int name="y" value="-610"/><int name="z" value="2"/><int name="f" value="0"/><int name="zM" value="0"/></imgdir><imgdir name="18"><string name="oS" value="weddingCN"/><string name="l0" value="set"/><string name="l1" value="5"/><string name="l2" value="0"/><int name="x" value="859"/><int name="y" value="3"/><int name="z" value="3"/><int name="f" value="0"/><int name="zM" value="0"/></imgdir><imgdir name="19"><string name="oS" value="weddingCN"/><string name="l0" value="set"/><string name="l1" value="4"/><string name="l2" value="0"/><int name="x" value="859"/><int name="y" value="-94"/><int name="z" value="3"/><int name="f" value="0"/><int name="zM" value="0"/></imgdir><imgdir name="20"><string name="oS" value="weddingCN"/><string name="l0" value="set"/><string name="l1" value="3"/><string name="l2" value="0"/><int name="x" value="862"/><int name="y" value="-332"/><int name="z" value="3"/><int name="f" value="0"/><int name="zM" value="0"/></imgdir><imgdir name="21"><string name="oS" value="weddingCN"/><string name="l0" value="set"/><string name="l1" value="4"/><string name="l2" value="0"/><int name="x" value="859"/><int name="y" value="-569"/><int name="z" value="3"/><int name="f" value="0"/><int name="zM" value="0"/></imgdir><imgdir name="22"><string name="oS" value="weddingCN"/><string name="l0" value="set"/><string name="l1" value="4"/><string name="l2" value="0"/><int name="x" value="859"/><int name="y" value="-669"/><int name="z" value="3"/><int name="f" value="0"/><int name="zM" value="0"/></imgdir><imgdir name="26"><string name="oS" value="weddingCN"/><string name="l0" value="set"/><string name="l1" value="2"/><string name="l2" value="0"/><int name="x" value="965"/><int name="y" value="12"/><int name="z" value="3"/><int name="f" value="0"/><int name="zM" value="0"/></imgdir><imgdir name="27"><string name="oS" value="weddingCN"/><string name="l0" value="set"/><string name="l1" value="1"/><string name="l2" value="0"/><int name="x" value="964"/><int name="y" value="-65"/><int name="z" value="3"/><int name="f" value="0"/><int name="zM" value="0"/></imgdir><imgdir name="28"><string name="oS" value="weddingCN"/><string name="l0" value="set"/><string name="l1" value="0"/><string name="l2" value="0"/><int name="x" value="967"/><int name="y" value="-253"/><int name="z" value="3"/><int name="f" value="0"/><int name="zM" value="0"/></imgdir><imgdir name="29"><string name="oS" value="weddingCN"/><string name="l0" value="set"/><string name="l1" value="0"/><string name="l2" value="0"/><int name="x" value="967"/><int name="y" value="-551"/><int name="z" value="3"/><int name="f" value="0"/><int name="zM" value="0"/></imgdir><imgdir name="30"><string name="oS" value="weddingCN"/><string name="l0" value="set"/><string name="l1" value="2"/><string name="l2" value="0"/><int name="x" value="162"/><int name="y" value="72"/><int name="z" value="3"/><int name="f" value="0"/><int name="zM" value="0"/></imgdir><imgdir name="31"><string name="oS" value="weddingCN"/><string name="l0" value="set"/><string name="l1" value="1"/><string name="l2" value="0"/><int name="x" value="161"/><int name="y" value="-5"/><int name="z" value="3"/><int name="f" value="0"/><int name="zM" value="0"/></imgdir><imgdir name="32"><string name="oS" value="weddingCN"/><string name="l0" value="set"/><string name="l1" value="0"/><string name="l2" value="0"/><int name="x" value="163"/><int name="y" value="-193"/><int name="z" value="3"/><int name="f" value="0"/><int name="zM" value="0"/></imgdir><imgdir name="33"><string name="oS" value="weddingCN"/><string name="l0" value="set"/><string name="l1" value="0"/><string name="l2" value="0"/><int name="x" value="163"/><int name="y" value="-491"/><int name="z" value="3"/><int name="f" value="0"/><int name="zM" value="0"/></imgdir><imgdir name="34"><string name="oS" value="weddingCN"/><string name="l0" value="set"/><string name="l1" value="2"/><string name="l2" value="0"/><int name="x" value="-1039"/><int name="y" value="252"/><int name="z" value="3"/><int name="f" value="0"/><int name="zM" value="0"/></imgdir><imgdir name="35"><string name="oS" value="weddingCN"/><string name="l0" value="set"/><string name="l1" value="1"/><string name="l2" value="0"/><int name="x" value="-1039"/><int name="y" value="175"/><int name="z" value="3"/><int name="f" value="0"/><int name="zM" value="0"/></imgdir><imgdir name="36"><string name="oS" value="weddingCN"/><string name="l0" value="set"/><string name="l1" value="0"/><string name="l2" value="0"/><int name="x" value="-1037"/><int name="y" value="-13"/><int name="z" value="3"/><int name="f" value="0"/><int name="zM" value="0"/></imgdir><imgdir name="37"><string name="oS" value="weddingCN"/><string name="l0" value="set"/><string name="l1" value="1"/><string name="l2" value="0"/><int name="x" value="-1039"/><int name="y" value="-202"/><int name="z" value="3"/><int name="f" value="0"/><int name="zM" value="0"/></imgdir><imgdir name="38"><string name="oS" value="weddingCN"/><string name="l0" value="set"/><string name="l1" value="0"/><string name="l2" value="0"/><int name="x" value="-1037"/><int name="y" value="-469"/><int name="z" value="3"/><int name="f" value="0"/><int name="zM" value="0"/></imgdir><imgdir name="39"><string name="oS" value="weddingCN"/><string name="l0" value="set"/><string name="l1" value="1"/><string name="l2" value="0"/><int name="x" value="-1040"/><int name="y" value="-281"/><int name="z" value="3"/><int name="f" value="0"/><int name="zM" value="0"/></imgdir><imgdir name="40"><string name="oS" value="weddingCN"/><string name="l0" value="set"/><string name="l1" value="2"/><string name="l2" value="0"/><int name="x" value="-779"/><int name="y" value="253"/><int name="z" value="3"/><int name="f" value="0"/><int name="zM" value="0"/></imgdir><imgdir name="41"><string name="oS" value="weddingCN"/><string name="l0" value="set"/><string name="l1" value="1"/><string name="l2" value="0"/><int name="x" value="-780"/><int name="y" value="176"/><int name="z" value="3"/><int name="f" value="0"/><int name="zM" value="0"/></imgdir><imgdir name="42"><string name="oS" value="weddingCN"/><string name="l0" value="set"/><string name="l1" value="0"/><string name="l2" value="0"/><int name="x" value="-778"/><int name="y" value="-12"/><int name="z" value="3"/><int name="f" value="0"/><int name="zM" value="0"/></imgdir><imgdir name="43"><string name="oS" value="weddingCN"/><string name="l0" value="set"/><string name="l1" value="1"/><string name="l2" value="0"/><int name="x" value="-780"/><int name="y" value="-201"/><int name="z" value="3"/><int name="f" value="0"/><int name="zM" value="0"/></imgdir><imgdir name="44"><string name="oS" value="weddingCN"/><string name="l0" value="set"/><string name="l1" value="0"/><string name="l2" value="0"/><int name="x" value="-778"/><int name="y" value="-468"/><int name="z" value="3"/><int name="f" value="0"/><int name="zM" value="0"/></imgdir><imgdir name="45"><string name="oS" value="weddingCN"/><string name="l0" value="set"/><string name="l1" value="1"/><string name="l2" value="0"/><int name="x" value="-780"/><int name="y" value="-280"/><int name="z" value="3"/><int name="f" value="0"/><int name="zM" value="0"/></imgdir><imgdir name="0"><string name="oS" value="weddingCN"/><string name="l0" value="set"/><string name="l1" value="0"/><string name="l2" value="0"/><int name="x" value="-236"/><int name="y" value="-469"/><int name="z" value="3"/><int name="f" value="0"/><int name="zM" value="0"/></imgdir><imgdir name="1"><string name="oS" value="weddingCN"/><string name="l0" value="set"/><string name="l1" value="0"/><string name="l2" value="0"/><int name="x" value="-500"/><int name="y" value="-468"/><int name="z" value="3"/><int name="f" value="0"/><int name="zM" value="0"/></imgdir><imgdir name="4"><string name="oS" value="weddingCN"/><string name="l0" value="set"/><string name="l1" value="1"/><string name="l2" value="0"/><int name="x" value="-238"/><int name="y" value="-281"/><int name="z" value="3"/><int name="f" value="0"/><int name="zM" value="0"/></imgdir><imgdir name="5"><string name="oS" value="weddingCN"/><string name="l0" value="set"/><string name="l1" value="1"/><string name="l2" value="0"/><int name="x" value="-239"/><int name="y" value="-202"/><int name="z" value="3"/><int name="f" value="0"/><int name="zM" value="0"/></imgdir><imgdir name="6"><string name="oS" value="weddingCN"/><string name="l0" value="set"/><string name="l1" value="0"/><string name="l2" value="0"/><int name="x" value="-237"/><int name="y" value="-13"/><int name="z" value="3"/><int name="f" value="0"/><int name="zM" value="0"/></imgdir><imgdir name="2"><string name="oS" value="weddingCN"/><string name="l0" value="set"/><string name="l1" value="1"/><string name="l2" value="0"/><int name="x" value="-239"/><int name="y" value="175"/><int name="z" value="3"/><int name="f" value="0"/><int name="zM" value="0"/></imgdir><imgdir name="3"><string name="oS" value="weddingCN"/><string name="l0" value="set"/><string name="l1" value="2"/><string name="l2" value="0"/><int name="x" value="-239"/><int name="y" value="252"/><int name="z" value="3"/><int name="f" value="0"/><int name="zM" value="0"/></imgdir><imgdir name="7"><string name="oS" value="weddingCN"/><string name="l0" value="set"/><string name="l1" value="1"/><string name="l2" value="0"/><int name="x" value="-503"/><int name="y" value="-280"/><int name="z" value="3"/><int name="f" value="0"/><int name="zM" value="0"/></imgdir><imgdir name="8"><string name="oS" value="weddingCN"/><string name="l0" value="set"/><string name="l1" value="1"/><string name="l2" value="0"/><int name="x" value="-503"/><int name="y" value="-201"/><int name="z" value="3"/><int name="f" value="0"/><int name="zM" value="0"/></imgdir><imgdir name="23"><string name="oS" value="weddingCN"/><string name="l0" value="set"/><string name="l1" value="0"/><string name="l2" value="0"/><int name="x" value="-501"/><int name="y" value="-12"/><int name="z" value="3"/><int name="f" value="0"/><int name="zM" value="0"/></imgdir><imgdir name="24"><string name="oS" value="weddingCN"/><string name="l0" value="set"/><string name="l1" value="1"/><string name="l2" value="0"/><int name="x" value="-504"/><int name="y" value="176"/><int name="z" value="3"/><int name="f" value="0"/><int name="zM" value="0"/></imgdir><imgdir name="25"><string name="oS" value="weddingCN"/><string name="l0" value="set"/><string name="l1" value="2"/><string name="l2" value="0"/><int name="x" value="-504"/><int name="y" value="253"/><int name="z" value="3"/><int name="f" value="0"/><int name="zM" value="0"/></imgdir><imgdir name="46"><string name="oS" value="weddingCN"/><string name="l0" value="set"/><string name="l1" value="5"/><string name="l2" value="0"/><int name="x" value="412"/><int name="y" value="62"/><int name="z" value="3"/><int name="f" value="0"/><int name="zM" value="0"/></imgdir></imgdir></imgdir><imgdir name="3"><imgdir name="info"></imgdir><imgdir name="tile"></imgdir><imgdir name="obj"><imgdir name="0"><string name="oS" value="weddingCN"/><string name="l0" value="artificiality"/><string name="l1" value="1"/><string name="l2" value="0"/><int name="x" value="330"/><int name="y" value="43"/><int name="z" value="3"/><int name="f" value="0"/><int name="zM" value="7"/></imgdir><imgdir name="1"><string name="oS" value="weddingCN"/><string name="l0" value="artificiality"/><string name="l1" value="0"/><string name="l2" value="0"/><int name="x" value="560"/><int name="y" value="-158"/><int name="z" value="3"/><int name="f" value="0"/><int name="zM" value="7"/></imgdir><imgdir name="2"><string name="oS" value="weddingCN"/><string name="l0" value="artificiality"/><string name="l1" value="2"/><string name="l2" value="0"/><int name="x" value="458"/><int name="y" value="-190"/><int name="z" value="3"/><int name="f" value="0"/><int name="zM" value="7"/></imgdir><imgdir name="3"><string name="oS" value="weddingCN"/><string name="l0" value="set"/><string name="l1" value="5"/><string name="l2" value="0"/><int name="x" value="-344"/><int name="y" value="243"/><int name="z" value="3"/><int name="f" value="0"/><int name="zM" value="0"/></imgdir><imgdir name="4"><string name="oS" value="weddingCN"/><string name="l0" value="set"/><string name="l1" value="5"/><string name="l2" value="0"/><int name="x" value="-740"/><int name="y" value="243"/><int name="z" value="3"/><int name="f" value="0"/><int name="zM" value="0"/></imgdir><imgdir name="5"><string name="oS" value="weddingCN"/><string name="l0" value="set"/><string name="l1" value="4"/><string name="l2" value="0"/><int name="x" value="-344"/><int name="y" value="146"/><int name="z" value="3"/><int name="f" value="0"/><int name="zM" value="0"/></imgdir><imgdir name="6"><string name="oS" value="weddingCN"/><string name="l0" value="set"/><string name="l1" value="3"/><string name="l2" value="0"/><int name="x" value="-341"/><int name="y" value="-92"/><int name="z" value="3"/><int name="f" value="0"/><int name="zM" value="0"/></imgdir><imgdir name="7"><string name="oS" value="weddingCN"/><string name="l0" value="set"/><string name="l1" value="4"/><string name="l2" value="0"/><int name="x" value="-741"/><int name="y" value="146"/><int name="z" value="3"/><int name="f" value="0"/><int name="zM" value="0"/></imgdir><imgdir name="8"><string name="oS" value="weddingCN"/><string name="l0" value="set"/><string name="l1" value="3"/><string name="l2" value="0"/><int name="x" value="-738"/><int name="y" value="-92"/><int name="z" value="3"/><int name="f" value="0"/><int name="zM" value="0"/></imgdir><imgdir name="9"><string name="oS" value="weddingCN"/><string name="l0" value="set"/><string name="l1" value="3"/><string name="l2" value="0"/><int name="x" value="-341"/><int name="y" value="-467"/><int name="z" value="3"/><int name="f" value="0"/><int name="zM" value="0"/></imgdir><imgdir name="10"><string name="oS" value="weddingCN"/><string name="l0" value="set"/><string name="l1" value="3"/><string name="l2" value="0"/><int name="x" value="-739"/><int name="y" value="-467"/><int name="z" value="3"/><int name="f" value="0"/><int name="zM" value="0"/></imgdir><imgdir name="11"><string name="oS" value="weddingCN"/><string name="l0" value="set"/><string name="l1" value="5"/><string name="l2" value="0"/><int name="x" value="-1145"/><int name="y" value="243"/><int name="z" value="3"/><int name="f" value="0"/><int name="zM" value="0"/></imgdir><imgdir name="12"><string name="oS" value="weddingCN"/><string name="l0" value="set"/><string name="l1" value="4"/><string name="l2" value="0"/><int name="x" value="-1145"/><int name="y" value="146"/><int name="z" value="3"/><int name="f" value="0"/><int name="zM" value="0"/></imgdir><imgdir name="13"><string name="oS" value="weddingCN"/><string name="l0" value="set"/><string name="l1" value="3"/><string name="l2" value="0"/><int name="x" value="-1142"/><int name="y" value="-92"/><int name="z" value="3"/><int name="f" value="0"/><int name="zM" value="0"/></imgdir><imgdir name="14"><string name="oS" value="weddingCN"/><string name="l0" value="set"/><string name="l1" value="3"/><string name="l2" value="0"/><int name="x" value="-1142"/><int name="y" value="-467"/><int name="z" value="3"/><int name="f" value="0"/><int name="zM" value="0"/></imgdir></imgdir></imgdir><imgdir name="4"><imgdir name="info"></imgdir><imgdir name="tile"></imgdir><imgdir name="obj"><imgdir name="0"><string name="oS" value="weddingCN"/><string name="l0" value="artificiality"/><string name="l1" value="4"/><string name="l2" value="0"/><int name="x" value="433"/><int name="y" value="44"/><int name="z" value="3"/><int name="f" value="0"/><int name="zM" value="8"/></imgdir></imgdir></imgdir><imgdir name="5"><imgdir name="info"><string name="tS" value="weddingCN"/><int name="tSMag" value="1"/></imgdir><imgdir name="tile"><imgdir name="7"><int name="x" value="-810"/><int name="y" value="480"/><string name="u" value="enH1"/><int name="no" value="0"/><int name="zM" value="0"/></imgdir><imgdir name="0"><int name="x" value="-810"/><int name="y" value="360"/><string name="u" value="bsc"/><int name="no" value="4"/><int name="zM" value="0"/></imgdir><imgdir name="1"><int name="x" value="-810"/><int name="y" value="420"/><string name="u" value="bsc"/><int name="no" value="3"/><int name="zM" value="0"/></imgdir><imgdir name="4"><int name="x" value="-720"/><int name="y" value="420"/><string name="u" value="bsc"/><int name="no" value="0"/><int name="zM" value="0"/></imgdir><imgdir name="6"><int name="x" value="-720"/><int name="y" value="480"/><string name="u" value="enH1"/><int name="no" value="1"/><int name="zM" value="0"/></imgdir><imgdir name="12"><int name="x" value="-720"/><int name="y" value="300"/><string name="u" value="bsc"/><int name="no" value="2"/><int name="zM" value="0"/></imgdir><imgdir name="16"><int name="x" value="-720"/><int name="y" value="300"/><string name="u" value="enH0"/><int name="no" value="2"/><int name="zM" value="0"/></imgdir><imgdir name="20"><int name="x" value="-450"/><int name="y" value="300"/><string name="u" value="enH0"/><int name="no" value="2"/><int name="zM" value="0"/></imgdir><imgdir name="22"><int name="x" value="-360"/><int name="y" value="300"/><string name="u" value="enH0"/><int name="no" value="2"/><int name="zM" value="0"/></imgdir><imgdir name="9"><int name="x" value="-630"/><int name="y" value="300"/><string name="u" value="bsc"/><int name="no" value="3"/><int name="zM" value="0"/></imgdir><imgdir name="17"><int name="x" value="-630"/><int name="y" value="300"/><string name="u" value="enH0"/><int name="no" value="2"/><int name="zM" value="0"/></imgdir><imgdir name="34"><int name="x" value="-540"/><int name="y" value="300"/><string name="u" value="bsc"/><int name="no" value="1"/><int name="zM" value="0"/></imgdir><imgdir name="32"><int name="x" value="-540"/><int name="y" value="300"/><string name="u" value="enH0"/><int name="no" value="0"/><int name="zM" value="0"/></imgdir><imgdir name="21"><int name="x" value="-360"/><int name="y" value="300"/><string name="u" value="bsc"/><int name="no" value="5"/><int name="zM" value="0"/></imgdir><imgdir name="19"><int name="x" value="-450"/><int name="y" value="300"/><string name="u" value="bsc"/><int name="no" value="2"/><int name="zM" value="0"/></imgdir><imgdir name="15"><int name="x" value="-630"/><int name="y" value="360"/><string name="u" value="bsc"/><int name="no" value="3"/><int name="zM" value="0"/></imgdir><imgdir name="36"><int name="x" value="-720"/><int name="y" value="360"/><string name="u" value="bsc"/><int name="no" value="3"/><int name="zM" value="0"/></imgdir><imgdir name="18"><int name="x" value="-540"/><int name="y" value="360"/><string name="u" value="bsc"/><int name="no" value="0"/><int name="zM" value="0"/></imgdir><imgdir name="27"><int name="x" value="-450"/><int name="y" value="360"/><string name="u" value="bsc"/><int name="no" value="5"/><int name="zM" value="0"/></imgdir><imgdir name="30"><int name="x" value="-360"/><int name="y" value="360"/><string name="u" value="bsc"/><int name="no" value="5"/><int name="zM" value="0"/></imgdir><imgdir name="26"><int name="x" value="-360"/><int name="y" value="420"/><string name="u" value="bsc"/><int name="no" value="5"/><int name="zM" value="0"/></imgdir><imgdir name="28"><int name="x" value="-450"/><int name="y" value="480"/><string name="u" value="enH1"/><int name="no" value="1"/><int name="zM" value="0"/></imgdir><imgdir name="3"><int name="x" value="-360"/><int name="y" value="480"/><string name="u" value="enH1"/><int name="no" value="1"/><int name="zM" value="0"/></imgdir><imgdir name="31"><int name="x" value="-540"/><int name="y" value="480"/><string name="u" value="enH1"/><int name="no" value="2"/><int name="zM" value="0"/></imgdir><imgdir name="37"><int name="x" value="-630"/><int name="y" value="420"/><string name="u" value="bsc"/><int name="no" value="1"/><int name="zM" value="0"/></imgdir><imgdir name="38"><int name="x" value="-450"/><int name="y" value="420"/><string name="u" value="bsc"/><int name="no" value="3"/><int name="zM" value="0"/></imgdir><imgdir name="33"><int name="x" value="-630"/><int name="y" value="480"/><string name="u" value="enH1"/><int name="no" value="0"/><int name="zM" value="0"/></imgdir><imgdir name="29"><int name="x" value="-540"/><int name="y" value="420"/><string name="u" value="bsc"/><int name="no" value="4"/><int name="zM" value="0"/></imgdir><imgdir name="42"><int name="x" value="-270"/><int name="y" value="300"/><string name="u" value="enH0"/><int name="no" value="0"/><int name="zM" value="0"/></imgdir><imgdir name="23"><int name="x" value="-270"/><int name="y" value="300"/><string name="u" value="bsc"/><int name="no" value="1"/><int name="zM" value="0"/></imgdir><imgdir name="41"><int name="x" value="-270"/><int name="y" value="360"/><string name="u" value="bsc"/><int name="no" value="2"/><int name="zM" value="0"/></imgdir><imgdir name="39"><int name="x" value="-270"/><int name="y" value="480"/><string name="u" value="enH1"/><int name="no" value="2"/><int name="zM" value="0"/></imgdir><imgdir name="25"><int name="x" value="-270"/><int name="y" value="420"/><string name="u" value="bsc"/><int name="no" value="4"/><int name="zM" value="0"/></imgdir><imgdir name="40"><int name="x" value="-180"/><int name="y" value="300"/><string name="u" value="bsc"/><int name="no" value="1"/><int name="zM" value="0"/></imgdir><imgdir name="44"><int name="x" value="-180"/><int name="y" value="420"/><string name="u" value="bsc"/><int name="no" value="0"/><int name="zM" value="0"/></imgdir><imgdir name="48"><int name="x" value="-180"/><int name="y" value="360"/><string name="u" value="bsc"/><int name="no" value="1"/><int name="zM" value="0"/></imgdir><imgdir name="49"><int name="x" value="-180"/><int name="y" value="480"/><string name="u" value="enH1"/><int name="no" value="1"/><int name="zM" value="0"/></imgdir><imgdir name="45"><int name="x" value="-90"/><int name="y" value="300"/><string name="u" value="bsc"/><int name="no" value="1"/><int name="zM" value="0"/></imgdir><imgdir name="53"><int name="x" value="-90"/><int name="y" value="360"/><string name="u" value="bsc"/><int name="no" value="1"/><int name="zM" value="0"/></imgdir><imgdir name="51"><int name="x" value="-90"/><int name="y" value="420"/><string name="u" value="bsc"/><int name="no" value="3"/><int name="zM" value="0"/></imgdir><imgdir name="24"><int name="x" value="-90"/><int name="y" value="480"/><string name="u" value="enH1"/><int name="no" value="1"/><int name="zM" value="0"/></imgdir><imgdir name="89"><int name="x" value="540"/><int name="y" value="420"/><string name="u" value="bsc"/><int name="no" value="3"/><int name="zM" value="0"/></imgdir><imgdir name="103"><int name="x" value="540"/><int name="y" value="360"/><string name="u" value="bsc"/><int name="no" value="0"/><int name="zM" value="0"/></imgdir><imgdir name="90"><int name="x" value="540"/><int name="y" value="480"/><string name="u" value="enH1"/><int name="no" value="2"/><int name="zM" value="0"/></imgdir><imgdir name="75"><int name="x" value="540"/><int name="y" value="300"/><string name="u" value="bsc"/><int name="no" value="5"/><int name="zM" value="0"/></imgdir><imgdir name="71"><int name="x" value="450"/><int name="y" value="240"/><string name="u" value="bsc"/><int name="no" value="2"/><int name="zM" value="0"/></imgdir><imgdir name="104"><int name="x" value="450"/><int name="y" value="360"/><string name="u" value="bsc"/><int name="no" value="5"/><int name="zM" value="0"/></imgdir><imgdir name="87"><int name="x" value="450"/><int name="y" value="420"/><string name="u" value="bsc"/><int name="no" value="5"/><int name="zM" value="0"/></imgdir><imgdir name="94"><int name="x" value="450"/><int name="y" value="480"/><string name="u" value="enH1"/><int name="no" value="2"/><int name="zM" value="0"/></imgdir><imgdir name="102"><int name="x" value="360"/><int name="y" value="420"/><string name="u" value="bsc"/><int name="no" value="4"/><int name="zM" value="0"/></imgdir><imgdir name="96"><int name="x" value="360"/><int name="y" value="480"/><string name="u" value="enH1"/><int name="no" value="2"/><int name="zM" value="0"/></imgdir><imgdir name="83"><int name="x" value="450"/><int name="y" value="180"/><string name="u" value="bsc"/><int name="no" value="4"/><int name="zM" value="0"/></imgdir><imgdir name="57"><int name="x" value="-90"/><int name="y" value="180"/><string name="u" value="enV0"/><int name="no" value="0"/><int name="zM" value="0"/></imgdir><imgdir name="46"><int name="x" value="-90"/><int name="y" value="240"/><string name="u" value="bsc"/><int name="no" value="3"/><int name="zM" value="0"/></imgdir><imgdir name="79"><int name="x" value="360"/><int name="y" value="360"/><string name="u" value="bsc"/><int name="no" value="1"/><int name="zM" value="0"/></imgdir><imgdir name="97"><int name="x" value="360"/><int name="y" value="300"/><string name="u" value="bsc"/><int name="no" value="2"/><int name="zM" value="0"/></imgdir><imgdir name="99"><int name="x" value="450"/><int name="y" value="300"/><string name="u" value="bsc"/><int name="no" value="0"/><int name="zM" value="0"/></imgdir><imgdir name="80"><int name="x" value="360"/><int name="y" value="240"/><string name="u" value="bsc"/><int name="no" value="5"/><int name="zM" value="0"/></imgdir><imgdir name="72"><int name="x" value="360"/><int name="y" value="180"/><string name="u" value="bsc"/><int name="no" value="2"/><int name="zM" value="0"/></imgdir><imgdir name="65"><int name="x" value="540"/><int name="y" value="180"/><string name="u" value="bsc"/><int name="no" value="2"/><int name="zM" value="0"/></imgdir><imgdir name="77"><int name="x" value="540"/><int name="y" value="240"/><string name="u" value="bsc"/><int name="no" value="2"/><int name="zM" value="0"/></imgdir><imgdir name="78"><int name="x" value="-90"/><int name="y" value="180"/><string name="u" value="bsc"/><int name="no" value="2"/><int name="zM" value="0"/></imgdir><imgdir name="68"><int name="x" value="-90"/><int name="y" value="180"/><string name="u" value="enH0"/><int name="no" value="0"/><int name="zM" value="0"/></imgdir><imgdir name="86"><int name="x" value="-90"/><int name="y" value="180"/><string name="u" value="edU"/><int name="no" value="0"/><int name="zM" value="0"/></imgdir><imgdir name="47"><int name="x" value="-810"/><int name="y" value="300"/><string name="u" value="bsc"/><int name="no" value="4"/><int name="zM" value="0"/></imgdir><imgdir name="101"><int name="x" value="-810"/><int name="y" value="300"/><string name="u" value="enH0"/><int name="no" value="1"/><int name="zM" value="0"/></imgdir><imgdir name="121"><int name="x" value="-180"/><int name="y" value="240"/><string name="u" value="edU"/><int name="no" value="0"/><int name="zM" value="0"/></imgdir><imgdir name="123"><int name="x" value="-180"/><int name="y" value="240"/><string name="u" value="enV0"/><int name="no" value="0"/><int name="zM" value="0"/></imgdir><imgdir name="124"><int name="x" value="-180"/><int name="y" value="240"/><string name="u" value="enH0"/><int name="no" value="2"/><int name="zM" value="0"/></imgdir><imgdir name="122"><int name="x" value="-180"/><int name="y" value="240"/><string name="u" value="bsc"/><int name="no" value="0"/><int name="zM" value="0"/></imgdir><imgdir name="109"><int name="x" value="630"/><int name="y" value="120"/><string name="u" value="bsc"/><int name="no" value="2"/><int name="zM" value="0"/></imgdir><imgdir name="131"><int name="x" value="630"/><int name="y" value="120"/><string name="u" value="enH0"/><int name="no" value="0"/><int name="zM" value="0"/></imgdir><imgdir name="126"><int name="x" value="720"/><int name="y" value="120"/><string name="u" value="bsc"/><int name="no" value="3"/><int name="zM" value="0"/></imgdir><imgdir name="125"><int name="x" value="720"/><int name="y" value="180"/><string name="u" value="bsc"/><int name="no" value="5"/><int name="zM" value="0"/></imgdir><imgdir name="107"><int name="x" value="630"/><int name="y" value="180"/><string name="u" value="bsc"/><int name="no" value="5"/><int name="zM" value="0"/></imgdir><imgdir name="106"><int name="x" value="630"/><int name="y" value="240"/><string name="u" value="bsc"/><int name="no" value="1"/><int name="zM" value="0"/></imgdir><imgdir name="130"><int name="x" value="720"/><int name="y" value="240"/><string name="u" value="bsc"/><int name="no" value="2"/><int name="zM" value="0"/></imgdir><imgdir name="129"><int name="x" value="720"/><int name="y" value="300"/><string name="u" value="bsc"/><int name="no" value="0"/><int name="zM" value="0"/></imgdir><imgdir name="98"><int name="x" value="630"/><int name="y" value="300"/><string name="u" value="bsc"/><int name="no" value="4"/><int name="zM" value="0"/></imgdir><imgdir name="135"><int name="x" value="630"/><int name="y" value="360"/><string name="u" value="bsc"/><int name="no" value="3"/><int name="zM" value="0"/></imgdir><imgdir name="92"><int name="x" value="630"/><int name="y" value="480"/><string name="u" value="enH1"/><int name="no" value="0"/><int name="zM" value="0"/></imgdir><imgdir name="93"><int name="x" value="720"/><int name="y" value="480"/><string name="u" value="enH1"/><int name="no" value="0"/><int name="zM" value="0"/></imgdir><imgdir name="76"><int name="x" value="630"/><int name="y" value="420"/><string name="u" value="bsc"/><int name="no" value="5"/><int name="zM" value="0"/></imgdir><imgdir name="127"><int name="x" value="720"/><int name="y" value="420"/><string name="u" value="bsc"/><int name="no" value="3"/><int name="zM" value="0"/></imgdir><imgdir name="138"><int name="x" value="720"/><int name="y" value="360"/><string name="u" value="bsc"/><int name="no" value="3"/><int name="zM" value="0"/></imgdir><imgdir name="132"><int name="x" value="810"/><int name="y" value="120"/><string name="u" value="bsc"/><int name="no" value="2"/><int name="zM" value="0"/></imgdir><imgdir name="128"><int name="x" value="900"/><int name="y" value="180"/><string name="u" value="bsc"/><int name="no" value="4"/><int name="zM" value="0"/></imgdir><imgdir name="141"><int name="x" value="900"/><int name="y" value="120"/><string name="u" value="bsc"/><int name="no" value="4"/><int name="zM" value="0"/></imgdir><imgdir name="95"><int name="x" value="810"/><int name="y" value="240"/><string name="u" value="bsc"/><int name="no" value="2"/><int name="zM" value="0"/></imgdir><imgdir name="134"><int name="x" value="810"/><int name="y" value="480"/><string name="u" value="enH1"/><int name="no" value="0"/><int name="zM" value="0"/></imgdir><imgdir name="70"><int name="x" value="900"/><int name="y" value="420"/><string name="u" value="bsc"/><int name="no" value="5"/><int name="zM" value="0"/></imgdir><imgdir name="133"><int name="x" value="900"/><int name="y" value="480"/><string name="u" value="enH1"/><int name="no" value="2"/><int name="zM" value="0"/></imgdir><imgdir name="74"><int name="x" value="810"/><int name="y" value="360"/><string name="u" value="bsc"/><int name="no" value="5"/><int name="zM" value="0"/></imgdir><imgdir name="136"><int name="x" value="810"/><int name="y" value="420"/><string name="u" value="bsc"/><int name="no" value="2"/><int name="zM" value="0"/></imgdir><imgdir name="139"><int name="x" value="810"/><int name="y" value="60"/><string name="u" value="bsc"/><int name="no" value="5"/><int name="zM" value="0"/></imgdir><imgdir name="137"><int name="x" value="810"/><int name="y" value="120"/><string name="u" value="slLU"/><int name="no" value="0"/><int name="zM" value="0"/></imgdir><imgdir name="140"><int name="x" value="990"/><int name="y" value="60"/><string name="u" value="enV1"/><int name="no" value="0"/><int name="zM" value="0"/></imgdir><imgdir name="110"><int name="x" value="990"/><int name="y" value="60"/><string name="u" value="edU"/><int name="no" value="0"/><int name="zM" value="0"/></imgdir><imgdir name="108"><int name="x" value="900"/><int name="y" value="60"/><string name="u" value="bsc"/><int name="no" value="0"/><int name="zM" value="0"/></imgdir><imgdir name="14"><int name="x" value="810"/><int name="y" value="60"/><string name="u" value="enH0"/><int name="no" value="2"/><int name="zM" value="0"/></imgdir><imgdir name="13"><int name="x" value="990"/><int name="y" value="420"/><string name="u" value="enV1"/><int name="no" value="0"/><int name="zM" value="0"/></imgdir><imgdir name="10"><int name="x" value="810"/><int name="y" value="300"/><string name="u" value="bsc"/><int name="no" value="2"/><int name="zM" value="0"/></imgdir><imgdir name="11"><int name="x" value="990"/><int name="y" value="300"/><string name="u" value="enV1"/><int name="no" value="0"/><int name="zM" value="0"/></imgdir><imgdir name="118"><int name="x" value="990"/><int name="y" value="240"/><string name="u" value="enV1"/><int name="no" value="1"/><int name="zM" value="0"/></imgdir><imgdir name="91"><int name="x" value="990"/><int name="y" value="480"/><string name="u" value="edD"/><int name="no" value="0"/><int name="zM" value="0"/></imgdir><imgdir name="69"><int name="x" value="900"/><int name="y" value="300"/><string name="u" value="bsc"/><int name="no" value="0"/><int name="zM" value="0"/></imgdir><imgdir name="114"><int name="x" value="900"/><int name="y" value="360"/><string name="u" value="bsc"/><int name="no" value="4"/><int name="zM" value="0"/></imgdir><imgdir name="115"><int name="x" value="990"/><int name="y" value="180"/><string name="u" value="enV1"/><int name="no" value="0"/><int name="zM" value="0"/></imgdir><imgdir name="112"><int name="x" value="990"/><int name="y" value="360"/><string name="u" value="enV1"/><int name="no" value="0"/><int name="zM" value="0"/></imgdir><imgdir name="113"><int name="x" value="900"/><int name="y" value="240"/><string name="u" value="bsc"/><int name="no" value="3"/><int name="zM" value="0"/></imgdir><imgdir name="111"><int name="x" value="810"/><int name="y" value="180"/><string name="u" value="bsc"/><int name="no" value="3"/><int name="zM" value="0"/></imgdir><imgdir name="119"><int name="x" value="900"/><int name="y" value="60"/><string name="u" value="enH0"/><int name="no" value="0"/><int name="zM" value="0"/></imgdir><imgdir name="120"><int name="x" value="990"/><int name="y" value="120"/><string name="u" value="enV1"/><int name="no" value="0"/><int name="zM" value="0"/></imgdir><imgdir name="2"><int name="x" value="-1080"/><int name="y" value="480"/><string name="u" value="enH1"/><int name="no" value="0"/><int name="zM" value="0"/></imgdir><imgdir name="105"><int name="x" value="-900"/><int name="y" value="300"/><string name="u" value="enH0"/><int name="no" value="1"/><int name="zM" value="0"/></imgdir><imgdir name="85"><int name="x" value="-1170"/><int name="y" value="480"/><string name="u" value="enH1"/><int name="no" value="1"/><int name="zM" value="0"/></imgdir><imgdir name="8"><int name="x" value="-1170"/><int name="y" value="420"/><string name="u" value="enV0"/><int name="no" value="1"/><int name="zM" value="0"/></imgdir><imgdir name="5"><int name="x" value="-1170"/><int name="y" value="480"/><string name="u" value="edD"/><int name="no" value="0"/><int name="zM" value="0"/></imgdir><imgdir name="143"><int name="x" value="-1170"/><int name="y" value="300"/><string name="u" value="bsc"/><int name="no" value="5"/><int name="zM" value="0"/></imgdir><imgdir name="142"><int name="x" value="-990"/><int name="y" value="480"/><string name="u" value="enH1"/><int name="no" value="2"/><int name="zM" value="0"/></imgdir><imgdir name="73"><int name="x" value="-990"/><int name="y" value="300"/><string name="u" value="bsc"/><int name="no" value="3"/><int name="zM" value="0"/></imgdir><imgdir name="88"><int name="x" value="-1080"/><int name="y" value="420"/><string name="u" value="bsc"/><int name="no" value="4"/><int name="zM" value="0"/></imgdir><imgdir name="116"><int name="x" value="-1080"/><int name="y" value="300"/><string name="u" value="bsc"/><int name="no" value="5"/><int name="zM" value="0"/></imgdir><imgdir name="54"><int name="x" value="-1170"/><int name="y" value="420"/><string name="u" value="bsc"/><int name="no" value="1"/><int name="zM" value="0"/></imgdir><imgdir name="82"><int name="x" value="-900"/><int name="y" value="420"/><string name="u" value="bsc"/><int name="no" value="3"/><int name="zM" value="0"/></imgdir><imgdir name="60"><int name="x" value="-990"/><int name="y" value="420"/><string name="u" value="bsc"/><int name="no" value="4"/><int name="zM" value="0"/></imgdir><imgdir name="117"><int name="x" value="-1170"/><int name="y" value="360"/><string name="u" value="bsc"/><int name="no" value="4"/><int name="zM" value="0"/></imgdir><imgdir name="55"><int name="x" value="-990"/><int name="y" value="300"/><string name="u" value="enH0"/><int name="no" value="1"/><int name="zM" value="0"/></imgdir><imgdir name="67"><int name="x" value="-900"/><int name="y" value="300"/><string name="u" value="bsc"/><int name="no" value="2"/><int name="zM" value="0"/></imgdir><imgdir name="52"><int name="x" value="-900"/><int name="y" value="360"/><string name="u" value="bsc"/><int name="no" value="4"/><int name="zM" value="0"/></imgdir><imgdir name="50"><int name="x" value="450"/><int name="y" value="120"/><string name="u" value="enH0"/><int name="no" value="2"/><int name="zM" value="0"/></imgdir><imgdir name="43"><int name="x" value="540"/><int name="y" value="120"/><string name="u" value="enH0"/><int name="no" value="1"/><int name="zM" value="0"/></imgdir><imgdir name="62"><int name="x" value="450"/><int name="y" value="120"/><string name="u" value="bsc"/><int name="no" value="5"/><int name="zM" value="0"/></imgdir><imgdir name="63"><int name="x" value="540"/><int name="y" value="120"/><string name="u" value="bsc"/><int name="no" value="0"/><int name="zM" value="0"/></imgdir><imgdir name="58"><int name="x" value="-1170"/><int name="y" value="360"/><string name="u" value="enV0"/><int name="no" value="1"/><int name="zM" value="0"/></imgdir><imgdir name="56"><int name="x" value="-1080"/><int name="y" value="360"/><string name="u" value="bsc"/><int name="no" value="2"/><int name="zM" value="0"/></imgdir><imgdir name="100"><int name="x" value="-1080"/><int name="y" value="300"/><string name="u" value="enH0"/><int name="no" value="0"/><int name="zM" value="0"/></imgdir><imgdir name="35"><int name="x" value="360"/><int name="y" value="120"/><string name="u" value="bsc"/><int name="no" value="0"/><int name="zM" value="0"/></imgdir><imgdir name="61"><int name="x" value="-900"/><int name="y" value="480"/><string name="u" value="enH1"/><int name="no" value="2"/><int name="zM" value="0"/></imgdir><imgdir name="59"><int name="x" value="360"/><int name="y" value="120"/><string name="u" value="enH0"/><int name="no" value="0"/><int name="zM" value="0"/></imgdir><imgdir name="84"><int name="x" value="-990"/><int name="y" value="360"/><string name="u" value="bsc"/><int name="no" value="3"/><int name="zM" value="0"/></imgdir><imgdir name="66"><int name="x" value="-1170"/><int name="y" value="300"/><string name="u" value="enV0"/><int name="no" value="0"/><int name="zM" value="0"/></imgdir><imgdir name="81"><int name="x" value="-1170"/><int name="y" value="300"/><string name="u" value="enH0"/><int name="no" value="0"/><int name="zM" value="0"/></imgdir><imgdir name="64"><int name="x" value="-1170"/><int name="y" value="300"/><string name="u" value="edU"/><int name="no" value="0"/><int name="zM" value="0"/></imgdir><imgdir name="146"><int name="x" value="0"/><int name="y" value="120"/><string name="u" value="edU"/><int name="no" value="0"/><int name="zM" value="0"/></imgdir><imgdir name="144"><int name="x" value="0"/><int name="y" value="120"/><string name="u" value="enV0"/><int name="no" value="0"/><int name="zM" value="0"/></imgdir><imgdir name="154"><int name="x" value="270"/><int name="y" value="120"/><string name="u" value="enH0"/><int name="no" value="0"/><int name="zM" value="0"/></imgdir><imgdir name="158"><int name="x" value="180"/><int name="y" value="480"/><string name="u" value="enH1"/><int name="no" value="1"/><int name="zM" value="0"/></imgdir><imgdir name="156"><int name="x" value="270"/><int name="y" value="480"/><string name="u" value="enH1"/><int name="no" value="1"/><int name="zM" value="0"/></imgdir><imgdir name="147"><int name="x" value="0"/><int name="y" value="120"/><string name="u" value="bsc"/><int name="no" value="2"/><int name="zM" value="0"/></imgdir><imgdir name="149"><int name="x" value="90"/><int name="y" value="120"/><string name="u" value="bsc"/><int name="no" value="5"/><int name="zM" value="0"/></imgdir><imgdir name="174"><int name="x" value="0"/><int name="y" value="120"/><string name="u" value="enH0"/><int name="no" value="2"/><int name="zM" value="0"/></imgdir><imgdir name="151"><int name="x" value="90"/><int name="y" value="120"/><string name="u" value="enH0"/><int name="no" value="2"/><int name="zM" value="0"/></imgdir><imgdir name="148"><int name="x" value="180"/><int name="y" value="120"/><string name="u" value="bsc"/><int name="no" value="5"/><int name="zM" value="0"/></imgdir><imgdir name="152"><int name="x" value="180"/><int name="y" value="120"/><string name="u" value="enH0"/><int name="no" value="0"/><int name="zM" value="0"/></imgdir><imgdir name="155"><int name="x" value="270"/><int name="y" value="120"/><string name="u" value="bsc"/><int name="no" value="2"/><int name="zM" value="0"/></imgdir><imgdir name="166"><int name="x" value="180"/><int name="y" value="180"/><string name="u" value="bsc"/><int name="no" value="3"/><int name="zM" value="0"/></imgdir><imgdir name="175"><int name="x" value="90"/><int name="y" value="180"/><string name="u" value="bsc"/><int name="no" value="0"/><int name="zM" value="0"/></imgdir><imgdir name="173"><int name="x" value="270"/><int name="y" value="180"/><string name="u" value="bsc"/><int name="no" value="3"/><int name="zM" value="0"/></imgdir><imgdir name="167"><int name="x" value="270"/><int name="y" value="240"/><string name="u" value="bsc"/><int name="no" value="3"/><int name="zM" value="0"/></imgdir><imgdir name="150"><int name="x" value="180"/><int name="y" value="240"/><string name="u" value="bsc"/><int name="no" value="5"/><int name="zM" value="0"/></imgdir><imgdir name="164"><int name="x" value="90"/><int name="y" value="240"/><string name="u" value="bsc"/><int name="no" value="0"/><int name="zM" value="0"/></imgdir><imgdir name="145"><int name="x" value="0"/><int name="y" value="180"/><string name="u" value="bsc"/><int name="no" value="4"/><int name="zM" value="0"/></imgdir><imgdir name="171"><int name="x" value="270"/><int name="y" value="360"/><string name="u" value="bsc"/><int name="no" value="0"/><int name="zM" value="0"/></imgdir><imgdir name="161"><int name="x" value="0"/><int name="y" value="420"/><string name="u" value="bsc"/><int name="no" value="2"/><int name="zM" value="0"/></imgdir><imgdir name="177"><int name="x" value="0"/><int name="y" value="360"/><string name="u" value="bsc"/><int name="no" value="5"/><int name="zM" value="0"/></imgdir><imgdir name="159"><int name="x" value="180"/><int name="y" value="360"/><string name="u" value="bsc"/><int name="no" value="3"/><int name="zM" value="0"/></imgdir><imgdir name="157"><int name="x" value="90"/><int name="y" value="360"/><string name="u" value="bsc"/><int name="no" value="4"/><int name="zM" value="0"/></imgdir><imgdir name="169"><int name="x" value="270"/><int name="y" value="300"/><string name="u" value="bsc"/><int name="no" value="2"/><int name="zM" value="0"/></imgdir><imgdir name="170"><int name="x" value="90"/><int name="y" value="480"/><string name="u" value="enH1"/><int name="no" value="0"/><int name="zM" value="0"/></imgdir><imgdir name="172"><int name="x" value="0"/><int name="y" value="480"/><string name="u" value="enH1"/><int name="no" value="0"/><int name="zM" value="0"/></imgdir><imgdir name="153"><int name="x" value="180"/><int name="y" value="300"/><string name="u" value="bsc"/><int name="no" value="5"/><int name="zM" value="0"/></imgdir><imgdir name="160"><int name="x" value="90"/><int name="y" value="420"/><string name="u" value="bsc"/><int name="no" value="2"/><int name="zM" value="0"/></imgdir><imgdir name="176"><int name="x" value="90"/><int name="y" value="300"/><string name="u" value="bsc"/><int name="no" value="5"/><int name="zM" value="0"/></imgdir><imgdir name="162"><int name="x" value="0"/><int name="y" value="300"/><string name="u" value="bsc"/><int name="no" value="1"/><int name="zM" value="0"/></imgdir><imgdir name="168"><int name="x" value="0"/><int name="y" value="240"/><string name="u" value="bsc"/><int name="no" value="3"/><int name="zM" value="0"/></imgdir><imgdir name="165"><int name="x" value="270"/><int name="y" value="420"/><string name="u" value="bsc"/><int name="no" value="1"/><int name="zM" value="0"/></imgdir><imgdir name="163"><int name="x" value="180"/><int name="y" value="420"/><string name="u" value="bsc"/><int name="no" value="5"/><int name="zM" value="0"/></imgdir></imgdir><imgdir name="obj"></imgdir></imgdir><imgdir name="6"><imgdir name="info"></imgdir><imgdir name="tile"></imgdir><imgdir name="obj"><imgdir name="0"><string name="oS" value="weddingCN"/><string name="l0" value="artificiality"/><string name="l1" value="3"/><string name="l2" value="0"/><int name="x" value="661"/><int name="y" value="-190"/><int name="z" value="3"/><int name="f" value="0"/><int name="zM" value="12"/></imgdir></imgdir></imgdir><imgdir name="7"><imgdir name="info"></imgdir><imgdir name="tile"></imgdir><imgdir name="obj"></imgdir></imgdir><imgdir name="foothold"><imgdir name="5"><imgdir name="0"><imgdir name="1"><int name="x1" value="-1200"/><int name="y1" value="480"/><int name="x2" value="-1200"/><int name="y2" value="420"/><int name="prev" value="0"/><int name="next" value="14"/></imgdir><imgdir name="2"><int name="x1" value="1020"/><int name="y1" value="300"/><int name="x2" value="1020"/><int name="y2" value="360"/><int name="prev" value="31"/><int name="next" value="29"/></imgdir><imgdir name="3"><int name="x1" value="1020"/><int name="y1" value="420"/><int name="x2" value="1020"/><int name="y2" value="480"/><int name="prev" value="29"/><int name="next" value="0"/></imgdir><imgdir name="4"><int name="x1" value="810"/><int name="y1" value="50"/><int name="x2" value="900"/><int name="y2" value="50"/><int name="prev" value="40"/><int name="next" value="32"/></imgdir><imgdir name="5"><int name="x1" value="-720"/><int name="y1" value="290"/><int name="x2" value="-630"/><int name="y2" value="290"/><int name="prev" value="25"/><int name="next" value="6"/></imgdir><imgdir name="6"><int name="x1" value="-630"/><int name="y1" value="290"/><int name="x2" value="-540"/><int name="y2" value="290"/><int name="prev" value="5"/><int name="next" value="9"/></imgdir><imgdir name="7"><int name="x1" value="-450"/><int name="y1" value="290"/><int name="x2" value="-360"/><int name="y2" value="290"/><int name="prev" value="9"/><int name="next" value="8"/></imgdir><imgdir name="8"><int name="x1" value="-360"/><int name="y1" value="290"/><int name="x2" value="-270"/><int name="y2" value="290"/><int name="prev" value="7"/><int name="next" value="10"/></imgdir><imgdir name="9"><int name="x1" value="-540"/><int name="y1" value="290"/><int name="x2" value="-450"/><int name="y2" value="290"/><int name="prev" value="6"/><int name="next" value="7"/></imgdir><imgdir name="10"><int name="x1" value="-270"/><int name="y1" value="290"/><int name="x2" value="-210"/><int name="y2" value="290"/><int name="prev" value="8"/><int name="next" value="36"/></imgdir><imgdir name="11"><int name="x1" value="540"/><int name="y1" value="110"/><int name="x2" value="630"/><int name="y2" value="110"/><int name="prev" value="12"/><int name="next" value="39"/></imgdir><imgdir name="12"><int name="x1" value="450"/><int name="y1" value="110"/><int name="x2" value="540"/><int name="y2" value="110"/><int name="prev" value="15"/><int name="next" value="11"/></imgdir><imgdir name="13"><int name="x1" value="-990"/><int name="y1" value="290"/><int name="x2" value="-900"/><int name="y2" value="290"/><int name="prev" value="24"/><int name="next" value="26"/></imgdir><imgdir name="14"><int name="x1" value="-1200"/><int name="y1" value="420"/><int name="x2" value="-1200"/><int name="y2" value="360"/><int name="prev" value="1"/><int name="next" value="18"/></imgdir><imgdir name="15"><int name="x1" value="360"/><int name="y1" value="110"/><int name="x2" value="450"/><int name="y2" value="110"/><int name="prev" value="47"/><int name="next" value="12"/></imgdir><imgdir name="16"><int name="x1" value="-1200"/><int name="y1" value="300"/><int name="x2" value="-1200"/><int name="y2" value="290"/><int name="prev" value="18"/><int name="next" value="17"/></imgdir><imgdir name="17"><int name="x1" value="-1200"/><int name="y1" value="290"/><int name="x2" value="-1140"/><int name="y2" value="290"/><int name="prev" value="16"/><int name="next" value="20"/></imgdir><imgdir name="18"><int name="x1" value="-1200"/><int name="y1" value="360"/><int name="x2" value="-1200"/><int name="y2" value="300"/><int name="prev" value="14"/><int name="next" value="16"/></imgdir><imgdir name="19"><int name="x1" value="-90"/><int name="y1" value="170"/><int name="x2" value="-60"/><int name="y2" value="170"/><int name="prev" value="22"/><int name="next" value="23"/></imgdir><imgdir name="20"><int name="x1" value="-1140"/><int name="y1" value="290"/><int name="x2" value="-1080"/><int name="y2" value="290"/><int name="prev" value="17"/><int name="next" value="24"/></imgdir><imgdir name="21"><int name="x1" value="-120"/><int name="y1" value="180"/><int name="x2" value="-120"/><int name="y2" value="170"/><int name="prev" value="38"/><int name="next" value="22"/></imgdir><imgdir name="22"><int name="x1" value="-120"/><int name="y1" value="170"/><int name="x2" value="-90"/><int name="y2" value="170"/><int name="prev" value="21"/><int name="next" value="19"/></imgdir><imgdir name="23"><int name="x1" value="-60"/><int name="y1" value="170"/><int name="x2" value="-30"/><int name="y2" value="170"/><int name="prev" value="19"/><int name="next" value="42"/></imgdir><imgdir name="24"><int name="x1" value="-1080"/><int name="y1" value="290"/><int name="x2" value="-990"/><int name="y2" value="290"/><int name="prev" value="20"/><int name="next" value="13"/></imgdir><imgdir name="25"><int name="x1" value="-810"/><int name="y1" value="290"/><int name="x2" value="-720"/><int name="y2" value="290"/><int name="prev" value="26"/><int name="next" value="5"/></imgdir><imgdir name="26"><int name="x1" value="-900"/><int name="y1" value="290"/><int name="x2" value="-810"/><int name="y2" value="290"/><int name="prev" value="13"/><int name="next" value="25"/></imgdir><imgdir name="27"><int name="x1" value="960"/><int name="y1" value="50"/><int name="x2" value="1020"/><int name="y2" value="50"/><int name="prev" value="32"/><int name="next" value="28"/></imgdir><imgdir name="28"><int name="x1" value="1020"/><int name="y1" value="50"/><int name="x2" value="1020"/><int name="y2" value="60"/><int name="prev" value="27"/><int name="next" value="41"/></imgdir><imgdir name="29"><int name="x1" value="1020"/><int name="y1" value="360"/><int name="x2" value="1020"/><int name="y2" value="420"/><int name="prev" value="2"/><int name="next" value="3"/></imgdir><imgdir name="30"><int name="x1" value="1020"/><int name="y1" value="180"/><int name="x2" value="1020"/><int name="y2" value="240"/><int name="prev" value="33"/><int name="next" value="31"/></imgdir><imgdir name="31"><int name="x1" value="1020"/><int name="y1" value="240"/><int name="x2" value="1020"/><int name="y2" value="300"/><int name="prev" value="30"/><int name="next" value="2"/></imgdir><imgdir name="32"><int name="x1" value="900"/><int name="y1" value="50"/><int name="x2" value="960"/><int name="y2" value="50"/><int name="prev" value="4"/><int name="next" value="27"/></imgdir><imgdir name="33"><int name="x1" value="1020"/><int name="y1" value="120"/><int name="x2" value="1020"/><int name="y2" value="180"/><int name="prev" value="41"/><int name="next" value="30"/></imgdir><imgdir name="34"><int name="x1" value="-210"/><int name="y1" value="240"/><int name="x2" value="-210"/><int name="y2" value="230"/><int name="prev" value="36"/><int name="next" value="35"/></imgdir><imgdir name="35"><int name="x1" value="-210"/><int name="y1" value="230"/><int name="x2" value="-150"/><int name="y2" value="230"/><int name="prev" value="34"/><int name="next" value="37"/></imgdir><imgdir name="36"><int name="x1" value="-210"/><int name="y1" value="290"/><int name="x2" value="-210"/><int name="y2" value="240"/><int name="prev" value="10"/><int name="next" value="34"/></imgdir><imgdir name="37"><int name="x1" value="-150"/><int name="y1" value="230"/><int name="x2" value="-120"/><int name="y2" value="230"/><int name="prev" value="35"/><int name="next" value="38"/></imgdir><imgdir name="38"><int name="x1" value="-120"/><int name="y1" value="230"/><int name="x2" value="-120"/><int name="y2" value="180"/><int name="prev" value="37"/><int name="next" value="21"/></imgdir><imgdir name="39"><int name="x1" value="630"/><int name="y1" value="110"/><int name="x2" value="720"/><int name="y2" value="110"/><int name="prev" value="11"/><int name="next" value="40"/></imgdir><imgdir name="40"><int name="x1" value="720"/><int name="y1" value="110"/><int name="x2" value="810"/><int name="y2" value="50"/><int name="prev" value="39"/><int name="next" value="4"/></imgdir><imgdir name="41"><int name="x1" value="1020"/><int name="y1" value="60"/><int name="x2" value="1020"/><int name="y2" value="120"/><int name="prev" value="28"/><int name="next" value="33"/></imgdir><imgdir name="42"><int name="x1" value="-30"/><int name="y1" value="170"/><int name="x2" value="-30"/><int name="y2" value="120"/><int name="prev" value="23"/><int name="next" value="43"/></imgdir><imgdir name="43"><int name="x1" value="-30"/><int name="y1" value="120"/><int name="x2" value="-30"/><int name="y2" value="110"/><int name="prev" value="42"/><int name="next" value="44"/></imgdir><imgdir name="44"><int name="x1" value="-30"/><int name="y1" value="110"/><int name="x2" value="30"/><int name="y2" value="110"/><int name="prev" value="43"/><int name="next" value="48"/></imgdir><imgdir name="45"><int name="x1" value="90"/><int name="y1" value="110"/><int name="x2" value="180"/><int name="y2" value="110"/><int name="prev" value="48"/><int name="next" value="46"/></imgdir><imgdir name="46"><int name="x1" value="180"/><int name="y1" value="110"/><int name="x2" value="270"/><int name="y2" value="110"/><int name="prev" value="45"/><int name="next" value="47"/></imgdir><imgdir name="47"><int name="x1" value="270"/><int name="y1" value="110"/><int name="x2" value="360"/><int name="y2" value="110"/><int name="prev" value="46"/><int name="next" value="15"/></imgdir><imgdir name="48"><int name="x1" value="30"/><int name="y1" value="110"/><int name="x2" value="90"/><int name="y2" value="110"/><int name="prev" value="44"/><int name="next" value="45"/></imgdir></imgdir></imgdir><imgdir name="3"><imgdir name="7"><imgdir name="49"><int name="x1" value="349"/><int name="y1" value="85"/><int name="x2" value="419"/><int name="y2" value="85"/><int name="prev" value="0"/><int name="next" value="50"/></imgdir><imgdir name="50"><int name="x1" value="419"/><int name="y1" value="85"/><int name="x2" value="424"/><int name="y2" value="60"/><int name="prev" value="49"/><int name="next" value="52"/></imgdir><imgdir name="51"><int name="x1" value="365"/><int name="y1" value="60"/><int name="x2" value="424"/><int name="y2" value="60"/><int name="prev" value="0"/><int name="next" value="52"/></imgdir><imgdir name="52"><int name="x1" value="424"/><int name="y1" value="60"/><int name="x2" value="435"/><int name="y2" value="60"/><int name="prev" value="51"/><int name="next" value="53"/></imgdir><imgdir name="53"><int name="x1" value="435"/><int name="y1" value="60"/><int name="x2" value="439"/><int name="y2" value="35"/><int name="prev" value="52"/><int name="next" value="55"/></imgdir><imgdir name="54"><int name="x1" value="381"/><int name="y1" value="35"/><int name="x2" value="439"/><int name="y2" value="35"/><int name="prev" value="0"/><int name="next" value="55"/></imgdir><imgdir name="55"><int name="x1" value="439"/><int name="y1" value="35"/><int name="x2" value="451"/><int name="y2" value="35"/><int name="prev" value="54"/><int name="next" value="56"/></imgdir><imgdir name="56"><int name="x1" value="451"/><int name="y1" value="35"/><int name="x2" value="456"/><int name="y2" value="10"/><int name="prev" value="55"/><int name="next" value="58"/></imgdir><imgdir name="57"><int name="x1" value="397"/><int name="y1" value="10"/><int name="x2" value="456"/><int name="y2" value="10"/><int name="prev" value="0"/><int name="next" value="58"/></imgdir><imgdir name="58"><int name="x1" value="456"/><int name="y1" value="10"/><int name="x2" value="467"/><int name="y2" value="10"/><int name="prev" value="57"/><int name="next" value="59"/></imgdir><imgdir name="59"><int name="x1" value="467"/><int name="y1" value="10"/><int name="x2" value="471"/><int name="y2" value="-15"/><int name="prev" value="58"/><int name="next" value="61"/></imgdir><imgdir name="60"><int name="x1" value="412"/><int name="y1" value="-15"/><int name="x2" value="471"/><int name="y2" value="-15"/><int name="prev" value="0"/><int name="next" value="61"/></imgdir><imgdir name="61"><int name="x1" value="471"/><int name="y1" value="-15"/><int name="x2" value="483"/><int name="y2" value="-15"/><int name="prev" value="60"/><int name="next" value="62"/></imgdir><imgdir name="62"><int name="x1" value="483"/><int name="y1" value="-15"/><int name="x2" value="487"/><int name="y2" value="-40"/><int name="prev" value="61"/><int name="next" value="64"/></imgdir><imgdir name="63"><int name="x1" value="428"/><int name="y1" value="-40"/><int name="x2" value="487"/><int name="y2" value="-40"/><int name="prev" value="0"/><int name="next" value="64"/></imgdir><imgdir name="64"><int name="x1" value="487"/><int name="y1" value="-40"/><int name="x2" value="499"/><int name="y2" value="-40"/><int name="prev" value="63"/><int name="next" value="65"/></imgdir><imgdir name="65"><int name="x1" value="499"/><int name="y1" value="-40"/><int name="x2" value="502"/><int name="y2" value="-65"/><int name="prev" value="64"/><int name="next" value="67"/></imgdir><imgdir name="66"><int name="x1" value="442"/><int name="y1" value="-65"/><int name="x2" value="502"/><int name="y2" value="-65"/><int name="prev" value="0"/><int name="next" value="67"/></imgdir><imgdir name="67"><int name="x1" value="502"/><int name="y1" value="-65"/><int name="x2" value="513"/><int name="y2" value="-65"/><int name="prev" value="66"/><int name="next" value="68"/></imgdir><imgdir name="68"><int name="x1" value="513"/><int name="y1" value="-65"/><int name="x2" value="517"/><int name="y2" value="-90"/><int name="prev" value="67"/><int name="next" value="70"/></imgdir><imgdir name="69"><int name="x1" value="458"/><int name="y1" value="-90"/><int name="x2" value="517"/><int name="y2" value="-90"/><int name="prev" value="0"/><int name="next" value="70"/></imgdir><imgdir name="70"><int name="x1" value="517"/><int name="y1" value="-90"/><int name="x2" value="529"/><int name="y2" value="-90"/><int name="prev" value="69"/><int name="next" value="71"/></imgdir><imgdir name="71"><int name="x1" value="529"/><int name="y1" value="-90"/><int name="x2" value="533"/><int name="y2" value="-115"/><int name="prev" value="70"/><int name="next" value="73"/></imgdir><imgdir name="72"><int name="x1" value="474"/><int name="y1" value="-115"/><int name="x2" value="533"/><int name="y2" value="-115"/><int name="prev" value="0"/><int name="next" value="73"/></imgdir><imgdir name="73"><int name="x1" value="533"/><int name="y1" value="-115"/><int name="x2" value="544"/><int name="y2" value="-115"/><int name="prev" value="72"/><int name="next" value="74"/></imgdir><imgdir name="74"><int name="x1" value="544"/><int name="y1" value="-115"/><int name="x2" value="549"/><int name="y2" value="-159"/><int name="prev" value="73"/><int name="next" value="76"/></imgdir><imgdir name="75"><int name="x1" value="416"/><int name="y1" value="-159"/><int name="x2" value="549"/><int name="y2" value="-159"/><int name="prev" value="0"/><int name="next" value="76"/></imgdir><imgdir name="76"><int name="x1" value="549"/><int name="y1" value="-159"/><int name="x2" value="640"/><int name="y2" value="-159"/><int name="prev" value="75"/><int name="next" value="77"/></imgdir><imgdir name="77"><int name="x1" value="640"/><int name="y1" value="-159"/><int name="x2" value="735"/><int name="y2" value="-159"/><int name="prev" value="76"/><int name="next" value="0"/></imgdir></imgdir></imgdir></imgdir><imgdir name="ladderRope"></imgdir><imgdir name="miniMap"><canvas name="canvas" width="143" height="88"></canvas><int name="width" value="2299"/><int name="height" value="1415"/><int name="centerX" value="1242"/><int name="centerY" value="869"/><int name="mag" value="4"/></imgdir><imgdir name="portal"><imgdir name="0"><string name="pn" value="sp"/><int name="pt" value="0"/><int name="x" value="-753"/><int name="y" value="258"/><int name="tm" value="999999999"/><string name="tn" value=""/></imgdir></imgdir></imgdir>