<?xml version="1.0" encoding="UTF-8" standalone="yes"?><imgdir name="700000000.img"><imgdir name="info"><int name="version" value="10"/><int name="cloud" value="0"/><int name="town" value="0"/><int name="returnMap" value="700000000"/><int name="forcedReturn" value="700000000"/><float name="mobRate" value="1.0"/><string name="bgm" value="Bgm06/FlyingInABlueDream"/><string name="mapMark" value="None"/><int name="hideMinimap" value="0"/><int name="fieldLimit" value="0"/><int name="VRTop" value="-250"/><int name="VRLeft" value="-630"/><int name="VRBottom" value="450"/><int name="VRRight" value="900"/></imgdir><imgdir name="back"><imgdir name="0"><string name="bS" value="weddingCN"/><int name="front" value="0"/><int name="ani" value="0"/><int name="no" value="0"/><int name="f" value="0"/><int name="x" value="0"/><int name="y" value="0"/><int name="rx" value="0"/><int name="ry" value="0"/><int name="type" value="3"/><int name="cx" value="0"/><int name="cy" value="0"/><int name="a" value="255"/></imgdir><imgdir name="1"><string name="bS" value="weddingCN"/><int name="front" value="0"/><int name="ani" value="0"/><int name="no" value="1"/><int name="f" value="0"/><int name="x" value="0"/><int name="y" value="-121"/><int name="rx" value="0"/><int name="ry" value="0"/><int name="type" value="1"/><int name="cx" value="0"/><int name="cy" value="0"/><int name="a" value="255"/></imgdir><imgdir name="2"><string name="bS" value="weddingCN"/><int name="front" value="0"/><int name="ani" value="0"/><int name="no" value="9"/><int name="f" value="0"/><int name="x" value="293"/><int name="y" value="-216"/><int name="rx" value="1"/><int name="ry" value="2"/><int name="type" value="4"/><int name="cx" value="500"/><int name="cy" value="0"/><int name="a" value="255"/></imgdir><imgdir name="3"><string name="bS" value="weddingCN"/><int name="front" value="0"/><int name="ani" value="0"/><int name="no" value="10"/><int name="f" value="0"/><int name="x" value="326"/><int name="y" value="-123"/><int name="rx" value="1"/><int name="ry" value="3"/><int name="type" value="4"/><int name="cx" value="950"/><int name="cy" value="0"/><int name="a" value="255"/></imgdir><imgdir name="4"><string name="bS" value="weddingCN"/><int name="front" value="0"/><int name="ani" value="0"/><int name="no" value="15"/><int name="f" value="0"/><int name="x" value="-387"/><int name="y" value="-309"/><int name="rx" value="2"/><int name="ry" value="4"/><int name="type" value="4"/><int name="cx" value="900"/><int name="cy" value="0"/><int name="a" value="255"/></imgdir><imgdir name="5"><string name="bS" value="weddingCN"/><int name="front" value="0"/><int name="ani" value="0"/><int name="no" value="11"/><int name="f" value="0"/><int name="x" value="-82"/><int name="y" value="-264"/><int name="rx" value="1"/><int name="ry" value="4"/><int name="type" value="4"/><int name="cx" value="500"/><int name="cy" value="0"/><int name="a" value="255"/></imgdir><imgdir name="6"><string name="bS" value="weddingCN"/><int name="front" value="0"/><int name="ani" value="0"/><int name="no" value="12"/><int name="f" value="0"/><int name="x" value="-190"/><int name="y" value="-228"/><int name="rx" value="1"/><int name="ry" value="4"/><int name="type" value="4"/><int name="cx" value="500"/><int name="cy" value="0"/><int name="a" value="255"/></imgdir><imgdir name="7"><string name="bS" value="weddingCN"/><int name="front" value="0"/><int name="ani" value="0"/><int name="no" value="13"/><int name="f" value="0"/><int name="x" value="-442"/><int name="y" value="-100"/><int name="rx" value="2"/><int name="ry" value="4"/><int name="type" value="4"/><int name="cx" value="870"/><int name="cy" value="0"/><int name="a" value="255"/></imgdir><imgdir name="8"><string name="bS" value="weddingCN"/><int name="front" value="0"/><int name="ani" value="0"/><int name="no" value="14"/><int name="f" value="0"/><int name="x" value="225"/><int name="y" value="-280"/><int name="rx" value="2"/><int name="ry" value="4"/><int name="type" value="4"/><int name="cx" value="700"/><int name="cy" value="0"/><int name="a" value="255"/></imgdir><imgdir name="9"><string name="bS" value="weddingCN"/><int name="front" value="0"/><int name="ani" value="0"/><int name="no" value="15"/><int name="f" value="0"/><int name="x" value="414"/><int name="y" value="-118"/><int name="rx" value="3"/><int name="ry" value="4"/><int name="type" value="4"/><int name="cx" value="900"/><int name="cy" value="0"/><int name="a" value="255"/></imgdir><imgdir name="10"><string name="bS" value="weddingCN"/><int name="front" value="0"/><int name="ani" value="0"/><int name="no" value="2"/><int name="f" value="0"/><int name="x" value="25"/><int name="y" value="25"/><int name="rx" value="1"/><int name="ry" value="-5"/><int name="type" value="4"/><int name="cx" value="0"/><int name="cy" value="0"/><int name="a" value="255"/></imgdir><imgdir name="11"><string name="bS" value="weddingCN"/><int name="front" value="0"/><int name="ani" value="0"/><int name="no" value="3"/><int name="f" value="0"/><int name="x" value="45"/><int name="y" value="-13"/><int name="rx" value="-15"/><int name="ry" value="-5"/><int name="type" value="0"/><int name="cx" value="0"/><int name="cy" value="0"/><int name="a" value="255"/></imgdir><imgdir name="12"><string name="bS" value="weddingCN"/><int name="front" value="0"/><int name="ani" value="0"/><int name="no" value="4"/><int name="f" value="0"/><int name="x" value="66"/><int name="y" value="15"/><int name="rx" value="4"/><int name="ry" value="-5"/><int name="type" value="4"/><int name="cx" value="0"/><int name="cy" value="0"/><int name="a" value="255"/></imgdir><imgdir name="13"><string name="bS" value="weddingCN"/><int name="front" value="0"/><int name="ani" value="0"/><int name="no" value="5"/><int name="f" value="0"/><int name="x" value="22"/><int name="y" value="-11"/><int name="rx" value="-18"/><int name="ry" value="-5"/><int name="type" value="0"/><int name="cx" value="0"/><int name="cy" value="0"/><int name="a" value="255"/></imgdir><imgdir name="14"><string name="bS" value="weddingCN"/><int name="front" value="0"/><int name="ani" value="0"/><int name="no" value="6"/><int name="f" value="0"/><int name="x" value="-81"/><int name="y" value="41"/><int name="rx" value="6"/><int name="ry" value="-6"/><int name="type" value="4"/><int name="cx" value="0"/><int name="cy" value="0"/><int name="a" value="255"/></imgdir><imgdir name="15"><string name="bS" value="weddingCN"/><int name="front" value="0"/><int name="ani" value="0"/><int name="no" value="7"/><int name="f" value="0"/><int name="x" value="-31"/><int name="y" value="64"/><int name="rx" value="-25"/><int name="ry" value="-7"/><int name="type" value="0"/><int name="cx" value="0"/><int name="cy" value="0"/><int name="a" value="255"/></imgdir><imgdir name="16"><string name="bS" value="weddingCN"/><int name="front" value="0"/><int name="ani" value="0"/><int name="no" value="8"/><int name="f" value="0"/><int name="x" value="-18"/><int name="y" value="230"/><int name="rx" value="15"/><int name="ry" value="-12"/><int name="type" value="4"/><int name="cx" value="0"/><int name="cy" value="0"/><int name="a" value="255"/></imgdir><imgdir name="17"><string name="bS" value="weddingCN"/><int name="front" value="0"/><int name="ani" value="0"/><int name="no" value="16"/><int name="f" value="0"/><int name="x" value="-424"/><int name="y" value="119"/><int name="rx" value="-70"/><int name="ry" value="-90"/><int name="type" value="0"/><int name="cx" value="0"/><int name="cy" value="0"/><int name="a" value="255"/></imgdir><imgdir name="18"><string name="bS" value="weddingCN"/><int name="front" value="0"/><int name="ani" value="0"/><int name="no" value="17"/><int name="f" value="0"/><int name="x" value="-308"/><int name="y" value="179"/><int name="rx" value="-70"/><int name="ry" value="-90"/><int name="type" value="0"/><int name="cx" value="0"/><int name="cy" value="0"/><int name="a" value="255"/></imgdir><imgdir name="20"><string name="bS" value="weddingCN"/><int name="front" value="0"/><int name="ani" value="0"/><int name="no" value="18"/><int name="f" value="0"/><int name="x" value="297"/><int name="y" value="160"/><int name="rx" value="-70"/><int name="ry" value="-90"/><int name="type" value="0"/><int name="cx" value="0"/><int name="cy" value="0"/><int name="a" value="255"/></imgdir><imgdir name="19"><string name="bS" value="weddingCN"/><int name="front" value="0"/><int name="ani" value="0"/><int name="no" value="16"/><int name="f" value="0"/><int name="x" value="-26"/><int name="y" value="120"/><int name="rx" value="-70"/><int name="ry" value="-90"/><int name="type" value="0"/><int name="cx" value="0"/><int name="cy" value="0"/><int name="a" value="255"/></imgdir></imgdir><imgdir name="life"><imgdir name="0"><string name="type" value="n"/><string name="id" value="9300007"/><int name="x" value="621"/><int name="y" value="288"/><int name="mobTime" value="0"/><int name="f" value="0"/><int name="hide" value="0"/><int name="fh" value="3"/><int name="cy" value="290"/><int name="rx0" value="571"/><int name="rx1" value="671"/></imgdir><imgdir name="1"><string name="type" value="n"/><string name="id" value="9300005"/><int name="x" value="-321"/><int name="y" value="287"/><int name="mobTime" value="0"/><int name="f" value="0"/><int name="hide" value="0"/><int name="fh" value="17"/><int name="cy" value="290"/><int name="rx0" value="-371"/><int name="rx1" value="-271"/></imgdir></imgdir><imgdir name="reactor"></imgdir><imgdir name="0"><imgdir name="info"></imgdir><imgdir name="tile"></imgdir><imgdir name="obj"><imgdir name="0"><string name="oS" value="weddingCN"/><string name="l0" value="house1"/><string name="l1" value="back"/><string name="l2" value="0"/><int name="x" value="701"/><int name="y" value="180"/><int name="z" value="3"/><int name="f" value="0"/><int name="zM" value="0"/></imgdir><imgdir name="1"><string name="oS" value="weddingCN"/><string name="l0" value="artificiality"/><string name="l1" value="tree"/><string name="l2" value="2"/><int name="x" value="-609"/><int name="y" value="168"/><int name="z" value="3"/><int name="f" value="0"/><int name="zM" value="0"/></imgdir><imgdir name="2"><string name="oS" value="weddingCN"/><string name="l0" value="artificiality"/><string name="l1" value="tree"/><string name="l2" value="0"/><int name="x" value="-352"/><int name="y" value="88"/><int name="z" value="3"/><int name="f" value="0"/><int name="zM" value="0"/></imgdir><imgdir name="4"><string name="oS" value="weddingCN"/><string name="l0" value="artificiality"/><string name="l1" value="tree"/><string name="l2" value="2"/><int name="x" value="356"/><int name="y" value="166"/><int name="z" value="3"/><int name="f" value="0"/><int name="zM" value="0"/></imgdir><imgdir name="5"><string name="oS" value="weddingCN"/><string name="l0" value="artificiality"/><string name="l1" value="tree"/><string name="l2" value="0"/><int name="x" value="421"/><int name="y" value="88"/><int name="z" value="3"/><int name="f" value="0"/><int name="zM" value="0"/></imgdir><imgdir name="3"><string name="oS" value="weddingCN"/><string name="l0" value="artificiality"/><string name="l1" value="tree"/><string name="l2" value="1"/><int name="x" value="141"/><int name="y" value="144"/><int name="z" value="3"/><int name="f" value="0"/><int name="zM" value="0"/></imgdir><imgdir name="6"><string name="oS" value="weddingCN"/><string name="l0" value="artificiality"/><string name="l1" value="tree"/><string name="l2" value="2"/><int name="x" value="-206"/><int name="y" value="165"/><int name="z" value="3"/><int name="f" value="0"/><int name="zM" value="0"/></imgdir></imgdir></imgdir><imgdir name="1"><imgdir name="info"><string name="tS" value="weddingCN"/><int name="tSMag" value="1"/></imgdir><imgdir name="tile"><imgdir name="33"><int name="x" value="-630"/><int name="y" value="360"/><string name="u" value="bsc"/><int name="no" value="1"/><int name="zM" value="0"/></imgdir><imgdir name="35"><int name="x" value="-630"/><int name="y" value="420"/><string name="u" value="bsc"/><int name="no" value="0"/><int name="zM" value="0"/></imgdir><imgdir name="37"><int name="x" value="-540"/><int name="y" value="360"/><string name="u" value="bsc"/><int name="no" value="5"/><int name="zM" value="0"/></imgdir><imgdir name="43"><int name="x" value="-450"/><int name="y" value="360"/><string name="u" value="bsc"/><int name="no" value="4"/><int name="zM" value="0"/></imgdir><imgdir name="45"><int name="x" value="-360"/><int name="y" value="360"/><string name="u" value="bsc"/><int name="no" value="5"/><int name="zM" value="0"/></imgdir><imgdir name="46"><int name="x" value="-270"/><int name="y" value="360"/><string name="u" value="bsc"/><int name="no" value="0"/><int name="zM" value="0"/></imgdir><imgdir name="42"><int name="x" value="-180"/><int name="y" value="360"/><string name="u" value="bsc"/><int name="no" value="5"/><int name="zM" value="0"/></imgdir><imgdir name="40"><int name="x" value="90"/><int name="y" value="360"/><string name="u" value="bsc"/><int name="no" value="1"/><int name="zM" value="0"/></imgdir><imgdir name="29"><int name="x" value="450"/><int name="y" value="480"/><string name="u" value="enH1"/><int name="no" value="2"/><int name="zM" value="0"/></imgdir><imgdir name="30"><int name="x" value="360"/><int name="y" value="480"/><string name="u" value="enH1"/><int name="no" value="2"/><int name="zM" value="0"/></imgdir><imgdir name="27"><int name="x" value="270"/><int name="y" value="480"/><string name="u" value="enH1"/><int name="no" value="2"/><int name="zM" value="0"/></imgdir><imgdir name="0"><int name="x" value="360"/><int name="y" value="420"/><string name="u" value="bsc"/><int name="no" value="4"/><int name="zM" value="0"/></imgdir><imgdir name="1"><int name="x" value="90"/><int name="y" value="480"/><string name="u" value="enH1"/><int name="no" value="1"/><int name="zM" value="0"/></imgdir><imgdir name="2"><int name="x" value="90"/><int name="y" value="420"/><string name="u" value="bsc"/><int name="no" value="1"/><int name="zM" value="0"/></imgdir><imgdir name="3"><int name="x" value="270"/><int name="y" value="420"/><string name="u" value="bsc"/><int name="no" value="2"/><int name="zM" value="0"/></imgdir><imgdir name="4"><int name="x" value="0"/><int name="y" value="480"/><string name="u" value="enH1"/><int name="no" value="0"/><int name="zM" value="0"/></imgdir><imgdir name="5"><int name="x" value="450"/><int name="y" value="420"/><string name="u" value="bsc"/><int name="no" value="2"/><int name="zM" value="0"/></imgdir><imgdir name="6"><int name="x" value="180"/><int name="y" value="480"/><string name="u" value="enH1"/><int name="no" value="2"/><int name="zM" value="0"/></imgdir><imgdir name="7"><int name="x" value="0"/><int name="y" value="420"/><string name="u" value="bsc"/><int name="no" value="1"/><int name="zM" value="0"/></imgdir><imgdir name="8"><int name="x" value="-90"/><int name="y" value="420"/><string name="u" value="bsc"/><int name="no" value="5"/><int name="zM" value="0"/></imgdir><imgdir name="9"><int name="x" value="180"/><int name="y" value="420"/><string name="u" value="bsc"/><int name="no" value="3"/><int name="zM" value="0"/></imgdir><imgdir name="12"><int name="x" value="-180"/><int name="y" value="420"/><string name="u" value="bsc"/><int name="no" value="3"/><int name="zM" value="0"/></imgdir><imgdir name="13"><int name="x" value="-270"/><int name="y" value="480"/><string name="u" value="enH1"/><int name="no" value="0"/><int name="zM" value="0"/></imgdir><imgdir name="10"><int name="x" value="540"/><int name="y" value="480"/><string name="u" value="enH1"/><int name="no" value="2"/><int name="zM" value="0"/></imgdir><imgdir name="11"><int name="x" value="-180"/><int name="y" value="480"/><string name="u" value="enH1"/><int name="no" value="2"/><int name="zM" value="0"/></imgdir><imgdir name="14"><int name="x" value="-270"/><int name="y" value="420"/><string name="u" value="bsc"/><int name="no" value="5"/><int name="zM" value="0"/></imgdir><imgdir name="15"><int name="x" value="-90"/><int name="y" value="480"/><string name="u" value="enH1"/><int name="no" value="0"/><int name="zM" value="0"/></imgdir><imgdir name="19"><int name="x" value="-450"/><int name="y" value="420"/><string name="u" value="bsc"/><int name="no" value="4"/><int name="zM" value="0"/></imgdir><imgdir name="18"><int name="x" value="-450"/><int name="y" value="480"/><string name="u" value="enH1"/><int name="no" value="0"/><int name="zM" value="0"/></imgdir><imgdir name="16"><int name="x" value="-540"/><int name="y" value="420"/><string name="u" value="bsc"/><int name="no" value="0"/><int name="zM" value="0"/></imgdir><imgdir name="17"><int name="x" value="-360"/><int name="y" value="420"/><string name="u" value="bsc"/><int name="no" value="4"/><int name="zM" value="0"/></imgdir><imgdir name="20"><int name="x" value="-630"/><int name="y" value="480"/><string name="u" value="edD"/><int name="no" value="0"/><int name="zM" value="0"/></imgdir><imgdir name="21"><int name="x" value="-630"/><int name="y" value="420"/><string name="u" value="enV0"/><int name="no" value="0"/><int name="zM" value="0"/></imgdir><imgdir name="22"><int name="x" value="-630"/><int name="y" value="480"/><string name="u" value="enH1"/><int name="no" value="2"/><int name="zM" value="0"/></imgdir><imgdir name="23"><int name="x" value="-630"/><int name="y" value="360"/><string name="u" value="enV0"/><int name="no" value="1"/><int name="zM" value="0"/></imgdir><imgdir name="24"><int name="x" value="-540"/><int name="y" value="480"/><string name="u" value="enH1"/><int name="no" value="1"/><int name="zM" value="0"/></imgdir><imgdir name="36"><int name="x" value="540"/><int name="y" value="360"/><string name="u" value="bsc"/><int name="no" value="0"/><int name="zM" value="0"/></imgdir><imgdir name="34"><int name="x" value="270"/><int name="y" value="360"/><string name="u" value="bsc"/><int name="no" value="1"/><int name="zM" value="0"/></imgdir><imgdir name="41"><int name="x" value="360"/><int name="y" value="360"/><string name="u" value="bsc"/><int name="no" value="4"/><int name="zM" value="0"/></imgdir><imgdir name="44"><int name="x" value="180"/><int name="y" value="360"/><string name="u" value="bsc"/><int name="no" value="1"/><int name="zM" value="0"/></imgdir><imgdir name="47"><int name="x" value="450"/><int name="y" value="360"/><string name="u" value="bsc"/><int name="no" value="2"/><int name="zM" value="0"/></imgdir><imgdir name="25"><int name="x" value="540"/><int name="y" value="420"/><string name="u" value="bsc"/><int name="no" value="2"/><int name="zM" value="0"/></imgdir><imgdir name="38"><int name="x" value="-90"/><int name="y" value="360"/><string name="u" value="bsc"/><int name="no" value="5"/><int name="zM" value="0"/></imgdir><imgdir name="31"><int name="x" value="0"/><int name="y" value="360"/><string name="u" value="bsc"/><int name="no" value="4"/><int name="zM" value="0"/></imgdir><imgdir name="39"><int name="x" value="-360"/><int name="y" value="480"/><string name="u" value="enH1"/><int name="no" value="2"/><int name="zM" value="0"/></imgdir><imgdir name="64"><int name="x" value="-630"/><int name="y" value="300"/><string name="u" value="edU"/><int name="no" value="0"/><int name="zM" value="0"/></imgdir><imgdir name="53"><int name="x" value="-630"/><int name="y" value="300"/><string name="u" value="bsc"/><int name="no" value="4"/><int name="zM" value="0"/></imgdir><imgdir name="67"><int name="x" value="-630"/><int name="y" value="300"/><string name="u" value="enV0"/><int name="no" value="0"/><int name="zM" value="0"/></imgdir><imgdir name="63"><int name="x" value="-630"/><int name="y" value="300"/><string name="u" value="enH0"/><int name="no" value="1"/><int name="zM" value="0"/></imgdir><imgdir name="65"><int name="x" value="-540"/><int name="y" value="300"/><string name="u" value="bsc"/><int name="no" value="2"/><int name="zM" value="0"/></imgdir><imgdir name="66"><int name="x" value="-540"/><int name="y" value="300"/><string name="u" value="enH0"/><int name="no" value="0"/><int name="zM" value="0"/></imgdir><imgdir name="68"><int name="x" value="-450"/><int name="y" value="300"/><string name="u" value="bsc"/><int name="no" value="5"/><int name="zM" value="0"/></imgdir><imgdir name="62"><int name="x" value="-450"/><int name="y" value="300"/><string name="u" value="enH0"/><int name="no" value="2"/><int name="zM" value="0"/></imgdir><imgdir name="61"><int name="x" value="-360"/><int name="y" value="300"/><string name="u" value="bsc"/><int name="no" value="2"/><int name="zM" value="0"/></imgdir><imgdir name="69"><int name="x" value="-360"/><int name="y" value="300"/><string name="u" value="enH0"/><int name="no" value="2"/><int name="zM" value="0"/></imgdir><imgdir name="60"><int name="x" value="-270"/><int name="y" value="300"/><string name="u" value="bsc"/><int name="no" value="1"/><int name="zM" value="0"/></imgdir><imgdir name="70"><int name="x" value="-270"/><int name="y" value="300"/><string name="u" value="enH0"/><int name="no" value="2"/><int name="zM" value="0"/></imgdir><imgdir name="71"><int name="x" value="-180"/><int name="y" value="300"/><string name="u" value="bsc"/><int name="no" value="5"/><int name="zM" value="0"/></imgdir><imgdir name="59"><int name="x" value="-180"/><int name="y" value="300"/><string name="u" value="enH0"/><int name="no" value="0"/><int name="zM" value="0"/></imgdir><imgdir name="58"><int name="x" value="-90"/><int name="y" value="300"/><string name="u" value="bsc"/><int name="no" value="0"/><int name="zM" value="0"/></imgdir><imgdir name="57"><int name="x" value="-90"/><int name="y" value="300"/><string name="u" value="enH0"/><int name="no" value="0"/><int name="zM" value="0"/></imgdir><imgdir name="72"><int name="x" value="0"/><int name="y" value="300"/><string name="u" value="bsc"/><int name="no" value="5"/><int name="zM" value="0"/></imgdir><imgdir name="56"><int name="x" value="0"/><int name="y" value="300"/><string name="u" value="enH0"/><int name="no" value="0"/><int name="zM" value="0"/></imgdir><imgdir name="73"><int name="x" value="90"/><int name="y" value="300"/><string name="u" value="bsc"/><int name="no" value="4"/><int name="zM" value="0"/></imgdir><imgdir name="55"><int name="x" value="90"/><int name="y" value="300"/><string name="u" value="enH0"/><int name="no" value="0"/><int name="zM" value="0"/></imgdir><imgdir name="74"><int name="x" value="180"/><int name="y" value="300"/><string name="u" value="bsc"/><int name="no" value="3"/><int name="zM" value="0"/></imgdir><imgdir name="54"><int name="x" value="180"/><int name="y" value="300"/><string name="u" value="enH0"/><int name="no" value="0"/><int name="zM" value="0"/></imgdir><imgdir name="49"><int name="x" value="360"/><int name="y" value="300"/><string name="u" value="bsc"/><int name="no" value="4"/><int name="zM" value="0"/></imgdir><imgdir name="78"><int name="x" value="360"/><int name="y" value="300"/><string name="u" value="enH0"/><int name="no" value="1"/><int name="zM" value="0"/></imgdir><imgdir name="76"><int name="x" value="270"/><int name="y" value="300"/><string name="u" value="bsc"/><int name="no" value="4"/><int name="zM" value="0"/></imgdir><imgdir name="52"><int name="x" value="270"/><int name="y" value="300"/><string name="u" value="enH0"/><int name="no" value="0"/><int name="zM" value="0"/></imgdir><imgdir name="77"><int name="x" value="450"/><int name="y" value="300"/><string name="u" value="bsc"/><int name="no" value="3"/><int name="zM" value="0"/></imgdir><imgdir name="75"><int name="x" value="450"/><int name="y" value="300"/><string name="u" value="enH0"/><int name="no" value="2"/><int name="zM" value="0"/></imgdir><imgdir name="79"><int name="x" value="540"/><int name="y" value="300"/><string name="u" value="bsc"/><int name="no" value="5"/><int name="zM" value="0"/></imgdir><imgdir name="51"><int name="x" value="540"/><int name="y" value="300"/><string name="u" value="enH0"/><int name="no" value="0"/><int name="zM" value="0"/></imgdir><imgdir name="32"><int name="x" value="630"/><int name="y" value="480"/><string name="u" value="enH1"/><int name="no" value="2"/><int name="zM" value="0"/></imgdir><imgdir name="26"><int name="x" value="630"/><int name="y" value="420"/><string name="u" value="bsc"/><int name="no" value="3"/><int name="zM" value="0"/></imgdir><imgdir name="28"><int name="x" value="630"/><int name="y" value="360"/><string name="u" value="bsc"/><int name="no" value="0"/><int name="zM" value="0"/></imgdir><imgdir name="50"><int name="x" value="630"/><int name="y" value="300"/><string name="u" value="bsc"/><int name="no" value="4"/><int name="zM" value="0"/></imgdir><imgdir name="81"><int name="x" value="630"/><int name="y" value="300"/><string name="u" value="enH0"/><int name="no" value="1"/><int name="zM" value="0"/></imgdir><imgdir name="48"><int name="x" value="720"/><int name="y" value="300"/><string name="u" value="bsc"/><int name="no" value="2"/><int name="zM" value="0"/></imgdir><imgdir name="84"><int name="x" value="720"/><int name="y" value="300"/><string name="u" value="enH0"/><int name="no" value="2"/><int name="zM" value="0"/></imgdir><imgdir name="80"><int name="x" value="720"/><int name="y" value="360"/><string name="u" value="bsc"/><int name="no" value="0"/><int name="zM" value="0"/></imgdir><imgdir name="85"><int name="x" value="720"/><int name="y" value="420"/><string name="u" value="bsc"/><int name="no" value="3"/><int name="zM" value="0"/></imgdir><imgdir name="89"><int name="x" value="720"/><int name="y" value="480"/><string name="u" value="enH1"/><int name="no" value="2"/><int name="zM" value="0"/></imgdir><imgdir name="82"><int name="x" value="810"/><int name="y" value="300"/><string name="u" value="bsc"/><int name="no" value="1"/><int name="zM" value="0"/></imgdir><imgdir name="83"><int name="x" value="810"/><int name="y" value="300"/><string name="u" value="enH0"/><int name="no" value="2"/><int name="zM" value="0"/></imgdir><imgdir name="87"><int name="x" value="810"/><int name="y" value="360"/><string name="u" value="bsc"/><int name="no" value="5"/><int name="zM" value="0"/></imgdir><imgdir name="86"><int name="x" value="810"/><int name="y" value="480"/><string name="u" value="enH1"/><int name="no" value="1"/><int name="zM" value="0"/></imgdir><imgdir name="88"><int name="x" value="810"/><int name="y" value="420"/><string name="u" value="bsc"/><int name="no" value="3"/><int name="zM" value="0"/></imgdir><imgdir name="90"><int name="x" value="900"/><int name="y" value="300"/><string name="u" value="edU"/><int name="no" value="0"/><int name="zM" value="0"/></imgdir><imgdir name="93"><int name="x" value="900"/><int name="y" value="360"/><string name="u" value="enV1"/><int name="no" value="0"/><int name="zM" value="0"/></imgdir><imgdir name="94"><int name="x" value="900"/><int name="y" value="480"/><string name="u" value="edD"/><int name="no" value="0"/><int name="zM" value="0"/></imgdir><imgdir name="91"><int name="x" value="900"/><int name="y" value="300"/><string name="u" value="enV1"/><int name="no" value="1"/><int name="zM" value="0"/></imgdir><imgdir name="92"><int name="x" value="900"/><int name="y" value="420"/><string name="u" value="enV1"/><int name="no" value="1"/><int name="zM" value="0"/></imgdir></imgdir><imgdir name="obj"></imgdir></imgdir><imgdir name="2"><imgdir name="info"></imgdir><imgdir name="tile"></imgdir><imgdir name="obj"><imgdir name="0"><string name="oS" value="weddingCN"/><string name="l0" value="house1"/><string name="l1" value="front"/><string name="l2" value="0"/><int name="x" value="674"/><int name="y" value="31"/><int name="z" value="3"/><int name="f" value="0"/><int name="zM" value="0"/></imgdir></imgdir></imgdir><imgdir name="3"><imgdir name="info"></imgdir><imgdir name="tile"></imgdir><imgdir name="obj"></imgdir></imgdir><imgdir name="4"><imgdir name="info"></imgdir><imgdir name="tile"></imgdir><imgdir name="obj"></imgdir></imgdir><imgdir name="5"><imgdir name="info"></imgdir><imgdir name="tile"></imgdir><imgdir name="obj"></imgdir></imgdir><imgdir name="6"><imgdir name="info"></imgdir><imgdir name="tile"></imgdir><imgdir name="obj"></imgdir></imgdir><imgdir name="7"><imgdir name="info"></imgdir><imgdir name="tile"></imgdir><imgdir name="obj"></imgdir></imgdir><imgdir name="foothold"><imgdir name="1"><imgdir name="0"><imgdir name="1"><int name="x1" value="-660"/><int name="y1" value="480"/><int name="x2" value="-660"/><int name="y2" value="420"/><int name="prev" value="0"/><int name="next" value="2"/></imgdir><imgdir name="2"><int name="x1" value="-660"/><int name="y1" value="420"/><int name="x2" value="-660"/><int name="y2" value="360"/><int name="prev" value="1"/><int name="next" value="16"/></imgdir><imgdir name="3"><int name="x1" value="540"/><int name="y1" value="290"/><int name="x2" value="630"/><int name="y2" value="290"/><int name="prev" value="19"/><int name="next" value="21"/></imgdir><imgdir name="4"><int name="x1" value="270"/><int name="y1" value="290"/><int name="x2" value="360"/><int name="y2" value="290"/><int name="prev" value="5"/><int name="next" value="20"/></imgdir><imgdir name="5"><int name="x1" value="180"/><int name="y1" value="290"/><int name="x2" value="270"/><int name="y2" value="290"/><int name="prev" value="6"/><int name="next" value="4"/></imgdir><imgdir name="6"><int name="x1" value="90"/><int name="y1" value="290"/><int name="x2" value="180"/><int name="y2" value="290"/><int name="prev" value="7"/><int name="next" value="5"/></imgdir><imgdir name="7"><int name="x1" value="0"/><int name="y1" value="290"/><int name="x2" value="90"/><int name="y2" value="290"/><int name="prev" value="8"/><int name="next" value="6"/></imgdir><imgdir name="8"><int name="x1" value="-90"/><int name="y1" value="290"/><int name="x2" value="0"/><int name="y2" value="290"/><int name="prev" value="9"/><int name="next" value="7"/></imgdir><imgdir name="9"><int name="x1" value="-180"/><int name="y1" value="290"/><int name="x2" value="-90"/><int name="y2" value="290"/><int name="prev" value="18"/><int name="next" value="8"/></imgdir><imgdir name="10"><int name="x1" value="-450"/><int name="y1" value="290"/><int name="x2" value="-360"/><int name="y2" value="290"/><int name="prev" value="15"/><int name="next" value="17"/></imgdir><imgdir name="11"><int name="x1" value="-630"/><int name="y1" value="290"/><int name="x2" value="-600"/><int name="y2" value="290"/><int name="prev" value="13"/><int name="next" value="14"/></imgdir><imgdir name="12"><int name="x1" value="-660"/><int name="y1" value="300"/><int name="x2" value="-660"/><int name="y2" value="290"/><int name="prev" value="16"/><int name="next" value="13"/></imgdir><imgdir name="13"><int name="x1" value="-660"/><int name="y1" value="290"/><int name="x2" value="-630"/><int name="y2" value="290"/><int name="prev" value="12"/><int name="next" value="11"/></imgdir><imgdir name="14"><int name="x1" value="-600"/><int name="y1" value="290"/><int name="x2" value="-540"/><int name="y2" value="290"/><int name="prev" value="11"/><int name="next" value="15"/></imgdir><imgdir name="15"><int name="x1" value="-540"/><int name="y1" value="290"/><int name="x2" value="-450"/><int name="y2" value="290"/><int name="prev" value="14"/><int name="next" value="10"/></imgdir><imgdir name="16"><int name="x1" value="-660"/><int name="y1" value="360"/><int name="x2" value="-660"/><int name="y2" value="300"/><int name="prev" value="2"/><int name="next" value="12"/></imgdir><imgdir name="17"><int name="x1" value="-360"/><int name="y1" value="290"/><int name="x2" value="-270"/><int name="y2" value="290"/><int name="prev" value="10"/><int name="next" value="18"/></imgdir><imgdir name="18"><int name="x1" value="-270"/><int name="y1" value="290"/><int name="x2" value="-180"/><int name="y2" value="290"/><int name="prev" value="17"/><int name="next" value="9"/></imgdir><imgdir name="19"><int name="x1" value="450"/><int name="y1" value="290"/><int name="x2" value="540"/><int name="y2" value="290"/><int name="prev" value="20"/><int name="next" value="3"/></imgdir><imgdir name="20"><int name="x1" value="360"/><int name="y1" value="290"/><int name="x2" value="450"/><int name="y2" value="290"/><int name="prev" value="4"/><int name="next" value="19"/></imgdir><imgdir name="21"><int name="x1" value="630"/><int name="y1" value="290"/><int name="x2" value="720"/><int name="y2" value="290"/><int name="prev" value="3"/><int name="next" value="23"/></imgdir><imgdir name="22"><int name="x1" value="810"/><int name="y1" value="290"/><int name="x2" value="870"/><int name="y2" value="290"/><int name="prev" value="23"/><int name="next" value="24"/></imgdir><imgdir name="23"><int name="x1" value="720"/><int name="y1" value="290"/><int name="x2" value="810"/><int name="y2" value="290"/><int name="prev" value="21"/><int name="next" value="22"/></imgdir><imgdir name="24"><int name="x1" value="870"/><int name="y1" value="290"/><int name="x2" value="900"/><int name="y2" value="290"/><int name="prev" value="22"/><int name="next" value="25"/></imgdir><imgdir name="25"><int name="x1" value="900"/><int name="y1" value="290"/><int name="x2" value="930"/><int name="y2" value="290"/><int name="prev" value="24"/><int name="next" value="26"/></imgdir><imgdir name="26"><int name="x1" value="930"/><int name="y1" value="290"/><int name="x2" value="930"/><int name="y2" value="300"/><int name="prev" value="25"/><int name="next" value="27"/></imgdir><imgdir name="27"><int name="x1" value="930"/><int name="y1" value="300"/><int name="x2" value="930"/><int name="y2" value="360"/><int name="prev" value="26"/><int name="next" value="29"/></imgdir><imgdir name="28"><int name="x1" value="930"/><int name="y1" value="420"/><int name="x2" value="930"/><int name="y2" value="480"/><int name="prev" value="29"/><int name="next" value="0"/></imgdir><imgdir name="29"><int name="x1" value="930"/><int name="y1" value="360"/><int name="x2" value="930"/><int name="y2" value="420"/><int name="prev" value="27"/><int name="next" value="28"/></imgdir></imgdir></imgdir></imgdir><imgdir name="ladderRope"></imgdir><imgdir name="miniMap"><canvas name="canvas" width="104" height="57"></canvas><int name="width" value="1678"/><int name="height" value="925"/><int name="centerX" value="712"/><int name="centerY" value="379"/><int name="mag" value="4"/></imgdir><imgdir name="portal"><imgdir name="0"><string name="pn" value="sp"/><int name="pt" value="0"/><int name="x" value="-1"/><int name="y" value="227"/><int name="tm" value="999999999"/><string name="tn" value=""/></imgdir><imgdir name="1"><string name="pn" value="maple00"/><int name="pt" value="1"/><int name="x" value="-180"/><int name="y" value="288"/><int name="tm" value="999999999"/><string name="tn" value="N/A"/></imgdir></imgdir></imgdir>