<?xml version="1.0" encoding="UTF-8" standalone="yes"?><imgdir name="700000200.img"><imgdir name="info"><int name="version" value="10"/><int name="cloud" value="0"/><int name="town" value="0"/><int name="returnMap" value="700000000"/><int name="forcedReturn" value="999999999"/><float name="mobRate" value="1.0"/><string name="bgm" value="Bgm07/WaltzForWork"/><string name="mapMark" value="None"/><int name="hideMinimap" value="0"/><int name="fieldLimit" value="360"/><int name="VRTop" value="-200"/><int name="VRLeft" value="-2800"/><int name="VRBottom" value="420"/><int name="VRRight" value="1695"/><int name="swim" value="0"/></imgdir><imgdir name="back"><imgdir name="0"><string name="bS" value="weddingCN"/><int name="front" value="0"/><int name="ani" value="0"/><int name="no" value="0"/><int name="f" value="0"/><int name="x" value="0"/><int name="y" value="0"/><int name="rx" value="0"/><int name="ry" value="0"/><int name="type" value="3"/><int name="cx" value="0"/><int name="cy" value="0"/><int name="a" value="255"/></imgdir><imgdir name="1"><string name="bS" value="weddingCN"/><int name="front" value="0"/><int name="ani" value="0"/><int name="no" value="1"/><int name="f" value="0"/><int name="x" value="0"/><int name="y" value="-121"/><int name="rx" value="0"/><int name="ry" value="0"/><int name="type" value="1"/><int name="cx" value="0"/><int name="cy" value="0"/><int name="a" value="255"/></imgdir><imgdir name="2"><string name="bS" value="weddingCN"/><int name="front" value="0"/><int name="ani" value="0"/><int name="no" value="9"/><int name="f" value="0"/><int name="x" value="293"/><int name="y" value="-216"/><int name="rx" value="1"/><int name="ry" value="2"/><int name="type" value="4"/><int name="cx" value="500"/><int name="cy" value="0"/><int name="a" value="255"/></imgdir><imgdir name="3"><string name="bS" value="weddingCN"/><int name="front" value="0"/><int name="ani" value="0"/><int name="no" value="10"/><int name="f" value="0"/><int name="x" value="326"/><int name="y" value="-123"/><int name="rx" value="1"/><int name="ry" value="3"/><int name="type" value="4"/><int name="cx" value="950"/><int name="cy" value="0"/><int name="a" value="255"/></imgdir><imgdir name="4"><string name="bS" value="weddingCN"/><int name="front" value="0"/><int name="ani" value="0"/><int name="no" value="15"/><int name="f" value="0"/><int name="x" value="-387"/><int name="y" value="-309"/><int name="rx" value="2"/><int name="ry" value="4"/><int name="type" value="4"/><int name="cx" value="900"/><int name="cy" value="0"/><int name="a" value="255"/></imgdir><imgdir name="5"><string name="bS" value="weddingCN"/><int name="front" value="0"/><int name="ani" value="0"/><int name="no" value="11"/><int name="f" value="0"/><int name="x" value="-82"/><int name="y" value="-264"/><int name="rx" value="1"/><int name="ry" value="4"/><int name="type" value="4"/><int name="cx" value="500"/><int name="cy" value="0"/><int name="a" value="255"/></imgdir><imgdir name="6"><string name="bS" value="weddingCN"/><int name="front" value="0"/><int name="ani" value="0"/><int name="no" value="12"/><int name="f" value="0"/><int name="x" value="-190"/><int name="y" value="-228"/><int name="rx" value="1"/><int name="ry" value="4"/><int name="type" value="4"/><int name="cx" value="500"/><int name="cy" value="0"/><int name="a" value="255"/></imgdir><imgdir name="7"><string name="bS" value="weddingCN"/><int name="front" value="0"/><int name="ani" value="0"/><int name="no" value="13"/><int name="f" value="0"/><int name="x" value="-442"/><int name="y" value="-100"/><int name="rx" value="2"/><int name="ry" value="4"/><int name="type" value="4"/><int name="cx" value="870"/><int name="cy" value="0"/><int name="a" value="255"/></imgdir><imgdir name="8"><string name="bS" value="weddingCN"/><int name="front" value="0"/><int name="ani" value="0"/><int name="no" value="14"/><int name="f" value="0"/><int name="x" value="225"/><int name="y" value="-280"/><int name="rx" value="2"/><int name="ry" value="4"/><int name="type" value="4"/><int name="cx" value="700"/><int name="cy" value="0"/><int name="a" value="255"/></imgdir><imgdir name="9"><string name="bS" value="weddingCN"/><int name="front" value="0"/><int name="ani" value="0"/><int name="no" value="15"/><int name="f" value="0"/><int name="x" value="414"/><int name="y" value="-118"/><int name="rx" value="3"/><int name="ry" value="4"/><int name="type" value="4"/><int name="cx" value="900"/><int name="cy" value="0"/><int name="a" value="255"/></imgdir><imgdir name="10"><string name="bS" value="weddingCN"/><int name="front" value="0"/><int name="ani" value="0"/><int name="no" value="2"/><int name="f" value="0"/><int name="x" value="25"/><int name="y" value="25"/><int name="rx" value="1"/><int name="ry" value="-5"/><int name="type" value="4"/><int name="cx" value="0"/><int name="cy" value="0"/><int name="a" value="255"/></imgdir><imgdir name="11"><string name="bS" value="weddingCN"/><int name="front" value="0"/><int name="ani" value="0"/><int name="no" value="3"/><int name="f" value="0"/><int name="x" value="45"/><int name="y" value="-13"/><int name="rx" value="-15"/><int name="ry" value="-5"/><int name="type" value="0"/><int name="cx" value="0"/><int name="cy" value="0"/><int name="a" value="255"/></imgdir><imgdir name="12"><string name="bS" value="weddingCN"/><int name="front" value="0"/><int name="ani" value="0"/><int name="no" value="4"/><int name="f" value="0"/><int name="x" value="66"/><int name="y" value="15"/><int name="rx" value="4"/><int name="ry" value="-5"/><int name="type" value="4"/><int name="cx" value="0"/><int name="cy" value="0"/><int name="a" value="255"/></imgdir><imgdir name="13"><string name="bS" value="weddingCN"/><int name="front" value="0"/><int name="ani" value="0"/><int name="no" value="5"/><int name="f" value="0"/><int name="x" value="22"/><int name="y" value="-11"/><int name="rx" value="-18"/><int name="ry" value="-5"/><int name="type" value="0"/><int name="cx" value="0"/><int name="cy" value="0"/><int name="a" value="255"/></imgdir><imgdir name="14"><string name="bS" value="weddingCN"/><int name="front" value="0"/><int name="ani" value="0"/><int name="no" value="6"/><int name="f" value="0"/><int name="x" value="-81"/><int name="y" value="41"/><int name="rx" value="6"/><int name="ry" value="-6"/><int name="type" value="4"/><int name="cx" value="0"/><int name="cy" value="0"/><int name="a" value="255"/></imgdir><imgdir name="15"><string name="bS" value="weddingCN"/><int name="front" value="0"/><int name="ani" value="0"/><int name="no" value="7"/><int name="f" value="0"/><int name="x" value="-31"/><int name="y" value="64"/><int name="rx" value="-25"/><int name="ry" value="-7"/><int name="type" value="0"/><int name="cx" value="0"/><int name="cy" value="0"/><int name="a" value="255"/></imgdir><imgdir name="16"><string name="bS" value="weddingCN"/><int name="front" value="0"/><int name="ani" value="0"/><int name="no" value="8"/><int name="f" value="0"/><int name="x" value="-18"/><int name="y" value="230"/><int name="rx" value="15"/><int name="ry" value="-12"/><int name="type" value="4"/><int name="cx" value="0"/><int name="cy" value="0"/><int name="a" value="255"/></imgdir></imgdir><imgdir name="life"><imgdir name="0"><string name="type" value="n"/><string name="id" value="9300009"/><int name="x" value="501"/><int name="y" value="288"/><int name="mobTime" value="0"/><int name="f" value="0"/><int name="hide" value="0"/><int name="fh" value="22"/><int name="cy" value="291"/><int name="rx0" value="460"/><int name="rx1" value="510"/></imgdir><imgdir name="1"><string name="type" value="n"/><string name="id" value="9300006"/><int name="x" value="-972"/><int name="y" value="289"/><int name="mobTime" value="0"/><int name="f" value="0"/><int name="hide" value="0"/><int name="fh" value="38"/><int name="cy" value="291"/><int name="rx0" value="-980"/><int name="rx1" value="-930"/></imgdir></imgdir><imgdir name="reactor"></imgdir><imgdir name="0"><imgdir name="info"></imgdir><imgdir name="tile"></imgdir><imgdir name="obj"><imgdir name="0"><string name="oS" value="weddingCN"/><string name="l0" value="dinner"/><string name="l1" value="wall"/><string name="l2" value="0"/><int name="x" value="1450"/><int name="y" value="8"/><int name="z" value="3"/><int name="f" value="0"/><int name="zM" value="63"/></imgdir><imgdir name="1"><string name="oS" value="weddingCN"/><string name="l0" value="dinner"/><string name="l1" value="wall"/><string name="l2" value="0"/><int name="x" value="1110"/><int name="y" value="8"/><int name="z" value="3"/><int name="f" value="0"/><int name="zM" value="64"/></imgdir><imgdir name="2"><string name="oS" value="weddingCN"/><string name="l0" value="dinner"/><string name="l1" value="wall"/><string name="l2" value="0"/><int name="x" value="770"/><int name="y" value="8"/><int name="z" value="3"/><int name="f" value="0"/><int name="zM" value="65"/></imgdir><imgdir name="3"><string name="oS" value="weddingCN"/><string name="l0" value="dinner"/><string name="l1" value="wall"/><string name="l2" value="0"/><int name="x" value="430"/><int name="y" value="8"/><int name="z" value="3"/><int name="f" value="0"/><int name="zM" value="66"/></imgdir><imgdir name="4"><string name="oS" value="weddingCN"/><string name="l0" value="dinner"/><string name="l1" value="wall"/><string name="l2" value="0"/><int name="x" value="90"/><int name="y" value="8"/><int name="z" value="3"/><int name="f" value="0"/><int name="zM" value="79"/></imgdir><imgdir name="5"><string name="oS" value="weddingCN"/><string name="l0" value="dinner"/><string name="l1" value="wall"/><string name="l2" value="0"/><int name="x" value="-250"/><int name="y" value="8"/><int name="z" value="3"/><int name="f" value="0"/><int name="zM" value="55"/></imgdir><imgdir name="6"><string name="oS" value="weddingCN"/><string name="l0" value="dinner"/><string name="l1" value="wall"/><string name="l2" value="0"/><int name="x" value="-590"/><int name="y" value="8"/><int name="z" value="3"/><int name="f" value="0"/><int name="zM" value="56"/></imgdir><imgdir name="7"><string name="oS" value="weddingCN"/><string name="l0" value="dinner"/><string name="l1" value="wall"/><string name="l2" value="0"/><int name="x" value="-930"/><int name="y" value="8"/><int name="z" value="3"/><int name="f" value="0"/><int name="zM" value="57"/></imgdir><imgdir name="8"><string name="oS" value="weddingCN"/><string name="l0" value="dinner"/><string name="l1" value="wall"/><string name="l2" value="0"/><int name="x" value="-1270"/><int name="y" value="8"/><int name="z" value="3"/><int name="f" value="0"/><int name="zM" value="58"/></imgdir><imgdir name="9"><string name="oS" value="weddingCN"/><string name="l0" value="dinner"/><string name="l1" value="wall"/><string name="l2" value="0"/><int name="x" value="-1610"/><int name="y" value="8"/><int name="z" value="3"/><int name="f" value="0"/><int name="zM" value="59"/></imgdir><imgdir name="10"><string name="oS" value="weddingCN"/><string name="l0" value="dinner"/><string name="l1" value="wall"/><string name="l2" value="0"/><int name="x" value="-1950"/><int name="y" value="8"/><int name="z" value="3"/><int name="f" value="0"/><int name="zM" value="60"/></imgdir><imgdir name="11"><string name="oS" value="weddingCN"/><string name="l0" value="dinner"/><string name="l1" value="wall"/><string name="l2" value="0"/><int name="x" value="-2290"/><int name="y" value="8"/><int name="z" value="3"/><int name="f" value="0"/><int name="zM" value="61"/></imgdir><imgdir name="12"><string name="oS" value="weddingCN"/><string name="l0" value="dinner"/><string name="l1" value="wall"/><string name="l2" value="0"/><int name="x" value="-2630"/><int name="y" value="8"/><int name="z" value="3"/><int name="f" value="0"/><int name="zM" value="62"/></imgdir></imgdir></imgdir><imgdir name="1"><imgdir name="info"></imgdir><imgdir name="tile"></imgdir><imgdir name="obj"><imgdir name="0"><string name="oS" value="weddingCN"/><string name="l0" value="dinner"/><string name="l1" value="artificiality"/><string name="l2" value="2"/><int name="x" value="966"/><int name="y" value="208"/><int name="z" value="3"/><int name="f" value="0"/><int name="zM" value="51"/></imgdir><imgdir name="1"><string name="oS" value="weddingCN"/><string name="l0" value="dinner"/><string name="l1" value="artificiality"/><string name="l2" value="2"/><int name="x" value="-444"/><int name="y" value="208"/><int name="z" value="3"/><int name="f" value="0"/><int name="zM" value="52"/></imgdir><imgdir name="2"><string name="oS" value="weddingCN"/><string name="l0" value="dinner"/><string name="l1" value="artificiality"/><string name="l2" value="2"/><int name="x" value="-1847"/><int name="y" value="208"/><int name="z" value="3"/><int name="f" value="0"/><int name="zM" value="50"/></imgdir><imgdir name="3"><string name="oS" value="weddingCN"/><string name="l0" value="dinner"/><string name="l1" value="artificiality"/><string name="l2" value="3"/><int name="x" value="-504"/><int name="y" value="162"/><int name="z" value="3"/><int name="f" value="0"/><int name="zM" value="52"/></imgdir><imgdir name="4"><string name="oS" value="weddingCN"/><string name="l0" value="dinner"/><string name="l1" value="artificiality"/><string name="l2" value="3"/><int name="x" value="-386"/><int name="y" value="162"/><int name="z" value="3"/><int name="f" value="0"/><int name="zM" value="52"/></imgdir><imgdir name="5"><string name="oS" value="weddingCN"/><string name="l0" value="dinner"/><string name="l1" value="artificiality"/><string name="l2" value="3"/><int name="x" value="-573"/><int name="y" value="205"/><int name="z" value="3"/><int name="f" value="0"/><int name="zM" value="52"/></imgdir><imgdir name="6"><string name="oS" value="weddingCN"/><string name="l0" value="dinner"/><string name="l1" value="artificiality"/><string name="l2" value="3"/><int name="x" value="-307"/><int name="y" value="205"/><int name="z" value="3"/><int name="f" value="0"/><int name="zM" value="52"/></imgdir><imgdir name="7"><string name="oS" value="weddingCN"/><string name="l0" value="dinner"/><string name="l1" value="artificiality"/><string name="l2" value="3"/><int name="x" value="-1912"/><int name="y" value="162"/><int name="z" value="3"/><int name="f" value="0"/><int name="zM" value="50"/></imgdir><imgdir name="8"><string name="oS" value="weddingCN"/><string name="l0" value="dinner"/><string name="l1" value="artificiality"/><string name="l2" value="3"/><int name="x" value="-1786"/><int name="y" value="162"/><int name="z" value="3"/><int name="f" value="0"/><int name="zM" value="50"/></imgdir><imgdir name="9"><string name="oS" value="weddingCN"/><string name="l0" value="dinner"/><string name="l1" value="artificiality"/><string name="l2" value="3"/><int name="x" value="-1994"/><int name="y" value="227"/><int name="z" value="3"/><int name="f" value="0"/><int name="zM" value="50"/></imgdir><imgdir name="10"><string name="oS" value="weddingCN"/><string name="l0" value="dinner"/><string name="l1" value="artificiality"/><string name="l2" value="3"/><int name="x" value="-1697"/><int name="y" value="227"/><int name="z" value="3"/><int name="f" value="0"/><int name="zM" value="50"/></imgdir><imgdir name="11"><string name="oS" value="weddingCN"/><string name="l0" value="dinner"/><string name="l1" value="artificiality"/><string name="l2" value="3"/><int name="x" value="-602"/><int name="y" value="227"/><int name="z" value="3"/><int name="f" value="0"/><int name="zM" value="52"/></imgdir><imgdir name="12"><string name="oS" value="weddingCN"/><string name="l0" value="dinner"/><string name="l1" value="artificiality"/><string name="l2" value="3"/><int name="x" value="-289"/><int name="y" value="227"/><int name="z" value="3"/><int name="f" value="0"/><int name="zM" value="52"/></imgdir><imgdir name="13"><string name="oS" value="weddingCN"/><string name="l0" value="dinner"/><string name="l1" value="artificiality"/><string name="l2" value="3"/><int name="x" value="902"/><int name="y" value="162"/><int name="z" value="3"/><int name="f" value="0"/><int name="zM" value="51"/></imgdir><imgdir name="14"><string name="oS" value="weddingCN"/><string name="l0" value="dinner"/><string name="l1" value="artificiality"/><string name="l2" value="3"/><int name="x" value="1028"/><int name="y" value="162"/><int name="z" value="3"/><int name="f" value="0"/><int name="zM" value="51"/></imgdir><imgdir name="15"><string name="oS" value="weddingCN"/><string name="l0" value="dinner"/><string name="l1" value="artificiality"/><string name="l2" value="3"/><int name="x" value="841"/><int name="y" value="204"/><int name="z" value="3"/><int name="f" value="0"/><int name="zM" value="51"/></imgdir><imgdir name="16"><string name="oS" value="weddingCN"/><string name="l0" value="dinner"/><string name="l1" value="artificiality"/><string name="l2" value="3"/><int name="x" value="1104"/><int name="y" value="204"/><int name="z" value="3"/><int name="f" value="0"/><int name="zM" value="51"/></imgdir><imgdir name="17"><string name="oS" value="weddingCN"/><string name="l0" value="dinner"/><string name="l1" value="artificiality"/><string name="l2" value="3"/><int name="x" value="-1669"/><int name="y" value="227"/><int name="z" value="3"/><int name="f" value="0"/><int name="zM" value="50"/></imgdir><imgdir name="18"><string name="oS" value="weddingCN"/><string name="l0" value="dinner"/><string name="l1" value="artificiality"/><string name="l2" value="3"/><int name="x" value="-2023"/><int name="y" value="227"/><int name="z" value="3"/><int name="f" value="0"/><int name="zM" value="50"/></imgdir><imgdir name="21"><string name="oS" value="weddingCN"/><string name="l0" value="dinner"/><string name="l1" value="artificiality"/><string name="l2" value="3"/><int name="x" value="-2741"/><int name="y" value="227"/><int name="z" value="3"/><int name="f" value="0"/><int name="zM" value="53"/></imgdir><imgdir name="22"><string name="oS" value="weddingCN"/><string name="l0" value="dinner"/><string name="l1" value="artificiality"/><string name="l2" value="3"/><int name="x" value="132"/><int name="y" value="227"/><int name="z" value="3"/><int name="f" value="0"/><int name="zM" value="0"/></imgdir><imgdir name="23"><string name="oS" value="weddingCN"/><string name="l0" value="dinner"/><string name="l1" value="artificiality"/><string name="l2" value="3"/><int name="x" value="-1280"/><int name="y" value="227"/><int name="z" value="3"/><int name="f" value="0"/><int name="zM" value="0"/></imgdir><imgdir name="24"><string name="oS" value="weddingCN"/><string name="l0" value="dinner"/><string name="l1" value="artificiality"/><string name="l2" value="3"/><int name="x" value="1338"/><int name="y" value="226"/><int name="z" value="3"/><int name="f" value="0"/><int name="zM" value="0"/></imgdir><imgdir name="26"><string name="oS" value="weddingCN"/><string name="l0" value="dinner"/><string name="l1" value="artificiality"/><string name="l2" value="3"/><int name="x" value="-64"/><int name="y" value="227"/><int name="z" value="3"/><int name="f" value="0"/><int name="zM" value="0"/></imgdir><imgdir name="20"><string name="oS" value="weddingCN"/><string name="l0" value="dinner"/><string name="l1" value="artificiality"/><string name="l2" value="3"/><int name="x" value="1528"/><int name="y" value="226"/><int name="z" value="3"/><int name="f" value="0"/><int name="zM" value="0"/></imgdir><imgdir name="25"><string name="oS" value="weddingCN"/><string name="l0" value="dinner"/><string name="l1" value="artificiality"/><string name="l2" value="3"/><int name="x" value="-1486"/><int name="y" value="226"/><int name="z" value="3"/><int name="f" value="0"/><int name="zM" value="0"/></imgdir><imgdir name="19"><string name="oS" value="weddingCN"/><string name="l0" value="dinner"/><string name="l1" value="artificiality"/><string name="l2" value="3"/><int name="x" value="-2640"/><int name="y" value="227"/><int name="z" value="3"/><int name="f" value="0"/><int name="zM" value="0"/></imgdir></imgdir></imgdir><imgdir name="2"><imgdir name="info"></imgdir><imgdir name="tile"></imgdir><imgdir name="obj"><imgdir name="0"><string name="oS" value="weddingCN"/><string name="l0" value="dinner"/><string name="l1" value="artificiality"/><string name="l2" value="0"/><int name="x" value="-800"/><int name="y" value="234"/><int name="z" value="3"/><int name="f" value="0"/><int name="zM" value="67"/></imgdir><imgdir name="1"><string name="oS" value="weddingCN"/><string name="l0" value="dinner"/><string name="l1" value="artificiality"/><string name="l2" value="1"/><int name="x" value="-117"/><int name="y" value="223"/><int name="z" value="3"/><int name="f" value="0"/><int name="zM" value="68"/></imgdir><imgdir name="2"><string name="oS" value="weddingCN"/><string name="l0" value="dinner"/><string name="l1" value="artificiality"/><string name="l2" value="0"/><int name="x" value="-1059"/><int name="y" value="234"/><int name="z" value="3"/><int name="f" value="0"/><int name="zM" value="69"/></imgdir><imgdir name="3"><string name="oS" value="weddingCN"/><string name="l0" value="dinner"/><string name="l1" value="artificiality"/><string name="l2" value="1"/><int name="x" value="-1242"/><int name="y" value="223"/><int name="z" value="3"/><int name="f" value="0"/><int name="zM" value="70"/></imgdir><imgdir name="4"><string name="oS" value="weddingCN"/><string name="l0" value="dinner"/><string name="l1" value="artificiality"/><string name="l2" value="1"/><int name="x" value="-1534"/><int name="y" value="223"/><int name="z" value="3"/><int name="f" value="0"/><int name="zM" value="71"/></imgdir><imgdir name="5"><string name="oS" value="weddingCN"/><string name="l0" value="dinner"/><string name="l1" value="artificiality"/><string name="l2" value="0"/><int name="x" value="-2182"/><int name="y" value="234"/><int name="z" value="3"/><int name="f" value="0"/><int name="zM" value="72"/></imgdir><imgdir name="6"><string name="oS" value="weddingCN"/><string name="l0" value="dinner"/><string name="l1" value="artificiality"/><string name="l2" value="0"/><int name="x" value="-2458"/><int name="y" value="234"/><int name="z" value="3"/><int name="f" value="0"/><int name="zM" value="73"/></imgdir><imgdir name="7"><string name="oS" value="weddingCN"/><string name="l0" value="dinner"/><string name="l1" value="artificiality"/><string name="l2" value="1"/><int name="x" value="168"/><int name="y" value="223"/><int name="z" value="3"/><int name="f" value="0"/><int name="zM" value="74"/></imgdir><imgdir name="8"><string name="oS" value="weddingCN"/><string name="l0" value="dinner"/><string name="l1" value="artificiality"/><string name="l2" value="0"/><int name="x" value="351"/><int name="y" value="234"/><int name="z" value="3"/><int name="f" value="0"/><int name="zM" value="75"/></imgdir><imgdir name="9"><string name="oS" value="weddingCN"/><string name="l0" value="dinner"/><string name="l1" value="artificiality"/><string name="l2" value="0"/><int name="x" value="627"/><int name="y" value="234"/><int name="z" value="3"/><int name="f" value="0"/><int name="zM" value="76"/></imgdir><imgdir name="10"><string name="oS" value="weddingCN"/><string name="l0" value="dinner"/><string name="l1" value="artificiality"/><string name="l2" value="1"/><int name="x" value="1287"/><int name="y" value="223"/><int name="z" value="3"/><int name="f" value="0"/><int name="zM" value="77"/></imgdir><imgdir name="11"><string name="oS" value="weddingCN"/><string name="l0" value="dinner"/><string name="l1" value="artificiality"/><string name="l2" value="1"/><int name="x" value="1566"/><int name="y" value="223"/><int name="z" value="3"/><int name="f" value="0"/><int name="zM" value="78"/></imgdir><imgdir name="12"><string name="oS" value="weddingCN"/><string name="l0" value="dinner"/><string name="l1" value="artificiality"/><string name="l2" value="0"/><int name="x" value="-2696"/><int name="y" value="235"/><int name="z" value="3"/><int name="f" value="0"/><int name="zM" value="0"/></imgdir></imgdir></imgdir><imgdir name="3"><imgdir name="info"></imgdir><imgdir name="tile"></imgdir><imgdir name="obj"></imgdir></imgdir><imgdir name="4"><imgdir name="info"></imgdir><imgdir name="tile"></imgdir><imgdir name="obj"></imgdir></imgdir><imgdir name="5"><imgdir name="info"></imgdir><imgdir name="tile"></imgdir><imgdir name="obj"><imgdir name="0"><string name="oS" value="weddingCN"/><string name="l0" value="dinner"/><string name="l1" value="foot"/><string name="l2" value="0"/><int name="x" value="-595"/><int name="y" value="334"/><int name="z" value="3"/><int name="f" value="0"/><int name="zM" value="0"/></imgdir><imgdir name="1"><string name="oS" value="weddingCN"/><string name="l0" value="dinner"/><string name="l1" value="foot"/><string name="l2" value="1"/><int name="x" value="-505"/><int name="y" value="334"/><int name="z" value="3"/><int name="f" value="0"/><int name="zM" value="1"/></imgdir><imgdir name="2"><string name="oS" value="weddingCN"/><string name="l0" value="dinner"/><string name="l1" value="foot"/><string name="l2" value="2"/><int name="x" value="-415"/><int name="y" value="334"/><int name="z" value="3"/><int name="f" value="0"/><int name="zM" value="2"/></imgdir><imgdir name="3"><string name="oS" value="weddingCN"/><string name="l0" value="dinner"/><string name="l1" value="foot"/><string name="l2" value="0"/><int name="x" value="-325"/><int name="y" value="334"/><int name="z" value="3"/><int name="f" value="0"/><int name="zM" value="3"/></imgdir><imgdir name="4"><string name="oS" value="weddingCN"/><string name="l0" value="dinner"/><string name="l1" value="foot"/><string name="l2" value="1"/><int name="x" value="-235"/><int name="y" value="334"/><int name="z" value="3"/><int name="f" value="0"/><int name="zM" value="4"/></imgdir><imgdir name="5"><string name="oS" value="weddingCN"/><string name="l0" value="dinner"/><string name="l1" value="foot"/><string name="l2" value="2"/><int name="x" value="-145"/><int name="y" value="334"/><int name="z" value="3"/><int name="f" value="0"/><int name="zM" value="5"/></imgdir><imgdir name="6"><string name="oS" value="weddingCN"/><string name="l0" value="dinner"/><string name="l1" value="foot"/><string name="l2" value="0"/><int name="x" value="-55"/><int name="y" value="334"/><int name="z" value="3"/><int name="f" value="0"/><int name="zM" value="6"/></imgdir><imgdir name="7"><string name="oS" value="weddingCN"/><string name="l0" value="dinner"/><string name="l1" value="foot"/><string name="l2" value="1"/><int name="x" value="35"/><int name="y" value="334"/><int name="z" value="3"/><int name="f" value="0"/><int name="zM" value="7"/></imgdir><imgdir name="8"><string name="oS" value="weddingCN"/><string name="l0" value="dinner"/><string name="l1" value="foot"/><string name="l2" value="2"/><int name="x" value="125"/><int name="y" value="334"/><int name="z" value="3"/><int name="f" value="0"/><int name="zM" value="8"/></imgdir><imgdir name="9"><string name="oS" value="weddingCN"/><string name="l0" value="dinner"/><string name="l1" value="foot"/><string name="l2" value="0"/><int name="x" value="215"/><int name="y" value="334"/><int name="z" value="3"/><int name="f" value="0"/><int name="zM" value="9"/></imgdir><imgdir name="10"><string name="oS" value="weddingCN"/><string name="l0" value="dinner"/><string name="l1" value="foot"/><string name="l2" value="1"/><int name="x" value="305"/><int name="y" value="334"/><int name="z" value="3"/><int name="f" value="0"/><int name="zM" value="10"/></imgdir><imgdir name="11"><string name="oS" value="weddingCN"/><string name="l0" value="dinner"/><string name="l1" value="foot"/><string name="l2" value="2"/><int name="x" value="395"/><int name="y" value="334"/><int name="z" value="3"/><int name="f" value="0"/><int name="zM" value="11"/></imgdir><imgdir name="12"><string name="oS" value="weddingCN"/><string name="l0" value="dinner"/><string name="l1" value="foot"/><string name="l2" value="0"/><int name="x" value="485"/><int name="y" value="334"/><int name="z" value="3"/><int name="f" value="0"/><int name="zM" value="12"/></imgdir><imgdir name="13"><string name="oS" value="weddingCN"/><string name="l0" value="dinner"/><string name="l1" value="foot"/><string name="l2" value="1"/><int name="x" value="575"/><int name="y" value="334"/><int name="z" value="3"/><int name="f" value="0"/><int name="zM" value="13"/></imgdir><imgdir name="14"><string name="oS" value="weddingCN"/><string name="l0" value="dinner"/><string name="l1" value="foot"/><string name="l2" value="2"/><int name="x" value="665"/><int name="y" value="334"/><int name="z" value="3"/><int name="f" value="0"/><int name="zM" value="14"/></imgdir><imgdir name="15"><string name="oS" value="weddingCN"/><string name="l0" value="dinner"/><string name="l1" value="foot"/><string name="l2" value="0"/><int name="x" value="755"/><int name="y" value="334"/><int name="z" value="3"/><int name="f" value="0"/><int name="zM" value="15"/></imgdir><imgdir name="16"><string name="oS" value="weddingCN"/><string name="l0" value="dinner"/><string name="l1" value="foot"/><string name="l2" value="1"/><int name="x" value="845"/><int name="y" value="334"/><int name="z" value="3"/><int name="f" value="0"/><int name="zM" value="16"/></imgdir><imgdir name="17"><string name="oS" value="weddingCN"/><string name="l0" value="dinner"/><string name="l1" value="foot"/><string name="l2" value="2"/><int name="x" value="935"/><int name="y" value="334"/><int name="z" value="3"/><int name="f" value="0"/><int name="zM" value="17"/></imgdir><imgdir name="18"><string name="oS" value="weddingCN"/><string name="l0" value="dinner"/><string name="l1" value="foot"/><string name="l2" value="0"/><int name="x" value="1025"/><int name="y" value="334"/><int name="z" value="3"/><int name="f" value="0"/><int name="zM" value="18"/></imgdir><imgdir name="19"><string name="oS" value="weddingCN"/><string name="l0" value="dinner"/><string name="l1" value="foot"/><string name="l2" value="1"/><int name="x" value="1115"/><int name="y" value="334"/><int name="z" value="3"/><int name="f" value="0"/><int name="zM" value="19"/></imgdir><imgdir name="20"><string name="oS" value="weddingCN"/><string name="l0" value="dinner"/><string name="l1" value="foot"/><string name="l2" value="2"/><int name="x" value="1205"/><int name="y" value="334"/><int name="z" value="3"/><int name="f" value="0"/><int name="zM" value="20"/></imgdir><imgdir name="21"><string name="oS" value="weddingCN"/><string name="l0" value="dinner"/><string name="l1" value="foot"/><string name="l2" value="0"/><int name="x" value="1295"/><int name="y" value="334"/><int name="z" value="3"/><int name="f" value="0"/><int name="zM" value="21"/></imgdir><imgdir name="22"><string name="oS" value="weddingCN"/><string name="l0" value="dinner"/><string name="l1" value="foot"/><string name="l2" value="1"/><int name="x" value="1385"/><int name="y" value="334"/><int name="z" value="3"/><int name="f" value="0"/><int name="zM" value="22"/></imgdir><imgdir name="23"><string name="oS" value="weddingCN"/><string name="l0" value="dinner"/><string name="l1" value="foot"/><string name="l2" value="2"/><int name="x" value="1475"/><int name="y" value="334"/><int name="z" value="3"/><int name="f" value="0"/><int name="zM" value="23"/></imgdir><imgdir name="24"><string name="oS" value="weddingCN"/><string name="l0" value="dinner"/><string name="l1" value="foot"/><string name="l2" value="0"/><int name="x" value="1565"/><int name="y" value="334"/><int name="z" value="3"/><int name="f" value="0"/><int name="zM" value="24"/></imgdir><imgdir name="25"><string name="oS" value="weddingCN"/><string name="l0" value="dinner"/><string name="l1" value="foot"/><string name="l2" value="1"/><int name="x" value="-685"/><int name="y" value="334"/><int name="z" value="3"/><int name="f" value="0"/><int name="zM" value="25"/></imgdir><imgdir name="26"><string name="oS" value="weddingCN"/><string name="l0" value="dinner"/><string name="l1" value="foot"/><string name="l2" value="2"/><int name="x" value="-775"/><int name="y" value="334"/><int name="z" value="3"/><int name="f" value="0"/><int name="zM" value="26"/></imgdir><imgdir name="27"><string name="oS" value="weddingCN"/><string name="l0" value="dinner"/><string name="l1" value="foot"/><string name="l2" value="0"/><int name="x" value="-865"/><int name="y" value="334"/><int name="z" value="3"/><int name="f" value="0"/><int name="zM" value="27"/></imgdir><imgdir name="28"><string name="oS" value="weddingCN"/><string name="l0" value="dinner"/><string name="l1" value="foot"/><string name="l2" value="1"/><int name="x" value="-955"/><int name="y" value="334"/><int name="z" value="3"/><int name="f" value="0"/><int name="zM" value="28"/></imgdir><imgdir name="29"><string name="oS" value="weddingCN"/><string name="l0" value="dinner"/><string name="l1" value="foot"/><string name="l2" value="2"/><int name="x" value="-1045"/><int name="y" value="334"/><int name="z" value="3"/><int name="f" value="0"/><int name="zM" value="29"/></imgdir><imgdir name="30"><string name="oS" value="weddingCN"/><string name="l0" value="dinner"/><string name="l1" value="foot"/><string name="l2" value="1"/><int name="x" value="-1135"/><int name="y" value="334"/><int name="z" value="3"/><int name="f" value="0"/><int name="zM" value="30"/></imgdir><imgdir name="31"><string name="oS" value="weddingCN"/><string name="l0" value="dinner"/><string name="l1" value="foot"/><string name="l2" value="0"/><int name="x" value="-1225"/><int name="y" value="334"/><int name="z" value="3"/><int name="f" value="0"/><int name="zM" value="31"/></imgdir><imgdir name="32"><string name="oS" value="weddingCN"/><string name="l0" value="dinner"/><string name="l1" value="foot"/><string name="l2" value="1"/><int name="x" value="-1315"/><int name="y" value="334"/><int name="z" value="3"/><int name="f" value="0"/><int name="zM" value="32"/></imgdir><imgdir name="33"><string name="oS" value="weddingCN"/><string name="l0" value="dinner"/><string name="l1" value="foot"/><string name="l2" value="2"/><int name="x" value="-1405"/><int name="y" value="334"/><int name="z" value="3"/><int name="f" value="0"/><int name="zM" value="33"/></imgdir><imgdir name="34"><string name="oS" value="weddingCN"/><string name="l0" value="dinner"/><string name="l1" value="foot"/><string name="l2" value="0"/><int name="x" value="-1495"/><int name="y" value="334"/><int name="z" value="3"/><int name="f" value="0"/><int name="zM" value="34"/></imgdir><imgdir name="35"><string name="oS" value="weddingCN"/><string name="l0" value="dinner"/><string name="l1" value="foot"/><string name="l2" value="1"/><int name="x" value="-1585"/><int name="y" value="334"/><int name="z" value="3"/><int name="f" value="0"/><int name="zM" value="35"/></imgdir><imgdir name="36"><string name="oS" value="weddingCN"/><string name="l0" value="dinner"/><string name="l1" value="foot"/><string name="l2" value="2"/><int name="x" value="-1675"/><int name="y" value="334"/><int name="z" value="3"/><int name="f" value="0"/><int name="zM" value="36"/></imgdir><imgdir name="37"><string name="oS" value="weddingCN"/><string name="l0" value="dinner"/><string name="l1" value="foot"/><string name="l2" value="0"/><int name="x" value="-1765"/><int name="y" value="334"/><int name="z" value="3"/><int name="f" value="0"/><int name="zM" value="37"/></imgdir><imgdir name="38"><string name="oS" value="weddingCN"/><string name="l0" value="dinner"/><string name="l1" value="foot"/><string name="l2" value="1"/><int name="x" value="-1855"/><int name="y" value="334"/><int name="z" value="3"/><int name="f" value="0"/><int name="zM" value="38"/></imgdir><imgdir name="39"><string name="oS" value="weddingCN"/><string name="l0" value="dinner"/><string name="l1" value="foot"/><string name="l2" value="2"/><int name="x" value="-1945"/><int name="y" value="334"/><int name="z" value="3"/><int name="f" value="0"/><int name="zM" value="39"/></imgdir><imgdir name="40"><string name="oS" value="weddingCN"/><string name="l0" value="dinner"/><string name="l1" value="foot"/><string name="l2" value="0"/><int name="x" value="-2035"/><int name="y" value="334"/><int name="z" value="3"/><int name="f" value="0"/><int name="zM" value="40"/></imgdir><imgdir name="41"><string name="oS" value="weddingCN"/><string name="l0" value="dinner"/><string name="l1" value="foot"/><string name="l2" value="1"/><int name="x" value="-2125"/><int name="y" value="334"/><int name="z" value="3"/><int name="f" value="0"/><int name="zM" value="41"/></imgdir><imgdir name="42"><string name="oS" value="weddingCN"/><string name="l0" value="dinner"/><string name="l1" value="foot"/><string name="l2" value="2"/><int name="x" value="-2215"/><int name="y" value="334"/><int name="z" value="3"/><int name="f" value="0"/><int name="zM" value="42"/></imgdir><imgdir name="43"><string name="oS" value="weddingCN"/><string name="l0" value="dinner"/><string name="l1" value="foot"/><string name="l2" value="1"/><int name="x" value="-2305"/><int name="y" value="334"/><int name="z" value="3"/><int name="f" value="0"/><int name="zM" value="43"/></imgdir><imgdir name="44"><string name="oS" value="weddingCN"/><string name="l0" value="dinner"/><string name="l1" value="foot"/><string name="l2" value="2"/><int name="x" value="-2395"/><int name="y" value="334"/><int name="z" value="3"/><int name="f" value="0"/><int name="zM" value="44"/></imgdir><imgdir name="45"><string name="oS" value="weddingCN"/><string name="l0" value="dinner"/><string name="l1" value="foot"/><string name="l2" value="1"/><int name="x" value="-2485"/><int name="y" value="334"/><int name="z" value="3"/><int name="f" value="0"/><int name="zM" value="45"/></imgdir><imgdir name="46"><string name="oS" value="weddingCN"/><string name="l0" value="dinner"/><string name="l1" value="foot"/><string name="l2" value="0"/><int name="x" value="-2575"/><int name="y" value="334"/><int name="z" value="3"/><int name="f" value="0"/><int name="zM" value="46"/></imgdir><imgdir name="47"><string name="oS" value="weddingCN"/><string name="l0" value="dinner"/><string name="l1" value="foot"/><string name="l2" value="0"/><int name="x" value="-2665"/><int name="y" value="334"/><int name="z" value="3"/><int name="f" value="0"/><int name="zM" value="47"/></imgdir><imgdir name="48"><string name="oS" value="weddingCN"/><string name="l0" value="dinner"/><string name="l1" value="foot"/><string name="l2" value="1"/><int name="x" value="-2755"/><int name="y" value="334"/><int name="z" value="3"/><int name="f" value="0"/><int name="zM" value="48"/></imgdir><imgdir name="49"><string name="oS" value="weddingCN"/><string name="l0" value="dinner"/><string name="l1" value="foot"/><string name="l2" value="1"/><int name="x" value="1655"/><int name="y" value="334"/><int name="z" value="3"/><int name="f" value="0"/><int name="zM" value="49"/></imgdir></imgdir></imgdir><imgdir name="6"><imgdir name="info"></imgdir><imgdir name="tile"></imgdir><imgdir name="obj"><imgdir name="0"><string name="oS" value="weddingCN"/><string name="l0" value="dinner"/><string name="l1" value="pillar"/><string name="l2" value="1"/><int name="x" value="1655"/><int name="y" value="148"/><int name="z" value="3"/><int name="f" value="0"/><int name="zM" value="89"/></imgdir><imgdir name="1"><string name="oS" value="weddingCN"/><string name="l0" value="dinner"/><string name="l1" value="pillar"/><string name="l2" value="0"/><int name="x" value="1658"/><int name="y" value="-76"/><int name="z" value="3"/><int name="f" value="0"/><int name="zM" value="99"/></imgdir><imgdir name="2"><string name="oS" value="weddingCN"/><string name="l0" value="dinner"/><string name="l1" value="pillar"/><string name="l2" value="1"/><int name="x" value="1197"/><int name="y" value="147"/><int name="z" value="3"/><int name="f" value="0"/><int name="zM" value="98"/></imgdir><imgdir name="3"><string name="oS" value="weddingCN"/><string name="l0" value="dinner"/><string name="l1" value="pillar"/><string name="l2" value="0"/><int name="x" value="1200"/><int name="y" value="-77"/><int name="z" value="3"/><int name="f" value="0"/><int name="zM" value="106"/></imgdir><imgdir name="4"><string name="oS" value="weddingCN"/><string name="l0" value="dinner"/><string name="l1" value="pillar"/><string name="l2" value="1"/><int name="x" value="726"/><int name="y" value="147"/><int name="z" value="3"/><int name="f" value="0"/><int name="zM" value="90"/></imgdir><imgdir name="5"><string name="oS" value="weddingCN"/><string name="l0" value="dinner"/><string name="l1" value="pillar"/><string name="l2" value="0"/><int name="x" value="729"/><int name="y" value="-77"/><int name="z" value="3"/><int name="f" value="0"/><int name="zM" value="102"/></imgdir><imgdir name="6"><string name="oS" value="weddingCN"/><string name="l0" value="dinner"/><string name="l1" value="pillar"/><string name="l2" value="1"/><int name="x" value="258"/><int name="y" value="147"/><int name="z" value="3"/><int name="f" value="0"/><int name="zM" value="91"/></imgdir><imgdir name="7"><string name="oS" value="weddingCN"/><string name="l0" value="dinner"/><string name="l1" value="pillar"/><string name="l2" value="0"/><int name="x" value="261"/><int name="y" value="-77"/><int name="z" value="3"/><int name="f" value="0"/><int name="zM" value="100"/></imgdir><imgdir name="8"><string name="oS" value="weddingCN"/><string name="l0" value="dinner"/><string name="l1" value="pillar"/><string name="l2" value="1"/><int name="x" value="-213"/><int name="y" value="147"/><int name="z" value="3"/><int name="f" value="0"/><int name="zM" value="92"/></imgdir><imgdir name="9"><string name="oS" value="weddingCN"/><string name="l0" value="dinner"/><string name="l1" value="pillar"/><string name="l2" value="0"/><int name="x" value="-210"/><int name="y" value="-77"/><int name="z" value="3"/><int name="f" value="0"/><int name="zM" value="104"/></imgdir><imgdir name="10"><string name="oS" value="weddingCN"/><string name="l0" value="dinner"/><string name="l1" value="pillar"/><string name="l2" value="1"/><int name="x" value="-680"/><int name="y" value="147"/><int name="z" value="3"/><int name="f" value="0"/><int name="zM" value="93"/></imgdir><imgdir name="11"><string name="oS" value="weddingCN"/><string name="l0" value="dinner"/><string name="l1" value="pillar"/><string name="l2" value="0"/><int name="x" value="-677"/><int name="y" value="-77"/><int name="z" value="3"/><int name="f" value="0"/><int name="zM" value="108"/></imgdir><imgdir name="12"><string name="oS" value="weddingCN"/><string name="l0" value="dinner"/><string name="l1" value="pillar"/><string name="l2" value="1"/><int name="x" value="-1148"/><int name="y" value="147"/><int name="z" value="3"/><int name="f" value="0"/><int name="zM" value="94"/></imgdir><imgdir name="13"><string name="oS" value="weddingCN"/><string name="l0" value="dinner"/><string name="l1" value="pillar"/><string name="l2" value="0"/><int name="x" value="-1145"/><int name="y" value="-77"/><int name="z" value="3"/><int name="f" value="0"/><int name="zM" value="101"/></imgdir><imgdir name="14"><string name="oS" value="weddingCN"/><string name="l0" value="dinner"/><string name="l1" value="pillar"/><string name="l2" value="1"/><int name="x" value="-1615"/><int name="y" value="147"/><int name="z" value="3"/><int name="f" value="0"/><int name="zM" value="95"/></imgdir><imgdir name="15"><string name="oS" value="weddingCN"/><string name="l0" value="dinner"/><string name="l1" value="pillar"/><string name="l2" value="0"/><int name="x" value="-1612"/><int name="y" value="-77"/><int name="z" value="3"/><int name="f" value="0"/><int name="zM" value="103"/></imgdir><imgdir name="16"><string name="oS" value="weddingCN"/><string name="l0" value="dinner"/><string name="l1" value="pillar"/><string name="l2" value="1"/><int name="x" value="-2083"/><int name="y" value="147"/><int name="z" value="3"/><int name="f" value="0"/><int name="zM" value="96"/></imgdir><imgdir name="17"><string name="oS" value="weddingCN"/><string name="l0" value="dinner"/><string name="l1" value="pillar"/><string name="l2" value="0"/><int name="x" value="-2080"/><int name="y" value="-77"/><int name="z" value="3"/><int name="f" value="0"/><int name="zM" value="105"/></imgdir><imgdir name="18"><string name="oS" value="weddingCN"/><string name="l0" value="dinner"/><string name="l1" value="pillar"/><string name="l2" value="1"/><int name="x" value="-2549"/><int name="y" value="147"/><int name="z" value="3"/><int name="f" value="0"/><int name="zM" value="97"/></imgdir><imgdir name="19"><string name="oS" value="weddingCN"/><string name="l0" value="dinner"/><string name="l1" value="pillar"/><string name="l2" value="0"/><int name="x" value="-2546"/><int name="y" value="-77"/><int name="z" value="3"/><int name="f" value="0"/><int name="zM" value="107"/></imgdir><imgdir name="20"><string name="oS" value="weddingCN"/><string name="l0" value="dinner"/><string name="l1" value="pillar"/><string name="l2" value="2"/><int name="x" value="1656"/><int name="y" value="245"/><int name="z" value="3"/><int name="f" value="0"/><int name="zM" value="54"/></imgdir><imgdir name="21"><string name="oS" value="weddingCN"/><string name="l0" value="dinner"/><string name="l1" value="pillar"/><string name="l2" value="2"/><int name="x" value="1198"/><int name="y" value="244"/><int name="z" value="3"/><int name="f" value="0"/><int name="zM" value="80"/></imgdir><imgdir name="22"><string name="oS" value="weddingCN"/><string name="l0" value="dinner"/><string name="l1" value="pillar"/><string name="l2" value="2"/><int name="x" value="727"/><int name="y" value="244"/><int name="z" value="3"/><int name="f" value="0"/><int name="zM" value="81"/></imgdir><imgdir name="23"><string name="oS" value="weddingCN"/><string name="l0" value="dinner"/><string name="l1" value="pillar"/><string name="l2" value="2"/><int name="x" value="259"/><int name="y" value="244"/><int name="z" value="3"/><int name="f" value="0"/><int name="zM" value="82"/></imgdir><imgdir name="24"><string name="oS" value="weddingCN"/><string name="l0" value="dinner"/><string name="l1" value="pillar"/><string name="l2" value="2"/><int name="x" value="-212"/><int name="y" value="244"/><int name="z" value="3"/><int name="f" value="0"/><int name="zM" value="83"/></imgdir><imgdir name="25"><string name="oS" value="weddingCN"/><string name="l0" value="dinner"/><string name="l1" value="pillar"/><string name="l2" value="2"/><int name="x" value="-679"/><int name="y" value="244"/><int name="z" value="3"/><int name="f" value="0"/><int name="zM" value="84"/></imgdir><imgdir name="26"><string name="oS" value="weddingCN"/><string name="l0" value="dinner"/><string name="l1" value="pillar"/><string name="l2" value="2"/><int name="x" value="-1147"/><int name="y" value="244"/><int name="z" value="3"/><int name="f" value="0"/><int name="zM" value="85"/></imgdir><imgdir name="27"><string name="oS" value="weddingCN"/><string name="l0" value="dinner"/><string name="l1" value="pillar"/><string name="l2" value="2"/><int name="x" value="-1614"/><int name="y" value="244"/><int name="z" value="3"/><int name="f" value="0"/><int name="zM" value="86"/></imgdir><imgdir name="28"><string name="oS" value="weddingCN"/><string name="l0" value="dinner"/><string name="l1" value="pillar"/><string name="l2" value="2"/><int name="x" value="-2082"/><int name="y" value="244"/><int name="z" value="3"/><int name="f" value="0"/><int name="zM" value="87"/></imgdir><imgdir name="29"><string name="oS" value="weddingCN"/><string name="l0" value="dinner"/><string name="l1" value="pillar"/><string name="l2" value="2"/><int name="x" value="-2548"/><int name="y" value="244"/><int name="z" value="3"/><int name="f" value="0"/><int name="zM" value="88"/></imgdir></imgdir></imgdir><imgdir name="7"><imgdir name="info"></imgdir><imgdir name="tile"></imgdir><imgdir name="obj"></imgdir></imgdir><imgdir name="foothold"><imgdir name="1"><imgdir name="51"><imgdir name="1"><int name="x1" value="807"/><int name="y1" value="269"/><int name="x2" value="1128"/><int name="y2" value="269"/><int name="prev" value="0"/><int name="next" value="0"/></imgdir><imgdir name="2"><int name="x1" value="821"/><int name="y1" value="247"/><int name="x2" value="1109"/><int name="y2" value="247"/><int name="prev" value="0"/><int name="next" value="0"/></imgdir><imgdir name="3"><int name="x1" value="835"/><int name="y1" value="226"/><int name="x2" value="1090"/><int name="y2" value="226"/><int name="prev" value="0"/><int name="next" value="0"/></imgdir></imgdir><imgdir name="52"><imgdir name="4"><int name="x1" value="-603"/><int name="y1" value="269"/><int name="x2" value="-282"/><int name="y2" value="269"/><int name="prev" value="0"/><int name="next" value="0"/></imgdir><imgdir name="5"><int name="x1" value="-589"/><int name="y1" value="247"/><int name="x2" value="-301"/><int name="y2" value="247"/><int name="prev" value="0"/><int name="next" value="0"/></imgdir><imgdir name="6"><int name="x1" value="-575"/><int name="y1" value="226"/><int name="x2" value="-320"/><int name="y2" value="226"/><int name="prev" value="0"/><int name="next" value="0"/></imgdir></imgdir><imgdir name="50"><imgdir name="7"><int name="x1" value="-2006"/><int name="y1" value="269"/><int name="x2" value="-1685"/><int name="y2" value="269"/><int name="prev" value="0"/><int name="next" value="0"/></imgdir><imgdir name="8"><int name="x1" value="-1992"/><int name="y1" value="247"/><int name="x2" value="-1704"/><int name="y2" value="247"/><int name="prev" value="0"/><int name="next" value="0"/></imgdir><imgdir name="9"><int name="x1" value="-1978"/><int name="y1" value="226"/><int name="x2" value="-1723"/><int name="y2" value="226"/><int name="prev" value="0"/><int name="next" value="0"/></imgdir></imgdir></imgdir><imgdir name="5"><imgdir name="0"><imgdir name="10"><int name="x1" value="-640"/><int name="y1" value="291"/><int name="x2" value="-550"/><int name="y2" value="291"/><int name="prev" value="35"/><int name="next" value="11"/></imgdir></imgdir><imgdir name="1"><imgdir name="11"><int name="x1" value="-550"/><int name="y1" value="291"/><int name="x2" value="-460"/><int name="y2" value="291"/><int name="prev" value="10"/><int name="next" value="12"/></imgdir></imgdir><imgdir name="2"><imgdir name="12"><int name="x1" value="-460"/><int name="y1" value="291"/><int name="x2" value="-370"/><int name="y2" value="291"/><int name="prev" value="11"/><int name="next" value="13"/></imgdir></imgdir><imgdir name="3"><imgdir name="13"><int name="x1" value="-370"/><int name="y1" value="291"/><int name="x2" value="-280"/><int name="y2" value="291"/><int name="prev" value="12"/><int name="next" value="14"/></imgdir></imgdir><imgdir name="4"><imgdir name="14"><int name="x1" value="-280"/><int name="y1" value="291"/><int name="x2" value="-190"/><int name="y2" value="291"/><int name="prev" value="13"/><int name="next" value="15"/></imgdir></imgdir><imgdir name="5"><imgdir name="15"><int name="x1" value="-190"/><int name="y1" value="291"/><int name="x2" value="-100"/><int name="y2" value="291"/><int name="prev" value="14"/><int name="next" value="16"/></imgdir></imgdir><imgdir name="6"><imgdir name="16"><int name="x1" value="-100"/><int name="y1" value="291"/><int name="x2" value="-10"/><int name="y2" value="291"/><int name="prev" value="15"/><int name="next" value="17"/></imgdir></imgdir><imgdir name="7"><imgdir name="17"><int name="x1" value="-10"/><int name="y1" value="291"/><int name="x2" value="80"/><int name="y2" value="291"/><int name="prev" value="16"/><int name="next" value="18"/></imgdir></imgdir><imgdir name="8"><imgdir name="18"><int name="x1" value="80"/><int name="y1" value="291"/><int name="x2" value="170"/><int name="y2" value="291"/><int name="prev" value="17"/><int name="next" value="19"/></imgdir></imgdir><imgdir name="9"><imgdir name="19"><int name="x1" value="170"/><int name="y1" value="291"/><int name="x2" value="260"/><int name="y2" value="291"/><int name="prev" value="18"/><int name="next" value="20"/></imgdir></imgdir><imgdir name="10"><imgdir name="20"><int name="x1" value="260"/><int name="y1" value="291"/><int name="x2" value="350"/><int name="y2" value="291"/><int name="prev" value="19"/><int name="next" value="21"/></imgdir></imgdir><imgdir name="11"><imgdir name="21"><int name="x1" value="350"/><int name="y1" value="291"/><int name="x2" value="440"/><int name="y2" value="291"/><int name="prev" value="20"/><int name="next" value="22"/></imgdir></imgdir><imgdir name="12"><imgdir name="22"><int name="x1" value="440"/><int name="y1" value="291"/><int name="x2" value="530"/><int name="y2" value="291"/><int name="prev" value="21"/><int name="next" value="23"/></imgdir></imgdir><imgdir name="13"><imgdir name="23"><int name="x1" value="530"/><int name="y1" value="291"/><int name="x2" value="620"/><int name="y2" value="291"/><int name="prev" value="22"/><int name="next" value="24"/></imgdir></imgdir><imgdir name="14"><imgdir name="24"><int name="x1" value="620"/><int name="y1" value="291"/><int name="x2" value="710"/><int name="y2" value="291"/><int name="prev" value="23"/><int name="next" value="25"/></imgdir></imgdir><imgdir name="15"><imgdir name="25"><int name="x1" value="710"/><int name="y1" value="291"/><int name="x2" value="800"/><int name="y2" value="291"/><int name="prev" value="24"/><int name="next" value="26"/></imgdir></imgdir><imgdir name="16"><imgdir name="26"><int name="x1" value="800"/><int name="y1" value="291"/><int name="x2" value="890"/><int name="y2" value="291"/><int name="prev" value="25"/><int name="next" value="27"/></imgdir></imgdir><imgdir name="17"><imgdir name="27"><int name="x1" value="890"/><int name="y1" value="291"/><int name="x2" value="980"/><int name="y2" value="291"/><int name="prev" value="26"/><int name="next" value="28"/></imgdir></imgdir><imgdir name="18"><imgdir name="28"><int name="x1" value="980"/><int name="y1" value="291"/><int name="x2" value="1070"/><int name="y2" value="291"/><int name="prev" value="27"/><int name="next" value="29"/></imgdir></imgdir><imgdir name="19"><imgdir name="29"><int name="x1" value="1070"/><int name="y1" value="291"/><int name="x2" value="1160"/><int name="y2" value="291"/><int name="prev" value="28"/><int name="next" value="30"/></imgdir></imgdir><imgdir name="20"><imgdir name="30"><int name="x1" value="1160"/><int name="y1" value="291"/><int name="x2" value="1250"/><int name="y2" value="291"/><int name="prev" value="29"/><int name="next" value="31"/></imgdir></imgdir><imgdir name="21"><imgdir name="31"><int name="x1" value="1250"/><int name="y1" value="291"/><int name="x2" value="1340"/><int name="y2" value="291"/><int name="prev" value="30"/><int name="next" value="32"/></imgdir></imgdir><imgdir name="22"><imgdir name="32"><int name="x1" value="1340"/><int name="y1" value="291"/><int name="x2" value="1430"/><int name="y2" value="291"/><int name="prev" value="31"/><int name="next" value="33"/></imgdir></imgdir><imgdir name="23"><imgdir name="33"><int name="x1" value="1430"/><int name="y1" value="291"/><int name="x2" value="1520"/><int name="y2" value="291"/><int name="prev" value="32"/><int name="next" value="34"/></imgdir></imgdir><imgdir name="24"><imgdir name="34"><int name="x1" value="1520"/><int name="y1" value="291"/><int name="x2" value="1610"/><int name="y2" value="291"/><int name="prev" value="33"/><int name="next" value="59"/></imgdir></imgdir><imgdir name="25"><imgdir name="35"><int name="x1" value="-730"/><int name="y1" value="291"/><int name="x2" value="-640"/><int name="y2" value="291"/><int name="prev" value="36"/><int name="next" value="10"/></imgdir></imgdir><imgdir name="26"><imgdir name="36"><int name="x1" value="-820"/><int name="y1" value="291"/><int name="x2" value="-730"/><int name="y2" value="291"/><int name="prev" value="37"/><int name="next" value="35"/></imgdir></imgdir><imgdir name="27"><imgdir name="37"><int name="x1" value="-910"/><int name="y1" value="291"/><int name="x2" value="-820"/><int name="y2" value="291"/><int name="prev" value="38"/><int name="next" value="36"/></imgdir></imgdir><imgdir name="28"><imgdir name="38"><int name="x1" value="-1000"/><int name="y1" value="291"/><int name="x2" value="-910"/><int name="y2" value="291"/><int name="prev" value="39"/><int name="next" value="37"/></imgdir></imgdir><imgdir name="29"><imgdir name="39"><int name="x1" value="-1090"/><int name="y1" value="291"/><int name="x2" value="-1000"/><int name="y2" value="291"/><int name="prev" value="40"/><int name="next" value="38"/></imgdir></imgdir><imgdir name="30"><imgdir name="40"><int name="x1" value="-1180"/><int name="y1" value="291"/><int name="x2" value="-1090"/><int name="y2" value="291"/><int name="prev" value="41"/><int name="next" value="39"/></imgdir></imgdir><imgdir name="31"><imgdir name="41"><int name="x1" value="-1270"/><int name="y1" value="291"/><int name="x2" value="-1180"/><int name="y2" value="291"/><int name="prev" value="42"/><int name="next" value="40"/></imgdir></imgdir><imgdir name="32"><imgdir name="42"><int name="x1" value="-1360"/><int name="y1" value="291"/><int name="x2" value="-1270"/><int name="y2" value="291"/><int name="prev" value="43"/><int name="next" value="41"/></imgdir></imgdir><imgdir name="33"><imgdir name="43"><int name="x1" value="-1450"/><int name="y1" value="291"/><int name="x2" value="-1360"/><int name="y2" value="291"/><int name="prev" value="44"/><int name="next" value="42"/></imgdir></imgdir><imgdir name="34"><imgdir name="44"><int name="x1" value="-1540"/><int name="y1" value="291"/><int name="x2" value="-1450"/><int name="y2" value="291"/><int name="prev" value="45"/><int name="next" value="43"/></imgdir></imgdir><imgdir name="35"><imgdir name="45"><int name="x1" value="-1630"/><int name="y1" value="291"/><int name="x2" value="-1540"/><int name="y2" value="291"/><int name="prev" value="46"/><int name="next" value="44"/></imgdir></imgdir><imgdir name="36"><imgdir name="46"><int name="x1" value="-1720"/><int name="y1" value="291"/><int name="x2" value="-1630"/><int name="y2" value="291"/><int name="prev" value="47"/><int name="next" value="45"/></imgdir></imgdir><imgdir name="37"><imgdir name="47"><int name="x1" value="-1810"/><int name="y1" value="291"/><int name="x2" value="-1720"/><int name="y2" value="291"/><int name="prev" value="48"/><int name="next" value="46"/></imgdir></imgdir><imgdir name="38"><imgdir name="48"><int name="x1" value="-1900"/><int name="y1" value="291"/><int name="x2" value="-1810"/><int name="y2" value="291"/><int name="prev" value="49"/><int name="next" value="47"/></imgdir></imgdir><imgdir name="39"><imgdir name="49"><int name="x1" value="-1990"/><int name="y1" value="291"/><int name="x2" value="-1900"/><int name="y2" value="291"/><int name="prev" value="50"/><int name="next" value="48"/></imgdir></imgdir><imgdir name="40"><imgdir name="50"><int name="x1" value="-2080"/><int name="y1" value="291"/><int name="x2" value="-1990"/><int name="y2" value="291"/><int name="prev" value="51"/><int name="next" value="49"/></imgdir></imgdir><imgdir name="41"><imgdir name="51"><int name="x1" value="-2170"/><int name="y1" value="291"/><int name="x2" value="-2080"/><int name="y2" value="291"/><int name="prev" value="52"/><int name="next" value="50"/></imgdir></imgdir><imgdir name="42"><imgdir name="52"><int name="x1" value="-2260"/><int name="y1" value="291"/><int name="x2" value="-2170"/><int name="y2" value="291"/><int name="prev" value="53"/><int name="next" value="51"/></imgdir></imgdir><imgdir name="43"><imgdir name="53"><int name="x1" value="-2350"/><int name="y1" value="291"/><int name="x2" value="-2260"/><int name="y2" value="291"/><int name="prev" value="54"/><int name="next" value="52"/></imgdir></imgdir><imgdir name="44"><imgdir name="54"><int name="x1" value="-2440"/><int name="y1" value="291"/><int name="x2" value="-2350"/><int name="y2" value="291"/><int name="prev" value="55"/><int name="next" value="53"/></imgdir></imgdir><imgdir name="45"><imgdir name="55"><int name="x1" value="-2530"/><int name="y1" value="291"/><int name="x2" value="-2440"/><int name="y2" value="291"/><int name="prev" value="56"/><int name="next" value="54"/></imgdir></imgdir><imgdir name="46"><imgdir name="56"><int name="x1" value="-2620"/><int name="y1" value="291"/><int name="x2" value="-2530"/><int name="y2" value="291"/><int name="prev" value="57"/><int name="next" value="55"/></imgdir></imgdir><imgdir name="47"><imgdir name="57"><int name="x1" value="-2710"/><int name="y1" value="291"/><int name="x2" value="-2620"/><int name="y2" value="291"/><int name="prev" value="58"/><int name="next" value="56"/></imgdir></imgdir><imgdir name="48"><imgdir name="58"><int name="x1" value="-2800"/><int name="y1" value="291"/><int name="x2" value="-2710"/><int name="y2" value="291"/><int name="prev" value="0"/><int name="next" value="57"/></imgdir></imgdir><imgdir name="49"><imgdir name="59"><int name="x1" value="1610"/><int name="y1" value="291"/><int name="x2" value="1700"/><int name="y2" value="291"/><int name="prev" value="34"/><int name="next" value="0"/></imgdir></imgdir></imgdir></imgdir><imgdir name="ladderRope"></imgdir><imgdir name="miniMap"><canvas name="canvas" width="287" height="53"></canvas><int name="width" value="4605"/><int name="height" value="850"/><int name="centerX" value="2848"/><int name="centerY" value="424"/><int name="mag" value="4"/></imgdir><imgdir name="portal"><imgdir name="0"><string name="pn" value="sp"/><int name="pt" value="0"/><int name="x" value="-690"/><int name="y" value="248"/><int name="tm" value="999999999"/><string name="tn" value=""/></imgdir></imgdir></imgdir>