<?xml version="1.0" encoding="UTF-8" standalone="yes"?><imgdir name="701000200.img"><imgdir name="info"><string name="bgm" value="BgmCN/Yuyuan"/><int name="cloud" value="0"/><int name="swim" value="0"/><int name="forcedReturn" value="999999999"/><int name="hideMinimap" value="0"/><string name="mapMark" value="ShangHai"/><float name="mobRate" value="1.0"/><int name="returnMap" value="701000000"/><int name="town" value="1"/><int name="version" value="10"/><int name="fieldLimit" value="0"/><int name="VRLeft" value="1275"/><int name="VRRight" value="4807"/><int name="VRTop" value="-967"/><int name="VRBottom" value="283"/></imgdir><imgdir name="miniMap"><canvas name="canvas" width="220" height="62"></canvas><int name="width" value="3516"/><int name="height" value="994"/><int name="centerX" value="-1287"/><int name="centerY" value="719"/><int name="mag" value="4"/></imgdir><imgdir name="0"><imgdir name="info"></imgdir><imgdir name="obj"></imgdir><imgdir name="tile"></imgdir></imgdir><imgdir name="1"><imgdir name="info"><string name="tS" value="YuyuanCN"/></imgdir><imgdir name="obj"><imgdir name="0"><int name="x" value="4679"/><int name="y" value="85"/><int name="z" value="1"/><int name="zM" value="17"/><string name="oS" value="YuyuanCN"/><string name="l0" value="town"/><string name="l1" value="artificiality"/><string name="l2" value="5"/><int name="f" value="0"/></imgdir><imgdir name="1"><int name="x" value="4560"/><int name="y" value="51"/><int name="z" value="3"/><int name="zM" value="17"/><string name="oS" value="YuyuanCN"/><string name="l0" value="town"/><string name="l1" value="artificiality"/><string name="l2" value="2"/><int name="f" value="0"/></imgdir><imgdir name="2"><int name="x" value="4401"/><int name="y" value="47"/><int name="z" value="3"/><int name="zM" value="17"/><string name="oS" value="YuyuanCN"/><string name="l0" value="town"/><string name="l1" value="artificiality"/><string name="l2" value="1"/><int name="f" value="0"/></imgdir><imgdir name="3"><int name="x" value="4201"/><int name="y" value="-35"/><int name="z" value="3"/><int name="zM" value="17"/><string name="oS" value="YuyuanCN"/><string name="l0" value="pvp"/><string name="l1" value="door"/><string name="l2" value="3"/><int name="f" value="0"/></imgdir><imgdir name="4"><int name="x" value="3997"/><int name="y" value="48"/><int name="z" value="3"/><int name="zM" value="17"/><string name="oS" value="YuyuanCN"/><string name="l0" value="town"/><string name="l1" value="artificiality"/><string name="l2" value="1"/><int name="f" value="1"/></imgdir><imgdir name="5"><int name="x" value="3179"/><int name="y" value="-212"/><int name="z" value="3"/><int name="zM" value="17"/><string name="oS" value="YuyuanCN"/><string name="l0" value="town"/><string name="l1" value="shop"/><string name="l2" value="0"/><int name="f" value="0"/></imgdir><imgdir name="6"><int name="x" value="3176"/><int name="y" value="-213"/><int name="z" value="0"/><int name="zM" value="17"/><string name="oS" value="YuyuanCN"/><string name="l0" value="town"/><string name="l1" value="shop"/><string name="l2" value="1"/><int name="f" value="0"/></imgdir><imgdir name="7"><int name="x" value="2772"/><int name="y" value="51"/><int name="z" value="6"/><int name="zM" value="17"/><string name="oS" value="YuyuanCN"/><string name="l0" value="town"/><string name="l1" value="artificiality"/><string name="l2" value="0"/><int name="f" value="0"/></imgdir><imgdir name="8"><int name="x" value="2614"/><int name="y" value="77"/><int name="z" value="1"/><int name="zM" value="17"/><string name="oS" value="YuyuanCN"/><string name="l0" value="town"/><string name="l1" value="artificiality"/><string name="l2" value="4"/><int name="f" value="0"/></imgdir><imgdir name="9"><int name="x" value="2549"/><int name="y" value="47"/><int name="z" value="6"/><int name="zM" value="17"/><string name="oS" value="YuyuanCN"/><string name="l0" value="town"/><string name="l1" value="artificiality"/><string name="l2" value="1"/><int name="f" value="0"/></imgdir><imgdir name="10"><int name="x" value="2354"/><int name="y" value="1"/><int name="z" value="3"/><int name="zM" value="17"/><string name="oS" value="YuyuanCN"/><string name="l0" value="town"/><string name="l1" value="market"/><string name="l2" value="0"/><int name="f" value="0"/></imgdir><imgdir name="11"><int name="x" value="2352"/><int name="y" value="73"/><int name="z" value="0"/><int name="zM" value="17"/><string name="oS" value="signboard"/><string name="l0" value="market"/><string name="l1" value="potal0"/><string name="l2" value="1"/><int name="f" value="0"/></imgdir><imgdir name="12"><int name="x" value="2348"/><int name="y" value="70"/><int name="z" value="3"/><int name="zM" value="17"/><string name="oS" value="signboard"/><string name="l0" value="market"/><string name="l1" value="potal0"/><string name="l2" value="0"/><int name="f" value="0"/></imgdir><imgdir name="13"><int name="x" value="2161"/><int name="y" value="47"/><int name="z" value="3"/><int name="zM" value="17"/><string name="oS" value="YuyuanCN"/><string name="l0" value="town"/><string name="l1" value="artificiality"/><string name="l2" value="1"/><int name="f" value="1"/></imgdir><imgdir name="14"><int name="x" value="2088"/><int name="y" value="88"/><int name="z" value="3"/><int name="zM" value="17"/><string name="oS" value="YuyuanCN"/><string name="l0" value="town"/><string name="l1" value="artificiality"/><string name="l2" value="5"/><int name="f" value="0"/></imgdir><imgdir name="15"><int name="x" value="1695"/><int name="y" value="-137"/><int name="z" value="3"/><int name="zM" value="17"/><string name="oS" value="YuyuanCN"/><string name="l0" value="town"/><string name="l1" value="shop"/><string name="l2" value="2"/><int name="f" value="0"/></imgdir><imgdir name="16"><int name="x" value="1697"/><int name="y" value="-135"/><int name="z" value="0"/><int name="zM" value="17"/><string name="oS" value="YuyuanCN"/><string name="l0" value="town"/><string name="l1" value="shop"/><string name="l2" value="3"/><int name="f" value="0"/></imgdir><imgdir name="17"><int name="x" value="1463"/><int name="y" value="85"/><int name="z" value="3"/><int name="zM" value="17"/><string name="oS" value="YuyuanCN"/><string name="l0" value="town"/><string name="l1" value="artificiality"/><string name="l2" value="5"/><int name="f" value="0"/></imgdir><imgdir name="18"><int name="x" value="1652"/><int name="y" value="85"/><int name="z" value="3"/><int name="zM" value="17"/><string name="oS" value="YuyuanCN"/><string name="l0" value="town"/><string name="l1" value="artificiality"/><string name="l2" value="3"/><int name="f" value="1"/></imgdir></imgdir><imgdir name="tile"><imgdir name="0"><int name="x" value="4818"/><int name="y" value="269"/><int name="zM" value="17"/><string name="u" value="edD"/><int name="no" value="0"/></imgdir><imgdir name="1"><int name="x" value="4728"/><int name="y" value="269"/><int name="zM" value="17"/><string name="u" value="enH1"/><int name="no" value="0"/></imgdir><imgdir name="2"><int name="x" value="4818"/><int name="y" value="209"/><int name="zM" value="17"/><string name="u" value="enV1"/><int name="no" value="1"/></imgdir><imgdir name="3"><int name="x" value="4728"/><int name="y" value="209"/><int name="zM" value="17"/><string name="u" value="bsc"/><int name="no" value="0"/></imgdir><imgdir name="4"><int name="x" value="4818"/><int name="y" value="149"/><int name="zM" value="17"/><string name="u" value="enV1"/><int name="no" value="1"/></imgdir><imgdir name="5"><int name="x" value="4728"/><int name="y" value="149"/><int name="zM" value="17"/><string name="u" value="bsc"/><int name="no" value="2"/></imgdir><imgdir name="6"><int name="x" value="4638"/><int name="y" value="269"/><int name="zM" value="17"/><string name="u" value="enH1"/><int name="no" value="0"/></imgdir><imgdir name="7"><int name="x" value="4638"/><int name="y" value="149"/><int name="zM" value="17"/><string name="u" value="bsc"/><int name="no" value="1"/></imgdir><imgdir name="8"><int name="x" value="4638"/><int name="y" value="209"/><int name="zM" value="17"/><string name="u" value="bsc"/><int name="no" value="2"/></imgdir><imgdir name="9"><int name="x" value="4548"/><int name="y" value="269"/><int name="zM" value="17"/><string name="u" value="enH1"/><int name="no" value="1"/></imgdir><imgdir name="10"><int name="x" value="4458"/><int name="y" value="269"/><int name="zM" value="17"/><string name="u" value="enH1"/><int name="no" value="1"/></imgdir><imgdir name="11"><int name="x" value="4458"/><int name="y" value="209"/><int name="zM" value="17"/><string name="u" value="bsc"/><int name="no" value="2"/></imgdir><imgdir name="12"><int name="x" value="4548"/><int name="y" value="209"/><int name="zM" value="17"/><string name="u" value="bsc"/><int name="no" value="2"/></imgdir><imgdir name="13"><int name="x" value="4548"/><int name="y" value="149"/><int name="zM" value="17"/><string name="u" value="bsc"/><int name="no" value="3"/></imgdir><imgdir name="14"><int name="x" value="4458"/><int name="y" value="149"/><int name="zM" value="17"/><string name="u" value="bsc"/><int name="no" value="3"/></imgdir><imgdir name="15"><int name="x" value="4818"/><int name="y" value="149"/><int name="zM" value="17"/><string name="u" value="edU"/><int name="no" value="0"/></imgdir><imgdir name="16"><int name="x" value="4548"/><int name="y" value="149"/><int name="zM" value="17"/><string name="u" value="enH0"/><int name="no" value="1"/></imgdir><imgdir name="17"><int name="x" value="4458"/><int name="y" value="149"/><int name="zM" value="17"/><string name="u" value="enH0"/><int name="no" value="1"/></imgdir><imgdir name="18"><int name="x" value="4728"/><int name="y" value="149"/><int name="zM" value="17"/><string name="u" value="enH0"/><int name="no" value="1"/></imgdir><imgdir name="19"><int name="x" value="4638"/><int name="y" value="149"/><int name="zM" value="17"/><string name="u" value="enH0"/><int name="no" value="1"/></imgdir></imgdir></imgdir><imgdir name="2"><imgdir name="info"></imgdir><imgdir name="obj"></imgdir><imgdir name="tile"></imgdir></imgdir><imgdir name="3"><imgdir name="info"></imgdir><imgdir name="obj"></imgdir><imgdir name="tile"></imgdir></imgdir><imgdir name="4"><imgdir name="info"></imgdir><imgdir name="obj"></imgdir><imgdir name="tile"></imgdir></imgdir><imgdir name="5"><imgdir name="info"></imgdir><imgdir name="obj"></imgdir><imgdir name="tile"></imgdir></imgdir><imgdir name="6"><imgdir name="info"></imgdir><imgdir name="obj"></imgdir><imgdir name="tile"></imgdir></imgdir><imgdir name="7"><imgdir name="info"><string name="tS" value="YuyuanCN"/></imgdir><imgdir name="obj"></imgdir><imgdir name="tile"><imgdir name="0"><int name="x" value="4368"/><int name="y" value="268"/><int name="zM" value="20"/><string name="u" value="enH1"/><int name="no" value="1"/></imgdir><imgdir name="1"><int name="x" value="4368"/><int name="y" value="208"/><int name="zM" value="20"/><string name="u" value="bsc"/><int name="no" value="2"/></imgdir><imgdir name="2"><int name="x" value="4368"/><int name="y" value="148"/><int name="zM" value="20"/><string name="u" value="bsc"/><int name="no" value="3"/></imgdir><imgdir name="3"><int name="x" value="4278"/><int name="y" value="268"/><int name="zM" value="20"/><string name="u" value="enH1"/><int name="no" value="0"/></imgdir><imgdir name="4"><int name="x" value="4278"/><int name="y" value="148"/><int name="zM" value="20"/><string name="u" value="bsc"/><int name="no" value="3"/></imgdir><imgdir name="5"><int name="x" value="4278"/><int name="y" value="208"/><int name="zM" value="20"/><string name="u" value="bsc"/><int name="no" value="2"/></imgdir><imgdir name="6"><int name="x" value="4188"/><int name="y" value="268"/><int name="zM" value="20"/><string name="u" value="enH1"/><int name="no" value="0"/></imgdir><imgdir name="7"><int name="x" value="4188"/><int name="y" value="148"/><int name="zM" value="20"/><string name="u" value="bsc"/><int name="no" value="0"/></imgdir><imgdir name="8"><int name="x" value="4188"/><int name="y" value="208"/><int name="zM" value="20"/><string name="u" value="bsc"/><int name="no" value="3"/></imgdir><imgdir name="9"><int name="x" value="4098"/><int name="y" value="268"/><int name="zM" value="20"/><string name="u" value="enH1"/><int name="no" value="0"/></imgdir><imgdir name="10"><int name="x" value="4098"/><int name="y" value="148"/><int name="zM" value="20"/><string name="u" value="bsc"/><int name="no" value="2"/></imgdir><imgdir name="11"><int name="x" value="4098"/><int name="y" value="208"/><int name="zM" value="20"/><string name="u" value="bsc"/><int name="no" value="2"/></imgdir><imgdir name="12"><int name="x" value="4008"/><int name="y" value="268"/><int name="zM" value="20"/><string name="u" value="enH1"/><int name="no" value="1"/></imgdir><imgdir name="13"><int name="x" value="4008"/><int name="y" value="208"/><int name="zM" value="20"/><string name="u" value="bsc"/><int name="no" value="2"/></imgdir><imgdir name="14"><int name="x" value="4008"/><int name="y" value="148"/><int name="zM" value="20"/><string name="u" value="bsc"/><int name="no" value="1"/></imgdir><imgdir name="15"><int name="x" value="3918"/><int name="y" value="268"/><int name="zM" value="20"/><string name="u" value="enH1"/><int name="no" value="1"/></imgdir><imgdir name="16"><int name="x" value="3918"/><int name="y" value="148"/><int name="zM" value="20"/><string name="u" value="bsc"/><int name="no" value="0"/></imgdir><imgdir name="17"><int name="x" value="3918"/><int name="y" value="208"/><int name="zM" value="20"/><string name="u" value="bsc"/><int name="no" value="1"/></imgdir><imgdir name="18"><int name="x" value="3828"/><int name="y" value="268"/><int name="zM" value="20"/><string name="u" value="enH1"/><int name="no" value="1"/></imgdir><imgdir name="19"><int name="x" value="3828"/><int name="y" value="208"/><int name="zM" value="20"/><string name="u" value="bsc"/><int name="no" value="2"/></imgdir><imgdir name="20"><int name="x" value="3828"/><int name="y" value="148"/><int name="zM" value="20"/><string name="u" value="bsc"/><int name="no" value="2"/></imgdir><imgdir name="21"><int name="x" value="3738"/><int name="y" value="268"/><int name="zM" value="20"/><string name="u" value="enH1"/><int name="no" value="1"/></imgdir><imgdir name="22"><int name="x" value="3738"/><int name="y" value="148"/><int name="zM" value="20"/><string name="u" value="bsc"/><int name="no" value="1"/></imgdir><imgdir name="23"><int name="x" value="3738"/><int name="y" value="208"/><int name="zM" value="20"/><string name="u" value="bsc"/><int name="no" value="0"/></imgdir><imgdir name="24"><int name="x" value="3648"/><int name="y" value="268"/><int name="zM" value="20"/><string name="u" value="enH1"/><int name="no" value="0"/></imgdir><imgdir name="25"><int name="x" value="3648"/><int name="y" value="148"/><int name="zM" value="20"/><string name="u" value="bsc"/><int name="no" value="1"/></imgdir><imgdir name="26"><int name="x" value="3648"/><int name="y" value="208"/><int name="zM" value="20"/><string name="u" value="bsc"/><int name="no" value="1"/></imgdir><imgdir name="27"><int name="x" value="3558"/><int name="y" value="268"/><int name="zM" value="20"/><string name="u" value="enH1"/><int name="no" value="1"/></imgdir><imgdir name="28"><int name="x" value="3558"/><int name="y" value="148"/><int name="zM" value="20"/><string name="u" value="bsc"/><int name="no" value="0"/></imgdir><imgdir name="29"><int name="x" value="3558"/><int name="y" value="208"/><int name="zM" value="20"/><string name="u" value="bsc"/><int name="no" value="0"/></imgdir><imgdir name="30"><int name="x" value="3468"/><int name="y" value="268"/><int name="zM" value="20"/><string name="u" value="enH1"/><int name="no" value="1"/></imgdir><imgdir name="31"><int name="x" value="3468"/><int name="y" value="208"/><int name="zM" value="20"/><string name="u" value="bsc"/><int name="no" value="3"/></imgdir><imgdir name="32"><int name="x" value="3468"/><int name="y" value="148"/><int name="zM" value="20"/><string name="u" value="bsc"/><int name="no" value="3"/></imgdir><imgdir name="33"><int name="x" value="3378"/><int name="y" value="268"/><int name="zM" value="20"/><string name="u" value="enH1"/><int name="no" value="0"/></imgdir><imgdir name="34"><int name="x" value="3378"/><int name="y" value="148"/><int name="zM" value="20"/><string name="u" value="bsc"/><int name="no" value="2"/></imgdir><imgdir name="35"><int name="x" value="3378"/><int name="y" value="208"/><int name="zM" value="20"/><string name="u" value="bsc"/><int name="no" value="2"/></imgdir><imgdir name="36"><int name="x" value="3288"/><int name="y" value="268"/><int name="zM" value="20"/><string name="u" value="enH1"/><int name="no" value="0"/></imgdir><imgdir name="37"><int name="x" value="3288"/><int name="y" value="148"/><int name="zM" value="20"/><string name="u" value="bsc"/><int name="no" value="0"/></imgdir><imgdir name="38"><int name="x" value="3288"/><int name="y" value="208"/><int name="zM" value="20"/><string name="u" value="bsc"/><int name="no" value="3"/></imgdir><imgdir name="39"><int name="x" value="3198"/><int name="y" value="268"/><int name="zM" value="20"/><string name="u" value="enH1"/><int name="no" value="1"/></imgdir><imgdir name="40"><int name="x" value="3198"/><int name="y" value="148"/><int name="zM" value="20"/><string name="u" value="bsc"/><int name="no" value="3"/></imgdir><imgdir name="41"><int name="x" value="3198"/><int name="y" value="208"/><int name="zM" value="20"/><string name="u" value="bsc"/><int name="no" value="3"/></imgdir><imgdir name="42"><int name="x" value="3108"/><int name="y" value="268"/><int name="zM" value="20"/><string name="u" value="enH1"/><int name="no" value="1"/></imgdir><imgdir name="43"><int name="x" value="3108"/><int name="y" value="148"/><int name="zM" value="20"/><string name="u" value="bsc"/><int name="no" value="3"/></imgdir><imgdir name="44"><int name="x" value="3108"/><int name="y" value="208"/><int name="zM" value="20"/><string name="u" value="bsc"/><int name="no" value="3"/></imgdir><imgdir name="45"><int name="x" value="3018"/><int name="y" value="268"/><int name="zM" value="20"/><string name="u" value="enH1"/><int name="no" value="1"/></imgdir><imgdir name="46"><int name="x" value="3018"/><int name="y" value="208"/><int name="zM" value="20"/><string name="u" value="bsc"/><int name="no" value="3"/></imgdir><imgdir name="47"><int name="x" value="3018"/><int name="y" value="148"/><int name="zM" value="20"/><string name="u" value="bsc"/><int name="no" value="3"/></imgdir><imgdir name="48"><int name="x" value="2928"/><int name="y" value="268"/><int name="zM" value="20"/><string name="u" value="enH1"/><int name="no" value="1"/></imgdir><imgdir name="49"><int name="x" value="2928"/><int name="y" value="208"/><int name="zM" value="20"/><string name="u" value="bsc"/><int name="no" value="1"/></imgdir><imgdir name="50"><int name="x" value="2928"/><int name="y" value="148"/><int name="zM" value="20"/><string name="u" value="bsc"/><int name="no" value="1"/></imgdir><imgdir name="51"><int name="x" value="2838"/><int name="y" value="268"/><int name="zM" value="20"/><string name="u" value="enH1"/><int name="no" value="1"/></imgdir><imgdir name="52"><int name="x" value="2838"/><int name="y" value="148"/><int name="zM" value="20"/><string name="u" value="bsc"/><int name="no" value="2"/></imgdir><imgdir name="53"><int name="x" value="2838"/><int name="y" value="208"/><int name="zM" value="20"/><string name="u" value="bsc"/><int name="no" value="1"/></imgdir><imgdir name="54"><int name="x" value="2748"/><int name="y" value="268"/><int name="zM" value="20"/><string name="u" value="enH1"/><int name="no" value="1"/></imgdir><imgdir name="55"><int name="x" value="2748"/><int name="y" value="148"/><int name="zM" value="20"/><string name="u" value="bsc"/><int name="no" value="3"/></imgdir><imgdir name="56"><int name="x" value="2748"/><int name="y" value="208"/><int name="zM" value="20"/><string name="u" value="bsc"/><int name="no" value="2"/></imgdir><imgdir name="57"><int name="x" value="2658"/><int name="y" value="268"/><int name="zM" value="20"/><string name="u" value="enH1"/><int name="no" value="0"/></imgdir><imgdir name="58"><int name="x" value="2658"/><int name="y" value="208"/><int name="zM" value="20"/><string name="u" value="bsc"/><int name="no" value="3"/></imgdir><imgdir name="59"><int name="x" value="2658"/><int name="y" value="148"/><int name="zM" value="20"/><string name="u" value="bsc"/><int name="no" value="1"/></imgdir><imgdir name="60"><int name="x" value="2568"/><int name="y" value="268"/><int name="zM" value="20"/><string name="u" value="enH1"/><int name="no" value="0"/></imgdir><imgdir name="61"><int name="x" value="2568"/><int name="y" value="148"/><int name="zM" value="20"/><string name="u" value="bsc"/><int name="no" value="1"/></imgdir><imgdir name="62"><int name="x" value="2568"/><int name="y" value="208"/><int name="zM" value="20"/><string name="u" value="bsc"/><int name="no" value="1"/></imgdir><imgdir name="63"><int name="x" value="2478"/><int name="y" value="268"/><int name="zM" value="20"/><string name="u" value="enH1"/><int name="no" value="1"/></imgdir><imgdir name="64"><int name="x" value="2478"/><int name="y" value="208"/><int name="zM" value="20"/><string name="u" value="bsc"/><int name="no" value="1"/></imgdir><imgdir name="65"><int name="x" value="2478"/><int name="y" value="148"/><int name="zM" value="20"/><string name="u" value="bsc"/><int name="no" value="0"/></imgdir><imgdir name="66"><int name="x" value="2388"/><int name="y" value="268"/><int name="zM" value="20"/><string name="u" value="enH1"/><int name="no" value="0"/></imgdir><imgdir name="67"><int name="x" value="2388"/><int name="y" value="208"/><int name="zM" value="20"/><string name="u" value="bsc"/><int name="no" value="3"/></imgdir><imgdir name="68"><int name="x" value="2388"/><int name="y" value="148"/><int name="zM" value="20"/><string name="u" value="bsc"/><int name="no" value="1"/></imgdir><imgdir name="69"><int name="x" value="2298"/><int name="y" value="268"/><int name="zM" value="20"/><string name="u" value="enH1"/><int name="no" value="0"/></imgdir><imgdir name="70"><int name="x" value="2298"/><int name="y" value="208"/><int name="zM" value="20"/><string name="u" value="bsc"/><int name="no" value="2"/></imgdir><imgdir name="71"><int name="x" value="2298"/><int name="y" value="148"/><int name="zM" value="20"/><string name="u" value="bsc"/><int name="no" value="1"/></imgdir><imgdir name="72"><int name="x" value="2208"/><int name="y" value="268"/><int name="zM" value="20"/><string name="u" value="enH1"/><int name="no" value="1"/></imgdir><imgdir name="73"><int name="x" value="2208"/><int name="y" value="148"/><int name="zM" value="20"/><string name="u" value="bsc"/><int name="no" value="3"/></imgdir><imgdir name="74"><int name="x" value="2208"/><int name="y" value="208"/><int name="zM" value="20"/><string name="u" value="bsc"/><int name="no" value="3"/></imgdir><imgdir name="75"><int name="x" value="2118"/><int name="y" value="268"/><int name="zM" value="20"/><string name="u" value="enH1"/><int name="no" value="1"/></imgdir><imgdir name="76"><int name="x" value="2118"/><int name="y" value="208"/><int name="zM" value="20"/><string name="u" value="bsc"/><int name="no" value="2"/></imgdir><imgdir name="77"><int name="x" value="2118"/><int name="y" value="148"/><int name="zM" value="20"/><string name="u" value="bsc"/><int name="no" value="2"/></imgdir><imgdir name="78"><int name="x" value="2028"/><int name="y" value="268"/><int name="zM" value="20"/><string name="u" value="enH1"/><int name="no" value="0"/></imgdir><imgdir name="79"><int name="x" value="2028"/><int name="y" value="148"/><int name="zM" value="20"/><string name="u" value="bsc"/><int name="no" value="0"/></imgdir><imgdir name="80"><int name="x" value="2028"/><int name="y" value="208"/><int name="zM" value="20"/><string name="u" value="bsc"/><int name="no" value="3"/></imgdir><imgdir name="81"><int name="x" value="1938"/><int name="y" value="268"/><int name="zM" value="20"/><string name="u" value="enH1"/><int name="no" value="1"/></imgdir><imgdir name="82"><int name="x" value="1938"/><int name="y" value="208"/><int name="zM" value="20"/><string name="u" value="bsc"/><int name="no" value="2"/></imgdir><imgdir name="83"><int name="x" value="1938"/><int name="y" value="148"/><int name="zM" value="20"/><string name="u" value="bsc"/><int name="no" value="1"/></imgdir><imgdir name="84"><int name="x" value="1848"/><int name="y" value="268"/><int name="zM" value="20"/><string name="u" value="enH1"/><int name="no" value="1"/></imgdir><imgdir name="85"><int name="x" value="1848"/><int name="y" value="208"/><int name="zM" value="20"/><string name="u" value="bsc"/><int name="no" value="0"/></imgdir><imgdir name="86"><int name="x" value="1848"/><int name="y" value="148"/><int name="zM" value="20"/><string name="u" value="bsc"/><int name="no" value="3"/></imgdir><imgdir name="87"><int name="x" value="1758"/><int name="y" value="268"/><int name="zM" value="20"/><string name="u" value="enH1"/><int name="no" value="1"/></imgdir><imgdir name="88"><int name="x" value="1758"/><int name="y" value="208"/><int name="zM" value="20"/><string name="u" value="bsc"/><int name="no" value="0"/></imgdir><imgdir name="89"><int name="x" value="1758"/><int name="y" value="148"/><int name="zM" value="20"/><string name="u" value="bsc"/><int name="no" value="1"/></imgdir><imgdir name="90"><int name="x" value="1668"/><int name="y" value="268"/><int name="zM" value="20"/><string name="u" value="enH1"/><int name="no" value="1"/></imgdir><imgdir name="91"><int name="x" value="1668"/><int name="y" value="208"/><int name="zM" value="20"/><string name="u" value="bsc"/><int name="no" value="1"/></imgdir><imgdir name="92"><int name="x" value="1668"/><int name="y" value="148"/><int name="zM" value="20"/><string name="u" value="bsc"/><int name="no" value="3"/></imgdir><imgdir name="93"><int name="x" value="1578"/><int name="y" value="268"/><int name="zM" value="20"/><string name="u" value="enH1"/><int name="no" value="1"/></imgdir><imgdir name="94"><int name="x" value="1578"/><int name="y" value="208"/><int name="zM" value="20"/><string name="u" value="bsc"/><int name="no" value="1"/></imgdir><imgdir name="95"><int name="x" value="1578"/><int name="y" value="148"/><int name="zM" value="20"/><string name="u" value="bsc"/><int name="no" value="0"/></imgdir><imgdir name="96"><int name="x" value="1488"/><int name="y" value="268"/><int name="zM" value="20"/><string name="u" value="enH1"/><int name="no" value="1"/></imgdir><imgdir name="97"><int name="x" value="1488"/><int name="y" value="208"/><int name="zM" value="20"/><string name="u" value="bsc"/><int name="no" value="0"/></imgdir><imgdir name="98"><int name="x" value="1488"/><int name="y" value="148"/><int name="zM" value="20"/><string name="u" value="bsc"/><int name="no" value="2"/></imgdir><imgdir name="99"><int name="x" value="1398"/><int name="y" value="268"/><int name="zM" value="20"/><string name="u" value="enH1"/><int name="no" value="0"/></imgdir><imgdir name="100"><int name="x" value="1398"/><int name="y" value="208"/><int name="zM" value="20"/><string name="u" value="bsc"/><int name="no" value="3"/></imgdir><imgdir name="101"><int name="x" value="1398"/><int name="y" value="148"/><int name="zM" value="20"/><string name="u" value="bsc"/><int name="no" value="2"/></imgdir><imgdir name="102"><int name="x" value="1308"/><int name="y" value="268"/><int name="zM" value="20"/><string name="u" value="enH1"/><int name="no" value="1"/></imgdir><imgdir name="103"><int name="x" value="1308"/><int name="y" value="208"/><int name="zM" value="20"/><string name="u" value="bsc"/><int name="no" value="2"/></imgdir><imgdir name="104"><int name="x" value="1308"/><int name="y" value="148"/><int name="zM" value="20"/><string name="u" value="bsc"/><int name="no" value="1"/></imgdir><imgdir name="105"><int name="x" value="1308"/><int name="y" value="268"/><int name="zM" value="20"/><string name="u" value="edD"/><int name="no" value="0"/></imgdir><imgdir name="106"><int name="x" value="1308"/><int name="y" value="148"/><int name="zM" value="20"/><string name="u" value="edU"/><int name="no" value="0"/></imgdir><imgdir name="107"><int name="x" value="1398"/><int name="y" value="148"/><int name="zM" value="20"/><string name="u" value="enH0"/><int name="no" value="0"/></imgdir><imgdir name="108"><int name="x" value="1488"/><int name="y" value="148"/><int name="zM" value="20"/><string name="u" value="enH0"/><int name="no" value="0"/></imgdir><imgdir name="109"><int name="x" value="2028"/><int name="y" value="148"/><int name="zM" value="20"/><string name="u" value="enH0"/><int name="no" value="1"/></imgdir><imgdir name="110"><int name="x" value="1578"/><int name="y" value="148"/><int name="zM" value="20"/><string name="u" value="enH0"/><int name="no" value="1"/></imgdir><imgdir name="111"><int name="x" value="3288"/><int name="y" value="148"/><int name="zM" value="20"/><string name="u" value="enH0"/><int name="no" value="1"/></imgdir><imgdir name="112"><int name="x" value="1758"/><int name="y" value="148"/><int name="zM" value="20"/><string name="u" value="enH0"/><int name="no" value="1"/></imgdir><imgdir name="113"><int name="x" value="3198"/><int name="y" value="148"/><int name="zM" value="20"/><string name="u" value="enH0"/><int name="no" value="1"/></imgdir><imgdir name="114"><int name="x" value="2208"/><int name="y" value="148"/><int name="zM" value="20"/><string name="u" value="enH0"/><int name="no" value="1"/></imgdir><imgdir name="115"><int name="x" value="2298"/><int name="y" value="148"/><int name="zM" value="20"/><string name="u" value="enH0"/><int name="no" value="0"/></imgdir><imgdir name="116"><int name="x" value="2388"/><int name="y" value="148"/><int name="zM" value="20"/><string name="u" value="enH0"/><int name="no" value="1"/></imgdir><imgdir name="117"><int name="x" value="2478"/><int name="y" value="148"/><int name="zM" value="20"/><string name="u" value="enH0"/><int name="no" value="1"/></imgdir><imgdir name="118"><int name="x" value="2838"/><int name="y" value="148"/><int name="zM" value="20"/><string name="u" value="enH0"/><int name="no" value="0"/></imgdir><imgdir name="119"><int name="x" value="2568"/><int name="y" value="148"/><int name="zM" value="20"/><string name="u" value="enH0"/><int name="no" value="0"/></imgdir><imgdir name="120"><int name="x" value="2658"/><int name="y" value="148"/><int name="zM" value="20"/><string name="u" value="enH0"/><int name="no" value="1"/></imgdir><imgdir name="121"><int name="x" value="2748"/><int name="y" value="148"/><int name="zM" value="20"/><string name="u" value="enH0"/><int name="no" value="0"/></imgdir><imgdir name="122"><int name="x" value="2928"/><int name="y" value="148"/><int name="zM" value="20"/><string name="u" value="enH0"/><int name="no" value="1"/></imgdir><imgdir name="123"><int name="x" value="1668"/><int name="y" value="148"/><int name="zM" value="20"/><string name="u" value="enH0"/><int name="no" value="1"/></imgdir><imgdir name="124"><int name="x" value="3018"/><int name="y" value="148"/><int name="zM" value="20"/><string name="u" value="enH0"/><int name="no" value="1"/></imgdir><imgdir name="125"><int name="x" value="3108"/><int name="y" value="148"/><int name="zM" value="20"/><string name="u" value="enH0"/><int name="no" value="1"/></imgdir><imgdir name="126"><int name="x" value="1938"/><int name="y" value="148"/><int name="zM" value="20"/><string name="u" value="enH0"/><int name="no" value="1"/></imgdir><imgdir name="127"><int name="x" value="1848"/><int name="y" value="148"/><int name="zM" value="20"/><string name="u" value="enH0"/><int name="no" value="1"/></imgdir><imgdir name="128"><int name="x" value="3558"/><int name="y" value="148"/><int name="zM" value="20"/><string name="u" value="enH0"/><int name="no" value="1"/></imgdir><imgdir name="129"><int name="x" value="3378"/><int name="y" value="148"/><int name="zM" value="20"/><string name="u" value="enH0"/><int name="no" value="1"/></imgdir><imgdir name="130"><int name="x" value="3468"/><int name="y" value="148"/><int name="zM" value="20"/><string name="u" value="enH0"/><int name="no" value="1"/></imgdir><imgdir name="131"><int name="x" value="3648"/><int name="y" value="148"/><int name="zM" value="20"/><string name="u" value="enH0"/><int name="no" value="0"/></imgdir><imgdir name="132"><int name="x" value="3738"/><int name="y" value="148"/><int name="zM" value="20"/><string name="u" value="enH0"/><int name="no" value="1"/></imgdir><imgdir name="133"><int name="x" value="4098"/><int name="y" value="148"/><int name="zM" value="20"/><string name="u" value="enH0"/><int name="no" value="1"/></imgdir><imgdir name="134"><int name="x" value="3828"/><int name="y" value="148"/><int name="zM" value="20"/><string name="u" value="enH0"/><int name="no" value="1"/></imgdir><imgdir name="135"><int name="x" value="3918"/><int name="y" value="148"/><int name="zM" value="20"/><string name="u" value="enH0"/><int name="no" value="0"/></imgdir><imgdir name="136"><int name="x" value="4278"/><int name="y" value="148"/><int name="zM" value="20"/><string name="u" value="enH0"/><int name="no" value="1"/></imgdir><imgdir name="137"><int name="x" value="4008"/><int name="y" value="148"/><int name="zM" value="20"/><string name="u" value="enH0"/><int name="no" value="1"/></imgdir><imgdir name="138"><int name="x" value="4368"/><int name="y" value="148"/><int name="zM" value="20"/><string name="u" value="enH0"/><int name="no" value="1"/></imgdir><imgdir name="139"><int name="x" value="4188"/><int name="y" value="148"/><int name="zM" value="20"/><string name="u" value="enH0"/><int name="no" value="0"/></imgdir><imgdir name="140"><int name="x" value="1308"/><int name="y" value="148"/><int name="zM" value="20"/><string name="u" value="enH0"/><int name="no" value="0"/></imgdir><imgdir name="141"><int name="x" value="2118"/><int name="y" value="148"/><int name="zM" value="20"/><string name="u" value="enH0"/><int name="no" value="1"/></imgdir><imgdir name="142"><int name="x" value="1308"/><int name="y" value="208"/><int name="zM" value="20"/><string name="u" value="enV0"/><int name="no" value="1"/></imgdir><imgdir name="143"><int name="x" value="1308"/><int name="y" value="148"/><int name="zM" value="20"/><string name="u" value="enV0"/><int name="no" value="0"/></imgdir></imgdir></imgdir><imgdir name="8"><imgdir name="info"></imgdir><imgdir name="obj"></imgdir><imgdir name="tile"></imgdir></imgdir><imgdir name="ladderRope"></imgdir><imgdir name="portal"><imgdir name="0"><int name="x" value="3380"/><int name="y" value="91"/><int name="pt" value="1"/><int name="tm" value="701000200"/><string name="tn" value="c002"/><string name="pn" value="c001"/></imgdir><imgdir name="1"><int name="x" value="3038"/><int name="y" value="122"/><int name="pt" value="1"/><int name="tm" value="701000200"/><string name="tn" value="f002"/><string name="pn" value="f001"/><string name="script" value=""/></imgdir><imgdir name="2"><int name="x" value="3076"/><int name="y" value="-82"/><int name="pt" value="1"/><int name="tm" value="701000200"/><string name="tn" value="f001"/><string name="pn" value="f002"/></imgdir><imgdir name="3"><int name="x" value="2352"/><int name="y" value="126"/><int name="pt" value="7"/><int name="tm" value="999999999"/><string name="tn" value=""/><string name="pn" value="market00"/><int name="hideTooltip" value="0"/><int name="onlyOnce" value="0"/></imgdir><imgdir name="4"><int name="x" value="2227"/><int name="y" value="77"/><int name="pt" value="0"/><int name="tm" value="999999999"/><string name="tn" value=""/><string name="pn" value="sp"/></imgdir><imgdir name="5"><int name="x" value="1891"/><int name="y" value="122"/><int name="pt" value="1"/><int name="tm" value="701000200"/><string name="tn" value="m002"/><string name="pn" value="m001"/></imgdir><imgdir name="6"><int name="x" value="1742"/><int name="y" value="-107"/><int name="pt" value="1"/><int name="tm" value="701000200"/><string name="tn" value="m003"/><string name="pn" value="m002"/><string name="script" value=""/></imgdir><imgdir name="7"><int name="x" value="2061"/><int name="y" value="-257"/><int name="pt" value="1"/><int name="tm" value="701000200"/><string name="tn" value="m001"/><string name="pn" value="m003"/></imgdir><imgdir name="8"><int name="x" value="1728"/><int name="y" value="77"/><int name="pt" value="0"/><int name="tm" value="999999999"/><string name="tn" value=""/><string name="pn" value="sp"/></imgdir><imgdir name="9"><int name="x" value="1523"/><int name="y" value="98"/><int name="pt" value="0"/><int name="tm" value="999999999"/><string name="tn" value=""/><string name="pn" value="sp"/></imgdir><imgdir name="10"><int name="x" value="3382"/><int name="y" value="-285"/><int name="pt" value="1"/><int name="tm" value="701000200"/><string name="tn" value="c001"/><string name="pn" value="c002"/></imgdir><imgdir name="11"><int name="x" value="4172"/><int name="y" value="130"/><int name="pt" value="7"/><int name="tm" value="701000210"/><string name="tn" value="in03"/><string name="pn" value="out03"/><int name="hideTooltip" value="0"/><int name="onlyOnce" value="0"/></imgdir><imgdir name="12"><int name="x" value="4008"/><int name="y" value="130"/><int name="pt" value="1"/><int name="tm" value="999999999"/><string name="tn" value="N/A"/><string name="pn" value="st01"/></imgdir><imgdir name="13"><int name="x" value="1398"/><int name="y" value="128"/><int name="pt" value="2"/><int name="tm" value="701000100"/><string name="tn" value="out00"/><string name="pn" value="in00"/><int name="hideTooltip" value="0"/><int name="onlyOnce" value="0"/></imgdir></imgdir><imgdir name="reactor"></imgdir><imgdir name="back"><imgdir name="0"><int name="x" value="550"/><int name="y" value="-42"/><int name="rx" value="0"/><int name="ry" value="0"/><int name="cx" value="0"/><int name="cy" value="0"/><int name="a" value="255"/><int name="type" value="3"/><int name="front" value="0"/><int name="f" value="0"/><string name="bS" value="ShanghaiCN"/><int name="ani" value="0"/><int name="no" value="0"/></imgdir><imgdir name="1"><int name="x" value="664"/><int name="y" value="-18"/><int name="rx" value="0"/><int name="ry" value="0"/><int name="cx" value="0"/><int name="cy" value="0"/><int name="a" value="255"/><int name="type" value="1"/><int name="front" value="0"/><int name="f" value="0"/><string name="bS" value="ShanghaiCN"/><int name="ani" value="0"/><int name="no" value="1"/></imgdir><imgdir name="2"><int name="x" value="1483"/><int name="y" value="-64"/><int name="rx" value="-4"/><int name="ry" value="-50"/><int name="cx" value="0"/><int name="cy" value="0"/><int name="a" value="255"/><int name="type" value="1"/><int name="front" value="0"/><int name="f" value="0"/><string name="bS" value="YuyuanCN"/><int name="ani" value="0"/><int name="no" value="5"/></imgdir><imgdir name="3"><int name="x" value="457"/><int name="y" value="-57"/><int name="rx" value="-8"/><int name="ry" value="-50"/><int name="cx" value="0"/><int name="cy" value="0"/><int name="a" value="255"/><int name="type" value="1"/><int name="front" value="0"/><int name="f" value="0"/><string name="bS" value="YuyuanCN"/><int name="ani" value="0"/><int name="no" value="4"/></imgdir><imgdir name="4"><int name="x" value="418"/><int name="y" value="-40"/><int name="rx" value="-12"/><int name="ry" value="-50"/><int name="cx" value="0"/><int name="cy" value="0"/><int name="a" value="255"/><int name="type" value="1"/><int name="front" value="0"/><int name="f" value="0"/><string name="bS" value="YuyuanCN"/><int name="ani" value="0"/><int name="no" value="3"/></imgdir><imgdir name="5"><int name="x" value="276"/><int name="y" value="35"/><int name="rx" value="-15"/><int name="ry" value="-50"/><int name="cx" value="0"/><int name="cy" value="0"/><int name="a" value="255"/><int name="type" value="1"/><int name="front" value="0"/><int name="f" value="0"/><string name="bS" value="YuyuanCN"/><int name="ani" value="0"/><int name="no" value="2"/></imgdir><imgdir name="6"><int name="x" value="1081"/><int name="y" value="53"/><int name="rx" value="-18"/><int name="ry" value="-50"/><int name="cx" value="0"/><int name="cy" value="0"/><int name="a" value="255"/><int name="type" value="1"/><int name="front" value="0"/><int name="f" value="0"/><string name="bS" value="YuyuanCN"/><int name="ani" value="0"/><int name="no" value="1"/></imgdir><imgdir name="7"><int name="x" value="450"/><int name="y" value="46"/><int name="rx" value="-20"/><int name="ry" value="-50"/><int name="cx" value="0"/><int name="cy" value="0"/><int name="a" value="255"/><int name="type" value="0"/><int name="front" value="0"/><int name="f" value="0"/><string name="bS" value="YuyuanCN"/><int name="ani" value="0"/><int name="no" value="0"/></imgdir></imgdir><imgdir name="foothold"><imgdir name="1"><imgdir name="17"><imgdir name="10"><int name="x1" value="1503"/><int name="y1" value="-273"/><int name="x2" value="1515"/><int name="y2" value="-247"/><int name="prev" value="0"/><int name="next" value="11"/></imgdir><imgdir name="11"><int name="x1" value="1515"/><int name="y1" value="-247"/><int name="x2" value="1534"/><int name="y2" value="-238"/><int name="prev" value="10"/><int name="next" value="12"/></imgdir><imgdir name="12"><int name="x1" value="1534"/><int name="y1" value="-238"/><int name="x2" value="1552"/><int name="y2" value="-237"/><int name="prev" value="11"/><int name="next" value="13"/></imgdir><imgdir name="13"><int name="x1" value="1552"/><int name="y1" value="-237"/><int name="x2" value="1754"/><int name="y2" value="-286"/><int name="prev" value="12"/><int name="next" value="23"/></imgdir><imgdir name="15"><int name="x1" value="1612"/><int name="y1" value="-400"/><int name="x2" value="1631"/><int name="y2" value="-374"/><int name="prev" value="0"/><int name="next" value="19"/></imgdir><imgdir name="16"><int name="x1" value="1623"/><int name="y1" value="-210"/><int name="x2" value="1623"/><int name="y2" value="-75"/><int name="prev" value="17"/><int name="next" value="18"/></imgdir><imgdir name="17"><int name="x1" value="1623"/><int name="y1" value="-210"/><int name="x2" value="1797"/><int name="y2" value="-231"/><int name="prev" value="16"/><int name="next" value="28"/></imgdir><imgdir name="18"><int name="x1" value="1623"/><int name="y1" value="-75"/><int name="x2" value="1802"/><int name="y2" value="-101"/><int name="prev" value="16"/><int name="next" value="29"/></imgdir><imgdir name="19"><int name="x1" value="1631"/><int name="y1" value="-374"/><int name="x2" value="1665"/><int name="y2" value="-361"/><int name="prev" value="15"/><int name="next" value="20"/></imgdir><imgdir name="20"><int name="x1" value="1665"/><int name="y1" value="-361"/><int name="x2" value="1706"/><int name="y2" value="-368"/><int name="prev" value="19"/><int name="next" value="22"/></imgdir><imgdir name="22"><int name="x1" value="1706"/><int name="y1" value="-368"/><int name="x2" value="1773"/><int name="y2" value="-416"/><int name="prev" value="20"/><int name="next" value="25"/></imgdir><imgdir name="23"><int name="x1" value="1754"/><int name="y1" value="-286"/><int name="x2" value="1779"/><int name="y2" value="-304"/><int name="prev" value="13"/><int name="next" value="26"/></imgdir><imgdir name="25"><int name="x1" value="1773"/><int name="y1" value="-416"/><int name="x2" value="1797"/><int name="y2" value="-447"/><int name="prev" value="22"/><int name="next" value="27"/></imgdir><imgdir name="26"><int name="x1" value="1779"/><int name="y1" value="-304"/><int name="x2" value="2064"/><int name="y2" value="-235"/><int name="prev" value="23"/><int name="next" value="40"/></imgdir><imgdir name="27"><int name="x1" value="1797"/><int name="y1" value="-447"/><int name="x2" value="1815"/><int name="y2" value="-446"/><int name="prev" value="25"/><int name="next" value="30"/></imgdir><imgdir name="28"><int name="x1" value="1797"/><int name="y1" value="-231"/><int name="x2" value="2009"/><int name="y2" value="-209"/><int name="prev" value="17"/><int name="next" value="38"/></imgdir><imgdir name="29"><int name="x1" value="1802"/><int name="y1" value="-101"/><int name="x2" value="2009"/><int name="y2" value="-67"/><int name="prev" value="18"/><int name="next" value="38"/></imgdir><imgdir name="30"><int name="x1" value="1815"/><int name="y1" value="-446"/><int name="x2" value="1821"/><int name="y2" value="-433"/><int name="prev" value="27"/><int name="next" value="31"/></imgdir><imgdir name="31"><int name="x1" value="1821"/><int name="y1" value="-433"/><int name="x2" value="1879"/><int name="y2" value="-390"/><int name="prev" value="30"/><int name="next" value="33"/></imgdir><imgdir name="33"><int name="x1" value="1879"/><int name="y1" value="-390"/><int name="x2" value="1941"/><int name="y2" value="-355"/><int name="prev" value="31"/><int name="next" value="34"/></imgdir><imgdir name="34"><int name="x1" value="1941"/><int name="y1" value="-355"/><int name="x2" value="1968"/><int name="y2" value="-348"/><int name="prev" value="33"/><int name="next" value="36"/></imgdir><imgdir name="36"><int name="x1" value="1968"/><int name="y1" value="-348"/><int name="x2" value="1998"/><int name="y2" value="-359"/><int name="prev" value="34"/><int name="next" value="37"/></imgdir><imgdir name="37"><int name="x1" value="1998"/><int name="y1" value="-359"/><int name="x2" value="2012"/><int name="y2" value="-388"/><int name="prev" value="36"/><int name="next" value="0"/></imgdir><imgdir name="38"><int name="x1" value="2009"/><int name="y1" value="-67"/><int name="x2" value="2009"/><int name="y2" value="-209"/><int name="prev" value="29"/><int name="next" value="28"/></imgdir><imgdir name="40"><int name="x1" value="2064"/><int name="y1" value="-235"/><int name="x2" value="2089"/><int name="y2" value="-236"/><int name="prev" value="26"/><int name="next" value="41"/></imgdir><imgdir name="41"><int name="x1" value="2089"/><int name="y1" value="-236"/><int name="x2" value="2112"/><int name="y2" value="-252"/><int name="prev" value="40"/><int name="next" value="42"/></imgdir><imgdir name="42"><int name="x1" value="2112"/><int name="y1" value="-252"/><int name="x2" value="2123"/><int name="y2" value="-278"/><int name="prev" value="41"/><int name="next" value="0"/></imgdir><imgdir name="50"><int name="x1" value="2714"/><int name="y1" value="-218"/><int name="x2" value="2734"/><int name="y2" value="-195"/><int name="prev" value="0"/><int name="next" value="51"/></imgdir><imgdir name="51"><int name="x1" value="2734"/><int name="y1" value="-195"/><int name="x2" value="2749"/><int name="y2" value="-197"/><int name="prev" value="50"/><int name="next" value="52"/></imgdir><imgdir name="52"><int name="x1" value="2749"/><int name="y1" value="-197"/><int name="x2" value="2783"/><int name="y2" value="-205"/><int name="prev" value="51"/><int name="next" value="54"/></imgdir><imgdir name="54"><int name="x1" value="2783"/><int name="y1" value="-205"/><int name="x2" value="2793"/><int name="y2" value="-211"/><int name="prev" value="52"/><int name="next" value="55"/></imgdir><imgdir name="55"><int name="x1" value="2793"/><int name="y1" value="-211"/><int name="x2" value="2829"/><int name="y2" value="-245"/><int name="prev" value="54"/><int name="next" value="59"/></imgdir><imgdir name="56"><int name="x1" value="2813"/><int name="y1" value="-45"/><int name="x2" value="2814"/><int name="y2" value="-173"/><int name="prev" value="57"/><int name="next" value="58"/></imgdir><imgdir name="57"><int name="x1" value="2813"/><int name="y1" value="-45"/><int name="x2" value="3123"/><int name="y2" value="-78"/><int name="prev" value="56"/><int name="next" value="65"/></imgdir><imgdir name="58"><int name="x1" value="2814"/><int name="y1" value="-173"/><int name="x2" value="3135"/><int name="y2" value="-222"/><int name="prev" value="56"/><int name="next" value="66"/></imgdir><imgdir name="59"><int name="x1" value="2829"/><int name="y1" value="-245"/><int name="x2" value="2839"/><int name="y2" value="-243"/><int name="prev" value="55"/><int name="next" value="60"/></imgdir><imgdir name="60"><int name="x1" value="2839"/><int name="y1" value="-243"/><int name="x2" value="3106"/><int name="y2" value="-307"/><int name="prev" value="59"/><int name="next" value="64"/></imgdir><imgdir name="64"><int name="x1" value="3106"/><int name="y1" value="-307"/><int name="x2" value="3141"/><int name="y2" value="-323"/><int name="prev" value="60"/><int name="next" value="67"/></imgdir><imgdir name="65"><int name="x1" value="3123"/><int name="y1" value="-78"/><int name="x2" value="3135"/><int name="y2" value="-75"/><int name="prev" value="57"/><int name="next" value="66"/></imgdir><imgdir name="66"><int name="x1" value="3135"/><int name="y1" value="-75"/><int name="x2" value="3135"/><int name="y2" value="-222"/><int name="prev" value="65"/><int name="next" value="58"/></imgdir><imgdir name="67"><int name="x1" value="3141"/><int name="y1" value="-323"/><int name="x2" value="3157"/><int name="y2" value="-312"/><int name="prev" value="64"/><int name="next" value="68"/></imgdir><imgdir name="68"><int name="x1" value="3157"/><int name="y1" value="-312"/><int name="x2" value="3234"/><int name="y2" value="-266"/><int name="prev" value="67"/><int name="next" value="72"/></imgdir><imgdir name="69"><int name="x1" value="3206"/><int name="y1" value="-96"/><int name="x2" value="3230"/><int name="y2" value="-66"/><int name="prev" value="0"/><int name="next" value="71"/></imgdir><imgdir name="70"><int name="x1" value="3228"/><int name="y1" value="-42"/><int name="x2" value="3276"/><int name="y2" value="-26"/><int name="prev" value="0"/><int name="next" value="76"/></imgdir><imgdir name="71"><int name="x1" value="3230"/><int name="y1" value="-66"/><int name="x2" value="3259"/><int name="y2" value="-57"/><int name="prev" value="69"/><int name="next" value="74"/></imgdir><imgdir name="72"><int name="x1" value="3234"/><int name="y1" value="-266"/><int name="x2" value="3243"/><int name="y2" value="-259"/><int name="prev" value="68"/><int name="next" value="73"/></imgdir><imgdir name="73"><int name="x1" value="3243"/><int name="y1" value="-259"/><int name="x2" value="3297"/><int name="y2" value="-281"/><int name="prev" value="72"/><int name="next" value="77"/></imgdir><imgdir name="74"><int name="x1" value="3259"/><int name="y1" value="-57"/><int name="x2" value="3297"/><int name="y2" value="-72"/><int name="prev" value="71"/><int name="next" value="78"/></imgdir><imgdir name="75"><int name="x1" value="3269"/><int name="y1" value="94"/><int name="x2" value="3502"/><int name="y2" value="94"/><int name="prev" value="0"/><int name="next" value="0"/></imgdir><imgdir name="76"><int name="x1" value="3276"/><int name="y1" value="-26"/><int name="x2" value="3329"/><int name="y2" value="-39"/><int name="prev" value="70"/><int name="next" value="81"/></imgdir><imgdir name="77"><int name="x1" value="3297"/><int name="y1" value="-281"/><int name="x2" value="3459"/><int name="y2" value="-281"/><int name="prev" value="73"/><int name="next" value="87"/></imgdir><imgdir name="78"><int name="x1" value="3297"/><int name="y1" value="-72"/><int name="x2" value="3302"/><int name="y2" value="-84"/><int name="prev" value="74"/><int name="next" value="79"/></imgdir><imgdir name="79"><int name="x1" value="3301"/><int name="y1" value="-100"/><int name="x2" value="3302"/><int name="y2" value="-84"/><int name="prev" value="80"/><int name="next" value="78"/></imgdir><imgdir name="80"><int name="x1" value="3301"/><int name="y1" value="-100"/><int name="x2" value="3449"/><int name="y2" value="-100"/><int name="prev" value="79"/><int name="next" value="84"/></imgdir><imgdir name="81"><int name="x1" value="3329"/><int name="y1" value="-39"/><int name="x2" value="3376"/><int name="y2" value="-21"/><int name="prev" value="76"/><int name="next" value="82"/></imgdir><imgdir name="82"><int name="x1" value="3376"/><int name="y1" value="-21"/><int name="x2" value="3423"/><int name="y2" value="-39"/><int name="prev" value="81"/><int name="next" value="83"/></imgdir><imgdir name="83"><int name="x1" value="3423"/><int name="y1" value="-39"/><int name="x2" value="3468"/><int name="y2" value="-23"/><int name="prev" value="82"/><int name="next" value="88"/></imgdir><imgdir name="84"><int name="x1" value="3449"/><int name="y1" value="-100"/><int name="x2" value="3449"/><int name="y2" value="-81"/><int name="prev" value="80"/><int name="next" value="85"/></imgdir><imgdir name="85"><int name="x1" value="3449"/><int name="y1" value="-81"/><int name="x2" value="3456"/><int name="y2" value="-71"/><int name="prev" value="84"/><int name="next" value="86"/></imgdir><imgdir name="86"><int name="x1" value="3456"/><int name="y1" value="-71"/><int name="x2" value="3496"/><int name="y2" value="-58"/><int name="prev" value="85"/><int name="next" value="89"/></imgdir><imgdir name="87"><int name="x1" value="3459"/><int name="y1" value="-281"/><int name="x2" value="3548"/><int name="y2" value="-266"/><int name="prev" value="77"/><int name="next" value="94"/></imgdir><imgdir name="88"><int name="x1" value="3468"/><int name="y1" value="-23"/><int name="x2" value="3530"/><int name="y2" value="-37"/><int name="prev" value="83"/><int name="next" value="0"/></imgdir><imgdir name="89"><int name="x1" value="3496"/><int name="y1" value="-58"/><int name="x2" value="3519"/><int name="y2" value="-64"/><int name="prev" value="86"/><int name="next" value="91"/></imgdir><imgdir name="90"><int name="x1" value="3516"/><int name="y1" value="-5"/><int name="x2" value="3534"/><int name="y2" value="-6"/><int name="prev" value="0"/><int name="next" value="0"/></imgdir><imgdir name="91"><int name="x1" value="3519"/><int name="y1" value="-64"/><int name="x2" value="3537"/><int name="y2" value="-81"/><int name="prev" value="89"/><int name="next" value="93"/></imgdir><imgdir name="92"><int name="x1" value="3530"/><int name="y1" value="20"/><int name="x2" value="3592"/><int name="y2" value="20"/><int name="prev" value="0"/><int name="next" value="0"/></imgdir><imgdir name="93"><int name="x1" value="3537"/><int name="y1" value="-81"/><int name="x2" value="3542"/><int name="y2" value="-93"/><int name="prev" value="91"/><int name="next" value="0"/></imgdir><imgdir name="94"><int name="x1" value="3548"/><int name="y1" value="-266"/><int name="x2" value="3559"/><int name="y2" value="-268"/><int name="prev" value="87"/><int name="next" value="95"/></imgdir><imgdir name="95"><int name="x1" value="3559"/><int name="y1" value="-268"/><int name="x2" value="3598"/><int name="y2" value="-296"/><int name="prev" value="94"/><int name="next" value="96"/></imgdir><imgdir name="96"><int name="x1" value="3598"/><int name="y1" value="-296"/><int name="x2" value="3618"/><int name="y2" value="-303"/><int name="prev" value="95"/><int name="next" value="97"/></imgdir><imgdir name="97"><int name="x1" value="3618"/><int name="y1" value="-303"/><int name="x2" value="3642"/><int name="y2" value="-292"/><int name="prev" value="96"/><int name="next" value="98"/></imgdir><imgdir name="98"><int name="x1" value="3642"/><int name="y1" value="-292"/><int name="x2" value="3835"/><int name="y2" value="-265"/><int name="prev" value="97"/><int name="next" value="101"/></imgdir><imgdir name="99"><int name="x1" value="3672"/><int name="y1" value="80"/><int name="x2" value="3786"/><int name="y2" value="80"/><int name="prev" value="0"/><int name="next" value="0"/></imgdir><imgdir name="100"><int name="x1" value="3684"/><int name="y1" value="-68"/><int name="x2" value="3853"/><int name="y2" value="-59"/><int name="prev" value="0"/><int name="next" value="0"/></imgdir><imgdir name="101"><int name="x1" value="3835"/><int name="y1" value="-265"/><int name="x2" value="3847"/><int name="y2" value="-255"/><int name="prev" value="98"/><int name="next" value="102"/></imgdir><imgdir name="102"><int name="x1" value="3847"/><int name="y1" value="-255"/><int name="x2" value="3860"/><int name="y2" value="-241"/><int name="prev" value="101"/><int name="next" value="103"/></imgdir><imgdir name="103"><int name="x1" value="3860"/><int name="y1" value="-241"/><int name="x2" value="3876"/><int name="y2" value="-229"/><int name="prev" value="102"/><int name="next" value="104"/></imgdir><imgdir name="104"><int name="x1" value="3876"/><int name="y1" value="-229"/><int name="x2" value="3902"/><int name="y2" value="-218"/><int name="prev" value="103"/><int name="next" value="105"/></imgdir><imgdir name="105"><int name="x1" value="3902"/><int name="y1" value="-218"/><int name="x2" value="3915"/><int name="y2" value="-216"/><int name="prev" value="104"/><int name="next" value="106"/></imgdir><imgdir name="106"><int name="x1" value="3915"/><int name="y1" value="-216"/><int name="x2" value="3928"/><int name="y2" value="-225"/><int name="prev" value="105"/><int name="next" value="107"/></imgdir><imgdir name="107"><int name="x1" value="3928"/><int name="y1" value="-225"/><int name="x2" value="3938"/><int name="y2" value="-239"/><int name="prev" value="106"/><int name="next" value="0"/></imgdir></imgdir></imgdir><imgdir name="5"><imgdir name="0"><imgdir name="1"><int name="x1" value="1285"/><int name="y1" value="131"/><int name="x2" value="1317"/><int name="y2" value="131"/><int name="prev" value="2"/><int name="next" value="6"/></imgdir><imgdir name="2"><int name="x1" value="1285"/><int name="y1" value="145"/><int name="x2" value="1285"/><int name="y2" value="131"/><int name="prev" value="3"/><int name="next" value="1"/></imgdir><imgdir name="3"><int name="x1" value="1285"/><int name="y1" value="205"/><int name="x2" value="1285"/><int name="y2" value="145"/><int name="prev" value="4"/><int name="next" value="2"/></imgdir><imgdir name="4"><int name="x1" value="1285"/><int name="y1" value="265"/><int name="x2" value="1285"/><int name="y2" value="205"/><int name="prev" value="5"/><int name="next" value="3"/></imgdir><imgdir name="5"><int name="x1" value="1285"/><int name="y1" value="325"/><int name="x2" value="1285"/><int name="y2" value="265"/><int name="prev" value="0"/><int name="next" value="4"/></imgdir><imgdir name="6"><int name="x1" value="1317"/><int name="y1" value="131"/><int name="x2" value="1349"/><int name="y2" value="131"/><int name="prev" value="1"/><int name="next" value="7"/></imgdir><imgdir name="7"><int name="x1" value="1349"/><int name="y1" value="131"/><int name="x2" value="1407"/><int name="y2" value="131"/><int name="prev" value="6"/><int name="next" value="8"/></imgdir><imgdir name="8"><int name="x1" value="1407"/><int name="y1" value="131"/><int name="x2" value="1497"/><int name="y2" value="131"/><int name="prev" value="7"/><int name="next" value="9"/></imgdir><imgdir name="9"><int name="x1" value="1497"/><int name="y1" value="131"/><int name="x2" value="1587"/><int name="y2" value="131"/><int name="prev" value="8"/><int name="next" value="14"/></imgdir><imgdir name="14"><int name="x1" value="1587"/><int name="y1" value="131"/><int name="x2" value="1677"/><int name="y2" value="131"/><int name="prev" value="9"/><int name="next" value="21"/></imgdir><imgdir name="21"><int name="x1" value="1677"/><int name="y1" value="131"/><int name="x2" value="1767"/><int name="y2" value="131"/><int name="prev" value="14"/><int name="next" value="24"/></imgdir><imgdir name="24"><int name="x1" value="1767"/><int name="y1" value="131"/><int name="x2" value="1857"/><int name="y2" value="131"/><int name="prev" value="21"/><int name="next" value="32"/></imgdir><imgdir name="32"><int name="x1" value="1857"/><int name="y1" value="131"/><int name="x2" value="1947"/><int name="y2" value="131"/><int name="prev" value="24"/><int name="next" value="35"/></imgdir><imgdir name="35"><int name="x1" value="1947"/><int name="y1" value="131"/><int name="x2" value="2037"/><int name="y2" value="131"/><int name="prev" value="32"/><int name="next" value="39"/></imgdir><imgdir name="39"><int name="x1" value="2037"/><int name="y1" value="131"/><int name="x2" value="2127"/><int name="y2" value="131"/><int name="prev" value="35"/><int name="next" value="43"/></imgdir><imgdir name="43"><int name="x1" value="2127"/><int name="y1" value="131"/><int name="x2" value="2217"/><int name="y2" value="131"/><int name="prev" value="39"/><int name="next" value="44"/></imgdir><imgdir name="44"><int name="x1" value="2217"/><int name="y1" value="131"/><int name="x2" value="2307"/><int name="y2" value="131"/><int name="prev" value="43"/><int name="next" value="45"/></imgdir><imgdir name="45"><int name="x1" value="2307"/><int name="y1" value="131"/><int name="x2" value="2397"/><int name="y2" value="131"/><int name="prev" value="44"/><int name="next" value="46"/></imgdir><imgdir name="46"><int name="x1" value="2397"/><int name="y1" value="131"/><int name="x2" value="2487"/><int name="y2" value="131"/><int name="prev" value="45"/><int name="next" value="47"/></imgdir><imgdir name="47"><int name="x1" value="2487"/><int name="y1" value="131"/><int name="x2" value="2577"/><int name="y2" value="131"/><int name="prev" value="46"/><int name="next" value="48"/></imgdir><imgdir name="48"><int name="x1" value="2577"/><int name="y1" value="131"/><int name="x2" value="2667"/><int name="y2" value="131"/><int name="prev" value="47"/><int name="next" value="49"/></imgdir><imgdir name="49"><int name="x1" value="2667"/><int name="y1" value="131"/><int name="x2" value="2757"/><int name="y2" value="131"/><int name="prev" value="48"/><int name="next" value="53"/></imgdir><imgdir name="53"><int name="x1" value="2757"/><int name="y1" value="131"/><int name="x2" value="2847"/><int name="y2" value="131"/><int name="prev" value="49"/><int name="next" value="61"/></imgdir><imgdir name="61"><int name="x1" value="2847"/><int name="y1" value="131"/><int name="x2" value="2937"/><int name="y2" value="131"/><int name="prev" value="53"/><int name="next" value="62"/></imgdir><imgdir name="62"><int name="x1" value="2937"/><int name="y1" value="131"/><int name="x2" value="2995"/><int name="y2" value="131"/><int name="prev" value="61"/><int name="next" value="63"/></imgdir><imgdir name="63"><int name="x1" value="2995"/><int name="y1" value="131"/><int name="x2" value="4797"/><int name="y2" value="131"/><int name="prev" value="62"/><int name="next" value="108"/></imgdir><imgdir name="108"><int name="x1" value="4797"/><int name="y1" value="131"/><int name="x2" value="4797"/><int name="y2" value="145"/><int name="prev" value="63"/><int name="next" value="109"/></imgdir><imgdir name="109"><int name="x1" value="4797"/><int name="y1" value="145"/><int name="x2" value="4797"/><int name="y2" value="205"/><int name="prev" value="108"/><int name="next" value="110"/></imgdir><imgdir name="110"><int name="x1" value="4797"/><int name="y1" value="205"/><int name="x2" value="4797"/><int name="y2" value="265"/><int name="prev" value="109"/><int name="next" value="111"/></imgdir><imgdir name="111"><int name="x1" value="4797"/><int name="y1" value="265"/><int name="x2" value="4797"/><int name="y2" value="325"/><int name="prev" value="110"/><int name="next" value="0"/></imgdir></imgdir></imgdir></imgdir><imgdir name="life"><imgdir name="0"><string name="id" value="9310018"/><int name="x" value="3764"/><int name="y" value="120"/><int name="cy" value="129"/><int name="mobTime" value="0"/><int name="rx0" value="3714"/><int name="rx1" value="3814"/><int name="f" value="0"/><string name="type" value="n"/><int name="fh" value="63"/></imgdir><imgdir name="1"><string name="id" value="9310015"/><int name="x" value="3126"/><int name="y" value="120"/><int name="cy" value="130"/><int name="mobTime" value="0"/><int name="rx0" value="3076"/><int name="rx1" value="3176"/><int name="f" value="0"/><string name="type" value="n"/><int name="fh" value="63"/></imgdir><imgdir name="2"><string name="id" value="9310014"/><int name="x" value="2870"/><int name="y" value="122"/><int name="cy" value="130"/><int name="mobTime" value="0"/><int name="rx0" value="2820"/><int name="rx1" value="2920"/><int name="f" value="0"/><string name="type" value="n"/><int name="fh" value="61"/></imgdir><imgdir name="3"><string name="id" value="9310017"/><int name="x" value="2121"/><int name="y" value="121"/><int name="cy" value="130"/><int name="mobTime" value="0"/><int name="rx0" value="2071"/><int name="rx1" value="2171"/><int name="f" value="0"/><string name="type" value="n"/><int name="fh" value="39"/></imgdir><imgdir name="4"><string name="id" value="9310016"/><int name="x" value="1971"/><int name="y" value="122"/><int name="cy" value="129"/><int name="mobTime" value="0"/><int name="rx0" value="1921"/><int name="rx1" value="2021"/><int name="f" value="0"/><string name="type" value="n"/><int name="fh" value="35"/></imgdir></imgdir></imgdir>