<?xml version="1.0" encoding="UTF-8" standalone="yes"?><imgdir name="701000210.img"><imgdir name="info"><string name="bgm" value="BgmCN/Yuyuan"/><int name="cloud" value="0"/><int name="swim" value="0"/><int name="forcedReturn" value="999999999"/><int name="hideMinimap" value="0"/><string name="mapMark" value="YuYuanCN"/><float name="mobRate" value="1.0"/><int name="returnMap" value="701000100"/><int name="town" value="1"/><int name="version" value="10"/><int name="fieldLimit" value="108"/><int name="VRLeft" value="-1535"/><int name="VRRight" value="900"/><int name="VRTop" value="-1040"/><int name="VRBottom" value="110"/></imgdir><imgdir name="miniMap"><canvas name="canvas" width="162" height="47"></canvas><int name="width" value="2596"/><int name="height" value="756"/><int name="centerX" value="1612"/><int name="centerY" value="561"/><int name="mag" value="4"/></imgdir><imgdir name="0"><imgdir name="info"></imgdir><imgdir name="obj"><imgdir name="0"><int name="x" value="772"/><int name="y" value="-59"/><int name="z" value="3"/><int name="zM" value="2"/><string name="oS" value="YuyuanCN"/><string name="l0" value="town"/><string name="l1" value="artificiality"/><string name="l2" value="3"/><int name="f" value="0"/></imgdir><imgdir name="1"><int name="x" value="425"/><int name="y" value="-103"/><int name="z" value="3"/><int name="zM" value="4"/><string name="oS" value="YuyuanCN"/><string name="l0" value="battlefield"/><string name="l1" value="potal0"/><string name="l2" value="0"/><int name="f" value="0"/></imgdir><imgdir name="2"><int name="x" value="71"/><int name="y" value="-101"/><int name="z" value="3"/><int name="zM" value="1"/><string name="oS" value="YuyuanCN"/><string name="l0" value="battlefield"/><string name="l1" value="potal0"/><string name="l2" value="0"/><int name="f" value="0"/></imgdir><imgdir name="3"><int name="x" value="-279"/><int name="y" value="-102"/><int name="z" value="3"/><int name="zM" value="3"/><string name="oS" value="YuyuanCN"/><string name="l0" value="battlefield"/><string name="l1" value="potal0"/><string name="l2" value="0"/><int name="f" value="0"/></imgdir><imgdir name="4"><int name="x" value="274"/><int name="y" value="-63"/><int name="z" value="3"/><int name="zM" value="6"/><string name="oS" value="YuyuanCN"/><string name="l0" value="town"/><string name="l1" value="artificiality"/><string name="l2" value="5"/><int name="f" value="0"/></imgdir><imgdir name="5"><int name="x" value="-79"/><int name="y" value="-70"/><int name="z" value="3"/><int name="zM" value="5"/><string name="oS" value="YuyuanCN"/><string name="l0" value="town"/><string name="l1" value="artificiality"/><string name="l2" value="4"/><int name="f" value="0"/></imgdir></imgdir><imgdir name="tile"></imgdir></imgdir><imgdir name="1"><imgdir name="info"></imgdir><imgdir name="obj"><imgdir name="0"><int name="x" value="66"/><int name="y" value="-214"/><int name="z" value="3"/><int name="zM" value="7"/><string name="oS" value="YuyuanCN"/><string name="l0" value="battlefield"/><string name="l1" value="door"/><string name="l2" value="1"/><int name="f" value="0"/></imgdir><imgdir name="1"><int name="x" value="419"/><int name="y" value="-214"/><int name="z" value="3"/><int name="zM" value="8"/><string name="oS" value="YuyuanCN"/><string name="l0" value="battlefield"/><string name="l1" value="door"/><string name="l2" value="2"/><int name="f" value="0"/></imgdir><imgdir name="2"><int name="x" value="-290"/><int name="y" value="-214"/><int name="z" value="3"/><int name="zM" value="9"/><string name="oS" value="YuyuanCN"/><string name="l0" value="battlefield"/><string name="l1" value="door"/><string name="l2" value="0"/><int name="f" value="0"/></imgdir><imgdir name="3"><int name="x" value="-772"/><int name="y" value="-183"/><int name="z" value="3"/><int name="zM" value="10"/><string name="oS" value="YuyuanCN"/><string name="l0" value="pvp"/><string name="l1" value="door"/><string name="l2" value="3"/><int name="f" value="0"/></imgdir></imgdir><imgdir name="tile"></imgdir></imgdir><imgdir name="2"><imgdir name="info"></imgdir><imgdir name="obj"></imgdir><imgdir name="tile"></imgdir></imgdir><imgdir name="3"><imgdir name="info"></imgdir><imgdir name="obj"></imgdir><imgdir name="tile"></imgdir></imgdir><imgdir name="4"><imgdir name="info"></imgdir><imgdir name="obj"></imgdir><imgdir name="tile"></imgdir></imgdir><imgdir name="5"><imgdir name="info"><string name="tS" value="YuyuanCN"/></imgdir><imgdir name="obj"><imgdir name="0"><int name="x" value="-623"/><int name="y" value="-70"/><int name="z" value="3"/><int name="zM" value="0"/><string name="oS" value="YuyuanCN"/><string name="l0" value="town"/><string name="l1" value="artificiality"/><string name="l2" value="4"/><int name="f" value="0"/></imgdir><imgdir name="1"><int name="x" value="604"/><int name="y" value="-99"/><int name="z" value="3"/><int name="zM" value="0"/><string name="oS" value="YuyuanCN"/><string name="l0" value="town"/><string name="l1" value="artificiality"/><string name="l2" value="1"/><int name="f" value="0"/></imgdir><imgdir name="2"><int name="x" value="-481"/><int name="y" value="-101"/><int name="z" value="3"/><int name="zM" value="0"/><string name="oS" value="YuyuanCN"/><string name="l0" value="town"/><string name="l1" value="artificiality"/><string name="l2" value="1"/><int name="f" value="1"/></imgdir><imgdir name="3"><int name="x" value="691"/><int name="y" value="-63"/><int name="z" value="3"/><int name="zM" value="0"/><string name="oS" value="YuyuanCN"/><string name="l0" value="town"/><string name="l1" value="artificiality"/><string name="l2" value="5"/><int name="f" value="0"/></imgdir></imgdir><imgdir name="tile"><imgdir name="0"><int name="x" value="360"/><int name="y" value="60"/><int name="zM" value="0"/><string name="u" value="bsc"/><int name="no" value="2"/></imgdir><imgdir name="1"><int name="x" value="720"/><int name="y" value="60"/><int name="zM" value="0"/><string name="u" value="bsc"/><int name="no" value="0"/></imgdir><imgdir name="2"><int name="x" value="450"/><int name="y" value="60"/><int name="zM" value="0"/><string name="u" value="bsc"/><int name="no" value="3"/></imgdir><imgdir name="3"><int name="x" value="-810"/><int name="y" value="120"/><int name="zM" value="0"/><string name="u" value="enH1"/><int name="no" value="1"/></imgdir><imgdir name="4"><int name="x" value="0"/><int name="y" value="120"/><int name="zM" value="0"/><string name="u" value="enH1"/><int name="no" value="1"/></imgdir><imgdir name="5"><int name="x" value="630"/><int name="y" value="0"/><int name="zM" value="0"/><string name="u" value="enH0"/><int name="no" value="0"/></imgdir><imgdir name="6"><int name="x" value="180"/><int name="y" value="120"/><int name="zM" value="0"/><string name="u" value="enH1"/><int name="no" value="1"/></imgdir><imgdir name="7"><int name="x" value="630"/><int name="y" value="120"/><int name="zM" value="0"/><string name="u" value="enH1"/><int name="no" value="0"/></imgdir><imgdir name="8"><int name="x" value="-450"/><int name="y" value="120"/><int name="zM" value="0"/><string name="u" value="enH1"/><int name="no" value="0"/></imgdir><imgdir name="9"><int name="x" value="270"/><int name="y" value="0"/><int name="zM" value="0"/><string name="u" value="bsc"/><int name="no" value="0"/></imgdir><imgdir name="10"><int name="x" value="-630"/><int name="y" value="120"/><int name="zM" value="0"/><string name="u" value="enH1"/><int name="no" value="0"/></imgdir><imgdir name="11"><int name="x" value="-540"/><int name="y" value="120"/><int name="zM" value="0"/><string name="u" value="enH1"/><int name="no" value="1"/></imgdir><imgdir name="12"><int name="x" value="-360"/><int name="y" value="120"/><int name="zM" value="0"/><string name="u" value="enH1"/><int name="no" value="0"/></imgdir><imgdir name="13"><int name="x" value="450"/><int name="y" value="0"/><int name="zM" value="0"/><string name="u" value="enH0"/><int name="no" value="1"/></imgdir><imgdir name="14"><int name="x" value="-720"/><int name="y" value="120"/><int name="zM" value="0"/><string name="u" value="enH1"/><int name="no" value="0"/></imgdir><imgdir name="15"><int name="x" value="-270"/><int name="y" value="120"/><int name="zM" value="0"/><string name="u" value="enH1"/><int name="no" value="1"/></imgdir><imgdir name="16"><int name="x" value="-90"/><int name="y" value="120"/><int name="zM" value="0"/><string name="u" value="enH1"/><int name="no" value="1"/></imgdir><imgdir name="17"><int name="x" value="450"/><int name="y" value="120"/><int name="zM" value="0"/><string name="u" value="enH1"/><int name="no" value="1"/></imgdir><imgdir name="18"><int name="x" value="-180"/><int name="y" value="120"/><int name="zM" value="0"/><string name="u" value="enH1"/><int name="no" value="1"/></imgdir><imgdir name="19"><int name="x" value="90"/><int name="y" value="120"/><int name="zM" value="0"/><string name="u" value="enH1"/><int name="no" value="1"/></imgdir><imgdir name="20"><int name="x" value="810"/><int name="y" value="60"/><int name="zM" value="0"/><string name="u" value="bsc"/><int name="no" value="3"/></imgdir><imgdir name="21"><int name="x" value="630"/><int name="y" value="60"/><int name="zM" value="0"/><string name="u" value="bsc"/><int name="no" value="1"/></imgdir><imgdir name="22"><int name="x" value="270"/><int name="y" value="120"/><int name="zM" value="0"/><string name="u" value="enH1"/><int name="no" value="0"/></imgdir><imgdir name="23"><int name="x" value="360"/><int name="y" value="120"/><int name="zM" value="0"/><string name="u" value="enH1"/><int name="no" value="0"/></imgdir><imgdir name="24"><int name="x" value="630"/><int name="y" value="0"/><int name="zM" value="0"/><string name="u" value="bsc"/><int name="no" value="1"/></imgdir><imgdir name="25"><int name="x" value="720"/><int name="y" value="0"/><int name="zM" value="0"/><string name="u" value="bsc"/><int name="no" value="1"/></imgdir><imgdir name="26"><int name="x" value="540"/><int name="y" value="120"/><int name="zM" value="0"/><string name="u" value="enH1"/><int name="no" value="1"/></imgdir><imgdir name="27"><int name="x" value="-720"/><int name="y" value="60"/><int name="zM" value="0"/><string name="u" value="bsc"/><int name="no" value="2"/></imgdir><imgdir name="28"><int name="x" value="360"/><int name="y" value="0"/><int name="zM" value="0"/><string name="u" value="bsc"/><int name="no" value="2"/></imgdir><imgdir name="29"><int name="x" value="540"/><int name="y" value="60"/><int name="zM" value="0"/><string name="u" value="bsc"/><int name="no" value="0"/></imgdir><imgdir name="30"><int name="x" value="720"/><int name="y" value="0"/><int name="zM" value="0"/><string name="u" value="enH0"/><int name="no" value="1"/></imgdir><imgdir name="31"><int name="x" value="360"/><int name="y" value="0"/><int name="zM" value="0"/><string name="u" value="enH0"/><int name="no" value="1"/></imgdir><imgdir name="32"><int name="x" value="180"/><int name="y" value="0"/><int name="zM" value="0"/><string name="u" value="enH0"/><int name="no" value="0"/></imgdir><imgdir name="33"><int name="x" value="-630"/><int name="y" value="60"/><int name="zM" value="0"/><string name="u" value="bsc"/><int name="no" value="3"/></imgdir><imgdir name="34"><int name="x" value="-810"/><int name="y" value="0"/><int name="zM" value="0"/><string name="u" value="bsc"/><int name="no" value="3"/></imgdir><imgdir name="35"><int name="x" value="-810"/><int name="y" value="0"/><int name="zM" value="0"/><string name="u" value="enH0"/><int name="no" value="1"/></imgdir><imgdir name="36"><int name="x" value="-630"/><int name="y" value="0"/><int name="zM" value="0"/><string name="u" value="bsc"/><int name="no" value="1"/></imgdir><imgdir name="37"><int name="x" value="-540"/><int name="y" value="60"/><int name="zM" value="0"/><string name="u" value="bsc"/><int name="no" value="1"/></imgdir><imgdir name="38"><int name="x" value="-720"/><int name="y" value="0"/><int name="zM" value="0"/><string name="u" value="enH0"/><int name="no" value="0"/></imgdir><imgdir name="39"><int name="x" value="-720"/><int name="y" value="0"/><int name="zM" value="0"/><string name="u" value="bsc"/><int name="no" value="1"/></imgdir><imgdir name="40"><int name="x" value="180"/><int name="y" value="0"/><int name="zM" value="0"/><string name="u" value="bsc"/><int name="no" value="2"/></imgdir><imgdir name="41"><int name="x" value="450"/><int name="y" value="0"/><int name="zM" value="0"/><string name="u" value="bsc"/><int name="no" value="3"/></imgdir><imgdir name="42"><int name="x" value="540"/><int name="y" value="0"/><int name="zM" value="0"/><string name="u" value="enH0"/><int name="no" value="1"/></imgdir><imgdir name="43"><int name="x" value="-810"/><int name="y" value="60"/><int name="zM" value="0"/><string name="u" value="bsc"/><int name="no" value="3"/></imgdir><imgdir name="44"><int name="x" value="-540"/><int name="y" value="0"/><int name="zM" value="0"/><string name="u" value="bsc"/><int name="no" value="0"/></imgdir><imgdir name="45"><int name="x" value="-360"/><int name="y" value="60"/><int name="zM" value="0"/><string name="u" value="bsc"/><int name="no" value="3"/></imgdir><imgdir name="46"><int name="x" value="-630"/><int name="y" value="0"/><int name="zM" value="0"/><string name="u" value="enH0"/><int name="no" value="1"/></imgdir><imgdir name="47"><int name="x" value="-540"/><int name="y" value="0"/><int name="zM" value="0"/><string name="u" value="enH0"/><int name="no" value="1"/></imgdir><imgdir name="48"><int name="x" value="-450"/><int name="y" value="0"/><int name="zM" value="0"/><string name="u" value="bsc"/><int name="no" value="1"/></imgdir><imgdir name="49"><int name="x" value="-360"/><int name="y" value="0"/><int name="zM" value="0"/><string name="u" value="bsc"/><int name="no" value="1"/></imgdir><imgdir name="50"><int name="x" value="-180"/><int name="y" value="0"/><int name="zM" value="0"/><string name="u" value="enH0"/><int name="no" value="0"/></imgdir><imgdir name="51"><int name="x" value="-450"/><int name="y" value="0"/><int name="zM" value="0"/><string name="u" value="enH0"/><int name="no" value="0"/></imgdir><imgdir name="52"><int name="x" value="-450"/><int name="y" value="60"/><int name="zM" value="0"/><string name="u" value="bsc"/><int name="no" value="1"/></imgdir><imgdir name="53"><int name="x" value="-270"/><int name="y" value="0"/><int name="zM" value="0"/><string name="u" value="bsc"/><int name="no" value="3"/></imgdir><imgdir name="54"><int name="x" value="-90"/><int name="y" value="60"/><int name="zM" value="0"/><string name="u" value="bsc"/><int name="no" value="1"/></imgdir><imgdir name="55"><int name="x" value="-360"/><int name="y" value="0"/><int name="zM" value="0"/><string name="u" value="enH0"/><int name="no" value="1"/></imgdir><imgdir name="56"><int name="x" value="0"/><int name="y" value="60"/><int name="zM" value="0"/><string name="u" value="bsc"/><int name="no" value="3"/></imgdir><imgdir name="57"><int name="x" value="-270"/><int name="y" value="60"/><int name="zM" value="0"/><string name="u" value="bsc"/><int name="no" value="2"/></imgdir><imgdir name="58"><int name="x" value="-90"/><int name="y" value="0"/><int name="zM" value="0"/><string name="u" value="bsc"/><int name="no" value="1"/></imgdir><imgdir name="59"><int name="x" value="-270"/><int name="y" value="0"/><int name="zM" value="0"/><string name="u" value="enH0"/><int name="no" value="0"/></imgdir><imgdir name="60"><int name="x" value="-180"/><int name="y" value="0"/><int name="zM" value="0"/><string name="u" value="bsc"/><int name="no" value="2"/></imgdir><imgdir name="61"><int name="x" value="-180"/><int name="y" value="60"/><int name="zM" value="0"/><string name="u" value="bsc"/><int name="no" value="1"/></imgdir><imgdir name="62"><int name="x" value="-90"/><int name="y" value="0"/><int name="zM" value="0"/><string name="u" value="enH0"/><int name="no" value="1"/></imgdir><imgdir name="63"><int name="x" value="0"/><int name="y" value="0"/><int name="zM" value="0"/><string name="u" value="bsc"/><int name="no" value="3"/></imgdir><imgdir name="64"><int name="x" value="90"/><int name="y" value="0"/><int name="zM" value="0"/><string name="u" value="bsc"/><int name="no" value="3"/></imgdir><imgdir name="65"><int name="x" value="270"/><int name="y" value="0"/><int name="zM" value="0"/><string name="u" value="enH0"/><int name="no" value="1"/></imgdir><imgdir name="66"><int name="x" value="0"/><int name="y" value="0"/><int name="zM" value="0"/><string name="u" value="enH0"/><int name="no" value="1"/></imgdir><imgdir name="67"><int name="x" value="180"/><int name="y" value="60"/><int name="zM" value="0"/><string name="u" value="bsc"/><int name="no" value="3"/></imgdir><imgdir name="68"><int name="x" value="90"/><int name="y" value="60"/><int name="zM" value="0"/><string name="u" value="bsc"/><int name="no" value="3"/></imgdir><imgdir name="69"><int name="x" value="540"/><int name="y" value="0"/><int name="zM" value="0"/><string name="u" value="bsc"/><int name="no" value="0"/></imgdir><imgdir name="70"><int name="x" value="270"/><int name="y" value="60"/><int name="zM" value="0"/><string name="u" value="bsc"/><int name="no" value="3"/></imgdir><imgdir name="71"><int name="x" value="90"/><int name="y" value="0"/><int name="zM" value="0"/><string name="u" value="enH0"/><int name="no" value="1"/></imgdir><imgdir name="72"><int name="x" value="810"/><int name="y" value="0"/><int name="zM" value="0"/><string name="u" value="bsc"/><int name="no" value="3"/></imgdir><imgdir name="73"><int name="x" value="810"/><int name="y" value="120"/><int name="zM" value="0"/><string name="u" value="enH1"/><int name="no" value="1"/></imgdir><imgdir name="74"><int name="x" value="720"/><int name="y" value="120"/><int name="zM" value="0"/><string name="u" value="enH1"/><int name="no" value="1"/></imgdir><imgdir name="75"><int name="x" value="900"/><int name="y" value="0"/><int name="zM" value="0"/><string name="u" value="enV1"/><int name="no" value="0"/></imgdir><imgdir name="76"><int name="x" value="-900"/><int name="y" value="60"/><int name="zM" value="0"/><string name="u" value="bsc"/><int name="no" value="3"/></imgdir><imgdir name="77"><int name="x" value="-900"/><int name="y" value="0"/><int name="zM" value="0"/><string name="u" value="bsc"/><int name="no" value="0"/></imgdir><imgdir name="78"><int name="x" value="900"/><int name="y" value="60"/><int name="zM" value="0"/><string name="u" value="enV1"/><int name="no" value="0"/></imgdir><imgdir name="79"><int name="x" value="-900"/><int name="y" value="120"/><int name="zM" value="0"/><string name="u" value="enH1"/><int name="no" value="1"/></imgdir><imgdir name="80"><int name="x" value="810"/><int name="y" value="0"/><int name="zM" value="0"/><string name="u" value="enH0"/><int name="no" value="0"/></imgdir><imgdir name="81"><int name="x" value="900"/><int name="y" value="120"/><int name="zM" value="0"/><string name="u" value="edD"/><int name="no" value="0"/></imgdir><imgdir name="82"><int name="x" value="-900"/><int name="y" value="0"/><int name="zM" value="0"/><string name="u" value="enH0"/><int name="no" value="0"/></imgdir><imgdir name="83"><int name="x" value="900"/><int name="y" value="0"/><int name="zM" value="0"/><string name="u" value="edU"/><int name="no" value="0"/></imgdir><imgdir name="84"><int name="x" value="-990"/><int name="y" value="60"/><int name="zM" value="0"/><string name="u" value="bsc"/><int name="no" value="2"/></imgdir><imgdir name="85"><int name="x" value="-990"/><int name="y" value="0"/><int name="zM" value="0"/><string name="u" value="bsc"/><int name="no" value="2"/></imgdir><imgdir name="86"><int name="x" value="-990"/><int name="y" value="120"/><int name="zM" value="0"/><string name="u" value="enH1"/><int name="no" value="0"/></imgdir><imgdir name="87"><int name="x" value="-1260"/><int name="y" value="120"/><int name="zM" value="0"/><string name="u" value="enH1"/><int name="no" value="0"/></imgdir><imgdir name="88"><int name="x" value="-1260"/><int name="y" value="0"/><int name="zM" value="0"/><string name="u" value="bsc"/><int name="no" value="1"/></imgdir><imgdir name="89"><int name="x" value="-1080"/><int name="y" value="120"/><int name="zM" value="0"/><string name="u" value="enH1"/><int name="no" value="0"/></imgdir><imgdir name="90"><int name="x" value="-990"/><int name="y" value="0"/><int name="zM" value="0"/><string name="u" value="enH0"/><int name="no" value="1"/></imgdir><imgdir name="91"><int name="x" value="-1080"/><int name="y" value="60"/><int name="zM" value="0"/><string name="u" value="bsc"/><int name="no" value="3"/></imgdir><imgdir name="92"><int name="x" value="-1530"/><int name="y" value="0"/><int name="zM" value="0"/><string name="u" value="edU"/><int name="no" value="0"/></imgdir><imgdir name="93"><int name="x" value="-1530"/><int name="y" value="0"/><int name="zM" value="0"/><string name="u" value="enV0"/><int name="no" value="1"/></imgdir><imgdir name="94"><int name="x" value="-1530"/><int name="y" value="0"/><int name="zM" value="0"/><string name="u" value="bsc"/><int name="no" value="0"/></imgdir><imgdir name="95"><int name="x" value="-1440"/><int name="y" value="0"/><int name="zM" value="0"/><string name="u" value="bsc"/><int name="no" value="1"/></imgdir><imgdir name="96"><int name="x" value="-1080"/><int name="y" value="0"/><int name="zM" value="0"/><string name="u" value="bsc"/><int name="no" value="3"/></imgdir><imgdir name="97"><int name="x" value="-1080"/><int name="y" value="0"/><int name="zM" value="0"/><string name="u" value="enH0"/><int name="no" value="0"/></imgdir><imgdir name="98"><int name="x" value="-1170"/><int name="y" value="0"/><int name="zM" value="0"/><string name="u" value="bsc"/><int name="no" value="2"/></imgdir><imgdir name="99"><int name="x" value="-1170"/><int name="y" value="0"/><int name="zM" value="0"/><string name="u" value="enH0"/><int name="no" value="0"/></imgdir><imgdir name="100"><int name="x" value="-1350"/><int name="y" value="0"/><int name="zM" value="0"/><string name="u" value="enH0"/><int name="no" value="0"/></imgdir><imgdir name="101"><int name="x" value="-1530"/><int name="y" value="0"/><int name="zM" value="0"/><string name="u" value="enH0"/><int name="no" value="0"/></imgdir><imgdir name="102"><int name="x" value="-1260"/><int name="y" value="0"/><int name="zM" value="0"/><string name="u" value="enH0"/><int name="no" value="1"/></imgdir><imgdir name="103"><int name="x" value="-1350"/><int name="y" value="120"/><int name="zM" value="0"/><string name="u" value="enH1"/><int name="no" value="1"/></imgdir><imgdir name="104"><int name="x" value="-1170"/><int name="y" value="120"/><int name="zM" value="0"/><string name="u" value="enH1"/><int name="no" value="0"/></imgdir><imgdir name="105"><int name="x" value="-1260"/><int name="y" value="60"/><int name="zM" value="0"/><string name="u" value="bsc"/><int name="no" value="0"/></imgdir><imgdir name="106"><int name="x" value="-1170"/><int name="y" value="60"/><int name="zM" value="0"/><string name="u" value="bsc"/><int name="no" value="3"/></imgdir><imgdir name="107"><int name="x" value="-1440"/><int name="y" value="120"/><int name="zM" value="0"/><string name="u" value="enH1"/><int name="no" value="1"/></imgdir><imgdir name="108"><int name="x" value="-1440"/><int name="y" value="60"/><int name="zM" value="0"/><string name="u" value="bsc"/><int name="no" value="1"/></imgdir><imgdir name="109"><int name="x" value="-1440"/><int name="y" value="0"/><int name="zM" value="0"/><string name="u" value="enH0"/><int name="no" value="0"/></imgdir><imgdir name="110"><int name="x" value="-1530"/><int name="y" value="120"/><int name="zM" value="0"/><string name="u" value="enH1"/><int name="no" value="0"/></imgdir><imgdir name="111"><int name="x" value="-1530"/><int name="y" value="60"/><int name="zM" value="0"/><string name="u" value="bsc"/><int name="no" value="0"/></imgdir><imgdir name="112"><int name="x" value="-1350"/><int name="y" value="0"/><int name="zM" value="0"/><string name="u" value="bsc"/><int name="no" value="3"/></imgdir><imgdir name="113"><int name="x" value="-1350"/><int name="y" value="60"/><int name="zM" value="0"/><string name="u" value="bsc"/><int name="no" value="2"/></imgdir><imgdir name="114"><int name="x" value="-1530"/><int name="y" value="60"/><int name="zM" value="0"/><string name="u" value="enV0"/><int name="no" value="1"/></imgdir><imgdir name="115"><int name="x" value="-1530"/><int name="y" value="120"/><int name="zM" value="0"/><string name="u" value="edD"/><int name="no" value="0"/></imgdir></imgdir></imgdir><imgdir name="6"><imgdir name="info"></imgdir><imgdir name="obj"></imgdir><imgdir name="tile"></imgdir></imgdir><imgdir name="7"><imgdir name="info"></imgdir><imgdir name="obj"></imgdir><imgdir name="tile"></imgdir></imgdir><imgdir name="8"><imgdir name="info"></imgdir><imgdir name="obj"></imgdir><imgdir name="tile"></imgdir></imgdir><imgdir name="ladderRope"></imgdir><imgdir name="portal"><imgdir name="0"><int name="x" value="-817"/><int name="y" value="-65"/><int name="pt" value="0"/><int name="tm" value="999999999"/><string name="tn" value=""/><string name="pn" value="sp"/></imgdir><imgdir name="1"><int name="x" value="-972"/><int name="y" value="-68"/><int name="pt" value="0"/><int name="tm" value="999999999"/><string name="tn" value=""/><string name="pn" value="sp"/></imgdir><imgdir name="2"><int name="x" value="-877"/><int name="y" value="-75"/><int name="pt" value="0"/><int name="tm" value="999999999"/><string name="tn" value=""/><string name="pn" value="sp"/></imgdir><imgdir name="3"><int name="x" value="-750"/><int name="y" value="-93"/><int name="pt" value="0"/><int name="tm" value="999999999"/><string name="tn" value=""/><string name="pn" value="sp"/></imgdir><imgdir name="4"><int name="x" value="-693"/><int name="y" value="-23"/><int name="pt" value="1"/><int name="tm" value="999999999"/><string name="tn" value="N/A"/><string name="pn" value="st01"/></imgdir><imgdir name="5"><int name="x" value="-284"/><int name="y" value="-21"/><int name="pt" value="1"/><int name="tm" value="701000201"/><string name="tn" value="y006"/><string name="pn" value="in00"/></imgdir><imgdir name="6"><int name="x" value="71"/><int name="y" value="-20"/><int name="pt" value="1"/><int name="tm" value="701000202"/><string name="tn" value="y007"/><string name="pn" value="in01"/><string name="script" value=""/></imgdir><imgdir name="7"><int name="x" value="427"/><int name="y" value="-23"/><int name="pt" value="1"/><int name="tm" value="701000203"/><string name="tn" value="y008"/><string name="pn" value="in02"/><string name="script" value=""/></imgdir><imgdir name="8"><int name="x" value="-814"/><int name="y" value="-22"/><int name="pt" value="7"/><int name="tm" value="701000200"/><string name="tn" value=""/><string name="pn" value="out00"/><int name="hideTooltip" value="0"/><int name="onlyOnce" value="0"/></imgdir></imgdir><imgdir name="reactor"></imgdir><imgdir name="back"><imgdir name="0"><int name="x" value="-44"/><int name="y" value="16"/><int name="rx" value="0"/><int name="ry" value="0"/><int name="cx" value="0"/><int name="cy" value="0"/><int name="a" value="255"/><int name="type" value="3"/><int name="front" value="0"/><int name="f" value="0"/><string name="bS" value="ShanghaiCN"/><int name="ani" value="0"/><int name="no" value="0"/></imgdir><imgdir name="1"><int name="x" value="0"/><int name="y" value="0"/><int name="rx" value="0"/><int name="ry" value="0"/><int name="cx" value="0"/><int name="cy" value="0"/><int name="a" value="255"/><int name="type" value="1"/><int name="front" value="0"/><int name="f" value="0"/><string name="bS" value="ShanghaiCN"/><int name="ani" value="0"/><int name="no" value="1"/></imgdir><imgdir name="2"><int name="x" value="204"/><int name="y" value="-40"/><int name="rx" value="-3"/><int name="ry" value="-15"/><int name="cx" value="1000"/><int name="cy" value="0"/><int name="a" value="255"/><int name="type" value="4"/><int name="front" value="0"/><int name="f" value="0"/><string name="bS" value="ShanghaiCN"/><int name="ani" value="0"/><int name="no" value="2"/></imgdir><imgdir name="3"><int name="x" value="-131"/><int name="y" value="-78"/><int name="rx" value="-1"/><int name="ry" value="-10"/><int name="cx" value="1000"/><int name="cy" value="0"/><int name="a" value="255"/><int name="type" value="4"/><int name="front" value="0"/><int name="f" value="0"/><string name="bS" value="ShanghaiCN"/><int name="ani" value="0"/><int name="no" value="3"/></imgdir><imgdir name="4"><int name="x" value="340"/><int name="y" value="-111"/><int name="rx" value="-1"/><int name="ry" value="-15"/><int name="cx" value="1000"/><int name="cy" value="0"/><int name="a" value="255"/><int name="type" value="4"/><int name="front" value="0"/><int name="f" value="0"/><string name="bS" value="ShanghaiCN"/><int name="ani" value="0"/><int name="no" value="4"/></imgdir><imgdir name="5"><int name="x" value="-917"/><int name="y" value="-30"/><int name="rx" value="-1"/><int name="ry" value="-15"/><int name="cx" value="1000"/><int name="cy" value="0"/><int name="a" value="255"/><int name="type" value="4"/><int name="front" value="0"/><int name="f" value="0"/><string name="bS" value="ShanghaiCN"/><int name="ani" value="0"/><int name="no" value="5"/></imgdir><imgdir name="6"><int name="x" value="-237"/><int name="y" value="-224"/><int name="rx" value="-1"/><int name="ry" value="-15"/><int name="cx" value="1000"/><int name="cy" value="0"/><int name="a" value="255"/><int name="type" value="4"/><int name="front" value="0"/><int name="f" value="0"/><string name="bS" value="ShanghaiCN"/><int name="ani" value="0"/><int name="no" value="6"/></imgdir><imgdir name="7"><int name="x" value="-66"/><int name="y" value="-97"/><int name="rx" value="-1"/><int name="ry" value="-15"/><int name="cx" value="1000"/><int name="cy" value="0"/><int name="a" value="255"/><int name="type" value="4"/><int name="front" value="0"/><int name="f" value="0"/><string name="bS" value="ShanghaiCN"/><int name="ani" value="0"/><int name="no" value="7"/></imgdir><imgdir name="8"><int name="x" value="397"/><int name="y" value="-318"/><int name="rx" value="-1"/><int name="ry" value="-15"/><int name="cx" value="3000"/><int name="cy" value="0"/><int name="a" value="255"/><int name="type" value="4"/><int name="front" value="0"/><int name="f" value="0"/><string name="bS" value="ShanghaiCN"/><int name="ani" value="0"/><int name="no" value="8"/></imgdir><imgdir name="9"><int name="x" value="209"/><int name="y" value="-225"/><int name="rx" value="-1"/><int name="ry" value="-15"/><int name="cx" value="1000"/><int name="cy" value="0"/><int name="a" value="255"/><int name="type" value="4"/><int name="front" value="0"/><int name="f" value="0"/><string name="bS" value="ShanghaiCN"/><int name="ani" value="0"/><int name="no" value="9"/></imgdir><imgdir name="10"><int name="x" value="-17"/><int name="y" value="-365"/><int name="rx" value="-1"/><int name="ry" value="-15"/><int name="cx" value="1000"/><int name="cy" value="0"/><int name="a" value="255"/><int name="type" value="4"/><int name="front" value="0"/><int name="f" value="0"/><string name="bS" value="ShanghaiCN"/><int name="ani" value="0"/><int name="no" value="10"/></imgdir><imgdir name="11"><int name="x" value="24"/><int name="y" value="-382"/><int name="rx" value="-1"/><int name="ry" value="-60"/><int name="cx" value="0"/><int name="cy" value="0"/><int name="a" value="255"/><int name="type" value="1"/><int name="front" value="0"/><int name="f" value="0"/><string name="bS" value="YuyuanCN"/><int name="ani" value="0"/><int name="no" value="6"/></imgdir><imgdir name="12"><int name="x" value="1001"/><int name="y" value="-48"/><int name="rx" value="-4"/><int name="ry" value="-50"/><int name="cx" value="0"/><int name="cy" value="0"/><int name="a" value="255"/><int name="type" value="1"/><int name="front" value="0"/><int name="f" value="0"/><string name="bS" value="YuyuanCN"/><int name="ani" value="0"/><int name="no" value="5"/></imgdir><imgdir name="13"><int name="x" value="129"/><int name="y" value="-27"/><int name="rx" value="-8"/><int name="ry" value="-50"/><int name="cx" value="0"/><int name="cy" value="0"/><int name="a" value="255"/><int name="type" value="1"/><int name="front" value="0"/><int name="f" value="0"/><string name="bS" value="YuyuanCN"/><int name="ani" value="0"/><int name="no" value="4"/></imgdir><imgdir name="14"><int name="x" value="37"/><int name="y" value="-22"/><int name="rx" value="-12"/><int name="ry" value="-50"/><int name="cx" value="0"/><int name="cy" value="0"/><int name="a" value="255"/><int name="type" value="1"/><int name="front" value="0"/><int name="f" value="0"/><string name="bS" value="YuyuanCN"/><int name="ani" value="0"/><int name="no" value="3"/></imgdir><imgdir name="15"><int name="x" value="-9"/><int name="y" value="51"/><int name="rx" value="-15"/><int name="ry" value="-50"/><int name="cx" value="0"/><int name="cy" value="0"/><int name="a" value="255"/><int name="type" value="1"/><int name="front" value="0"/><int name="f" value="0"/><string name="bS" value="YuyuanCN"/><int name="ani" value="0"/><int name="no" value="2"/></imgdir><imgdir name="16"><int name="x" value="796"/><int name="y" value="69"/><int name="rx" value="-18"/><int name="ry" value="-50"/><int name="cx" value="0"/><int name="cy" value="0"/><int name="a" value="255"/><int name="type" value="1"/><int name="front" value="0"/><int name="f" value="0"/><string name="bS" value="YuyuanCN"/><int name="ani" value="0"/><int name="no" value="1"/></imgdir><imgdir name="17"><int name="x" value="164"/><int name="y" value="62"/><int name="rx" value="-20"/><int name="ry" value="-50"/><int name="cx" value="0"/><int name="cy" value="0"/><int name="a" value="255"/><int name="type" value="0"/><int name="front" value="0"/><int name="f" value="0"/><string name="bS" value="YuyuanCN"/><int name="ani" value="0"/><int name="no" value="0"/></imgdir></imgdir><imgdir name="foothold"><imgdir name="5"><imgdir name="0"><imgdir name="1"><int name="x1" value="-1566"/><int name="y1" value="-18"/><int name="x2" value="-1494"/><int name="y2" value="-18"/><int name="prev" value="2"/><int name="next" value="5"/></imgdir><imgdir name="2"><int name="x1" value="-1566"/><int name="y1" value="0"/><int name="x2" value="-1566"/><int name="y2" value="-18"/><int name="prev" value="3"/><int name="next" value="1"/></imgdir><imgdir name="3"><int name="x1" value="-1566"/><int name="y1" value="60"/><int name="x2" value="-1566"/><int name="y2" value="0"/><int name="prev" value="4"/><int name="next" value="2"/></imgdir><imgdir name="4"><int name="x1" value="-1566"/><int name="y1" value="120"/><int name="x2" value="-1566"/><int name="y2" value="60"/><int name="prev" value="0"/><int name="next" value="3"/></imgdir><imgdir name="5"><int name="x1" value="-1494"/><int name="y1" value="-18"/><int name="x2" value="-1440"/><int name="y2" value="-18"/><int name="prev" value="1"/><int name="next" value="6"/></imgdir><imgdir name="6"><int name="x1" value="-1440"/><int name="y1" value="-18"/><int name="x2" value="-1350"/><int name="y2" value="-18"/><int name="prev" value="5"/><int name="next" value="7"/></imgdir><imgdir name="7"><int name="x1" value="-1350"/><int name="y1" value="-18"/><int name="x2" value="-1260"/><int name="y2" value="-18"/><int name="prev" value="6"/><int name="next" value="8"/></imgdir><imgdir name="8"><int name="x1" value="-1260"/><int name="y1" value="-18"/><int name="x2" value="-1170"/><int name="y2" value="-18"/><int name="prev" value="7"/><int name="next" value="9"/></imgdir><imgdir name="9"><int name="x1" value="-1170"/><int name="y1" value="-18"/><int name="x2" value="-1080"/><int name="y2" value="-18"/><int name="prev" value="8"/><int name="next" value="10"/></imgdir><imgdir name="10"><int name="x1" value="-1080"/><int name="y1" value="-18"/><int name="x2" value="-990"/><int name="y2" value="-18"/><int name="prev" value="9"/><int name="next" value="11"/></imgdir><imgdir name="11"><int name="x1" value="-990"/><int name="y1" value="-18"/><int name="x2" value="-900"/><int name="y2" value="-18"/><int name="prev" value="10"/><int name="next" value="12"/></imgdir><imgdir name="12"><int name="x1" value="-900"/><int name="y1" value="-18"/><int name="x2" value="-810"/><int name="y2" value="-18"/><int name="prev" value="11"/><int name="next" value="13"/></imgdir><imgdir name="13"><int name="x1" value="-810"/><int name="y1" value="-18"/><int name="x2" value="-720"/><int name="y2" value="-18"/><int name="prev" value="12"/><int name="next" value="14"/></imgdir><imgdir name="14"><int name="x1" value="-720"/><int name="y1" value="-18"/><int name="x2" value="-630"/><int name="y2" value="-18"/><int name="prev" value="13"/><int name="next" value="15"/></imgdir><imgdir name="15"><int name="x1" value="-630"/><int name="y1" value="-18"/><int name="x2" value="-540"/><int name="y2" value="-18"/><int name="prev" value="14"/><int name="next" value="16"/></imgdir><imgdir name="16"><int name="x1" value="-540"/><int name="y1" value="-18"/><int name="x2" value="-450"/><int name="y2" value="-18"/><int name="prev" value="15"/><int name="next" value="17"/></imgdir><imgdir name="17"><int name="x1" value="-450"/><int name="y1" value="-18"/><int name="x2" value="-360"/><int name="y2" value="-18"/><int name="prev" value="16"/><int name="next" value="18"/></imgdir><imgdir name="18"><int name="x1" value="-360"/><int name="y1" value="-18"/><int name="x2" value="-270"/><int name="y2" value="-18"/><int name="prev" value="17"/><int name="next" value="19"/></imgdir><imgdir name="19"><int name="x1" value="-270"/><int name="y1" value="-18"/><int name="x2" value="-180"/><int name="y2" value="-18"/><int name="prev" value="18"/><int name="next" value="20"/></imgdir><imgdir name="20"><int name="x1" value="-180"/><int name="y1" value="-18"/><int name="x2" value="-90"/><int name="y2" value="-18"/><int name="prev" value="19"/><int name="next" value="21"/></imgdir><imgdir name="21"><int name="x1" value="-90"/><int name="y1" value="-18"/><int name="x2" value="0"/><int name="y2" value="-18"/><int name="prev" value="20"/><int name="next" value="22"/></imgdir><imgdir name="22"><int name="x1" value="0"/><int name="y1" value="-18"/><int name="x2" value="90"/><int name="y2" value="-18"/><int name="prev" value="21"/><int name="next" value="23"/></imgdir><imgdir name="23"><int name="x1" value="90"/><int name="y1" value="-18"/><int name="x2" value="180"/><int name="y2" value="-18"/><int name="prev" value="22"/><int name="next" value="24"/></imgdir><imgdir name="24"><int name="x1" value="180"/><int name="y1" value="-18"/><int name="x2" value="270"/><int name="y2" value="-18"/><int name="prev" value="23"/><int name="next" value="25"/></imgdir><imgdir name="25"><int name="x1" value="270"/><int name="y1" value="-18"/><int name="x2" value="360"/><int name="y2" value="-18"/><int name="prev" value="24"/><int name="next" value="26"/></imgdir><imgdir name="26"><int name="x1" value="360"/><int name="y1" value="-18"/><int name="x2" value="450"/><int name="y2" value="-18"/><int name="prev" value="25"/><int name="next" value="27"/></imgdir><imgdir name="27"><int name="x1" value="450"/><int name="y1" value="-18"/><int name="x2" value="540"/><int name="y2" value="-18"/><int name="prev" value="26"/><int name="next" value="28"/></imgdir><imgdir name="28"><int name="x1" value="540"/><int name="y1" value="-18"/><int name="x2" value="630"/><int name="y2" value="-18"/><int name="prev" value="27"/><int name="next" value="29"/></imgdir><imgdir name="29"><int name="x1" value="630"/><int name="y1" value="-18"/><int name="x2" value="720"/><int name="y2" value="-18"/><int name="prev" value="28"/><int name="next" value="30"/></imgdir><imgdir name="30"><int name="x1" value="720"/><int name="y1" value="-18"/><int name="x2" value="810"/><int name="y2" value="-18"/><int name="prev" value="29"/><int name="next" value="31"/></imgdir><imgdir name="31"><int name="x1" value="810"/><int name="y1" value="-18"/><int name="x2" value="864"/><int name="y2" value="-18"/><int name="prev" value="30"/><int name="next" value="32"/></imgdir><imgdir name="32"><int name="x1" value="864"/><int name="y1" value="-18"/><int name="x2" value="900"/><int name="y2" value="-18"/><int name="prev" value="31"/><int name="next" value="33"/></imgdir><imgdir name="33"><int name="x1" value="900"/><int name="y1" value="-18"/><int name="x2" value="936"/><int name="y2" value="-18"/><int name="prev" value="32"/><int name="next" value="34"/></imgdir><imgdir name="34"><int name="x1" value="936"/><int name="y1" value="-18"/><int name="x2" value="936"/><int name="y2" value="0"/><int name="prev" value="33"/><int name="next" value="35"/></imgdir><imgdir name="35"><int name="x1" value="936"/><int name="y1" value="0"/><int name="x2" value="936"/><int name="y2" value="60"/><int name="prev" value="34"/><int name="next" value="36"/></imgdir><imgdir name="36"><int name="x1" value="936"/><int name="y1" value="60"/><int name="x2" value="936"/><int name="y2" value="120"/><int name="prev" value="35"/><int name="next" value="0"/></imgdir></imgdir></imgdir></imgdir><imgdir name="life"><imgdir name="0"><string name="id" value="9310019"/><int name="x" value="-533"/><int name="y" value="-21"/><int name="cy" value="-18"/><int name="mobTime" value="0"/><int name="rx0" value="-583"/><int name="rx1" value="-483"/><int name="f" value="0"/><int name="hide" value="0"/><string name="type" value="n"/><int name="fh" value="16"/></imgdir><imgdir name="1"><string name="id" value="9310021"/><int name="x" value="-1229"/><int name="y" value="-22"/><int name="cy" value="-18"/><int name="mobTime" value="0"/><int name="rx0" value="-1279"/><int name="rx1" value="-1179"/><int name="f" value="0"/><int name="hide" value="0"/><string name="type" value="n"/><int name="fh" value="8"/></imgdir></imgdir></imgdir>