<?xml version="1.0" encoding="UTF-8" standalone="yes"?><imgdir name="701010321.img"><imgdir name="info"><int name="version" value="10"/><int name="cloud" value="0"/><int name="town" value="0"/><int name="returnMap" value="701010320"/><int name="forcedReturn" value="701010320"/><float name="mobRate" value="1.0"/><string name="bgm" value="BgmCN/ShanghaiField"/><string name="mapMark" value="ShangHai"/><int name="hideMinimap" value="0"/><int name="VRTop" value="-500"/><int name="VRLeft" value="1170"/><int name="VRBottom" value="950"/><int name="VRRight" value="3150"/><int name="swim" value="0"/><int name="fieldLimit" value="8440"/></imgdir><imgdir name="back"><imgdir name="0"><string name="bS" value="ShanghaiCN"/><int name="front" value="0"/><int name="ani" value="0"/><int name="no" value="0"/><int name="f" value="0"/><int name="x" value="0"/><int name="y" value="0"/><int name="rx" value="0"/><int name="ry" value="0"/><int name="type" value="3"/><int name="cx" value="0"/><int name="cy" value="0"/><int name="a" value="255"/></imgdir><imgdir name="1"><string name="bS" value="ShanghaiCN"/><int name="front" value="0"/><int name="ani" value="0"/><int name="no" value="1"/><int name="f" value="0"/><int name="x" value="0"/><int name="y" value="0"/><int name="rx" value="0"/><int name="ry" value="0"/><int name="type" value="1"/><int name="cx" value="0"/><int name="cy" value="0"/><int name="a" value="255"/></imgdir><imgdir name="2"><string name="bS" value="ShanghaiCN"/><int name="front" value="0"/><int name="ani" value="0"/><int name="no" value="2"/><int name="f" value="0"/><int name="x" value="104"/><int name="y" value="-150"/><int name="rx" value="-1"/><int name="ry" value="-15"/><int name="type" value="4"/><int name="cx" value="1000"/><int name="cy" value="0"/><int name="a" value="255"/></imgdir><imgdir name="3"><string name="bS" value="ShanghaiCN"/><int name="front" value="0"/><int name="ani" value="0"/><int name="no" value="3"/><int name="f" value="0"/><int name="x" value="-231"/><int name="y" value="-178"/><int name="rx" value="-1"/><int name="ry" value="-15"/><int name="type" value="4"/><int name="cx" value="1000"/><int name="cy" value="0"/><int name="a" value="255"/></imgdir><imgdir name="4"><string name="bS" value="ShanghaiCN"/><int name="front" value="0"/><int name="ani" value="0"/><int name="no" value="4"/><int name="f" value="0"/><int name="x" value="240"/><int name="y" value="-211"/><int name="rx" value="-1"/><int name="ry" value="-15"/><int name="type" value="4"/><int name="cx" value="1000"/><int name="cy" value="0"/><int name="a" value="255"/></imgdir><imgdir name="5"><string name="bS" value="ShanghaiCN"/><int name="front" value="0"/><int name="ani" value="0"/><int name="no" value="5"/><int name="f" value="0"/><int name="x" value="-1017"/><int name="y" value="-130"/><int name="rx" value="-2"/><int name="ry" value="-15"/><int name="type" value="4"/><int name="cx" value="1000"/><int name="cy" value="0"/><int name="a" value="255"/></imgdir><imgdir name="6"><string name="bS" value="ShanghaiCN"/><int name="front" value="0"/><int name="ani" value="0"/><int name="no" value="6"/><int name="f" value="0"/><int name="x" value="-337"/><int name="y" value="-324"/><int name="rx" value="-2"/><int name="ry" value="-15"/><int name="type" value="4"/><int name="cx" value="1000"/><int name="cy" value="0"/><int name="a" value="255"/></imgdir><imgdir name="7"><string name="bS" value="ShanghaiCN"/><int name="front" value="0"/><int name="ani" value="0"/><int name="no" value="7"/><int name="f" value="0"/><int name="x" value="-166"/><int name="y" value="-197"/><int name="rx" value="-2"/><int name="ry" value="-15"/><int name="type" value="4"/><int name="cx" value="1000"/><int name="cy" value="0"/><int name="a" value="255"/></imgdir><imgdir name="8"><string name="bS" value="ShanghaiCN"/><int name="front" value="0"/><int name="ani" value="0"/><int name="no" value="8"/><int name="f" value="0"/><int name="x" value="-395"/><int name="y" value="-218"/><int name="rx" value="-3"/><int name="ry" value="-15"/><int name="type" value="4"/><int name="cx" value="1000"/><int name="cy" value="0"/><int name="a" value="255"/></imgdir><imgdir name="9"><string name="bS" value="ShanghaiCN"/><int name="front" value="0"/><int name="ani" value="0"/><int name="no" value="9"/><int name="f" value="0"/><int name="x" value="319"/><int name="y" value="-288"/><int name="rx" value="-3"/><int name="ry" value="-15"/><int name="type" value="4"/><int name="cx" value="1000"/><int name="cy" value="0"/><int name="a" value="255"/></imgdir><imgdir name="11"><string name="bS" value="ShanghaiField"/><int name="front" value="0"/><int name="ani" value="0"/><int name="no" value="2"/><int name="f" value="0"/><int name="x" value="-128"/><int name="y" value="-42"/><int name="rx" value="-14"/><int name="ry" value="-15"/><int name="type" value="0"/><int name="cx" value="0"/><int name="cy" value="0"/><int name="a" value="255"/></imgdir><imgdir name="12"><string name="bS" value="ShanghaiField"/><int name="front" value="0"/><int name="ani" value="0"/><int name="no" value="3"/><int name="f" value="0"/><int name="x" value="741"/><int name="y" value="-49"/><int name="rx" value="-14"/><int name="ry" value="-15"/><int name="type" value="0"/><int name="cx" value="0"/><int name="cy" value="0"/><int name="a" value="255"/></imgdir><imgdir name="13"><string name="bS" value="ShanghaiField"/><int name="front" value="0"/><int name="ani" value="0"/><int name="no" value="4"/><int name="f" value="0"/><int name="x" value="-65"/><int name="y" value="129"/><int name="rx" value="-2"/><int name="ry" value="-15"/><int name="type" value="4"/><int name="cx" value="0"/><int name="cy" value="0"/><int name="a" value="255"/></imgdir><imgdir name="14"><string name="bS" value="ShanghaiField"/><int name="front" value="0"/><int name="ani" value="0"/><int name="no" value="5"/><int name="f" value="0"/><int name="x" value="-245"/><int name="y" value="122"/><int name="rx" value="-15"/><int name="ry" value="-16"/><int name="type" value="0"/><int name="cx" value="0"/><int name="cy" value="0"/><int name="a" value="255"/></imgdir><imgdir name="15"><string name="bS" value="ShanghaiField"/><int name="front" value="0"/><int name="ani" value="0"/><int name="no" value="6"/><int name="f" value="0"/><int name="x" value="417"/><int name="y" value="14"/><int name="rx" value="-15"/><int name="ry" value="-16"/><int name="type" value="0"/><int name="cx" value="0"/><int name="cy" value="0"/><int name="a" value="255"/></imgdir><imgdir name="16"><string name="bS" value="ShanghaiField"/><int name="front" value="0"/><int name="ani" value="0"/><int name="no" value="7"/><int name="f" value="0"/><int name="x" value="1079"/><int name="y" value="199"/><int name="rx" value="-15"/><int name="ry" value="-16"/><int name="type" value="0"/><int name="cx" value="0"/><int name="cy" value="0"/><int name="a" value="255"/></imgdir><imgdir name="17"><string name="bS" value="ShanghaiField"/><int name="front" value="0"/><int name="ani" value="0"/><int name="no" value="8"/><int name="f" value="0"/><int name="x" value="-333"/><int name="y" value="191"/><int name="rx" value="-16"/><int name="ry" value="-17"/><int name="type" value="0"/><int name="cx" value="0"/><int name="cy" value="0"/><int name="a" value="255"/></imgdir><imgdir name="18"><string name="bS" value="ShanghaiField"/><int name="front" value="0"/><int name="ani" value="0"/><int name="no" value="9"/><int name="f" value="0"/><int name="x" value="397"/><int name="y" value="199"/><int name="rx" value="-16"/><int name="ry" value="-17"/><int name="type" value="0"/><int name="cx" value="0"/><int name="cy" value="0"/><int name="a" value="255"/></imgdir><imgdir name="19"><string name="bS" value="ShanghaiField"/><int name="front" value="0"/><int name="ani" value="0"/><int name="no" value="10"/><int name="f" value="0"/><int name="x" value="1127"/><int name="y" value="205"/><int name="rx" value="-16"/><int name="ry" value="-17"/><int name="type" value="0"/><int name="cx" value="0"/><int name="cy" value="0"/><int name="a" value="255"/></imgdir><imgdir name="10"><string name="bS" value="ShanghaiField"/><int name="front" value="0"/><int name="ani" value="0"/><int name="no" value="1"/><int name="f" value="0"/><int name="x" value="-3"/><int name="y" value="-80"/><int name="rx" value="-14"/><int name="ry" value="-15"/><int name="type" value="0"/><int name="cx" value="0"/><int name="cy" value="0"/><int name="a" value="255"/></imgdir></imgdir><imgdir name="life"><imgdir name="0"><string name="type" value="m"/><string name="id" value="9600008"/><int name="x" value="1789"/><int name="y" value="798"/><int name="mobTime" value="0"/><int name="f" value="0"/><int name="hide" value="0"/><int name="fh" value="50"/><int name="cy" value="823"/><int name="rx0" value="1190"/><int name="rx1" value="3130"/></imgdir><imgdir name="1"><string name="type" value="m"/><string name="id" value="9600008"/><int name="x" value="2039"/><int name="y" value="796"/><int name="mobTime" value="0"/><int name="f" value="0"/><int name="hide" value="0"/><int name="fh" value="58"/><int name="cy" value="823"/><int name="rx0" value="1190"/><int name="rx1" value="3130"/></imgdir><imgdir name="2"><string name="type" value="m"/><string name="id" value="9600008"/><int name="x" value="1348"/><int name="y" value="788"/><int name="mobTime" value="0"/><int name="f" value="0"/><int name="hide" value="0"/><int name="fh" value="69"/><int name="cy" value="823"/><int name="rx0" value="1190"/><int name="rx1" value="3130"/></imgdir><imgdir name="3"><string name="type" value="m"/><string name="id" value="9600008"/><int name="x" value="1583"/><int name="y" value="790"/><int name="mobTime" value="0"/><int name="f" value="0"/><int name="hide" value="0"/><int name="fh" value="67"/><int name="cy" value="823"/><int name="rx0" value="1190"/><int name="rx1" value="3130"/></imgdir><imgdir name="4"><string name="type" value="m"/><string name="id" value="9600008"/><int name="x" value="2261"/><int name="y" value="778"/><int name="mobTime" value="0"/><int name="f" value="0"/><int name="hide" value="0"/><int name="fh" value="59"/><int name="cy" value="823"/><int name="rx0" value="1190"/><int name="rx1" value="3130"/></imgdir><imgdir name="5"><string name="type" value="m"/><string name="id" value="9600008"/><int name="x" value="2427"/><int name="y" value="783"/><int name="mobTime" value="0"/><int name="f" value="0"/><int name="hide" value="0"/><int name="fh" value="64"/><int name="cy" value="823"/><int name="rx0" value="1190"/><int name="rx1" value="3130"/></imgdir><imgdir name="6"><string name="type" value="m"/><string name="id" value="9600008"/><int name="x" value="3061"/><int name="y" value="780"/><int name="mobTime" value="0"/><int name="f" value="0"/><int name="hide" value="0"/><int name="fh" value="49"/><int name="cy" value="823"/><int name="rx0" value="1190"/><int name="rx1" value="3130"/></imgdir><imgdir name="7"><string name="type" value="m"/><string name="id" value="9600008"/><int name="x" value="2802"/><int name="y" value="774"/><int name="mobTime" value="0"/><int name="f" value="0"/><int name="hide" value="0"/><int name="fh" value="55"/><int name="cy" value="823"/><int name="rx0" value="1190"/><int name="rx1" value="3130"/></imgdir><imgdir name="8"><string name="type" value="m"/><string name="id" value="9600008"/><int name="x" value="1925"/><int name="y" value="435"/><int name="mobTime" value="0"/><int name="f" value="0"/><int name="hide" value="0"/><int name="fh" value="20"/><int name="cy" value="469"/><int name="rx0" value="1698"/><int name="rx1" value="2532"/></imgdir><imgdir name="9"><string name="type" value="m"/><string name="id" value="9600008"/><int name="x" value="2183"/><int name="y" value="442"/><int name="mobTime" value="0"/><int name="f" value="0"/><int name="hide" value="0"/><int name="fh" value="18"/><int name="cy" value="469"/><int name="rx0" value="1698"/><int name="rx1" value="2532"/></imgdir><imgdir name="10"><string name="type" value="m"/><string name="id" value="9600008"/><int name="x" value="2392"/><int name="y" value="435"/><int name="mobTime" value="0"/><int name="f" value="0"/><int name="hide" value="0"/><int name="fh" value="13"/><int name="cy" value="469"/><int name="rx0" value="1698"/><int name="rx1" value="2532"/></imgdir><imgdir name="11"><string name="type" value="n"/><string name="id" value="9310005"/><int name="x" value="3019"/><int name="y" value="526"/><int name="mobTime" value="0"/><int name="f" value="0"/><int name="hide" value="0"/><int name="fh" value="27"/><int name="cy" value="529"/><int name="rx0" value="2969"/><int name="rx1" value="3069"/></imgdir><imgdir name="12"><string name="type" value="n"/><string name="id" value="9310007"/><int name="x" value="2027"/><int name="y" value="205"/><int name="mobTime" value="0"/><int name="f" value="0"/><int name="hide" value="0"/><int name="fh" value="7"/><int name="cy" value="229"/><int name="rx0" value="1977"/><int name="rx1" value="2077"/></imgdir></imgdir><imgdir name="reactor"></imgdir><imgdir name="0"><imgdir name="info"></imgdir><imgdir name="tile"></imgdir><imgdir name="obj"></imgdir></imgdir><imgdir name="1"><imgdir name="info"></imgdir><imgdir name="tile"></imgdir><imgdir name="obj"></imgdir></imgdir><imgdir name="2"><imgdir name="info"></imgdir><imgdir name="tile"></imgdir><imgdir name="obj"><imgdir name="0"><string name="oS" value="ShanghaiCN"/><string name="l0" value="field"/><string name="l1" value="tree"/><string name="l2" value="0"/><int name="x" value="2465"/><int name="y" value="289"/><int name="z" value="3"/><int name="f" value="0"/><int name="zM" value="13"/></imgdir><imgdir name="1"><string name="oS" value="ShanghaiCN"/><string name="l0" value="field"/><string name="l1" value="tree"/><string name="l2" value="2"/><int name="x" value="1308"/><int name="y" value="609"/><int name="z" value="3"/><int name="f" value="0"/><int name="zM" value="8"/></imgdir><imgdir name="2"><string name="oS" value="ShanghaiCN"/><string name="l0" value="field"/><string name="l1" value="tree"/><string name="l2" value="1"/><int name="x" value="3088"/><int name="y" value="364"/><int name="z" value="3"/><int name="f" value="0"/><int name="zM" value="11"/></imgdir><imgdir name="3"><string name="oS" value="ShanghaiCN"/><string name="l0" value="field"/><string name="l1" value="artificiality"/><string name="l2" value="12"/><int name="x" value="2352"/><int name="y" value="447"/><int name="z" value="3"/><int name="f" value="0"/><int name="zM" value="13"/></imgdir><imgdir name="4"><string name="oS" value="ShanghaiCN"/><string name="l0" value="field"/><string name="l1" value="artificiality"/><string name="l2" value="15"/><int name="x" value="2009"/><int name="y" value="201"/><int name="z" value="3"/><int name="f" value="0"/><int name="zM" value="23"/></imgdir><imgdir name="5"><string name="oS" value="ShanghaiCN"/><string name="l0" value="field"/><string name="l1" value="artificiality"/><string name="l2" value="15"/><int name="x" value="2070"/><int name="y" value="219"/><int name="z" value="3"/><int name="f" value="0"/><int name="zM" value="20"/></imgdir><imgdir name="6"><string name="oS" value="ShanghaiCN"/><string name="l0" value="field"/><string name="l1" value="artificiality"/><string name="l2" value="17"/><int name="x" value="2050"/><int name="y" value="198"/><int name="z" value="4"/><int name="f" value="0"/><int name="zM" value="20"/></imgdir><imgdir name="7"><string name="oS" value="ShanghaiCN"/><string name="l0" value="field"/><string name="l1" value="artificiality"/><string name="l2" value="16"/><int name="x" value="2142"/><int name="y" value="206"/><int name="z" value="3"/><int name="f" value="0"/><int name="zM" value="22"/></imgdir><imgdir name="9"><string name="oS" value="ShanghaiCN"/><string name="l0" value="field"/><string name="l1" value="artificiality"/><string name="l2" value="11"/><int name="x" value="1850"/><int name="y" value="440"/><int name="z" value="3"/><int name="f" value="0"/><int name="zM" value="15"/></imgdir><imgdir name="10"><string name="oS" value="ShanghaiCN"/><string name="l0" value="field"/><string name="l1" value="artificiality"/><string name="l2" value="13"/><int name="x" value="2021"/><int name="y" value="449"/><int name="z" value="4"/><int name="f" value="0"/><int name="zM" value="14"/></imgdir><imgdir name="11"><string name="oS" value="ShanghaiCN"/><string name="l0" value="field"/><string name="l1" value="artificiality"/><string name="l2" value="9"/><int name="x" value="1945"/><int name="y" value="436"/><int name="z" value="3"/><int name="f" value="0"/><int name="zM" value="15"/></imgdir><imgdir name="12"><string name="oS" value="ShanghaiCN"/><string name="l0" value="field"/><string name="l1" value="artificiality"/><string name="l2" value="11"/><int name="x" value="1959"/><int name="y" value="411"/><int name="z" value="2"/><int name="f" value="0"/><int name="zM" value="15"/></imgdir><imgdir name="8"><string name="oS" value="ShanghaiCN"/><string name="l0" value="field"/><string name="l1" value="artificiality"/><string name="l2" value="7"/><int name="x" value="1914"/><int name="y" value="435"/><int name="z" value="1"/><int name="f" value="0"/><int name="zM" value="15"/></imgdir><imgdir name="13"><string name="oS" value="ShanghaiCN"/><string name="l0" value="field"/><string name="l1" value="tree"/><string name="l2" value="0"/><int name="x" value="1570"/><int name="y" value="643"/><int name="z" value="2"/><int name="f" value="0"/><int name="zM" value="8"/></imgdir></imgdir></imgdir><imgdir name="3"><imgdir name="info"><string name="tS" value="ShanghaiField1"/><int name="tSMag" value="1"/></imgdir><imgdir name="tile"><imgdir name="12"><int name="x" value="2970"/><int name="y" value="540"/><string name="u" value="edU"/><int name="no" value="0"/><int name="zM" value="1"/></imgdir><imgdir name="14"><int name="x" value="2970"/><int name="y" value="540"/><string name="u" value="enH0"/><int name="no" value="2"/><int name="zM" value="1"/></imgdir><imgdir name="11"><int name="x" value="3060"/><int name="y" value="540"/><string name="u" value="enH0"/><int name="no" value="2"/><int name="zM" value="1"/></imgdir><imgdir name="18"><int name="x" value="2880"/><int name="y" value="600"/><string name="u" value="edU"/><int name="no" value="0"/><int name="zM" value="1"/></imgdir><imgdir name="22"><int name="x" value="2790"/><int name="y" value="660"/><string name="u" value="edU"/><int name="no" value="0"/><int name="zM" value="1"/></imgdir><imgdir name="26"><int name="x" value="2700"/><int name="y" value="720"/><string name="u" value="edU"/><int name="no" value="0"/><int name="zM" value="1"/></imgdir><imgdir name="30"><int name="x" value="2610"/><int name="y" value="780"/><string name="u" value="edU"/><int name="no" value="0"/><int name="zM" value="1"/></imgdir><imgdir name="29"><int name="x" value="2610"/><int name="y" value="780"/><string name="u" value="enH0"/><int name="no" value="0"/><int name="zM" value="1"/></imgdir><imgdir name="27"><int name="x" value="2700"/><int name="y" value="720"/><string name="u" value="bsc"/><int name="no" value="1"/><int name="zM" value="1"/></imgdir><imgdir name="48"><int name="x" value="2700"/><int name="y" value="720"/><string name="u" value="enV0"/><int name="no" value="0"/><int name="zM" value="1"/></imgdir><imgdir name="46"><int name="x" value="2700"/><int name="y" value="720"/><string name="u" value="enH0"/><int name="no" value="0"/><int name="zM" value="1"/></imgdir><imgdir name="21"><int name="x" value="2790"/><int name="y" value="660"/><string name="u" value="enH0"/><int name="no" value="0"/><int name="zM" value="1"/></imgdir><imgdir name="0"><int name="x" value="3060"/><int name="y" value="720"/><string name="u" value="bsc"/><int name="no" value="4"/><int name="zM" value="1"/></imgdir><imgdir name="10"><int name="x" value="3060"/><int name="y" value="540"/><string name="u" value="bsc"/><int name="no" value="2"/><int name="zM" value="1"/></imgdir><imgdir name="15"><int name="x" value="2970"/><int name="y" value="540"/><string name="u" value="bsc"/><int name="no" value="2"/><int name="zM" value="1"/></imgdir><imgdir name="16"><int name="x" value="2970"/><int name="y" value="540"/><string name="u" value="enV0"/><int name="no" value="0"/><int name="zM" value="1"/></imgdir><imgdir name="13"><int name="x" value="2970"/><int name="y" value="600"/><string name="u" value="bsc"/><int name="no" value="5"/><int name="zM" value="1"/></imgdir><imgdir name="17"><int name="x" value="3060"/><int name="y" value="660"/><string name="u" value="bsc"/><int name="no" value="5"/><int name="zM" value="1"/></imgdir><imgdir name="6"><int name="x" value="2970"/><int name="y" value="720"/><string name="u" value="bsc"/><int name="no" value="3"/><int name="zM" value="1"/></imgdir><imgdir name="40"><int name="x" value="2790"/><int name="y" value="660"/><string name="u" value="bsc"/><int name="no" value="4"/><int name="zM" value="1"/></imgdir><imgdir name="42"><int name="x" value="2880"/><int name="y" value="720"/><string name="u" value="bsc"/><int name="no" value="3"/><int name="zM" value="1"/></imgdir><imgdir name="23"><int name="x" value="2880"/><int name="y" value="660"/><string name="u" value="bsc"/><int name="no" value="0"/><int name="zM" value="1"/></imgdir><imgdir name="4"><int name="x" value="2880"/><int name="y" value="600"/><string name="u" value="bsc"/><int name="no" value="0"/><int name="zM" value="1"/></imgdir><imgdir name="20"><int name="x" value="2790"/><int name="y" value="660"/><string name="u" value="enV0"/><int name="no" value="1"/><int name="zM" value="1"/></imgdir><imgdir name="19"><int name="x" value="2880"/><int name="y" value="600"/><string name="u" value="enH0"/><int name="no" value="2"/><int name="zM" value="1"/></imgdir><imgdir name="24"><int name="x" value="2790"/><int name="y" value="720"/><string name="u" value="bsc"/><int name="no" value="2"/><int name="zM" value="1"/></imgdir><imgdir name="25"><int name="x" value="2880"/><int name="y" value="600"/><string name="u" value="enV0"/><int name="no" value="0"/><int name="zM" value="1"/></imgdir><imgdir name="43"><int name="x" value="3060"/><int name="y" value="600"/><string name="u" value="bsc"/><int name="no" value="2"/><int name="zM" value="1"/></imgdir><imgdir name="45"><int name="x" value="2970"/><int name="y" value="660"/><string name="u" value="bsc"/><int name="no" value="2"/><int name="zM" value="1"/></imgdir><imgdir name="28"><int name="x" value="2610"/><int name="y" value="780"/><string name="u" value="bsc"/><int name="no" value="1"/><int name="zM" value="1"/></imgdir><imgdir name="32"><int name="x" value="2610"/><int name="y" value="780"/><string name="u" value="enV0"/><int name="no" value="1"/><int name="zM" value="1"/></imgdir><imgdir name="34"><int name="x" value="2700"/><int name="y" value="780"/><string name="u" value="bsc"/><int name="no" value="0"/><int name="zM" value="1"/></imgdir><imgdir name="47"><int name="x" value="2790"/><int name="y" value="780"/><string name="u" value="bsc"/><int name="no" value="2"/><int name="zM" value="1"/></imgdir><imgdir name="41"><int name="x" value="2880"/><int name="y" value="780"/><string name="u" value="bsc"/><int name="no" value="0"/><int name="zM" value="1"/></imgdir><imgdir name="44"><int name="x" value="2970"/><int name="y" value="780"/><string name="u" value="bsc"/><int name="no" value="2"/><int name="zM" value="1"/></imgdir><imgdir name="2"><int name="x" value="3060"/><int name="y" value="780"/><string name="u" value="bsc"/><int name="no" value="5"/><int name="zM" value="1"/></imgdir><imgdir name="53"><int name="x" value="2610"/><int name="y" value="900"/><string name="u" value="edD"/><int name="no" value="0"/><int name="zM" value="1"/></imgdir><imgdir name="49"><int name="x" value="3060"/><int name="y" value="840"/><string name="u" value="bsc"/><int name="no" value="2"/><int name="zM" value="1"/></imgdir><imgdir name="50"><int name="x" value="3060"/><int name="y" value="900"/><string name="u" value="enH1"/><int name="no" value="2"/><int name="zM" value="1"/></imgdir><imgdir name="56"><int name="x" value="2700"/><int name="y" value="900"/><string name="u" value="enH1"/><int name="no" value="1"/><int name="zM" value="1"/></imgdir><imgdir name="31"><int name="x" value="2610"/><int name="y" value="840"/><string name="u" value="bsc"/><int name="no" value="1"/><int name="zM" value="1"/></imgdir><imgdir name="33"><int name="x" value="2610"/><int name="y" value="900"/><string name="u" value="enH1"/><int name="no" value="1"/><int name="zM" value="1"/></imgdir><imgdir name="54"><int name="x" value="2610"/><int name="y" value="840"/><string name="u" value="enV0"/><int name="no" value="0"/><int name="zM" value="1"/></imgdir><imgdir name="35"><int name="x" value="2700"/><int name="y" value="840"/><string name="u" value="bsc"/><int name="no" value="4"/><int name="zM" value="1"/></imgdir><imgdir name="52"><int name="x" value="2970"/><int name="y" value="900"/><string name="u" value="enH1"/><int name="no" value="2"/><int name="zM" value="1"/></imgdir><imgdir name="37"><int name="x" value="2790"/><int name="y" value="840"/><string name="u" value="bsc"/><int name="no" value="3"/><int name="zM" value="1"/></imgdir><imgdir name="36"><int name="x" value="2880"/><int name="y" value="840"/><string name="u" value="bsc"/><int name="no" value="2"/><int name="zM" value="1"/></imgdir><imgdir name="38"><int name="x" value="2970"/><int name="y" value="840"/><string name="u" value="bsc"/><int name="no" value="0"/><int name="zM" value="1"/></imgdir><imgdir name="57"><int name="x" value="2880"/><int name="y" value="900"/><string name="u" value="enH1"/><int name="no" value="0"/><int name="zM" value="1"/></imgdir><imgdir name="55"><int name="x" value="2790"/><int name="y" value="900"/><string name="u" value="enH1"/><int name="no" value="0"/><int name="zM" value="1"/></imgdir><imgdir name="76"><int name="x" value="2430"/><int name="y" value="480"/><string name="u" value="enH0"/><int name="no" value="0"/><int name="zM" value="10"/></imgdir><imgdir name="78"><int name="x" value="2520"/><int name="y" value="480"/><string name="u" value="edU"/><int name="no" value="0"/><int name="zM" value="10"/></imgdir><imgdir name="79"><int name="x" value="2070"/><int name="y" value="480"/><string name="u" value="enH0"/><int name="no" value="1"/><int name="zM" value="10"/></imgdir><imgdir name="82"><int name="x" value="1980"/><int name="y" value="480"/><string name="u" value="enH0"/><int name="no" value="1"/><int name="zM" value="10"/></imgdir><imgdir name="83"><int name="x" value="1890"/><int name="y" value="480"/><string name="u" value="enH0"/><int name="no" value="2"/><int name="zM" value="10"/></imgdir><imgdir name="84"><int name="x" value="1800"/><int name="y" value="480"/><string name="u" value="enH0"/><int name="no" value="1"/><int name="zM" value="10"/></imgdir><imgdir name="85"><int name="x" value="2250"/><int name="y" value="480"/><string name="u" value="enH0"/><int name="no" value="2"/><int name="zM" value="10"/></imgdir><imgdir name="77"><int name="x" value="2340"/><int name="y" value="480"/><string name="u" value="enH0"/><int name="no" value="0"/><int name="zM" value="10"/></imgdir><imgdir name="81"><int name="x" value="2160"/><int name="y" value="480"/><string name="u" value="enH0"/><int name="no" value="2"/><int name="zM" value="10"/></imgdir><imgdir name="63"><int name="x" value="2430"/><int name="y" value="480"/><string name="u" value="bsc"/><int name="no" value="4"/><int name="zM" value="10"/></imgdir><imgdir name="61"><int name="x" value="2430"/><int name="y" value="540"/><string name="u" value="enH1"/><int name="no" value="1"/><int name="zM" value="10"/></imgdir><imgdir name="68"><int name="x" value="2340"/><int name="y" value="480"/><string name="u" value="bsc"/><int name="no" value="0"/><int name="zM" value="10"/></imgdir><imgdir name="71"><int name="x" value="2250"/><int name="y" value="480"/><string name="u" value="bsc"/><int name="no" value="4"/><int name="zM" value="10"/></imgdir><imgdir name="58"><int name="x" value="2160"/><int name="y" value="480"/><string name="u" value="bsc"/><int name="no" value="5"/><int name="zM" value="10"/></imgdir><imgdir name="72"><int name="x" value="1890"/><int name="y" value="480"/><string name="u" value="bsc"/><int name="no" value="0"/><int name="zM" value="10"/></imgdir><imgdir name="86"><int name="x" value="1890"/><int name="y" value="540"/><string name="u" value="enH1"/><int name="no" value="1"/><int name="zM" value="10"/></imgdir><imgdir name="89"><int name="x" value="1980"/><int name="y" value="540"/><string name="u" value="enH1"/><int name="no" value="1"/><int name="zM" value="10"/></imgdir><imgdir name="66"><int name="x" value="1980"/><int name="y" value="480"/><string name="u" value="bsc"/><int name="no" value="1"/><int name="zM" value="10"/></imgdir><imgdir name="64"><int name="x" value="2070"/><int name="y" value="480"/><string name="u" value="bsc"/><int name="no" value="1"/><int name="zM" value="10"/></imgdir><imgdir name="88"><int name="x" value="2520"/><int name="y" value="480"/><string name="u" value="enV1"/><int name="no" value="1"/><int name="zM" value="10"/></imgdir><imgdir name="87"><int name="x" value="1800"/><int name="y" value="540"/><string name="u" value="enH1"/><int name="no" value="0"/><int name="zM" value="10"/></imgdir><imgdir name="74"><int name="x" value="1800"/><int name="y" value="480"/><string name="u" value="bsc"/><int name="no" value="1"/><int name="zM" value="10"/></imgdir><imgdir name="65"><int name="x" value="2520"/><int name="y" value="540"/><string name="u" value="edD"/><int name="no" value="0"/><int name="zM" value="10"/></imgdir><imgdir name="69"><int name="x" value="2340"/><int name="y" value="540"/><string name="u" value="enH1"/><int name="no" value="2"/><int name="zM" value="10"/></imgdir><imgdir name="70"><int name="x" value="2250"/><int name="y" value="540"/><string name="u" value="enH1"/><int name="no" value="0"/><int name="zM" value="10"/></imgdir><imgdir name="73"><int name="x" value="2070"/><int name="y" value="540"/><string name="u" value="enH1"/><int name="no" value="2"/><int name="zM" value="10"/></imgdir><imgdir name="67"><int name="x" value="2160"/><int name="y" value="540"/><string name="u" value="enH1"/><int name="no" value="0"/><int name="zM" value="10"/></imgdir><imgdir name="90"><int name="x" value="1980"/><int name="y" value="240"/><string name="u" value="edU"/><int name="no" value="0"/><int name="zM" value="19"/></imgdir><imgdir name="75"><int name="x" value="2070"/><int name="y" value="240"/><string name="u" value="enH1"/><int name="no" value="2"/><int name="zM" value="19"/></imgdir><imgdir name="62"><int name="x" value="2070"/><int name="y" value="240"/><string name="u" value="enH0"/><int name="no" value="0"/><int name="zM" value="19"/></imgdir><imgdir name="59"><int name="x" value="1710"/><int name="y" value="540"/><string name="u" value="enH1"/><int name="no" value="1"/><int name="zM" value="10"/></imgdir><imgdir name="80"><int name="x" value="1710"/><int name="y" value="480"/><string name="u" value="bsc"/><int name="no" value="2"/><int name="zM" value="10"/></imgdir><imgdir name="60"><int name="x" value="1710"/><int name="y" value="540"/><string name="u" value="edD"/><int name="no" value="0"/><int name="zM" value="10"/></imgdir><imgdir name="9"><int name="x" value="1710"/><int name="y" value="480"/><string name="u" value="enH0"/><int name="no" value="1"/><int name="zM" value="10"/></imgdir><imgdir name="8"><int name="x" value="1710"/><int name="y" value="480"/><string name="u" value="enV0"/><int name="no" value="0"/><int name="zM" value="10"/></imgdir><imgdir name="7"><int name="x" value="1710"/><int name="y" value="480"/><string name="u" value="edU"/><int name="no" value="0"/><int name="zM" value="10"/></imgdir><imgdir name="5"><int name="x" value="2160"/><int name="y" value="240"/><string name="u" value="edD"/><int name="no" value="0"/><int name="zM" value="19"/></imgdir><imgdir name="3"><int name="x" value="2160"/><int name="y" value="240"/><string name="u" value="edU"/><int name="no" value="0"/><int name="zM" value="19"/></imgdir><imgdir name="1"><int name="x" value="1980"/><int name="y" value="240"/><string name="u" value="enH0"/><int name="no" value="2"/><int name="zM" value="19"/></imgdir><imgdir name="39"><int name="x" value="1980"/><int name="y" value="240"/><string name="u" value="enH1"/><int name="no" value="2"/><int name="zM" value="19"/></imgdir><imgdir name="51"><int name="x" value="1980"/><int name="y" value="240"/><string name="u" value="edD"/><int name="no" value="0"/><int name="zM" value="19"/></imgdir></imgdir><imgdir name="obj"></imgdir></imgdir><imgdir name="4"><imgdir name="info"></imgdir><imgdir name="tile"></imgdir><imgdir name="obj"><imgdir name="0"><string name="oS" value="ShanghaiCN"/><string name="l0" value="field"/><string name="l1" value="artificiality"/><string name="l2" value="14"/><int name="x" value="2216"/><int name="y" value="756"/><int name="z" value="3"/><int name="f" value="0"/><int name="zM" value="6"/></imgdir><imgdir name="1"><string name="oS" value="ShanghaiCN"/><string name="l0" value="field"/><string name="l1" value="artificiality"/><string name="l2" value="19"/><int name="x" value="2058"/><int name="y" value="800"/><int name="z" value="3"/><int name="f" value="0"/><int name="zM" value="7"/></imgdir><imgdir name="2"><string name="oS" value="ShanghaiCN"/><string name="l0" value="field"/><string name="l1" value="artificiality"/><string name="l2" value="19"/><int name="x" value="2101"/><int name="y" value="800"/><int name="z" value="4"/><int name="f" value="0"/><int name="zM" value="6"/></imgdir><imgdir name="3"><string name="oS" value="ShanghaiCN"/><string name="l0" value="field"/><string name="l1" value="artificiality"/><string name="l2" value="19"/><int name="x" value="2082"/><int name="y" value="758"/><int name="z" value="3"/><int name="f" value="0"/><int name="zM" value="6"/></imgdir><imgdir name="4"><string name="oS" value="connect"/><string name="l0" value="rope"/><string name="l1" value="18"/><string name="l2" value="0"/><int name="x" value="2111"/><int name="y" value="223"/><int name="z" value="3"/><int name="f" value="0"/><int name="zM" value="21"/></imgdir><imgdir name="5"><string name="oS" value="connect"/><string name="l0" value="rope"/><string name="l1" value="18"/><string name="l2" value="1"/><int name="x" value="2111"/><int name="y" value="272"/><int name="z" value="3"/><int name="f" value="0"/><int name="zM" value="18"/></imgdir><imgdir name="6"><string name="oS" value="connect"/><string name="l0" value="rope"/><string name="l1" value="18"/><string name="l2" value="1"/><int name="x" value="2111"/><int name="y" value="344"/><int name="z" value="3"/><int name="f" value="0"/><int name="zM" value="17"/></imgdir><imgdir name="7"><string name="oS" value="connect"/><string name="l0" value="rope"/><string name="l1" value="18"/><string name="l2" value="2"/><int name="x" value="2111"/><int name="y" value="398"/><int name="z" value="3"/><int name="f" value="0"/><int name="zM" value="16"/></imgdir><imgdir name="8"><string name="oS" value="connect"/><string name="l0" value="ladder"/><string name="l1" value="0"/><string name="l2" value="0"/><int name="x" value="2211"/><int name="y" value="460"/><int name="z" value="3"/><int name="f" value="0"/><int name="zM" value="12"/></imgdir><imgdir name="9"><string name="oS" value="connect"/><string name="l0" value="ladder"/><string name="l1" value="0"/><string name="l2" value="1"/><int name="x" value="2208"/><int name="y" value="495"/><int name="z" value="3"/><int name="f" value="0"/><int name="zM" value="12"/></imgdir><imgdir name="10"><string name="oS" value="connect"/><string name="l0" value="ladder"/><string name="l1" value="0"/><string name="l2" value="2"/><int name="x" value="2208"/><int name="y" value="548"/><int name="z" value="3"/><int name="f" value="0"/><int name="zM" value="9"/></imgdir><imgdir name="11"><string name="oS" value="connect"/><string name="l0" value="ladder"/><string name="l1" value="0"/><string name="l2" value="1"/><int name="x" value="2208"/><int name="y" value="596"/><int name="z" value="3"/><int name="f" value="0"/><int name="zM" value="9"/></imgdir><imgdir name="12"><string name="oS" value="connect"/><string name="l0" value="ladder"/><string name="l1" value="0"/><string name="l2" value="3"/><int name="x" value="2208"/><int name="y" value="626"/><int name="z" value="3"/><int name="f" value="0"/><int name="zM" value="9"/></imgdir><imgdir name="13"><string name="oS" value="ShanghaiCN"/><string name="l0" value="field"/><string name="l1" value="artificiality"/><string name="l2" value="0"/><int name="x" value="3078"/><int name="y" value="767"/><int name="z" value="3"/><int name="f" value="0"/><int name="zM" value="5"/></imgdir><imgdir name="14"><string name="oS" value="ShanghaiCN"/><string name="l0" value="field"/><string name="l1" value="artificiality"/><string name="l2" value="3"/><int name="x" value="3007"/><int name="y" value="781"/><int name="z" value="4"/><int name="f" value="0"/><int name="zM" value="5"/></imgdir><imgdir name="15"><string name="oS" value="ShanghaiCN"/><string name="l0" value="field"/><string name="l1" value="artificiality"/><string name="l2" value="2"/><int name="x" value="2745"/><int name="y" value="782"/><int name="z" value="3"/><int name="f" value="0"/><int name="zM" value="2"/></imgdir><imgdir name="16"><string name="oS" value="ShanghaiCN"/><string name="l0" value="field"/><string name="l1" value="artificiality"/><string name="l2" value="1"/><int name="x" value="2790"/><int name="y" value="768"/><int name="z" value="4"/><int name="f" value="0"/><int name="zM" value="2"/></imgdir><imgdir name="17"><string name="oS" value="ShanghaiCN"/><string name="l0" value="field"/><string name="l1" value="artificiality"/><string name="l2" value="0"/><int name="x" value="2418"/><int name="y" value="767"/><int name="z" value="2"/><int name="f" value="0"/><int name="zM" value="4"/></imgdir><imgdir name="18"><string name="oS" value="ShanghaiCN"/><string name="l0" value="field"/><string name="l1" value="artificiality"/><string name="l2" value="10"/><int name="x" value="2298"/><int name="y" value="801"/><int name="z" value="4"/><int name="f" value="0"/><int name="zM" value="6"/></imgdir><imgdir name="19"><string name="oS" value="ShanghaiCN"/><string name="l0" value="field"/><string name="l1" value="artificiality"/><string name="l2" value="1"/><int name="x" value="1884"/><int name="y" value="765"/><int name="z" value="3"/><int name="f" value="0"/><int name="zM" value="3"/></imgdir><imgdir name="20"><string name="oS" value="ShanghaiCN"/><string name="l0" value="field"/><string name="l1" value="artificiality"/><string name="l2" value="4"/><int name="x" value="1908"/><int name="y" value="800"/><int name="z" value="2"/><int name="f" value="0"/><int name="zM" value="3"/></imgdir><imgdir name="21"><string name="oS" value="ShanghaiCN"/><string name="l0" value="field"/><string name="l1" value="artificiality"/><string name="l2" value="3"/><int name="x" value="1822"/><int name="y" value="781"/><int name="z" value="4"/><int name="f" value="0"/><int name="zM" value="3"/></imgdir><imgdir name="22"><string name="oS" value="ShanghaiCN"/><string name="l0" value="field"/><string name="l1" value="artificiality"/><string name="l2" value="17"/><int name="x" value="2988"/><int name="y" value="794"/><int name="z" value="5"/><int name="f" value="0"/><int name="zM" value="5"/></imgdir><imgdir name="23"><string name="oS" value="ShanghaiCN"/><string name="l0" value="field"/><string name="l1" value="artificiality"/><string name="l2" value="16"/><int name="x" value="3016"/><int name="y" value="801"/><int name="z" value="5"/><int name="f" value="0"/><int name="zM" value="5"/></imgdir><imgdir name="24"><string name="oS" value="ShanghaiCN"/><string name="l0" value="field"/><string name="l1" value="artificiality"/><string name="l2" value="17"/><int name="x" value="1919"/><int name="y" value="794"/><int name="z" value="6"/><int name="f" value="0"/><int name="zM" value="3"/></imgdir><imgdir name="25"><string name="oS" value="ShanghaiCN"/><string name="l0" value="field"/><string name="l1" value="artificiality"/><string name="l2" value="15"/><int name="x" value="2724"/><int name="y" value="798"/><int name="z" value="4"/><int name="f" value="0"/><int name="zM" value="2"/></imgdir><imgdir name="26"><string name="oS" value="ShanghaiCN"/><string name="l0" value="field"/><string name="l1" value="artificiality"/><string name="l2" value="17"/><int name="x" value="2708"/><int name="y" value="795"/><int name="z" value="2"/><int name="f" value="0"/><int name="zM" value="2"/></imgdir><imgdir name="27"><string name="oS" value="ShanghaiCN"/><string name="l0" value="field"/><string name="l1" value="artificiality"/><string name="l2" value="15"/><int name="x" value="2412"/><int name="y" value="798"/><int name="z" value="3"/><int name="f" value="0"/><int name="zM" value="4"/></imgdir><imgdir name="28"><string name="oS" value="ShanghaiCN"/><string name="l0" value="field"/><string name="l1" value="artificiality"/><string name="l2" value="16"/><int name="x" value="1872"/><int name="y" value="802"/><int name="z" value="6"/><int name="f" value="0"/><int name="zM" value="3"/></imgdir></imgdir></imgdir><imgdir name="5"><imgdir name="info"><string name="tS" value="ShanghaiField2"/><int name="tSMag" value="1"/></imgdir><imgdir name="tile"><imgdir name="68"><int name="x" value="1980"/><int name="y" value="840"/><string name="u" value="bsc"/><int name="no" value="5"/><int name="zM" value="0"/></imgdir><imgdir name="56"><int name="x" value="1800"/><int name="y" value="960"/><string name="u" value="enH1"/><int name="no" value="0"/><int name="zM" value="0"/></imgdir><imgdir name="48"><int name="x" value="1800"/><int name="y" value="900"/><string name="u" value="bsc"/><int name="no" value="0"/><int name="zM" value="0"/></imgdir><imgdir name="49"><int name="x" value="1800"/><int name="y" value="840"/><string name="u" value="bsc"/><int name="no" value="0"/><int name="zM" value="0"/></imgdir><imgdir name="45"><int name="x" value="2250"/><int name="y" value="960"/><string name="u" value="enH1"/><int name="no" value="2"/><int name="zM" value="0"/></imgdir><imgdir name="50"><int name="x" value="2160"/><int name="y" value="840"/><string name="u" value="enH0"/><int name="no" value="0"/><int name="zM" value="0"/></imgdir><imgdir name="51"><int name="x" value="2340"/><int name="y" value="960"/><string name="u" value="enH1"/><int name="no" value="2"/><int name="zM" value="0"/></imgdir><imgdir name="60"><int name="x" value="2340"/><int name="y" value="900"/><string name="u" value="bsc"/><int name="no" value="2"/><int name="zM" value="0"/></imgdir><imgdir name="57"><int name="x" value="2340"/><int name="y" value="840"/><string name="u" value="enH0"/><int name="no" value="1"/><int name="zM" value="0"/></imgdir><imgdir name="53"><int name="x" value="2160"/><int name="y" value="900"/><string name="u" value="bsc"/><int name="no" value="5"/><int name="zM" value="0"/></imgdir><imgdir name="54"><int name="x" value="2070"/><int name="y" value="900"/><string name="u" value="bsc"/><int name="no" value="5"/><int name="zM" value="0"/></imgdir><imgdir name="64"><int name="x" value="2070"/><int name="y" value="840"/><string name="u" value="enH0"/><int name="no" value="2"/><int name="zM" value="0"/></imgdir><imgdir name="65"><int name="x" value="2250"/><int name="y" value="840"/><string name="u" value="bsc"/><int name="no" value="3"/><int name="zM" value="0"/></imgdir><imgdir name="67"><int name="x" value="2430"/><int name="y" value="960"/><string name="u" value="enH1"/><int name="no" value="0"/><int name="zM" value="0"/></imgdir><imgdir name="66"><int name="x" value="2430"/><int name="y" value="900"/><string name="u" value="bsc"/><int name="no" value="5"/><int name="zM" value="0"/></imgdir><imgdir name="58"><int name="x" value="2520"/><int name="y" value="840"/><string name="u" value="bsc"/><int name="no" value="4"/><int name="zM" value="0"/></imgdir><imgdir name="62"><int name="x" value="2520"/><int name="y" value="960"/><string name="u" value="enH1"/><int name="no" value="0"/><int name="zM" value="0"/></imgdir><imgdir name="63"><int name="x" value="2520"/><int name="y" value="900"/><string name="u" value="bsc"/><int name="no" value="3"/><int name="zM" value="0"/></imgdir><imgdir name="55"><int name="x" value="2430"/><int name="y" value="840"/><string name="u" value="enH0"/><int name="no" value="2"/><int name="zM" value="0"/></imgdir><imgdir name="44"><int name="x" value="2520"/><int name="y" value="840"/><string name="u" value="enH0"/><int name="no" value="2"/><int name="zM" value="0"/></imgdir><imgdir name="38"><int name="x" value="2250"/><int name="y" value="900"/><string name="u" value="bsc"/><int name="no" value="2"/><int name="zM" value="0"/></imgdir><imgdir name="40"><int name="x" value="2340"/><int name="y" value="840"/><string name="u" value="bsc"/><int name="no" value="4"/><int name="zM" value="0"/></imgdir><imgdir name="41"><int name="x" value="2250"/><int name="y" value="840"/><string name="u" value="enH0"/><int name="no" value="1"/><int name="zM" value="0"/></imgdir><imgdir name="9"><int name="x" value="2430"/><int name="y" value="840"/><string name="u" value="bsc"/><int name="no" value="0"/><int name="zM" value="0"/></imgdir><imgdir name="36"><int name="x" value="1980"/><int name="y" value="840"/><string name="u" value="enH0"/><int name="no" value="0"/><int name="zM" value="0"/></imgdir><imgdir name="42"><int name="x" value="1890"/><int name="y" value="960"/><string name="u" value="enH1"/><int name="no" value="0"/><int name="zM" value="0"/></imgdir><imgdir name="20"><int name="x" value="2160"/><int name="y" value="840"/><string name="u" value="bsc"/><int name="no" value="0"/><int name="zM" value="0"/></imgdir><imgdir name="43"><int name="x" value="2070"/><int name="y" value="840"/><string name="u" value="bsc"/><int name="no" value="1"/><int name="zM" value="0"/></imgdir><imgdir name="46"><int name="x" value="2610"/><int name="y" value="900"/><string name="u" value="bsc"/><int name="no" value="2"/><int name="zM" value="0"/></imgdir><imgdir name="39"><int name="x" value="2610"/><int name="y" value="840"/><string name="u" value="bsc"/><int name="no" value="5"/><int name="zM" value="0"/></imgdir><imgdir name="52"><int name="x" value="2700"/><int name="y" value="900"/><string name="u" value="bsc"/><int name="no" value="4"/><int name="zM" value="0"/></imgdir><imgdir name="61"><int name="x" value="2700"/><int name="y" value="840"/><string name="u" value="bsc"/><int name="no" value="2"/><int name="zM" value="0"/></imgdir><imgdir name="14"><int name="x" value="2610"/><int name="y" value="960"/><string name="u" value="enH1"/><int name="no" value="0"/><int name="zM" value="0"/></imgdir><imgdir name="47"><int name="x" value="2610"/><int name="y" value="840"/><string name="u" value="enH0"/><int name="no" value="0"/><int name="zM" value="0"/></imgdir><imgdir name="12"><int name="x" value="2700"/><int name="y" value="960"/><string name="u" value="enH1"/><int name="no" value="0"/><int name="zM" value="0"/></imgdir><imgdir name="35"><int name="x" value="2700"/><int name="y" value="840"/><string name="u" value="enH0"/><int name="no" value="1"/><int name="zM" value="0"/></imgdir><imgdir name="34"><int name="x" value="2790"/><int name="y" value="900"/><string name="u" value="bsc"/><int name="no" value="1"/><int name="zM" value="0"/></imgdir><imgdir name="15"><int name="x" value="2790"/><int name="y" value="960"/><string name="u" value="enH1"/><int name="no" value="2"/><int name="zM" value="0"/></imgdir><imgdir name="19"><int name="x" value="2790"/><int name="y" value="840"/><string name="u" value="bsc"/><int name="no" value="0"/><int name="zM" value="0"/></imgdir><imgdir name="37"><int name="x" value="2880"/><int name="y" value="840"/><string name="u" value="bsc"/><int name="no" value="0"/><int name="zM" value="0"/></imgdir><imgdir name="24"><int name="x" value="2880"/><int name="y" value="960"/><string name="u" value="enH1"/><int name="no" value="2"/><int name="zM" value="0"/></imgdir><imgdir name="30"><int name="x" value="2880"/><int name="y" value="840"/><string name="u" value="enH0"/><int name="no" value="2"/><int name="zM" value="0"/></imgdir><imgdir name="13"><int name="x" value="2970"/><int name="y" value="840"/><string name="u" value="enH0"/><int name="no" value="2"/><int name="zM" value="0"/></imgdir><imgdir name="23"><int name="x" value="3060"/><int name="y" value="840"/><string name="u" value="bsc"/><int name="no" value="5"/><int name="zM" value="0"/></imgdir><imgdir name="11"><int name="x" value="3060"/><int name="y" value="900"/><string name="u" value="bsc"/><int name="no" value="0"/><int name="zM" value="0"/></imgdir><imgdir name="69"><int name="x" value="3060"/><int name="y" value="960"/><string name="u" value="enH1"/><int name="no" value="1"/><int name="zM" value="0"/></imgdir><imgdir name="59"><int name="x" value="2880"/><int name="y" value="900"/><string name="u" value="bsc"/><int name="no" value="0"/><int name="zM" value="0"/></imgdir><imgdir name="3"><int name="x" value="2970"/><int name="y" value="960"/><string name="u" value="enH1"/><int name="no" value="1"/><int name="zM" value="0"/></imgdir><imgdir name="4"><int name="x" value="3060"/><int name="y" value="840"/><string name="u" value="enH0"/><int name="no" value="1"/><int name="zM" value="0"/></imgdir><imgdir name="33"><int name="x" value="1620"/><int name="y" value="900"/><string name="u" value="bsc"/><int name="no" value="3"/><int name="zM" value="0"/></imgdir><imgdir name="32"><int name="x" value="1620"/><int name="y" value="960"/><string name="u" value="enH1"/><int name="no" value="2"/><int name="zM" value="0"/></imgdir><imgdir name="28"><int name="x" value="2790"/><int name="y" value="840"/><string name="u" value="enH0"/><int name="no" value="2"/><int name="zM" value="0"/></imgdir><imgdir name="2"><int name="x" value="2160"/><int name="y" value="960"/><string name="u" value="enH1"/><int name="no" value="0"/><int name="zM" value="0"/></imgdir><imgdir name="17"><int name="x" value="1620"/><int name="y" value="840"/><string name="u" value="enH0"/><int name="no" value="0"/><int name="zM" value="0"/></imgdir><imgdir name="1"><int name="x" value="1620"/><int name="y" value="840"/><string name="u" value="bsc"/><int name="no" value="0"/><int name="zM" value="0"/></imgdir><imgdir name="6"><int name="x" value="1710"/><int name="y" value="840"/><string name="u" value="enH0"/><int name="no" value="2"/><int name="zM" value="0"/></imgdir><imgdir name="0"><int name="x" value="1800"/><int name="y" value="840"/><string name="u" value="enH0"/><int name="no" value="2"/><int name="zM" value="0"/></imgdir><imgdir name="70"><int name="x" value="1890"/><int name="y" value="840"/><string name="u" value="enH0"/><int name="no" value="1"/><int name="zM" value="0"/></imgdir><imgdir name="5"><int name="x" value="1980"/><int name="y" value="960"/><string name="u" value="enH1"/><int name="no" value="2"/><int name="zM" value="0"/></imgdir><imgdir name="31"><int name="x" value="1980"/><int name="y" value="900"/><string name="u" value="bsc"/><int name="no" value="5"/><int name="zM" value="0"/></imgdir><imgdir name="8"><int name="x" value="2970"/><int name="y" value="900"/><string name="u" value="bsc"/><int name="no" value="1"/><int name="zM" value="0"/></imgdir><imgdir name="10"><int name="x" value="1890"/><int name="y" value="840"/><string name="u" value="bsc"/><int name="no" value="4"/><int name="zM" value="0"/></imgdir><imgdir name="7"><int name="x" value="2970"/><int name="y" value="840"/><string name="u" value="bsc"/><int name="no" value="4"/><int name="zM" value="0"/></imgdir><imgdir name="29"><int name="x" value="2070"/><int name="y" value="960"/><string name="u" value="enH1"/><int name="no" value="2"/><int name="zM" value="0"/></imgdir><imgdir name="26"><int name="x" value="1890"/><int name="y" value="900"/><string name="u" value="bsc"/><int name="no" value="4"/><int name="zM" value="0"/></imgdir><imgdir name="27"><int name="x" value="1710"/><int name="y" value="900"/><string name="u" value="bsc"/><int name="no" value="0"/><int name="zM" value="0"/></imgdir><imgdir name="71"><int name="x" value="1710"/><int name="y" value="840"/><string name="u" value="bsc"/><int name="no" value="3"/><int name="zM" value="0"/></imgdir><imgdir name="25"><int name="x" value="1710"/><int name="y" value="960"/><string name="u" value="enH1"/><int name="no" value="1"/><int name="zM" value="0"/></imgdir><imgdir name="75"><int name="x" value="1530"/><int name="y" value="960"/><string name="u" value="enH1"/><int name="no" value="1"/><int name="zM" value="0"/></imgdir><imgdir name="74"><int name="x" value="1530"/><int name="y" value="900"/><string name="u" value="bsc"/><int name="no" value="0"/><int name="zM" value="0"/></imgdir><imgdir name="72"><int name="x" value="1530"/><int name="y" value="840"/><string name="u" value="bsc"/><int name="no" value="2"/><int name="zM" value="0"/></imgdir><imgdir name="77"><int name="x" value="1530"/><int name="y" value="840"/><string name="u" value="enH0"/><int name="no" value="1"/><int name="zM" value="0"/></imgdir><imgdir name="81"><int name="x" value="1440"/><int name="y" value="840"/><string name="u" value="enH0"/><int name="no" value="1"/><int name="zM" value="0"/></imgdir><imgdir name="83"><int name="x" value="1260"/><int name="y" value="840"/><string name="u" value="enH0"/><int name="no" value="1"/><int name="zM" value="0"/></imgdir><imgdir name="79"><int name="x" value="1440"/><int name="y" value="960"/><string name="u" value="enH1"/><int name="no" value="1"/><int name="zM" value="0"/></imgdir><imgdir name="80"><int name="x" value="1440"/><int name="y" value="840"/><string name="u" value="bsc"/><int name="no" value="5"/><int name="zM" value="0"/></imgdir><imgdir name="78"><int name="x" value="1440"/><int name="y" value="900"/><string name="u" value="bsc"/><int name="no" value="5"/><int name="zM" value="0"/></imgdir><imgdir name="82"><int name="x" value="1260"/><int name="y" value="840"/><string name="u" value="bsc"/><int name="no" value="5"/><int name="zM" value="0"/></imgdir><imgdir name="76"><int name="x" value="1350"/><int name="y" value="840"/><string name="u" value="bsc"/><int name="no" value="5"/><int name="zM" value="0"/></imgdir><imgdir name="73"><int name="x" value="1260"/><int name="y" value="900"/><string name="u" value="bsc"/><int name="no" value="3"/><int name="zM" value="0"/></imgdir><imgdir name="85"><int name="x" value="1260"/><int name="y" value="960"/><string name="u" value="enH1"/><int name="no" value="1"/><int name="zM" value="0"/></imgdir><imgdir name="87"><int name="x" value="1350"/><int name="y" value="900"/><string name="u" value="bsc"/><int name="no" value="1"/><int name="zM" value="0"/></imgdir><imgdir name="86"><int name="x" value="1170"/><int name="y" value="900"/><string name="u" value="bsc"/><int name="no" value="0"/><int name="zM" value="0"/></imgdir><imgdir name="84"><int name="x" value="1350"/><int name="y" value="960"/><string name="u" value="enH1"/><int name="no" value="0"/><int name="zM" value="0"/></imgdir><imgdir name="22"><int name="x" value="1170"/><int name="y" value="960"/><string name="u" value="enH1"/><int name="no" value="1"/><int name="zM" value="0"/></imgdir><imgdir name="16"><int name="x" value="1170"/><int name="y" value="840"/><string name="u" value="bsc"/><int name="no" value="3"/><int name="zM" value="0"/></imgdir><imgdir name="21"><int name="x" value="1170"/><int name="y" value="840"/><string name="u" value="enH0"/><int name="no" value="1"/><int name="zM" value="0"/></imgdir><imgdir name="18"><int name="x" value="1350"/><int name="y" value="840"/><string name="u" value="enH0"/><int name="no" value="2"/><int name="zM" value="0"/></imgdir></imgdir><imgdir name="obj"></imgdir></imgdir><imgdir name="6"><imgdir name="info"></imgdir><imgdir name="tile"></imgdir><imgdir name="obj"></imgdir></imgdir><imgdir name="7"><imgdir name="info"></imgdir><imgdir name="tile"></imgdir><imgdir name="obj"></imgdir></imgdir><imgdir name="foothold"><imgdir name="3"><imgdir name="19"><imgdir name="1"><int name="x1" value="1980"/><int name="y1" value="229"/><int name="x2" value="2012"/><int name="y2" value="229"/><int name="prev" value="6"/><int name="next" value="7"/></imgdir><imgdir name="2"><int name="x1" value="2128"/><int name="y1" value="229"/><int name="x2" value="2192"/><int name="y2" value="229"/><int name="prev" value="4"/><int name="next" value="3"/></imgdir><imgdir name="3"><int name="x1" value="2192"/><int name="y1" value="229"/><int name="x2" value="2192"/><int name="y2" value="240"/><int name="prev" value="2"/><int name="next" value="0"/></imgdir><imgdir name="4"><int name="x1" value="2070"/><int name="y1" value="229"/><int name="x2" value="2128"/><int name="y2" value="229"/><int name="prev" value="7"/><int name="next" value="2"/></imgdir><imgdir name="5"><int name="x1" value="1948"/><int name="y1" value="240"/><int name="x2" value="1948"/><int name="y2" value="229"/><int name="prev" value="0"/><int name="next" value="6"/></imgdir><imgdir name="6"><int name="x1" value="1948"/><int name="y1" value="229"/><int name="x2" value="1980"/><int name="y2" value="229"/><int name="prev" value="5"/><int name="next" value="1"/></imgdir><imgdir name="7"><int name="x1" value="2012"/><int name="y1" value="229"/><int name="x2" value="2070"/><int name="y2" value="229"/><int name="prev" value="1"/><int name="next" value="4"/></imgdir></imgdir><imgdir name="10"><imgdir name="8"><int name="x1" value="1678"/><int name="y1" value="480"/><int name="x2" value="1678"/><int name="y2" value="469"/><int name="prev" value="10"/><int name="next" value="9"/></imgdir><imgdir name="9"><int name="x1" value="1678"/><int name="y1" value="469"/><int name="x2" value="1742"/><int name="y2" value="469"/><int name="prev" value="8"/><int name="next" value="11"/></imgdir><imgdir name="10"><int name="x1" value="1678"/><int name="y1" value="540"/><int name="x2" value="1678"/><int name="y2" value="480"/><int name="prev" value="0"/><int name="next" value="8"/></imgdir><imgdir name="11"><int name="x1" value="1742"/><int name="y1" value="469"/><int name="x2" value="1800"/><int name="y2" value="469"/><int name="prev" value="9"/><int name="next" value="21"/></imgdir><imgdir name="12"><int name="x1" value="2430"/><int name="y1" value="469"/><int name="x2" value="2488"/><int name="y2" value="469"/><int name="prev" value="13"/><int name="next" value="14"/></imgdir><imgdir name="13"><int name="x1" value="2340"/><int name="y1" value="469"/><int name="x2" value="2430"/><int name="y2" value="469"/><int name="prev" value="22"/><int name="next" value="12"/></imgdir><imgdir name="14"><int name="x1" value="2488"/><int name="y1" value="469"/><int name="x2" value="2520"/><int name="y2" value="469"/><int name="prev" value="12"/><int name="next" value="15"/></imgdir><imgdir name="15"><int name="x1" value="2520"/><int name="y1" value="469"/><int name="x2" value="2552"/><int name="y2" value="469"/><int name="prev" value="14"/><int name="next" value="16"/></imgdir><imgdir name="16"><int name="x1" value="2552"/><int name="y1" value="469"/><int name="x2" value="2552"/><int name="y2" value="480"/><int name="prev" value="15"/><int name="next" value="23"/></imgdir><imgdir name="17"><int name="x1" value="2070"/><int name="y1" value="469"/><int name="x2" value="2160"/><int name="y2" value="469"/><int name="prev" value="19"/><int name="next" value="18"/></imgdir><imgdir name="18"><int name="x1" value="2160"/><int name="y1" value="469"/><int name="x2" value="2250"/><int name="y2" value="469"/><int name="prev" value="17"/><int name="next" value="22"/></imgdir><imgdir name="19"><int name="x1" value="1980"/><int name="y1" value="469"/><int name="x2" value="2070"/><int name="y2" value="469"/><int name="prev" value="20"/><int name="next" value="17"/></imgdir><imgdir name="20"><int name="x1" value="1890"/><int name="y1" value="469"/><int name="x2" value="1980"/><int name="y2" value="469"/><int name="prev" value="21"/><int name="next" value="19"/></imgdir><imgdir name="21"><int name="x1" value="1800"/><int name="y1" value="469"/><int name="x2" value="1890"/><int name="y2" value="469"/><int name="prev" value="11"/><int name="next" value="20"/></imgdir><imgdir name="22"><int name="x1" value="2250"/><int name="y1" value="469"/><int name="x2" value="2340"/><int name="y2" value="469"/><int name="prev" value="18"/><int name="next" value="13"/></imgdir><imgdir name="23"><int name="x1" value="2552"/><int name="y1" value="480"/><int name="x2" value="2552"/><int name="y2" value="540"/><int name="prev" value="16"/><int name="next" value="0"/></imgdir></imgdir><imgdir name="1"><imgdir name="24"><int name="x1" value="3060"/><int name="y1" value="529"/><int name="x2" value="3150"/><int name="y2" value="529"/><int name="prev" value="27"/><int name="next" value="0"/></imgdir><imgdir name="25"><int name="x1" value="2938"/><int name="y1" value="540"/><int name="x2" value="2938"/><int name="y2" value="529"/><int name="prev" value="31"/><int name="next" value="26"/></imgdir><imgdir name="26"><int name="x1" value="2938"/><int name="y1" value="529"/><int name="x2" value="3002"/><int name="y2" value="529"/><int name="prev" value="25"/><int name="next" value="27"/></imgdir><imgdir name="27"><int name="x1" value="3002"/><int name="y1" value="529"/><int name="x2" value="3060"/><int name="y2" value="529"/><int name="prev" value="26"/><int name="next" value="24"/></imgdir><imgdir name="28"><int name="x1" value="2848"/><int name="y1" value="600"/><int name="x2" value="2848"/><int name="y2" value="589"/><int name="prev" value="36"/><int name="next" value="29"/></imgdir><imgdir name="29"><int name="x1" value="2848"/><int name="y1" value="589"/><int name="x2" value="2912"/><int name="y2" value="589"/><int name="prev" value="28"/><int name="next" value="30"/></imgdir><imgdir name="30"><int name="x1" value="2912"/><int name="y1" value="589"/><int name="x2" value="2938"/><int name="y2" value="589"/><int name="prev" value="29"/><int name="next" value="31"/></imgdir><imgdir name="31"><int name="x1" value="2938"/><int name="y1" value="589"/><int name="x2" value="2938"/><int name="y2" value="540"/><int name="prev" value="30"/><int name="next" value="25"/></imgdir><imgdir name="32"><int name="x1" value="2790"/><int name="y1" value="649"/><int name="x2" value="2822"/><int name="y2" value="649"/><int name="prev" value="34"/><int name="next" value="35"/></imgdir><imgdir name="33"><int name="x1" value="2758"/><int name="y1" value="660"/><int name="x2" value="2758"/><int name="y2" value="649"/><int name="prev" value="45"/><int name="next" value="34"/></imgdir><imgdir name="34"><int name="x1" value="2758"/><int name="y1" value="649"/><int name="x2" value="2790"/><int name="y2" value="649"/><int name="prev" value="33"/><int name="next" value="32"/></imgdir><imgdir name="35"><int name="x1" value="2822"/><int name="y1" value="649"/><int name="x2" value="2848"/><int name="y2" value="649"/><int name="prev" value="32"/><int name="next" value="36"/></imgdir><imgdir name="36"><int name="x1" value="2848"/><int name="y1" value="649"/><int name="x2" value="2848"/><int name="y2" value="600"/><int name="prev" value="35"/><int name="next" value="28"/></imgdir><imgdir name="37"><int name="x1" value="2668"/><int name="y1" value="720"/><int name="x2" value="2668"/><int name="y2" value="709"/><int name="prev" value="46"/><int name="next" value="38"/></imgdir><imgdir name="38"><int name="x1" value="2668"/><int name="y1" value="709"/><int name="x2" value="2732"/><int name="y2" value="709"/><int name="prev" value="37"/><int name="next" value="44"/></imgdir><imgdir name="39"><int name="x1" value="2610"/><int name="y1" value="769"/><int name="x2" value="2642"/><int name="y2" value="769"/><int name="prev" value="41"/><int name="next" value="42"/></imgdir><imgdir name="40"><int name="x1" value="2578"/><int name="y1" value="780"/><int name="x2" value="2578"/><int name="y2" value="769"/><int name="prev" value="43"/><int name="next" value="41"/></imgdir><imgdir name="41"><int name="x1" value="2578"/><int name="y1" value="769"/><int name="x2" value="2610"/><int name="y2" value="769"/><int name="prev" value="40"/><int name="next" value="39"/></imgdir><imgdir name="42"><int name="x1" value="2642"/><int name="y1" value="769"/><int name="x2" value="2668"/><int name="y2" value="769"/><int name="prev" value="39"/><int name="next" value="46"/></imgdir><imgdir name="43"><int name="x1" value="2578"/><int name="y1" value="840"/><int name="x2" value="2578"/><int name="y2" value="780"/><int name="prev" value="47"/><int name="next" value="40"/></imgdir><imgdir name="44"><int name="x1" value="2732"/><int name="y1" value="709"/><int name="x2" value="2758"/><int name="y2" value="709"/><int name="prev" value="38"/><int name="next" value="45"/></imgdir><imgdir name="45"><int name="x1" value="2758"/><int name="y1" value="709"/><int name="x2" value="2758"/><int name="y2" value="660"/><int name="prev" value="44"/><int name="next" value="33"/></imgdir><imgdir name="46"><int name="x1" value="2668"/><int name="y1" value="769"/><int name="x2" value="2668"/><int name="y2" value="720"/><int name="prev" value="42"/><int name="next" value="37"/></imgdir><imgdir name="47"><int name="x1" value="2578"/><int name="y1" value="900"/><int name="x2" value="2578"/><int name="y2" value="840"/><int name="prev" value="0"/><int name="next" value="43"/></imgdir></imgdir></imgdir><imgdir name="5"><imgdir name="0"><imgdir name="48"><int name="x1" value="1800"/><int name="y1" value="823"/><int name="x2" value="1890"/><int name="y2" value="823"/><int name="prev" value="50"/><int name="next" value="66"/></imgdir><imgdir name="49"><int name="x1" value="3060"/><int name="y1" value="823"/><int name="x2" value="3150"/><int name="y2" value="823"/><int name="prev" value="51"/><int name="next" value="0"/></imgdir><imgdir name="50"><int name="x1" value="1710"/><int name="y1" value="823"/><int name="x2" value="1800"/><int name="y2" value="823"/><int name="prev" value="52"/><int name="next" value="48"/></imgdir><imgdir name="51"><int name="x1" value="2970"/><int name="y1" value="823"/><int name="x2" value="3060"/><int name="y2" value="823"/><int name="prev" value="56"/><int name="next" value="49"/></imgdir><imgdir name="52"><int name="x1" value="1620"/><int name="y1" value="823"/><int name="x2" value="1710"/><int name="y2" value="823"/><int name="prev" value="67"/><int name="next" value="50"/></imgdir><imgdir name="53"><int name="x1" value="1350"/><int name="y1" value="823"/><int name="x2" value="1440"/><int name="y2" value="823"/><int name="prev" value="69"/><int name="next" value="68"/></imgdir><imgdir name="54"><int name="x1" value="1170"/><int name="y1" value="823"/><int name="x2" value="1260"/><int name="y2" value="823"/><int name="prev" value="0"/><int name="next" value="69"/></imgdir><imgdir name="55"><int name="x1" value="2790"/><int name="y1" value="823"/><int name="x2" value="2880"/><int name="y2" value="823"/><int name="prev" value="57"/><int name="next" value="56"/></imgdir><imgdir name="56"><int name="x1" value="2880"/><int name="y1" value="823"/><int name="x2" value="2970"/><int name="y2" value="823"/><int name="prev" value="55"/><int name="next" value="51"/></imgdir><imgdir name="57"><int name="x1" value="2700"/><int name="y1" value="823"/><int name="x2" value="2790"/><int name="y2" value="823"/><int name="prev" value="61"/><int name="next" value="55"/></imgdir><imgdir name="58"><int name="x1" value="1980"/><int name="y1" value="823"/><int name="x2" value="2070"/><int name="y2" value="823"/><int name="prev" value="66"/><int name="next" value="65"/></imgdir><imgdir name="59"><int name="x1" value="2250"/><int name="y1" value="823"/><int name="x2" value="2340"/><int name="y2" value="823"/><int name="prev" value="62"/><int name="next" value="64"/></imgdir><imgdir name="60"><int name="x1" value="2520"/><int name="y1" value="823"/><int name="x2" value="2610"/><int name="y2" value="823"/><int name="prev" value="63"/><int name="next" value="61"/></imgdir><imgdir name="61"><int name="x1" value="2610"/><int name="y1" value="823"/><int name="x2" value="2700"/><int name="y2" value="823"/><int name="prev" value="60"/><int name="next" value="57"/></imgdir><imgdir name="62"><int name="x1" value="2160"/><int name="y1" value="823"/><int name="x2" value="2250"/><int name="y2" value="823"/><int name="prev" value="65"/><int name="next" value="59"/></imgdir><imgdir name="63"><int name="x1" value="2430"/><int name="y1" value="823"/><int name="x2" value="2520"/><int name="y2" value="823"/><int name="prev" value="64"/><int name="next" value="60"/></imgdir><imgdir name="64"><int name="x1" value="2340"/><int name="y1" value="823"/><int name="x2" value="2430"/><int name="y2" value="823"/><int name="prev" value="59"/><int name="next" value="63"/></imgdir><imgdir name="65"><int name="x1" value="2070"/><int name="y1" value="823"/><int name="x2" value="2160"/><int name="y2" value="823"/><int name="prev" value="58"/><int name="next" value="62"/></imgdir><imgdir name="66"><int name="x1" value="1890"/><int name="y1" value="823"/><int name="x2" value="1980"/><int name="y2" value="823"/><int name="prev" value="48"/><int name="next" value="58"/></imgdir><imgdir name="67"><int name="x1" value="1530"/><int name="y1" value="823"/><int name="x2" value="1620"/><int name="y2" value="823"/><int name="prev" value="68"/><int name="next" value="52"/></imgdir><imgdir name="68"><int name="x1" value="1440"/><int name="y1" value="823"/><int name="x2" value="1530"/><int name="y2" value="823"/><int name="prev" value="53"/><int name="next" value="67"/></imgdir><imgdir name="69"><int name="x1" value="1260"/><int name="y1" value="823"/><int name="x2" value="1350"/><int name="y2" value="823"/><int name="prev" value="54"/><int name="next" value="53"/></imgdir></imgdir></imgdir><imgdir name="4"><imgdir name="6"><imgdir name="70"><int name="x1" value="2153"/><int name="y1" value="696"/><int name="x2" value="2275"/><int name="y2" value="691"/><int name="prev" value="0"/><int name="next" value="0"/></imgdir><imgdir name="71"><int name="x1" value="2090"/><int name="y1" value="780"/><int name="x2" value="2133"/><int name="y2" value="780"/><int name="prev" value="73"/><int name="next" value="0"/></imgdir><imgdir name="72"><int name="x1" value="2050"/><int name="y1" value="738"/><int name="x2" value="2114"/><int name="y2" value="738"/><int name="prev" value="0"/><int name="next" value="0"/></imgdir></imgdir><imgdir name="7"><imgdir name="73"><int name="x1" value="2026"/><int name="y1" value="780"/><int name="x2" value="2090"/><int name="y2" value="780"/><int name="prev" value="0"/><int name="next" value="71"/></imgdir></imgdir></imgdir></imgdir><imgdir name="ladderRope"><imgdir name="1"><int name="l" value="0"/><int name="uf" value="1"/><int name="x" value="2111"/><int name="y1" value="231"/><int name="y2" value="445"/><int name="page" value="4"/></imgdir><imgdir name="2"><int name="l" value="1"/><int name="uf" value="1"/><int name="x" value="2208"/><int name="y1" value="471"/><int name="y2" value="655"/><int name="page" value="4"/></imgdir></imgdir><imgdir name="miniMap"><canvas name="canvas" width="133" height="68"></canvas><int name="width" value="2132"/><int name="height" value="1096"/><int name="centerX" value="-1108"/><int name="centerY" value="42"/><int name="mag" value="4"/></imgdir><imgdir name="portal"><imgdir name="0"><string name="pn" value="sp"/><int name="pt" value="0"/><int name="x" value="1954"/><int name="y" value="795"/><int name="tm" value="999999999"/><string name="tn" value=""/></imgdir></imgdir></imgdir>