<?xml version="1.0" encoding="UTF-8" standalone="yes"?><imgdir name="701000100.img"><imgdir name="info"><string name="bgm" value="BgmCN/GoShanghai"/><int name="cloud" value="0"/><int name="swim" value="0"/><int name="forcedReturn" value="999999999"/><int name="hideMinimap" value="0"/><string name="mapMark" value="ShangHai"/><float name="mobRate" value="1.0"/><int name="returnMap" value="701000000"/><int name="town" value="1"/><int name="version" value="10"/><int name="fieldLimit" value="0"/><int name="VRLeft" value="1327"/><int name="VRRight" value="3377"/><int name="VRTop" value="-812"/><int name="VRBottom" value="410"/></imgdir><imgdir name="miniMap"><canvas name="canvas" width="128" height="69"></canvas><int name="width" value="2048"/><int name="height" value="1105"/><int name="centerX" value="-1331"/><int name="centerY" value="564"/><int name="mag" value="4"/></imgdir><imgdir name="0"><imgdir name="info"></imgdir><imgdir name="obj"></imgdir><imgdir name="tile"></imgdir></imgdir><imgdir name="1"><imgdir name="info"><string name="tS" value="ShanghaiCN"/></imgdir><imgdir name="obj"><imgdir name="0"><int name="x" value="3410"/><int name="y" value="244"/><int name="z" value="3"/><int name="zM" value="17"/><string name="oS" value="ShanghaiCN"/><string name="l0" value="waitan"/><string name="l1" value="bridge"/><string name="l2" value="4"/><int name="f" value="0"/></imgdir><imgdir name="1"><int name="x" value="3320"/><int name="y" value="244"/><int name="z" value="3"/><int name="zM" value="17"/><string name="oS" value="ShanghaiCN"/><string name="l0" value="waitan"/><string name="l1" value="bridge"/><string name="l2" value="2"/><int name="f" value="0"/></imgdir><imgdir name="2"><int name="x" value="3140"/><int name="y" value="244"/><int name="z" value="3"/><int name="zM" value="17"/><string name="oS" value="ShanghaiCN"/><string name="l0" value="waitan"/><string name="l1" value="bridge"/><string name="l2" value="4"/><int name="f" value="0"/></imgdir><imgdir name="3"><int name="x" value="3230"/><int name="y" value="244"/><int name="z" value="3"/><int name="zM" value="17"/><string name="oS" value="ShanghaiCN"/><string name="l0" value="waitan"/><string name="l1" value="bridge"/><string name="l2" value="3"/><int name="f" value="0"/></imgdir><imgdir name="4"><int name="x" value="3590"/><int name="y" value="244"/><int name="z" value="3"/><int name="zM" value="17"/><string name="oS" value="ShanghaiCN"/><string name="l0" value="waitan"/><string name="l1" value="bridge"/><string name="l2" value="4"/><int name="f" value="0"/></imgdir><imgdir name="5"><int name="x" value="3500"/><int name="y" value="244"/><int name="z" value="3"/><int name="zM" value="17"/><string name="oS" value="ShanghaiCN"/><string name="l0" value="waitan"/><string name="l1" value="bridge"/><string name="l2" value="4"/><int name="f" value="0"/></imgdir></imgdir><imgdir name="tile"><imgdir name="0"><int name="x" value="3240"/><int name="y" value="300"/><int name="zM" value="17"/><string name="u" value="bsc"/><int name="no" value="1"/></imgdir><imgdir name="1"><int name="x" value="3330"/><int name="y" value="480"/><int name="zM" value="17"/><string name="u" value="enH1"/><int name="no" value="0"/></imgdir><imgdir name="2"><int name="x" value="3060"/><int name="y" value="300"/><int name="zM" value="17"/><string name="u" value="enH0"/><int name="no" value="0"/></imgdir><imgdir name="3"><int name="x" value="3420"/><int name="y" value="300"/><int name="zM" value="17"/><string name="u" value="enH0"/><int name="no" value="0"/></imgdir><imgdir name="4"><int name="x" value="3330"/><int name="y" value="420"/><int name="zM" value="17"/><string name="u" value="bsc"/><int name="no" value="3"/></imgdir><imgdir name="5"><int name="x" value="3420"/><int name="y" value="360"/><int name="zM" value="17"/><string name="u" value="bsc"/><int name="no" value="3"/></imgdir><imgdir name="6"><int name="x" value="3060"/><int name="y" value="360"/><int name="zM" value="17"/><string name="u" value="bsc"/><int name="no" value="3"/></imgdir><imgdir name="7"><int name="x" value="3510"/><int name="y" value="420"/><int name="zM" value="17"/><string name="u" value="bsc"/><int name="no" value="2"/></imgdir><imgdir name="8"><int name="x" value="3150"/><int name="y" value="420"/><int name="zM" value="17"/><string name="u" value="bsc"/><int name="no" value="2"/></imgdir><imgdir name="9"><int name="x" value="3420"/><int name="y" value="420"/><int name="zM" value="17"/><string name="u" value="bsc"/><int name="no" value="3"/></imgdir><imgdir name="10"><int name="x" value="3060"/><int name="y" value="420"/><int name="zM" value="17"/><string name="u" value="bsc"/><int name="no" value="3"/></imgdir><imgdir name="11"><int name="x" value="3240"/><int name="y" value="360"/><int name="zM" value="17"/><string name="u" value="bsc"/><int name="no" value="0"/></imgdir><imgdir name="12"><int name="x" value="3240"/><int name="y" value="420"/><int name="zM" value="17"/><string name="u" value="bsc"/><int name="no" value="1"/></imgdir><imgdir name="13"><int name="x" value="3330"/><int name="y" value="300"/><int name="zM" value="17"/><string name="u" value="bsc"/><int name="no" value="0"/></imgdir><imgdir name="14"><int name="x" value="3060"/><int name="y" value="480"/><int name="zM" value="17"/><string name="u" value="enH1"/><int name="no" value="1"/></imgdir><imgdir name="15"><int name="x" value="3420"/><int name="y" value="480"/><int name="zM" value="17"/><string name="u" value="enH1"/><int name="no" value="1"/></imgdir><imgdir name="16"><int name="x" value="3420"/><int name="y" value="300"/><int name="zM" value="17"/><string name="u" value="bsc"/><int name="no" value="0"/></imgdir><imgdir name="17"><int name="x" value="3060"/><int name="y" value="300"/><int name="zM" value="17"/><string name="u" value="bsc"/><int name="no" value="0"/></imgdir><imgdir name="18"><int name="x" value="3240"/><int name="y" value="480"/><int name="zM" value="17"/><string name="u" value="enH1"/><int name="no" value="1"/></imgdir><imgdir name="19"><int name="x" value="3330"/><int name="y" value="300"/><int name="zM" value="17"/><string name="u" value="enH0"/><int name="no" value="0"/></imgdir><imgdir name="20"><int name="x" value="3150"/><int name="y" value="300"/><int name="zM" value="17"/><string name="u" value="bsc"/><int name="no" value="0"/></imgdir><imgdir name="21"><int name="x" value="3510"/><int name="y" value="300"/><int name="zM" value="17"/><string name="u" value="bsc"/><int name="no" value="0"/></imgdir><imgdir name="22"><int name="x" value="3330"/><int name="y" value="360"/><int name="zM" value="17"/><string name="u" value="bsc"/><int name="no" value="2"/></imgdir><imgdir name="23"><int name="x" value="3510"/><int name="y" value="300"/><int name="zM" value="17"/><string name="u" value="enH0"/><int name="no" value="0"/></imgdir><imgdir name="24"><int name="x" value="3150"/><int name="y" value="300"/><int name="zM" value="17"/><string name="u" value="enH0"/><int name="no" value="0"/></imgdir><imgdir name="25"><int name="x" value="3150"/><int name="y" value="360"/><int name="zM" value="17"/><string name="u" value="bsc"/><int name="no" value="0"/></imgdir><imgdir name="26"><int name="x" value="3510"/><int name="y" value="360"/><int name="zM" value="17"/><string name="u" value="bsc"/><int name="no" value="0"/></imgdir><imgdir name="27"><int name="x" value="3240"/><int name="y" value="300"/><int name="zM" value="17"/><string name="u" value="enH0"/><int name="no" value="1"/></imgdir><imgdir name="28"><int name="x" value="3150"/><int name="y" value="480"/><int name="zM" value="17"/><string name="u" value="enH1"/><int name="no" value="0"/></imgdir><imgdir name="29"><int name="x" value="3510"/><int name="y" value="480"/><int name="zM" value="17"/><string name="u" value="enH1"/><int name="no" value="0"/></imgdir></imgdir></imgdir><imgdir name="2"><imgdir name="info"></imgdir><imgdir name="obj"><imgdir name="0"><int name="x" value="3050"/><int name="y" value="244"/><int name="z" value="3"/><int name="zM" value="1"/><string name="oS" value="ShanghaiCN"/><string name="l0" value="waitan"/><string name="l1" value="bridge"/><string name="l2" value="10"/><int name="f" value="0"/></imgdir><imgdir name="1"><int name="x" value="2870"/><int name="y" value="244"/><int name="z" value="3"/><int name="zM" value="4"/><string name="oS" value="ShanghaiCN"/><string name="l0" value="waitan"/><string name="l1" value="bridge"/><string name="l2" value="4"/><int name="f" value="0"/></imgdir><imgdir name="2"><int name="x" value="2960"/><int name="y" value="244"/><int name="z" value="3"/><int name="zM" value="5"/><string name="oS" value="ShanghaiCN"/><string name="l0" value="waitan"/><string name="l1" value="bridge"/><string name="l2" value="3"/><int name="f" value="0"/></imgdir><imgdir name="3"><int name="x" value="2780"/><int name="y" value="244"/><int name="z" value="3"/><int name="zM" value="6"/><string name="oS" value="ShanghaiCN"/><string name="l0" value="waitan"/><string name="l1" value="bridge"/><string name="l2" value="2"/><int name="f" value="0"/></imgdir><imgdir name="4"><int name="x" value="2690"/><int name="y" value="244"/><int name="z" value="3"/><int name="zM" value="10"/><string name="oS" value="ShanghaiCN"/><string name="l0" value="waitan"/><string name="l1" value="bridge"/><string name="l2" value="3"/><int name="f" value="0"/></imgdir><imgdir name="5"><int name="x" value="2600"/><int name="y" value="244"/><int name="z" value="3"/><int name="zM" value="7"/><string name="oS" value="ShanghaiCN"/><string name="l0" value="waitan"/><string name="l1" value="bridge"/><string name="l2" value="4"/><int name="f" value="0"/></imgdir><imgdir name="6"><int name="x" value="1830"/><int name="y" value="244"/><int name="z" value="3"/><int name="zM" value="8"/><string name="oS" value="ShanghaiCN"/><string name="l0" value="waitan"/><string name="l1" value="bridge"/><string name="l2" value="2"/><int name="f" value="0"/></imgdir><imgdir name="7"><int name="x" value="2215"/><int name="y" value="243"/><int name="z" value="3"/><int name="zM" value="9"/><string name="oS" value="ShanghaiCN"/><string name="l0" value="waitan"/><string name="l1" value="bridge"/><string name="l2" value="0"/><int name="f" value="0"/></imgdir><imgdir name="8"><int name="x" value="1740"/><int name="y" value="244"/><int name="z" value="3"/><int name="zM" value="11"/><string name="oS" value="ShanghaiCN"/><string name="l0" value="waitan"/><string name="l1" value="bridge"/><string name="l2" value="3"/><int name="f" value="0"/></imgdir><imgdir name="9"><int name="x" value="1650"/><int name="y" value="244"/><int name="z" value="3"/><int name="zM" value="12"/><string name="oS" value="ShanghaiCN"/><string name="l0" value="waitan"/><string name="l1" value="bridge"/><string name="l2" value="4"/><int name="f" value="0"/></imgdir><imgdir name="10"><int name="x" value="1560"/><int name="y" value="244"/><int name="z" value="3"/><int name="zM" value="2"/><string name="oS" value="ShanghaiCN"/><string name="l0" value="waitan"/><string name="l1" value="bridge"/><string name="l2" value="1"/><int name="f" value="0"/></imgdir><imgdir name="11"><int name="x" value="1423"/><int name="y" value="243"/><int name="z" value="3"/><int name="zM" value="3"/><string name="oS" value="ShanghaiCN"/><string name="l0" value="waitan"/><string name="l1" value="bridge"/><string name="l2" value="5"/><int name="f" value="0"/></imgdir><imgdir name="12"><int name="x" value="1376"/><int name="y" value="87"/><int name="z" value="3"/><int name="zM" value="13"/><string name="oS" value="ShanghaiCN"/><string name="l0" value="waitan"/><string name="l1" value="artificiality"/><string name="l2" value="1"/><int name="f" value="0"/></imgdir><imgdir name="13"><int name="x" value="1985"/><int name="y" value="87"/><int name="z" value="3"/><int name="zM" value="14"/><string name="oS" value="ShanghaiCN"/><string name="l0" value="waitan"/><string name="l1" value="artificiality"/><string name="l2" value="1"/><int name="f" value="0"/></imgdir><imgdir name="14"><int name="x" value="2501"/><int name="y" value="87"/><int name="z" value="3"/><int name="zM" value="15"/><string name="oS" value="ShanghaiCN"/><string name="l0" value="waitan"/><string name="l1" value="artificiality"/><string name="l2" value="1"/><int name="f" value="0"/></imgdir><imgdir name="15"><int name="x" value="2105"/><int name="y" value="-65"/><int name="z" value="4"/><int name="zM" value="9"/><string name="oS" value="ShanghaiCN"/><string name="l0" value="waitan"/><string name="l1" value="artificiality"/><string name="l2" value="3"/><int name="f" value="0"/></imgdir></imgdir><imgdir name="tile"></imgdir></imgdir><imgdir name="3"><imgdir name="info"></imgdir><imgdir name="obj"><imgdir name="0"><int name="x" value="2243"/><int name="y" value="287"/><int name="z" value="3"/><int name="zM" value="0"/><string name="oS" value="ShanghaiCN"/><string name="l0" value="waitan"/><string name="l1" value="airplane"/><string name="l2" value="0"/><int name="f" value="0"/></imgdir></imgdir><imgdir name="tile"></imgdir></imgdir><imgdir name="4"><imgdir name="info"></imgdir><imgdir name="obj"></imgdir><imgdir name="tile"></imgdir></imgdir><imgdir name="5"><imgdir name="info"><string name="tS" value="ShanghaiCN"/></imgdir><imgdir name="obj"></imgdir><imgdir name="tile"><imgdir name="0"><int name="x" value="1530"/><int name="y" value="300"/><int name="zM" value="0"/><string name="u" value="enH0"/><int name="no" value="0"/></imgdir><imgdir name="1"><int name="x" value="1800"/><int name="y" value="360"/><int name="zM" value="0"/><string name="u" value="bsc"/><int name="no" value="1"/></imgdir><imgdir name="2"><int name="x" value="2430"/><int name="y" value="300"/><int name="zM" value="0"/><string name="u" value="bsc"/><int name="no" value="0"/></imgdir><imgdir name="3"><int name="x" value="2430"/><int name="y" value="360"/><int name="zM" value="0"/><string name="u" value="bsc"/><int name="no" value="1"/></imgdir><imgdir name="4"><int name="x" value="2880"/><int name="y" value="300"/><int name="zM" value="0"/><string name="u" value="bsc"/><int name="no" value="1"/></imgdir><imgdir name="5"><int name="x" value="2610"/><int name="y" value="480"/><int name="zM" value="0"/><string name="u" value="enH1"/><int name="no" value="0"/></imgdir><imgdir name="6"><int name="x" value="2610"/><int name="y" value="300"/><int name="zM" value="0"/><string name="u" value="enH0"/><int name="no" value="1"/></imgdir><imgdir name="7"><int name="x" value="2250"/><int name="y" value="420"/><int name="zM" value="0"/><string name="u" value="bsc"/><int name="no" value="1"/></imgdir><imgdir name="8"><int name="x" value="2070"/><int name="y" value="300"/><int name="zM" value="0"/><string name="u" value="bsc"/><int name="no" value="0"/></imgdir><imgdir name="9"><int name="x" value="3599"/><int name="y" value="420"/><int name="zM" value="0"/><string name="u" value="enV1"/><int name="no" value="1"/></imgdir><imgdir name="10"><int name="x" value="2970"/><int name="y" value="480"/><int name="zM" value="0"/><string name="u" value="enH1"/><int name="no" value="0"/></imgdir><imgdir name="11"><int name="x" value="2700"/><int name="y" value="300"/><int name="zM" value="0"/><string name="u" value="enH0"/><int name="no" value="0"/></imgdir><imgdir name="12"><int name="x" value="1800"/><int name="y" value="420"/><int name="zM" value="0"/><string name="u" value="bsc"/><int name="no" value="2"/></imgdir><imgdir name="13"><int name="x" value="2070"/><int name="y" value="480"/><int name="zM" value="0"/><string name="u" value="enH1"/><int name="no" value="0"/></imgdir><imgdir name="14"><int name="x" value="2970"/><int name="y" value="420"/><int name="zM" value="0"/><string name="u" value="bsc"/><int name="no" value="3"/></imgdir><imgdir name="15"><int name="x" value="2700"/><int name="y" value="360"/><int name="zM" value="0"/><string name="u" value="bsc"/><int name="no" value="3"/></imgdir><imgdir name="16"><int name="x" value="2430"/><int name="y" value="480"/><int name="zM" value="0"/><string name="u" value="enH1"/><int name="no" value="1"/></imgdir><imgdir name="17"><int name="x" value="1350"/><int name="y" value="300"/><int name="zM" value="0"/><string name="u" value="bsc"/><int name="no" value="1"/></imgdir><imgdir name="18"><int name="x" value="1800"/><int name="y" value="480"/><int name="zM" value="0"/><string name="u" value="enH1"/><int name="no" value="0"/></imgdir><imgdir name="19"><int name="x" value="2340"/><int name="y" value="480"/><int name="zM" value="0"/><string name="u" value="enH1"/><int name="no" value="1"/></imgdir><imgdir name="20"><int name="x" value="2070"/><int name="y" value="360"/><int name="zM" value="0"/><string name="u" value="bsc"/><int name="no" value="2"/></imgdir><imgdir name="21"><int name="x" value="2160"/><int name="y" value="360"/><int name="zM" value="0"/><string name="u" value="bsc"/><int name="no" value="1"/></imgdir><imgdir name="22"><int name="x" value="2340"/><int name="y" value="420"/><int name="zM" value="0"/><string name="u" value="bsc"/><int name="no" value="0"/></imgdir><imgdir name="23"><int name="x" value="2430"/><int name="y" value="300"/><int name="zM" value="0"/><string name="u" value="enH0"/><int name="no" value="0"/></imgdir><imgdir name="24"><int name="x" value="2250"/><int name="y" value="300"/><int name="zM" value="0"/><string name="u" value="enH0"/><int name="no" value="0"/></imgdir><imgdir name="25"><int name="x" value="2160"/><int name="y" value="480"/><int name="zM" value="0"/><string name="u" value="enH1"/><int name="no" value="0"/></imgdir><imgdir name="26"><int name="x" value="2520"/><int name="y" value="420"/><int name="zM" value="0"/><string name="u" value="bsc"/><int name="no" value="3"/></imgdir><imgdir name="27"><int name="x" value="2520"/><int name="y" value="360"/><int name="zM" value="0"/><string name="u" value="bsc"/><int name="no" value="3"/></imgdir><imgdir name="28"><int name="x" value="2340"/><int name="y" value="300"/><int name="zM" value="0"/><string name="u" value="enH0"/><int name="no" value="0"/></imgdir><imgdir name="29"><int name="x" value="2250"/><int name="y" value="360"/><int name="zM" value="0"/><string name="u" value="bsc"/><int name="no" value="3"/></imgdir><imgdir name="30"><int name="x" value="1980"/><int name="y" value="420"/><int name="zM" value="0"/><string name="u" value="bsc"/><int name="no" value="0"/></imgdir><imgdir name="31"><int name="x" value="2790"/><int name="y" value="420"/><int name="zM" value="0"/><string name="u" value="bsc"/><int name="no" value="2"/></imgdir><imgdir name="32"><int name="x" value="2610"/><int name="y" value="360"/><int name="zM" value="0"/><string name="u" value="bsc"/><int name="no" value="2"/></imgdir><imgdir name="33"><int name="x" value="3599"/><int name="y" value="300"/><int name="zM" value="0"/><string name="u" value="enV1"/><int name="no" value="1"/></imgdir><imgdir name="34"><int name="x" value="2520"/><int name="y" value="300"/><int name="zM" value="0"/><string name="u" value="enH0"/><int name="no" value="0"/></imgdir><imgdir name="35"><int name="x" value="3599"/><int name="y" value="360"/><int name="zM" value="0"/><string name="u" value="enV1"/><int name="no" value="1"/></imgdir><imgdir name="36"><int name="x" value="2700"/><int name="y" value="420"/><int name="zM" value="0"/><string name="u" value="bsc"/><int name="no" value="3"/></imgdir><imgdir name="37"><int name="x" value="2880"/><int name="y" value="360"/><int name="zM" value="0"/><string name="u" value="bsc"/><int name="no" value="0"/></imgdir><imgdir name="38"><int name="x" value="1350"/><int name="y" value="480"/><int name="zM" value="0"/><string name="u" value="enH1"/><int name="no" value="0"/></imgdir><imgdir name="39"><int name="x" value="2880"/><int name="y" value="420"/><int name="zM" value="0"/><string name="u" value="bsc"/><int name="no" value="1"/></imgdir><imgdir name="40"><int name="x" value="2610"/><int name="y" value="300"/><int name="zM" value="0"/><string name="u" value="bsc"/><int name="no" value="0"/></imgdir><imgdir name="41"><int name="x" value="2970"/><int name="y" value="300"/><int name="zM" value="0"/><string name="u" value="bsc"/><int name="no" value="0"/></imgdir><imgdir name="42"><int name="x" value="1980"/><int name="y" value="300"/><int name="zM" value="0"/><string name="u" value="enH0"/><int name="no" value="0"/></imgdir><imgdir name="43"><int name="x" value="3599"/><int name="y" value="300"/><int name="zM" value="0"/><string name="u" value="edU"/><int name="no" value="0"/></imgdir><imgdir name="44"><int name="x" value="1350"/><int name="y" value="300"/><int name="zM" value="0"/><string name="u" value="enH0"/><int name="no" value="1"/></imgdir><imgdir name="45"><int name="x" value="2700"/><int name="y" value="480"/><int name="zM" value="0"/><string name="u" value="enH1"/><int name="no" value="1"/></imgdir><imgdir name="46"><int name="x" value="2700"/><int name="y" value="300"/><int name="zM" value="0"/><string name="u" value="bsc"/><int name="no" value="0"/></imgdir><imgdir name="47"><int name="x" value="1980"/><int name="y" value="360"/><int name="zM" value="0"/><string name="u" value="bsc"/><int name="no" value="2"/></imgdir><imgdir name="48"><int name="x" value="2070"/><int name="y" value="420"/><int name="zM" value="0"/><string name="u" value="bsc"/><int name="no" value="3"/></imgdir><imgdir name="49"><int name="x" value="1530"/><int name="y" value="480"/><int name="zM" value="0"/><string name="u" value="enH1"/><int name="no" value="1"/></imgdir><imgdir name="50"><int name="x" value="1710"/><int name="y" value="300"/><int name="zM" value="0"/><string name="u" value="enH0"/><int name="no" value="0"/></imgdir><imgdir name="51"><int name="x" value="2880"/><int name="y" value="480"/><int name="zM" value="0"/><string name="u" value="enH1"/><int name="no" value="1"/></imgdir><imgdir name="52"><int name="x" value="2340"/><int name="y" value="360"/><int name="zM" value="0"/><string name="u" value="bsc"/><int name="no" value="3"/></imgdir><imgdir name="53"><int name="x" value="2970"/><int name="y" value="300"/><int name="zM" value="0"/><string name="u" value="enH0"/><int name="no" value="0"/></imgdir><imgdir name="54"><int name="x" value="1980"/><int name="y" value="480"/><int name="zM" value="0"/><string name="u" value="enH1"/><int name="no" value="0"/></imgdir><imgdir name="55"><int name="x" value="1530"/><int name="y" value="300"/><int name="zM" value="0"/><string name="u" value="bsc"/><int name="no" value="3"/></imgdir><imgdir name="56"><int name="x" value="1890"/><int name="y" value="480"/><int name="zM" value="0"/><string name="u" value="enH1"/><int name="no" value="0"/></imgdir><imgdir name="57"><int name="x" value="2790"/><int name="y" value="300"/><int name="zM" value="0"/><string name="u" value="bsc"/><int name="no" value="0"/></imgdir><imgdir name="58"><int name="x" value="2970"/><int name="y" value="360"/><int name="zM" value="0"/><string name="u" value="bsc"/><int name="no" value="2"/></imgdir><imgdir name="59"><int name="x" value="2070"/><int name="y" value="300"/><int name="zM" value="0"/><string name="u" value="enH0"/><int name="no" value="1"/></imgdir><imgdir name="60"><int name="x" value="1890"/><int name="y" value="360"/><int name="zM" value="0"/><string name="u" value="bsc"/><int name="no" value="0"/></imgdir><imgdir name="61"><int name="x" value="3599"/><int name="y" value="480"/><int name="zM" value="0"/><string name="u" value="edD"/><int name="no" value="0"/></imgdir><imgdir name="62"><int name="x" value="2250"/><int name="y" value="480"/><int name="zM" value="0"/><string name="u" value="enH1"/><int name="no" value="0"/></imgdir><imgdir name="63"><int name="x" value="1530"/><int name="y" value="420"/><int name="zM" value="0"/><string name="u" value="bsc"/><int name="no" value="2"/></imgdir><imgdir name="64"><int name="x" value="1710"/><int name="y" value="420"/><int name="zM" value="0"/><string name="u" value="bsc"/><int name="no" value="1"/></imgdir><imgdir name="65"><int name="x" value="2790"/><int name="y" value="300"/><int name="zM" value="0"/><string name="u" value="enH0"/><int name="no" value="0"/></imgdir><imgdir name="66"><int name="x" value="2160"/><int name="y" value="300"/><int name="zM" value="0"/><string name="u" value="bsc"/><int name="no" value="0"/></imgdir><imgdir name="67"><int name="x" value="1710"/><int name="y" value="480"/><int name="zM" value="0"/><string name="u" value="enH1"/><int name="no" value="0"/></imgdir><imgdir name="68"><int name="x" value="1350"/><int name="y" value="480"/><int name="zM" value="0"/><string name="u" value="edD"/><int name="no" value="0"/></imgdir><imgdir name="69"><int name="x" value="2430"/><int name="y" value="420"/><int name="zM" value="0"/><string name="u" value="bsc"/><int name="no" value="3"/></imgdir><imgdir name="70"><int name="x" value="1800"/><int name="y" value="300"/><int name="zM" value="0"/><string name="u" value="bsc"/><int name="no" value="1"/></imgdir><imgdir name="71"><int name="x" value="1530"/><int name="y" value="360"/><int name="zM" value="0"/><string name="u" value="bsc"/><int name="no" value="1"/></imgdir><imgdir name="72"><int name="x" value="2520"/><int name="y" value="300"/><int name="zM" value="0"/><string name="u" value="bsc"/><int name="no" value="2"/></imgdir><imgdir name="73"><int name="x" value="1350"/><int name="y" value="300"/><int name="zM" value="0"/><string name="u" value="edU"/><int name="no" value="0"/></imgdir><imgdir name="74"><int name="x" value="1350"/><int name="y" value="420"/><int name="zM" value="0"/><string name="u" value="enV0"/><int name="no" value="0"/></imgdir><imgdir name="75"><int name="x" value="1620"/><int name="y" value="480"/><int name="zM" value="0"/><string name="u" value="enH1"/><int name="no" value="0"/></imgdir><imgdir name="76"><int name="x" value="2160"/><int name="y" value="420"/><int name="zM" value="0"/><string name="u" value="bsc"/><int name="no" value="2"/></imgdir><imgdir name="77"><int name="x" value="1710"/><int name="y" value="300"/><int name="zM" value="0"/><string name="u" value="bsc"/><int name="no" value="1"/></imgdir><imgdir name="78"><int name="x" value="1800"/><int name="y" value="300"/><int name="zM" value="0"/><string name="u" value="enH0"/><int name="no" value="0"/></imgdir><imgdir name="79"><int name="x" value="1620"/><int name="y" value="360"/><int name="zM" value="0"/><string name="u" value="bsc"/><int name="no" value="1"/></imgdir><imgdir name="80"><int name="x" value="1620"/><int name="y" value="300"/><int name="zM" value="0"/><string name="u" value="enH0"/><int name="no" value="1"/></imgdir><imgdir name="81"><int name="x" value="1710"/><int name="y" value="360"/><int name="zM" value="0"/><string name="u" value="bsc"/><int name="no" value="1"/></imgdir><imgdir name="82"><int name="x" value="1350"/><int name="y" value="300"/><int name="zM" value="0"/><string name="u" value="enV0"/><int name="no" value="0"/></imgdir><imgdir name="83"><int name="x" value="1440"/><int name="y" value="360"/><int name="zM" value="0"/><string name="u" value="bsc"/><int name="no" value="2"/></imgdir><imgdir name="84"><int name="x" value="1980"/><int name="y" value="300"/><int name="zM" value="0"/><string name="u" value="bsc"/><int name="no" value="2"/></imgdir><imgdir name="85"><int name="x" value="1350"/><int name="y" value="360"/><int name="zM" value="0"/><string name="u" value="bsc"/><int name="no" value="3"/></imgdir><imgdir name="86"><int name="x" value="1620"/><int name="y" value="300"/><int name="zM" value="0"/><string name="u" value="bsc"/><int name="no" value="1"/></imgdir><imgdir name="87"><int name="x" value="2340"/><int name="y" value="300"/><int name="zM" value="0"/><string name="u" value="bsc"/><int name="no" value="1"/></imgdir><imgdir name="88"><int name="x" value="2520"/><int name="y" value="480"/><int name="zM" value="0"/><string name="u" value="enH1"/><int name="no" value="0"/></imgdir><imgdir name="89"><int name="x" value="1890"/><int name="y" value="300"/><int name="zM" value="0"/><string name="u" value="bsc"/><int name="no" value="1"/></imgdir><imgdir name="90"><int name="x" value="2610"/><int name="y" value="420"/><int name="zM" value="0"/><string name="u" value="bsc"/><int name="no" value="1"/></imgdir><imgdir name="91"><int name="x" value="1890"/><int name="y" value="300"/><int name="zM" value="0"/><string name="u" value="enH0"/><int name="no" value="1"/></imgdir><imgdir name="92"><int name="x" value="2790"/><int name="y" value="360"/><int name="zM" value="0"/><string name="u" value="bsc"/><int name="no" value="0"/></imgdir><imgdir name="93"><int name="x" value="1620"/><int name="y" value="420"/><int name="zM" value="0"/><string name="u" value="bsc"/><int name="no" value="1"/></imgdir><imgdir name="94"><int name="x" value="2160"/><int name="y" value="300"/><int name="zM" value="0"/><string name="u" value="enH0"/><int name="no" value="0"/></imgdir><imgdir name="95"><int name="x" value="1350"/><int name="y" value="360"/><int name="zM" value="0"/><string name="u" value="enV0"/><int name="no" value="0"/></imgdir><imgdir name="96"><int name="x" value="1890"/><int name="y" value="420"/><int name="zM" value="0"/><string name="u" value="bsc"/><int name="no" value="0"/></imgdir><imgdir name="97"><int name="x" value="2880"/><int name="y" value="300"/><int name="zM" value="0"/><string name="u" value="enH0"/><int name="no" value="1"/></imgdir><imgdir name="98"><int name="x" value="2250"/><int name="y" value="300"/><int name="zM" value="0"/><string name="u" value="bsc"/><int name="no" value="0"/></imgdir><imgdir name="99"><int name="x" value="2790"/><int name="y" value="480"/><int name="zM" value="0"/><string name="u" value="enH1"/><int name="no" value="0"/></imgdir><imgdir name="100"><int name="x" value="1440"/><int name="y" value="420"/><int name="zM" value="0"/><string name="u" value="bsc"/><int name="no" value="1"/></imgdir><imgdir name="101"><int name="x" value="1440"/><int name="y" value="480"/><int name="zM" value="0"/><string name="u" value="enH1"/><int name="no" value="0"/></imgdir><imgdir name="102"><int name="x" value="1440"/><int name="y" value="300"/><int name="zM" value="0"/><string name="u" value="enH0"/><int name="no" value="0"/></imgdir><imgdir name="103"><int name="x" value="1350"/><int name="y" value="420"/><int name="zM" value="0"/><string name="u" value="bsc"/><int name="no" value="2"/></imgdir><imgdir name="104"><int name="x" value="1440"/><int name="y" value="300"/><int name="zM" value="0"/><string name="u" value="bsc"/><int name="no" value="1"/></imgdir></imgdir></imgdir><imgdir name="6"><imgdir name="info"></imgdir><imgdir name="obj"></imgdir><imgdir name="tile"></imgdir></imgdir><imgdir name="7"><imgdir name="info"></imgdir><imgdir name="obj"><imgdir name="0"><int name="x" value="3108"/><int name="y" value="365"/><int name="z" value="104"/><int name="zM" value="20"/><string name="oS" value="YuyuanCN"/><string name="l0" value="waitan"/><string name="l1" value="door"/><string name="l2" value="1"/><int name="r" value="0"/><int name="hide" value="0"/><int name="reactor" value="0"/><int name="flow" value="0"/><int name="f" value="0"/></imgdir><imgdir name="1"><int name="x" value="3258"/><int name="y" value="243"/><int name="z" value="104"/><int name="zM" value="20"/><string name="oS" value="YuyuanCN"/><string name="l0" value="waitan"/><string name="l1" value="door"/><string name="l2" value="0"/><int name="r" value="0"/><int name="hide" value="0"/><int name="reactor" value="0"/><int name="flow" value="0"/><int name="f" value="0"/></imgdir></imgdir><imgdir name="tile"></imgdir></imgdir><imgdir name="ladderRope"></imgdir><imgdir name="portal"><imgdir name="0"><int name="x" value="2242"/><int name="y" value="204"/><int name="pt" value="0"/><int name="tm" value="999999999"/><string name="tn" value=""/><string name="pn" value="sp"/></imgdir><imgdir name="1"><int name="x" value="1490"/><int name="y" value="283"/><int name="pt" value="2"/><int name="tm" value="701000000"/><string name="tn" value="out00"/><string name="pn" value="in00"/><int name="hideTooltip" value="0"/><int name="onlyOnce" value="0"/></imgdir><imgdir name="2"><int name="x" value="3011"/><int name="y" value="282"/><int name="pt" value="2"/><int name="tm" value="701000200"/><string name="tn" value="in00"/><string name="pn" value="out00"/><int name="hideTooltip" value="0"/><int name="onlyOnce" value="0"/></imgdir></imgdir><imgdir name="reactor"></imgdir><imgdir name="back"><imgdir name="0"><int name="x" value="15"/><int name="y" value="99"/><int name="rx" value="0"/><int name="ry" value="0"/><int name="cx" value="0"/><int name="cy" value="0"/><int name="a" value="255"/><int name="type" value="3"/><int name="front" value="0"/><int name="f" value="0"/><string name="bS" value="ShanghaiCN"/><int name="ani" value="0"/><int name="no" value="0"/></imgdir><imgdir name="1"><int name="x" value="15"/><int name="y" value="99"/><int name="rx" value="0"/><int name="ry" value="0"/><int name="cx" value="0"/><int name="cy" value="0"/><int name="a" value="255"/><int name="type" value="1"/><int name="front" value="0"/><int name="f" value="0"/><string name="bS" value="ShanghaiCN"/><int name="ani" value="0"/><int name="no" value="1"/></imgdir><imgdir name="2"><int name="x" value="219"/><int name="y" value="59"/><int name="rx" value="-3"/><int name="ry" value="-15"/><int name="cx" value="1000"/><int name="cy" value="0"/><int name="a" value="255"/><int name="type" value="4"/><int name="front" value="0"/><int name="f" value="0"/><string name="bS" value="ShanghaiCN"/><int name="ani" value="0"/><int name="no" value="2"/></imgdir><imgdir name="3"><int name="x" value="-116"/><int name="y" value="21"/><int name="rx" value="-3"/><int name="ry" value="-15"/><int name="cx" value="1000"/><int name="cy" value="0"/><int name="a" value="255"/><int name="type" value="4"/><int name="front" value="0"/><int name="f" value="0"/><string name="bS" value="ShanghaiCN"/><int name="ani" value="0"/><int name="no" value="3"/></imgdir><imgdir name="4"><int name="x" value="355"/><int name="y" value="-12"/><int name="rx" value="-3"/><int name="ry" value="-15"/><int name="cx" value="1000"/><int name="cy" value="0"/><int name="a" value="255"/><int name="type" value="4"/><int name="front" value="0"/><int name="f" value="0"/><string name="bS" value="ShanghaiCN"/><int name="ani" value="0"/><int name="no" value="4"/></imgdir><imgdir name="5"><int name="x" value="-917"/><int name="y" value="-30"/><int name="rx" value="-2"/><int name="ry" value="-15"/><int name="cx" value="1000"/><int name="cy" value="0"/><int name="a" value="255"/><int name="type" value="4"/><int name="front" value="0"/><int name="f" value="0"/><string name="bS" value="ShanghaiCN"/><int name="ani" value="0"/><int name="no" value="5"/></imgdir><imgdir name="6"><int name="x" value="-222"/><int name="y" value="-125"/><int name="rx" value="-2"/><int name="ry" value="-15"/><int name="cx" value="1000"/><int name="cy" value="0"/><int name="a" value="255"/><int name="type" value="4"/><int name="front" value="0"/><int name="f" value="0"/><string name="bS" value="ShanghaiCN"/><int name="ani" value="0"/><int name="no" value="6"/></imgdir><imgdir name="7"><int name="x" value="-51"/><int name="y" value="2"/><int name="rx" value="-2"/><int name="ry" value="-15"/><int name="cx" value="1000"/><int name="cy" value="0"/><int name="a" value="255"/><int name="type" value="4"/><int name="front" value="0"/><int name="f" value="0"/><string name="bS" value="ShanghaiCN"/><int name="ani" value="0"/><int name="no" value="7"/></imgdir><imgdir name="8"><int name="x" value="-280"/><int name="y" value="-219"/><int name="rx" value="-1"/><int name="ry" value="-15"/><int name="cx" value="1000"/><int name="cy" value="0"/><int name="a" value="255"/><int name="type" value="4"/><int name="front" value="0"/><int name="f" value="0"/><string name="bS" value="ShanghaiCN"/><int name="ani" value="0"/><int name="no" value="8"/></imgdir><imgdir name="9"><int name="x" value="434"/><int name="y" value="-89"/><int name="rx" value="-1"/><int name="ry" value="-15"/><int name="cx" value="1000"/><int name="cy" value="0"/><int name="a" value="255"/><int name="type" value="4"/><int name="front" value="0"/><int name="f" value="0"/><string name="bS" value="ShanghaiCN"/><int name="ani" value="0"/><int name="no" value="9"/></imgdir><imgdir name="10"><int name="x" value="-376"/><int name="y" value="-262"/><int name="rx" value="-1"/><int name="ry" value="-15"/><int name="cx" value="1000"/><int name="cy" value="0"/><int name="a" value="255"/><int name="type" value="4"/><int name="front" value="0"/><int name="f" value="0"/><string name="bS" value="ShanghaiCN"/><int name="ani" value="0"/><int name="no" value="10"/></imgdir><imgdir name="11"><int name="x" value="501"/><int name="y" value="-29"/><int name="rx" value="-13"/><int name="ry" value="-15"/><int name="cx" value="0"/><int name="cy" value="0"/><int name="a" value="255"/><int name="type" value="0"/><int name="front" value="0"/><int name="f" value="0"/><string name="bS" value="ShanghaiCN"/><int name="ani" value="0"/><int name="no" value="11"/></imgdir><imgdir name="12"><int name="x" value="131"/><int name="y" value="35"/><int name="rx" value="-13"/><int name="ry" value="-15"/><int name="cx" value="0"/><int name="cy" value="0"/><int name="a" value="255"/><int name="type" value="0"/><int name="front" value="0"/><int name="f" value="0"/><string name="bS" value="ShanghaiCN"/><int name="ani" value="0"/><int name="no" value="12"/></imgdir><imgdir name="13"><int name="x" value="-552"/><int name="y" value="73"/><int name="rx" value="-13"/><int name="ry" value="-15"/><int name="cx" value="0"/><int name="cy" value="0"/><int name="a" value="255"/><int name="type" value="0"/><int name="front" value="0"/><int name="f" value="0"/><string name="bS" value="ShanghaiCN"/><int name="ani" value="0"/><int name="no" value="13"/></imgdir><imgdir name="14"><int name="x" value="723"/><int name="y" value="50"/><int name="rx" value="-13"/><int name="ry" value="-15"/><int name="cx" value="0"/><int name="cy" value="0"/><int name="a" value="255"/><int name="type" value="0"/><int name="front" value="0"/><int name="f" value="0"/><string name="bS" value="ShanghaiCN"/><int name="ani" value="0"/><int name="no" value="14"/></imgdir><imgdir name="15"><int name="x" value="720"/><int name="y" value="4"/><int name="rx" value="-13"/><int name="ry" value="-15"/><int name="cx" value="0"/><int name="cy" value="0"/><int name="a" value="255"/><int name="type" value="0"/><int name="front" value="0"/><int name="f" value="0"/><string name="bS" value="ShanghaiCN"/><int name="ani" value="0"/><int name="no" value="15"/></imgdir><imgdir name="16"><int name="x" value="-200"/><int name="y" value="13"/><int name="rx" value="-13"/><int name="ry" value="-15"/><int name="cx" value="0"/><int name="cy" value="0"/><int name="a" value="255"/><int name="type" value="0"/><int name="front" value="0"/><int name="f" value="0"/><string name="bS" value="ShanghaiCN"/><int name="ani" value="0"/><int name="no" value="16"/></imgdir><imgdir name="17"><int name="x" value="186"/><int name="y" value="24"/><int name="rx" value="-13"/><int name="ry" value="-15"/><int name="cx" value="0"/><int name="cy" value="0"/><int name="a" value="255"/><int name="type" value="0"/><int name="front" value="0"/><int name="f" value="0"/><string name="bS" value="ShanghaiCN"/><int name="ani" value="0"/><int name="no" value="17"/></imgdir><imgdir name="18"><int name="x" value="566"/><int name="y" value="51"/><int name="rx" value="-14"/><int name="ry" value="-15"/><int name="cx" value="0"/><int name="cy" value="0"/><int name="a" value="255"/><int name="type" value="0"/><int name="front" value="0"/><int name="f" value="0"/><string name="bS" value="ShanghaiCN"/><int name="ani" value="0"/><int name="no" value="18"/></imgdir><imgdir name="19"><int name="x" value="-31"/><int name="y" value="-3"/><int name="rx" value="-14"/><int name="ry" value="-15"/><int name="cx" value="0"/><int name="cy" value="0"/><int name="a" value="255"/><int name="type" value="0"/><int name="front" value="0"/><int name="f" value="0"/><string name="bS" value="ShanghaiCN"/><int name="ani" value="0"/><int name="no" value="19"/></imgdir><imgdir name="20"><int name="x" value="-611"/><int name="y" value="-87"/><int name="rx" value="-14"/><int name="ry" value="-15"/><int name="cx" value="0"/><int name="cy" value="0"/><int name="a" value="255"/><int name="type" value="0"/><int name="front" value="0"/><int name="f" value="0"/><string name="bS" value="ShanghaiCN"/><int name="ani" value="0"/><int name="no" value="20"/></imgdir><imgdir name="21"><int name="x" value="-250"/><int name="y" value="-140"/><int name="rx" value="-15"/><int name="ry" value="-15"/><int name="cx" value="0"/><int name="cy" value="0"/><int name="a" value="255"/><int name="type" value="0"/><int name="front" value="0"/><int name="f" value="0"/><string name="bS" value="ShanghaiCN"/><int name="ani" value="0"/><int name="no" value="21"/></imgdir><imgdir name="22"><int name="x" value="164"/><int name="y" value="1"/><int name="rx" value="-15"/><int name="ry" value="-15"/><int name="cx" value="0"/><int name="cy" value="0"/><int name="a" value="255"/><int name="type" value="0"/><int name="front" value="0"/><int name="f" value="0"/><string name="bS" value="ShanghaiCN"/><int name="ani" value="0"/><int name="no" value="22"/></imgdir><imgdir name="23"><int name="x" value="-630"/><int name="y" value="-24"/><int name="rx" value="-15"/><int name="ry" value="-15"/><int name="cx" value="0"/><int name="cy" value="0"/><int name="a" value="255"/><int name="type" value="0"/><int name="front" value="0"/><int name="f" value="0"/><string name="bS" value="ShanghaiCN"/><int name="ani" value="0"/><int name="no" value="23"/></imgdir><imgdir name="24"><int name="x" value="615"/><int name="y" value="46"/><int name="rx" value="-15"/><int name="ry" value="-15"/><int name="cx" value="0"/><int name="cy" value="0"/><int name="a" value="255"/><int name="type" value="0"/><int name="front" value="0"/><int name="f" value="0"/><string name="bS" value="ShanghaiCN"/><int name="ani" value="0"/><int name="no" value="24"/></imgdir><imgdir name="25"><int name="x" value="42"/><int name="y" value="83"/><int name="rx" value="-15"/><int name="ry" value="-15"/><int name="cx" value="0"/><int name="cy" value="0"/><int name="a" value="255"/><int name="type" value="1"/><int name="front" value="0"/><int name="f" value="0"/><string name="bS" value="ShanghaiCN"/><int name="ani" value="0"/><int name="no" value="25"/></imgdir><imgdir name="26"><int name="x" value="-203"/><int name="y" value="237"/><int name="rx" value="-6"/><int name="ry" value="-15"/><int name="cx" value="0"/><int name="cy" value="0"/><int name="a" value="255"/><int name="type" value="4"/><int name="front" value="0"/><int name="f" value="0"/><string name="bS" value="ShanghaiCN"/><int name="ani" value="0"/><int name="no" value="26"/></imgdir><imgdir name="27"><int name="x" value="-191"/><int name="y" value="37"/><int name="rx" value="-40"/><int name="ry" value="-15"/><int name="cx" value="0"/><int name="cy" value="0"/><int name="a" value="255"/><int name="type" value="0"/><int name="front" value="0"/><int name="f" value="0"/><string name="bS" value="ShanghaiCN"/><int name="ani" value="1"/><int name="no" value="2"/></imgdir><imgdir name="28"><int name="x" value="-110"/><int name="y" value="98"/><int name="rx" value="7"/><int name="ry" value="-15"/><int name="cx" value="4000"/><int name="cy" value="0"/><int name="a" value="255"/><int name="type" value="4"/><int name="front" value="0"/><int name="f" value="0"/><string name="bS" value="ShanghaiCN"/><int name="ani" value="1"/><int name="no" value="0"/></imgdir><imgdir name="29"><int name="x" value="454"/><int name="y" value="169"/><int name="rx" value="-40"/><int name="ry" value="-15"/><int name="cx" value="0"/><int name="cy" value="0"/><int name="a" value="255"/><int name="type" value="0"/><int name="front" value="0"/><int name="f" value="0"/><string name="bS" value="ShanghaiCN"/><int name="ani" value="1"/><int name="no" value="1"/></imgdir></imgdir><imgdir name="foothold"><imgdir name="2"><imgdir name="3"><imgdir name="6"><int name="x1" value="1333"/><int name="y1" value="200"/><int name="x2" value="1421"/><int name="y2" value="200"/><int name="prev" value="0"/><int name="next" value="9"/></imgdir><imgdir name="9"><int name="x1" value="1421"/><int name="y1" value="200"/><int name="x2" value="1421"/><int name="y2" value="202"/><int name="prev" value="6"/><int name="next" value="10"/></imgdir><imgdir name="10"><int name="x1" value="1421"/><int name="y1" value="202"/><int name="x2" value="1515"/><int name="y2" value="202"/><int name="prev" value="9"/><int name="next" value="12"/></imgdir></imgdir><imgdir name="2"><imgdir name="12"><int name="x1" value="1515"/><int name="y1" value="202"/><int name="x2" value="1605"/><int name="y2" value="202"/><int name="prev" value="10"/><int name="next" value="14"/></imgdir><imgdir name="14"><int name="x1" value="1605"/><int name="y1" value="202"/><int name="x2" value="1695"/><int name="y2" value="202"/><int name="prev" value="12"/><int name="next" value="16"/></imgdir><imgdir name="16"><int name="x1" value="1695"/><int name="y1" value="202"/><int name="x2" value="1785"/><int name="y2" value="202"/><int name="prev" value="14"/><int name="next" value="18"/></imgdir><imgdir name="18"><int name="x1" value="1785"/><int name="y1" value="202"/><int name="x2" value="1875"/><int name="y2" value="202"/><int name="prev" value="16"/><int name="next" value="20"/></imgdir><imgdir name="20"><int name="x1" value="1875"/><int name="y1" value="202"/><int name="x2" value="1943"/><int name="y2" value="202"/><int name="prev" value="18"/><int name="next" value="23"/></imgdir><imgdir name="22"><int name="x1" value="1943"/><int name="y1" value="200"/><int name="x2" value="2031"/><int name="y2" value="200"/><int name="prev" value="23"/><int name="next" value="0"/></imgdir><imgdir name="23"><int name="x1" value="1943"/><int name="y1" value="202"/><int name="x2" value="1943"/><int name="y2" value="200"/><int name="prev" value="20"/><int name="next" value="22"/></imgdir></imgdir><imgdir name="9"><imgdir name="24"><int name="x1" value="1961"/><int name="y1" value="244"/><int name="x2" value="1986"/><int name="y2" value="244"/><int name="prev" value="0"/><int name="next" value="0"/></imgdir><imgdir name="26"><int name="x1" value="2041"/><int name="y1" value="-237"/><int name="x2" value="2074"/><int name="y2" value="-237"/><int name="prev" value="0"/><int name="next" value="0"/></imgdir><imgdir name="27"><int name="x1" value="2059"/><int name="y1" value="-304"/><int name="x2" value="2092"/><int name="y2" value="-304"/><int name="prev" value="0"/><int name="next" value="0"/></imgdir><imgdir name="28"><int name="x1" value="2059"/><int name="y1" value="-103"/><int name="x2" value="2092"/><int name="y2" value="-103"/><int name="prev" value="0"/><int name="next" value="0"/></imgdir><imgdir name="29"><int name="x1" value="2061"/><int name="y1" value="-23"/><int name="x2" value="2077"/><int name="y2" value="-23"/><int name="prev" value="0"/><int name="next" value="0"/></imgdir><imgdir name="30"><int name="x1" value="2061"/><int name="y1" value="3"/><int name="x2" value="2077"/><int name="y2" value="3"/><int name="prev" value="0"/><int name="next" value="0"/></imgdir><imgdir name="31"><int name="x1" value="2065"/><int name="y1" value="70"/><int name="x2" value="2086"/><int name="y2" value="70"/><int name="prev" value="0"/><int name="next" value="0"/></imgdir><imgdir name="32"><int name="x1" value="2065"/><int name="y1" value="136"/><int name="x2" value="2081"/><int name="y2" value="136"/><int name="prev" value="0"/><int name="next" value="0"/></imgdir><imgdir name="34"><int name="x1" value="2074"/><int name="y1" value="-213"/><int name="x2" value="2091"/><int name="y2" value="-213"/><int name="prev" value="0"/><int name="next" value="0"/></imgdir><imgdir name="35"><int name="x1" value="2074"/><int name="y1" value="-171"/><int name="x2" value="2091"/><int name="y2" value="-171"/><int name="prev" value="0"/><int name="next" value="0"/></imgdir><imgdir name="36"><int name="x1" value="2076"/><int name="y1" value="-35"/><int name="x2" value="2124"/><int name="y2" value="-35"/><int name="prev" value="0"/><int name="next" value="0"/></imgdir><imgdir name="37"><int name="x1" value="2081"/><int name="y1" value="-373"/><int name="x2" value="2158"/><int name="y2" value="-408"/><int name="prev" value="0"/><int name="next" value="0"/></imgdir><imgdir name="42"><int name="x1" value="2463"/><int name="y1" value="200"/><int name="x2" value="2551"/><int name="y2" value="200"/><int name="prev" value="0"/><int name="next" value="45"/></imgdir><imgdir name="43"><int name="x1" value="2481"/><int name="y1" value="244"/><int name="x2" value="2506"/><int name="y2" value="244"/><int name="prev" value="0"/><int name="next" value="0"/></imgdir><imgdir name="45"><int name="x1" value="2551"/><int name="y1" value="200"/><int name="x2" value="2551"/><int name="y2" value="202"/><int name="prev" value="42"/><int name="next" value="46"/></imgdir><imgdir name="46"><int name="x1" value="2551"/><int name="y1" value="202"/><int name="x2" value="2555"/><int name="y2" value="202"/><int name="prev" value="45"/><int name="next" value="47"/></imgdir></imgdir><imgdir name="7"><imgdir name="47"><int name="x1" value="2555"/><int name="y1" value="202"/><int name="x2" value="2645"/><int name="y2" value="202"/><int name="prev" value="46"/><int name="next" value="49"/></imgdir><imgdir name="49"><int name="x1" value="2645"/><int name="y1" value="202"/><int name="x2" value="2735"/><int name="y2" value="202"/><int name="prev" value="47"/><int name="next" value="51"/></imgdir></imgdir><imgdir name="6"><imgdir name="51"><int name="x1" value="2735"/><int name="y1" value="202"/><int name="x2" value="2825"/><int name="y2" value="202"/><int name="prev" value="49"/><int name="next" value="53"/></imgdir></imgdir><imgdir name="4"><imgdir name="53"><int name="x1" value="2825"/><int name="y1" value="202"/><int name="x2" value="2915"/><int name="y2" value="202"/><int name="prev" value="51"/><int name="next" value="55"/></imgdir><imgdir name="55"><int name="x1" value="2915"/><int name="y1" value="202"/><int name="x2" value="3005"/><int name="y2" value="202"/><int name="prev" value="53"/><int name="next" value="57"/></imgdir></imgdir><imgdir name="1"><imgdir name="57"><int name="x1" value="3005"/><int name="y1" value="202"/><int name="x2" value="3059"/><int name="y2" value="202"/><int name="prev" value="55"/><int name="next" value="0"/></imgdir></imgdir></imgdir><imgdir name="5"><imgdir name="0"><imgdir name="1"><int name="x1" value="1318"/><int name="y1" value="286"/><int name="x2" value="1350"/><int name="y2" value="286"/><int name="prev" value="2"/><int name="next" value="7"/></imgdir><imgdir name="2"><int name="x1" value="1318"/><int name="y1" value="300"/><int name="x2" value="1318"/><int name="y2" value="286"/><int name="prev" value="3"/><int name="next" value="1"/></imgdir><imgdir name="3"><int name="x1" value="1318"/><int name="y1" value="360"/><int name="x2" value="1318"/><int name="y2" value="300"/><int name="prev" value="4"/><int name="next" value="2"/></imgdir><imgdir name="4"><int name="x1" value="1318"/><int name="y1" value="420"/><int name="x2" value="1318"/><int name="y2" value="360"/><int name="prev" value="5"/><int name="next" value="3"/></imgdir><imgdir name="5"><int name="x1" value="1318"/><int name="y1" value="480"/><int name="x2" value="1318"/><int name="y2" value="420"/><int name="prev" value="0"/><int name="next" value="4"/></imgdir><imgdir name="7"><int name="x1" value="1350"/><int name="y1" value="286"/><int name="x2" value="1382"/><int name="y2" value="286"/><int name="prev" value="1"/><int name="next" value="8"/></imgdir><imgdir name="8"><int name="x1" value="1382"/><int name="y1" value="286"/><int name="x2" value="1440"/><int name="y2" value="286"/><int name="prev" value="7"/><int name="next" value="11"/></imgdir><imgdir name="11"><int name="x1" value="1440"/><int name="y1" value="286"/><int name="x2" value="1530"/><int name="y2" value="286"/><int name="prev" value="8"/><int name="next" value="13"/></imgdir><imgdir name="13"><int name="x1" value="1530"/><int name="y1" value="286"/><int name="x2" value="1620"/><int name="y2" value="286"/><int name="prev" value="11"/><int name="next" value="15"/></imgdir><imgdir name="15"><int name="x1" value="1620"/><int name="y1" value="286"/><int name="x2" value="1710"/><int name="y2" value="286"/><int name="prev" value="13"/><int name="next" value="17"/></imgdir><imgdir name="17"><int name="x1" value="1710"/><int name="y1" value="286"/><int name="x2" value="1800"/><int name="y2" value="286"/><int name="prev" value="15"/><int name="next" value="19"/></imgdir><imgdir name="19"><int name="x1" value="1800"/><int name="y1" value="286"/><int name="x2" value="1890"/><int name="y2" value="286"/><int name="prev" value="17"/><int name="next" value="21"/></imgdir><imgdir name="21"><int name="x1" value="1890"/><int name="y1" value="286"/><int name="x2" value="1980"/><int name="y2" value="286"/><int name="prev" value="19"/><int name="next" value="25"/></imgdir><imgdir name="25"><int name="x1" value="1980"/><int name="y1" value="286"/><int name="x2" value="2070"/><int name="y2" value="286"/><int name="prev" value="21"/><int name="next" value="33"/></imgdir><imgdir name="33"><int name="x1" value="2070"/><int name="y1" value="286"/><int name="x2" value="2160"/><int name="y2" value="286"/><int name="prev" value="25"/><int name="next" value="38"/></imgdir><imgdir name="38"><int name="x1" value="2160"/><int name="y1" value="286"/><int name="x2" value="2250"/><int name="y2" value="286"/><int name="prev" value="33"/><int name="next" value="39"/></imgdir><imgdir name="39"><int name="x1" value="2250"/><int name="y1" value="286"/><int name="x2" value="2340"/><int name="y2" value="286"/><int name="prev" value="38"/><int name="next" value="40"/></imgdir><imgdir name="40"><int name="x1" value="2340"/><int name="y1" value="286"/><int name="x2" value="2430"/><int name="y2" value="286"/><int name="prev" value="39"/><int name="next" value="41"/></imgdir><imgdir name="41"><int name="x1" value="2430"/><int name="y1" value="286"/><int name="x2" value="2520"/><int name="y2" value="286"/><int name="prev" value="40"/><int name="next" value="44"/></imgdir><imgdir name="44"><int name="x1" value="2520"/><int name="y1" value="286"/><int name="x2" value="2610"/><int name="y2" value="286"/><int name="prev" value="41"/><int name="next" value="48"/></imgdir><imgdir name="48"><int name="x1" value="2610"/><int name="y1" value="286"/><int name="x2" value="2700"/><int name="y2" value="286"/><int name="prev" value="44"/><int name="next" value="50"/></imgdir><imgdir name="50"><int name="x1" value="2700"/><int name="y1" value="286"/><int name="x2" value="2790"/><int name="y2" value="286"/><int name="prev" value="48"/><int name="next" value="52"/></imgdir><imgdir name="52"><int name="x1" value="2790"/><int name="y1" value="286"/><int name="x2" value="2880"/><int name="y2" value="286"/><int name="prev" value="50"/><int name="next" value="54"/></imgdir><imgdir name="54"><int name="x1" value="2880"/><int name="y1" value="286"/><int name="x2" value="2970"/><int name="y2" value="286"/><int name="prev" value="52"/><int name="next" value="56"/></imgdir><imgdir name="56"><int name="x1" value="2970"/><int name="y1" value="286"/><int name="x2" value="3028"/><int name="y2" value="286"/><int name="prev" value="54"/><int name="next" value="58"/></imgdir><imgdir name="58"><int name="x1" value="3028"/><int name="y1" value="286"/><int name="x2" value="3381"/><int name="y2" value="286"/><int name="prev" value="56"/><int name="next" value="59"/></imgdir><imgdir name="59"><int name="x1" value="3381"/><int name="y1" value="286"/><int name="x2" value="3381"/><int name="y2" value="300"/><int name="prev" value="58"/><int name="next" value="60"/></imgdir><imgdir name="60"><int name="x1" value="3381"/><int name="y1" value="300"/><int name="x2" value="3381"/><int name="y2" value="360"/><int name="prev" value="59"/><int name="next" value="61"/></imgdir><imgdir name="61"><int name="x1" value="3381"/><int name="y1" value="360"/><int name="x2" value="3381"/><int name="y2" value="420"/><int name="prev" value="60"/><int name="next" value="62"/></imgdir><imgdir name="62"><int name="x1" value="3381"/><int name="y1" value="420"/><int name="x2" value="3381"/><int name="y2" value="480"/><int name="prev" value="61"/><int name="next" value="0"/></imgdir></imgdir></imgdir></imgdir><imgdir name="life"><imgdir name="0"><string name="id" value="9310000"/><int name="x" value="2284"/><int name="y" value="278"/><int name="cy" value="286"/><int name="mobTime" value="0"/><int name="rx0" value="2264"/><int name="rx1" value="2304"/><int name="f" value="0"/><string name="type" value="n"/><int name="fh" value="39"/></imgdir></imgdir></imgdir>