<?xml version="1.0" encoding="UTF-8" standalone="yes"?><imgdir name="701010323.img"><imgdir name="info"><int name="version" value="10"/><int name="cloud" value="0"/><int name="town" value="0"/><int name="returnMap" value="701010320"/><int name="forcedReturn" value="701010320"/><float name="mobRate" value="1.0"/><string name="bgm" value="BgmCN/ShanghaiField"/><string name="mapMark" value="ShangHai"/><int name="hideMinimap" value="0"/><int name="VRTop" value="-500"/><int name="VRLeft" value="1442"/><int name="VRBottom" value="950"/><int name="VRRight" value="3146"/><int name="swim" value="0"/><int name="fieldLimit" value="8440"/></imgdir><imgdir name="back"><imgdir name="0"><string name="bS" value="ShanghaiCN"/><int name="front" value="0"/><int name="ani" value="0"/><int name="no" value="0"/><int name="f" value="0"/><int name="x" value="0"/><int name="y" value="0"/><int name="rx" value="0"/><int name="ry" value="0"/><int name="type" value="3"/><int name="cx" value="0"/><int name="cy" value="0"/><int name="a" value="255"/></imgdir><imgdir name="1"><string name="bS" value="ShanghaiCN"/><int name="front" value="0"/><int name="ani" value="0"/><int name="no" value="1"/><int name="f" value="0"/><int name="x" value="0"/><int name="y" value="0"/><int name="rx" value="0"/><int name="ry" value="0"/><int name="type" value="1"/><int name="cx" value="0"/><int name="cy" value="0"/><int name="a" value="255"/></imgdir><imgdir name="2"><string name="bS" value="ShanghaiCN"/><int name="front" value="0"/><int name="ani" value="0"/><int name="no" value="2"/><int name="f" value="0"/><int name="x" value="104"/><int name="y" value="-150"/><int name="rx" value="-1"/><int name="ry" value="-15"/><int name="type" value="4"/><int name="cx" value="1000"/><int name="cy" value="0"/><int name="a" value="255"/></imgdir><imgdir name="3"><string name="bS" value="ShanghaiCN"/><int name="front" value="0"/><int name="ani" value="0"/><int name="no" value="3"/><int name="f" value="0"/><int name="x" value="-231"/><int name="y" value="-178"/><int name="rx" value="-1"/><int name="ry" value="-15"/><int name="type" value="4"/><int name="cx" value="1000"/><int name="cy" value="0"/><int name="a" value="255"/></imgdir><imgdir name="4"><string name="bS" value="ShanghaiCN"/><int name="front" value="0"/><int name="ani" value="0"/><int name="no" value="4"/><int name="f" value="0"/><int name="x" value="240"/><int name="y" value="-211"/><int name="rx" value="-1"/><int name="ry" value="-15"/><int name="type" value="4"/><int name="cx" value="1000"/><int name="cy" value="0"/><int name="a" value="255"/></imgdir><imgdir name="5"><string name="bS" value="ShanghaiCN"/><int name="front" value="0"/><int name="ani" value="0"/><int name="no" value="5"/><int name="f" value="0"/><int name="x" value="-1017"/><int name="y" value="-130"/><int name="rx" value="-2"/><int name="ry" value="-15"/><int name="type" value="4"/><int name="cx" value="1000"/><int name="cy" value="0"/><int name="a" value="255"/></imgdir><imgdir name="6"><string name="bS" value="ShanghaiCN"/><int name="front" value="0"/><int name="ani" value="0"/><int name="no" value="6"/><int name="f" value="0"/><int name="x" value="-337"/><int name="y" value="-324"/><int name="rx" value="-2"/><int name="ry" value="-15"/><int name="type" value="4"/><int name="cx" value="1000"/><int name="cy" value="0"/><int name="a" value="255"/></imgdir><imgdir name="7"><string name="bS" value="ShanghaiCN"/><int name="front" value="0"/><int name="ani" value="0"/><int name="no" value="7"/><int name="f" value="0"/><int name="x" value="-166"/><int name="y" value="-197"/><int name="rx" value="-2"/><int name="ry" value="-15"/><int name="type" value="4"/><int name="cx" value="1000"/><int name="cy" value="0"/><int name="a" value="255"/></imgdir><imgdir name="8"><string name="bS" value="ShanghaiCN"/><int name="front" value="0"/><int name="ani" value="0"/><int name="no" value="8"/><int name="f" value="0"/><int name="x" value="-395"/><int name="y" value="-218"/><int name="rx" value="-3"/><int name="ry" value="-15"/><int name="type" value="4"/><int name="cx" value="1000"/><int name="cy" value="0"/><int name="a" value="255"/></imgdir><imgdir name="9"><string name="bS" value="ShanghaiCN"/><int name="front" value="0"/><int name="ani" value="0"/><int name="no" value="9"/><int name="f" value="0"/><int name="x" value="319"/><int name="y" value="-288"/><int name="rx" value="-3"/><int name="ry" value="-15"/><int name="type" value="4"/><int name="cx" value="1000"/><int name="cy" value="0"/><int name="a" value="255"/></imgdir><imgdir name="11"><string name="bS" value="ShanghaiField"/><int name="front" value="0"/><int name="ani" value="0"/><int name="no" value="2"/><int name="f" value="0"/><int name="x" value="-128"/><int name="y" value="-42"/><int name="rx" value="-14"/><int name="ry" value="-15"/><int name="type" value="0"/><int name="cx" value="0"/><int name="cy" value="0"/><int name="a" value="255"/></imgdir><imgdir name="12"><string name="bS" value="ShanghaiField"/><int name="front" value="0"/><int name="ani" value="0"/><int name="no" value="3"/><int name="f" value="0"/><int name="x" value="741"/><int name="y" value="-49"/><int name="rx" value="-14"/><int name="ry" value="-15"/><int name="type" value="0"/><int name="cx" value="0"/><int name="cy" value="0"/><int name="a" value="255"/></imgdir><imgdir name="13"><string name="bS" value="ShanghaiField"/><int name="front" value="0"/><int name="ani" value="0"/><int name="no" value="4"/><int name="f" value="0"/><int name="x" value="-65"/><int name="y" value="129"/><int name="rx" value="-2"/><int name="ry" value="-15"/><int name="type" value="4"/><int name="cx" value="0"/><int name="cy" value="0"/><int name="a" value="255"/></imgdir><imgdir name="14"><string name="bS" value="ShanghaiField"/><int name="front" value="0"/><int name="ani" value="0"/><int name="no" value="5"/><int name="f" value="0"/><int name="x" value="-245"/><int name="y" value="122"/><int name="rx" value="-15"/><int name="ry" value="-16"/><int name="type" value="0"/><int name="cx" value="0"/><int name="cy" value="0"/><int name="a" value="255"/></imgdir><imgdir name="15"><string name="bS" value="ShanghaiField"/><int name="front" value="0"/><int name="ani" value="0"/><int name="no" value="6"/><int name="f" value="0"/><int name="x" value="417"/><int name="y" value="14"/><int name="rx" value="-15"/><int name="ry" value="-16"/><int name="type" value="0"/><int name="cx" value="0"/><int name="cy" value="0"/><int name="a" value="255"/></imgdir><imgdir name="16"><string name="bS" value="ShanghaiField"/><int name="front" value="0"/><int name="ani" value="0"/><int name="no" value="7"/><int name="f" value="0"/><int name="x" value="1079"/><int name="y" value="199"/><int name="rx" value="-15"/><int name="ry" value="-16"/><int name="type" value="0"/><int name="cx" value="0"/><int name="cy" value="0"/><int name="a" value="255"/></imgdir><imgdir name="17"><string name="bS" value="ShanghaiField"/><int name="front" value="0"/><int name="ani" value="0"/><int name="no" value="8"/><int name="f" value="0"/><int name="x" value="-333"/><int name="y" value="191"/><int name="rx" value="-16"/><int name="ry" value="-17"/><int name="type" value="0"/><int name="cx" value="0"/><int name="cy" value="0"/><int name="a" value="255"/></imgdir><imgdir name="18"><string name="bS" value="ShanghaiField"/><int name="front" value="0"/><int name="ani" value="0"/><int name="no" value="9"/><int name="f" value="0"/><int name="x" value="397"/><int name="y" value="199"/><int name="rx" value="-16"/><int name="ry" value="-17"/><int name="type" value="0"/><int name="cx" value="0"/><int name="cy" value="0"/><int name="a" value="255"/></imgdir><imgdir name="19"><string name="bS" value="ShanghaiField"/><int name="front" value="0"/><int name="ani" value="0"/><int name="no" value="10"/><int name="f" value="0"/><int name="x" value="1127"/><int name="y" value="205"/><int name="rx" value="-16"/><int name="ry" value="-17"/><int name="type" value="0"/><int name="cx" value="0"/><int name="cy" value="0"/><int name="a" value="255"/></imgdir><imgdir name="10"><string name="bS" value="ShanghaiField"/><int name="front" value="0"/><int name="ani" value="0"/><int name="no" value="1"/><int name="f" value="0"/><int name="x" value="-3"/><int name="y" value="-80"/><int name="rx" value="-14"/><int name="ry" value="-15"/><int name="type" value="0"/><int name="cx" value="0"/><int name="cy" value="0"/><int name="a" value="255"/></imgdir></imgdir><imgdir name="life"><imgdir name="0"><string name="type" value="m"/><string name="id" value="9600009"/><int name="x" value="2718"/><int name="y" value="816"/><int name="mobTime" value="-1"/><int name="f" value="0"/><int name="hide" value="0"/><int name="fh" value="36"/><int name="cy" value="823"/><int name="rx0" value="1460"/><int name="rx1" value="3130"/></imgdir><imgdir name="1"><string name="type" value="n"/><string name="id" value="9310007"/><int name="x" value="1596"/><int name="y" value="397"/><int name="mobTime" value="0"/><int name="f" value="0"/><int name="hide" value="0"/><int name="fh" value="62"/><int name="cy" value="403"/><int name="rx0" value="1546"/><int name="rx1" value="1646"/></imgdir></imgdir><imgdir name="reactor"></imgdir><imgdir name="0"><imgdir name="info"></imgdir><imgdir name="tile"></imgdir><imgdir name="obj"></imgdir></imgdir><imgdir name="1"><imgdir name="info"></imgdir><imgdir name="tile"></imgdir><imgdir name="obj"></imgdir></imgdir><imgdir name="2"><imgdir name="info"></imgdir><imgdir name="tile"></imgdir><imgdir name="obj"><imgdir name="0"><string name="oS" value="acc1"/><string name="l0" value="grassySoil"/><string name="l1" value="market"/><string name="l2" value="50"/><int name="x" value="2514"/><int name="y" value="390"/><int name="z" value="3"/><int name="f" value="0"/><int name="zM" value="21"/></imgdir><imgdir name="1"><string name="oS" value="acc1"/><string name="l0" value="grassySoil"/><string name="l1" value="market"/><string name="l2" value="49"/><int name="x" value="2548"/><int name="y" value="390"/><int name="z" value="4"/><int name="f" value="0"/><int name="zM" value="21"/></imgdir><imgdir name="2"><string name="oS" value="acc1"/><string name="l0" value="grassySoil"/><string name="l1" value="market"/><string name="l2" value="49"/><int name="x" value="2514"/><int name="y" value="356"/><int name="z" value="3"/><int name="f" value="0"/><int name="zM" value="23"/></imgdir><imgdir name="3"><string name="oS" value="acc1"/><string name="l0" value="grassySoil"/><string name="l1" value="market"/><string name="l2" value="45"/><int name="x" value="2514"/><int name="y" value="327"/><int name="z" value="1"/><int name="f" value="0"/><int name="zM" value="23"/></imgdir><imgdir name="4"><string name="oS" value="acc1"/><string name="l0" value="grassySoil"/><string name="l1" value="market"/><string name="l2" value="26"/><int name="x" value="2353"/><int name="y" value="372"/><int name="z" value="3"/><int name="f" value="0"/><int name="zM" value="20"/></imgdir><imgdir name="5"><string name="oS" value="acc1"/><string name="l0" value="grassySoil"/><string name="l1" value="market"/><string name="l2" value="3"/><int name="x" value="2344"/><int name="y" value="94"/><int name="z" value="3"/><int name="f" value="0"/><int name="zM" value="30"/></imgdir><imgdir name="6"><string name="oS" value="acc1"/><string name="l0" value="grassySoil"/><string name="l1" value="market"/><string name="l2" value="19"/><int name="x" value="2533"/><int name="y" value="74"/><int name="z" value="3"/><int name="f" value="0"/><int name="zM" value="29"/></imgdir><imgdir name="7"><string name="oS" value="acc1"/><string name="l0" value="grassySoil"/><string name="l1" value="market"/><string name="l2" value="20"/><int name="x" value="2388"/><int name="y" value="51"/><int name="z" value="2"/><int name="f" value="0"/><int name="zM" value="30"/></imgdir></imgdir></imgdir><imgdir name="3"><imgdir name="info"><string name="tS" value="ShanghaiField1"/><int name="tSMag" value="1"/></imgdir><imgdir name="tile"><imgdir name="0"><int name="x" value="2790"/><int name="y" value="480"/><string name="u" value="edU"/><int name="no" value="0"/><int name="zM" value="14"/></imgdir><imgdir name="1"><int name="x" value="2790"/><int name="y" value="480"/><string name="u" value="edD"/><int name="no" value="0"/><int name="zM" value="14"/></imgdir><imgdir name="2"><int name="x" value="2700"/><int name="y" value="480"/><string name="u" value="edU"/><int name="no" value="0"/><int name="zM" value="14"/></imgdir><imgdir name="3"><int name="x" value="2700"/><int name="y" value="480"/><string name="u" value="edD"/><int name="no" value="0"/><int name="zM" value="14"/></imgdir><imgdir name="4"><int name="x" value="2700"/><int name="y" value="480"/><string name="u" value="enH0"/><int name="no" value="0"/><int name="zM" value="14"/></imgdir><imgdir name="5"><int name="x" value="2700"/><int name="y" value="480"/><string name="u" value="enH1"/><int name="no" value="2"/><int name="zM" value="14"/></imgdir><imgdir name="13"><int name="x" value="2610"/><int name="y" value="480"/><string name="u" value="edD"/><int name="no" value="0"/><int name="zM" value="12"/></imgdir><imgdir name="15"><int name="x" value="2520"/><int name="y" value="480"/><string name="u" value="enH1"/><int name="no" value="1"/><int name="zM" value="12"/></imgdir><imgdir name="10"><int name="x" value="2430"/><int name="y" value="480"/><string name="u" value="enH1"/><int name="no" value="2"/><int name="zM" value="12"/></imgdir><imgdir name="6"><int name="x" value="2340"/><int name="y" value="480"/><string name="u" value="enH1"/><int name="no" value="2"/><int name="zM" value="12"/></imgdir><imgdir name="8"><int name="x" value="2250"/><int name="y" value="480"/><string name="u" value="enH1"/><int name="no" value="2"/><int name="zM" value="12"/></imgdir><imgdir name="19"><int name="x" value="2160"/><int name="y" value="480"/><string name="u" value="edD"/><int name="no" value="0"/><int name="zM" value="12"/></imgdir><imgdir name="16"><int name="x" value="2160"/><int name="y" value="480"/><string name="u" value="enH1"/><int name="no" value="0"/><int name="zM" value="12"/></imgdir><imgdir name="18"><int name="x" value="2160"/><int name="y" value="420"/><string name="u" value="enV0"/><int name="no" value="0"/><int name="zM" value="12"/></imgdir><imgdir name="17"><int name="x" value="2250"/><int name="y" value="420"/><string name="u" value="enH0"/><int name="no" value="1"/><int name="zM" value="12"/></imgdir><imgdir name="12"><int name="x" value="2520"/><int name="y" value="420"/><string name="u" value="bsc"/><int name="no" value="2"/><int name="zM" value="12"/></imgdir><imgdir name="14"><int name="x" value="2610"/><int name="y" value="420"/><string name="u" value="enV1"/><int name="no" value="0"/><int name="zM" value="12"/></imgdir><imgdir name="11"><int name="x" value="2430"/><int name="y" value="420"/><string name="u" value="bsc"/><int name="no" value="4"/><int name="zM" value="12"/></imgdir><imgdir name="9"><int name="x" value="2340"/><int name="y" value="420"/><string name="u" value="bsc"/><int name="no" value="2"/><int name="zM" value="12"/></imgdir><imgdir name="7"><int name="x" value="2520"/><int name="y" value="420"/><string name="u" value="enH0"/><int name="no" value="0"/><int name="zM" value="12"/></imgdir><imgdir name="25"><int name="x" value="2430"/><int name="y" value="420"/><string name="u" value="enH0"/><int name="no" value="1"/><int name="zM" value="12"/></imgdir><imgdir name="24"><int name="x" value="2610"/><int name="y" value="420"/><string name="u" value="edU"/><int name="no" value="0"/><int name="zM" value="12"/></imgdir><imgdir name="20"><int name="x" value="2340"/><int name="y" value="420"/><string name="u" value="enH0"/><int name="no" value="2"/><int name="zM" value="12"/></imgdir><imgdir name="21"><int name="x" value="2160"/><int name="y" value="420"/><string name="u" value="enH0"/><int name="no" value="2"/><int name="zM" value="12"/></imgdir><imgdir name="23"><int name="x" value="2160"/><int name="y" value="420"/><string name="u" value="edU"/><int name="no" value="0"/><int name="zM" value="12"/></imgdir><imgdir name="22"><int name="x" value="2160"/><int name="y" value="420"/><string name="u" value="bsc"/><int name="no" value="1"/><int name="zM" value="12"/></imgdir><imgdir name="26"><int name="x" value="2250"/><int name="y" value="420"/><string name="u" value="bsc"/><int name="no" value="2"/><int name="zM" value="12"/></imgdir><imgdir name="36"><int name="x" value="2160"/><int name="y" value="180"/><string name="u" value="edD"/><int name="no" value="0"/><int name="zM" value="26"/></imgdir><imgdir name="38"><int name="x" value="2430"/><int name="y" value="180"/><string name="u" value="enH1"/><int name="no" value="0"/><int name="zM" value="26"/></imgdir><imgdir name="29"><int name="x" value="2340"/><int name="y" value="180"/><string name="u" value="enH1"/><int name="no" value="0"/><int name="zM" value="26"/></imgdir><imgdir name="33"><int name="x" value="2250"/><int name="y" value="180"/><string name="u" value="enH1"/><int name="no" value="2"/><int name="zM" value="26"/></imgdir><imgdir name="31"><int name="x" value="2160"/><int name="y" value="180"/><string name="u" value="enH1"/><int name="no" value="1"/><int name="zM" value="26"/></imgdir><imgdir name="40"><int name="x" value="2610"/><int name="y" value="180"/><string name="u" value="edD"/><int name="no" value="0"/><int name="zM" value="26"/></imgdir><imgdir name="27"><int name="x" value="2520"/><int name="y" value="180"/><string name="u" value="enH1"/><int name="no" value="1"/><int name="zM" value="26"/></imgdir><imgdir name="41"><int name="x" value="2610"/><int name="y" value="120"/><string name="u" value="edU"/><int name="no" value="0"/><int name="zM" value="26"/></imgdir><imgdir name="35"><int name="x" value="2160"/><int name="y" value="120"/><string name="u" value="enV0"/><int name="no" value="1"/><int name="zM" value="26"/></imgdir><imgdir name="32"><int name="x" value="2160"/><int name="y" value="120"/><string name="u" value="enH0"/><int name="no" value="1"/><int name="zM" value="26"/></imgdir><imgdir name="34"><int name="x" value="2160"/><int name="y" value="120"/><string name="u" value="bsc"/><int name="no" value="2"/><int name="zM" value="26"/></imgdir><imgdir name="30"><int name="x" value="2160"/><int name="y" value="120"/><string name="u" value="edU"/><int name="no" value="0"/><int name="zM" value="26"/></imgdir><imgdir name="46"><int name="x" value="2340"/><int name="y" value="120"/><string name="u" value="enH0"/><int name="no" value="2"/><int name="zM" value="26"/></imgdir><imgdir name="47"><int name="x" value="2430"/><int name="y" value="120"/><string name="u" value="bsc"/><int name="no" value="5"/><int name="zM" value="26"/></imgdir><imgdir name="37"><int name="x" value="2250"/><int name="y" value="120"/><string name="u" value="bsc"/><int name="no" value="3"/><int name="zM" value="26"/></imgdir><imgdir name="44"><int name="x" value="2430"/><int name="y" value="120"/><string name="u" value="enH0"/><int name="no" value="2"/><int name="zM" value="26"/></imgdir><imgdir name="45"><int name="x" value="2520"/><int name="y" value="120"/><string name="u" value="bsc"/><int name="no" value="2"/><int name="zM" value="26"/></imgdir><imgdir name="28"><int name="x" value="2340"/><int name="y" value="120"/><string name="u" value="bsc"/><int name="no" value="3"/><int name="zM" value="26"/></imgdir><imgdir name="43"><int name="x" value="2610"/><int name="y" value="120"/><string name="u" value="enV1"/><int name="no" value="0"/><int name="zM" value="26"/></imgdir><imgdir name="42"><int name="x" value="2520"/><int name="y" value="120"/><string name="u" value="enH0"/><int name="no" value="2"/><int name="zM" value="26"/></imgdir><imgdir name="39"><int name="x" value="2250"/><int name="y" value="120"/><string name="u" value="enH0"/><int name="no" value="1"/><int name="zM" value="26"/></imgdir></imgdir><imgdir name="obj"></imgdir></imgdir><imgdir name="4"><imgdir name="info"></imgdir><imgdir name="tile"></imgdir><imgdir name="obj"><imgdir name="0"><string name="oS" value="connect"/><string name="l0" value="rope"/><string name="l1" value="18"/><string name="l2" value="0"/><int name="x" value="2207"/><int name="y" value="109"/><int name="z" value="3"/><int name="f" value="0"/><int name="zM" value="28"/></imgdir><imgdir name="1"><string name="oS" value="connect"/><string name="l0" value="rope"/><string name="l1" value="18"/><string name="l2" value="1"/><int name="x" value="2207"/><int name="y" value="158"/><int name="z" value="3"/><int name="f" value="0"/><int name="zM" value="27"/></imgdir><imgdir name="2"><string name="oS" value="connect"/><string name="l0" value="rope"/><string name="l1" value="18"/><string name="l2" value="1"/><int name="x" value="2207"/><int name="y" value="230"/><int name="z" value="3"/><int name="f" value="0"/><int name="zM" value="25"/></imgdir><imgdir name="3"><string name="oS" value="connect"/><string name="l0" value="rope"/><string name="l1" value="18"/><string name="l2" value="1"/><int name="x" value="2207"/><int name="y" value="302"/><int name="z" value="3"/><int name="f" value="0"/><int name="zM" value="24"/></imgdir><imgdir name="4"><string name="oS" value="connect"/><string name="l0" value="rope"/><string name="l1" value="18"/><string name="l2" value="2"/><int name="x" value="2207"/><int name="y" value="335"/><int name="z" value="3"/><int name="f" value="0"/><int name="zM" value="24"/></imgdir><imgdir name="5"><string name="oS" value="connect"/><string name="l0" value="rope"/><string name="l1" value="18"/><string name="l2" value="0"/><int name="x" value="2207"/><int name="y" value="401"/><int name="z" value="3"/><int name="f" value="0"/><int name="zM" value="19"/></imgdir><imgdir name="6"><string name="oS" value="connect"/><string name="l0" value="rope"/><string name="l1" value="18"/><string name="l2" value="1"/><int name="x" value="2207"/><int name="y" value="450"/><int name="z" value="3"/><int name="f" value="0"/><int name="zM" value="16"/></imgdir><imgdir name="7"><string name="oS" value="connect"/><string name="l0" value="rope"/><string name="l1" value="18"/><string name="l2" value="1"/><int name="x" value="2207"/><int name="y" value="522"/><int name="z" value="3"/><int name="f" value="0"/><int name="zM" value="10"/></imgdir><imgdir name="8"><string name="oS" value="connect"/><string name="l0" value="rope"/><string name="l1" value="18"/><string name="l2" value="1"/><int name="x" value="2207"/><int name="y" value="594"/><int name="z" value="3"/><int name="f" value="0"/><int name="zM" value="8"/></imgdir><imgdir name="10"><string name="oS" value="connect"/><string name="l0" value="rope"/><string name="l1" value="18"/><string name="l2" value="2"/><int name="x" value="2207"/><int name="y" value="648"/><int name="z" value="3"/><int name="f" value="0"/><int name="zM" value="6"/></imgdir><imgdir name="9"><string name="oS" value="ShanghaiCN"/><string name="l0" value="field"/><string name="l1" value="artificiality"/><string name="l2" value="14"/><int name="x" value="2303"/><int name="y" value="756"/><int name="z" value="3"/><int name="f" value="0"/><int name="zM" value="2"/></imgdir><imgdir name="11"><string name="oS" value="ShanghaiCN"/><string name="l0" value="field"/><string name="l1" value="artificiality"/><string name="l2" value="19"/><int name="x" value="2438"/><int name="y" value="736"/><int name="z" value="3"/><int name="f" value="0"/><int name="zM" value="3"/></imgdir><imgdir name="12"><string name="oS" value="acc1"/><string name="l0" value="grassySoil"/><string name="l1" value="market"/><string name="l2" value="19"/><int name="x" value="2442"/><int name="y" value="788"/><int name="z" value="4"/><int name="f" value="0"/><int name="zM" value="2"/></imgdir><imgdir name="13"><string name="oS" value="acc1"/><string name="l0" value="grassySoil"/><string name="l1" value="market"/><string name="l2" value="17"/><int name="x" value="1519"/><int name="y" value="362"/><int name="z" value="3"/><int name="f" value="0"/><int name="zM" value="22"/></imgdir><imgdir name="14"><string name="oS" value="acc1"/><string name="l0" value="grassySoil"/><string name="l1" value="market"/><string name="l2" value="24"/><int name="x" value="1951"/><int name="y" value="788"/><int name="z" value="4"/><int name="f" value="0"/><int name="zM" value="1"/></imgdir><imgdir name="15"><string name="oS" value="acc1"/><string name="l0" value="grassySoil"/><string name="l1" value="market"/><string name="l2" value="20"/><int name="x" value="1853"/><int name="y" value="767"/><int name="z" value="3"/><int name="f" value="0"/><int name="zM" value="1"/></imgdir><imgdir name="16"><string name="oS" value="ShanghaiCN"/><string name="l0" value="field"/><string name="l1" value="artificiality"/><string name="l2" value="12"/><int name="x" value="3095"/><int name="y" value="504"/><int name="z" value="3"/><int name="f" value="0"/><int name="zM" value="11"/></imgdir><imgdir name="17"><string name="oS" value="ShanghaiCN"/><string name="l0" value="field"/><string name="l1" value="artificiality"/><string name="l2" value="8"/><int name="x" value="2935"/><int name="y" value="505"/><int name="z" value="3"/><int name="f" value="0"/><int name="zM" value="13"/></imgdir><imgdir name="18"><string name="oS" value="ShanghaiCN"/><string name="l0" value="field"/><string name="l1" value="artificiality"/><string name="l2" value="10"/><int name="x" value="2954"/><int name="y" value="501"/><int name="z" value="4"/><int name="f" value="0"/><int name="zM" value="13"/></imgdir><imgdir name="19"><string name="oS" value="ShanghaiCN"/><string name="l0" value="field"/><string name="l1" value="artificiality"/><string name="l2" value="11"/><int name="x" value="2910"/><int name="y" value="495"/><int name="z" value="4"/><int name="f" value="0"/><int name="zM" value="13"/></imgdir></imgdir></imgdir><imgdir name="5"><imgdir name="info"><string name="tS" value="ShanghaiField2"/><int name="tSMag" value="1"/></imgdir><imgdir name="tile"><imgdir name="93"><int name="x" value="1620"/><int name="y" value="900"/><string name="u" value="bsc"/><int name="no" value="3"/><int name="zM" value="0"/></imgdir><imgdir name="94"><int name="x" value="1530"/><int name="y" value="900"/><string name="u" value="bsc"/><int name="no" value="2"/><int name="zM" value="0"/></imgdir><imgdir name="90"><int name="x" value="1530"/><int name="y" value="840"/><string name="u" value="bsc"/><int name="no" value="3"/><int name="zM" value="0"/></imgdir><imgdir name="59"><int name="x" value="1440"/><int name="y" value="960"/><string name="u" value="enH1"/><int name="no" value="1"/><int name="zM" value="0"/></imgdir><imgdir name="71"><int name="x" value="1440"/><int name="y" value="900"/><string name="u" value="bsc"/><int name="no" value="3"/><int name="zM" value="0"/></imgdir><imgdir name="91"><int name="x" value="1530"/><int name="y" value="960"/><string name="u" value="enH1"/><int name="no" value="0"/><int name="zM" value="0"/></imgdir><imgdir name="87"><int name="x" value="1620"/><int name="y" value="840"/><string name="u" value="bsc"/><int name="no" value="0"/><int name="zM" value="0"/></imgdir><imgdir name="88"><int name="x" value="1620"/><int name="y" value="840"/><string name="u" value="enH0"/><int name="no" value="0"/><int name="zM" value="0"/></imgdir><imgdir name="76"><int name="x" value="1710"/><int name="y" value="840"/><string name="u" value="bsc"/><int name="no" value="3"/><int name="zM" value="0"/></imgdir><imgdir name="74"><int name="x" value="1710"/><int name="y" value="900"/><string name="u" value="bsc"/><int name="no" value="0"/><int name="zM" value="0"/></imgdir><imgdir name="72"><int name="x" value="1710"/><int name="y" value="960"/><string name="u" value="enH1"/><int name="no" value="1"/><int name="zM" value="0"/></imgdir><imgdir name="75"><int name="x" value="1890"/><int name="y" value="900"/><string name="u" value="bsc"/><int name="no" value="4"/><int name="zM" value="0"/></imgdir><imgdir name="83"><int name="x" value="1980"/><int name="y" value="960"/><string name="u" value="enH1"/><int name="no" value="2"/><int name="zM" value="0"/></imgdir><imgdir name="68"><int name="x" value="1980"/><int name="y" value="840"/><string name="u" value="bsc"/><int name="no" value="5"/><int name="zM" value="0"/></imgdir><imgdir name="80"><int name="x" value="1890"/><int name="y" value="840"/><string name="u" value="bsc"/><int name="no" value="4"/><int name="zM" value="0"/></imgdir><imgdir name="84"><int name="x" value="1890"/><int name="y" value="840"/><string name="u" value="enH0"/><int name="no" value="1"/><int name="zM" value="0"/></imgdir><imgdir name="82"><int name="x" value="1980"/><int name="y" value="900"/><string name="u" value="bsc"/><int name="no" value="5"/><int name="zM" value="0"/></imgdir><imgdir name="86"><int name="x" value="1710"/><int name="y" value="840"/><string name="u" value="enH0"/><int name="no" value="2"/><int name="zM" value="0"/></imgdir><imgdir name="56"><int name="x" value="1800"/><int name="y" value="960"/><string name="u" value="enH1"/><int name="no" value="0"/><int name="zM" value="0"/></imgdir><imgdir name="48"><int name="x" value="1800"/><int name="y" value="900"/><string name="u" value="bsc"/><int name="no" value="0"/><int name="zM" value="0"/></imgdir><imgdir name="85"><int name="x" value="1800"/><int name="y" value="840"/><string name="u" value="enH0"/><int name="no" value="2"/><int name="zM" value="0"/></imgdir><imgdir name="49"><int name="x" value="1800"/><int name="y" value="840"/><string name="u" value="bsc"/><int name="no" value="0"/><int name="zM" value="0"/></imgdir><imgdir name="78"><int name="x" value="2070"/><int name="y" value="960"/><string name="u" value="enH1"/><int name="no" value="2"/><int name="zM" value="0"/></imgdir><imgdir name="89"><int name="x" value="2160"/><int name="y" value="960"/><string name="u" value="enH1"/><int name="no" value="0"/><int name="zM" value="0"/></imgdir><imgdir name="45"><int name="x" value="2250"/><int name="y" value="960"/><string name="u" value="enH1"/><int name="no" value="2"/><int name="zM" value="0"/></imgdir><imgdir name="50"><int name="x" value="2160"/><int name="y" value="840"/><string name="u" value="enH0"/><int name="no" value="0"/><int name="zM" value="0"/></imgdir><imgdir name="51"><int name="x" value="2340"/><int name="y" value="960"/><string name="u" value="enH1"/><int name="no" value="2"/><int name="zM" value="0"/></imgdir><imgdir name="60"><int name="x" value="2340"/><int name="y" value="900"/><string name="u" value="bsc"/><int name="no" value="2"/><int name="zM" value="0"/></imgdir><imgdir name="57"><int name="x" value="2340"/><int name="y" value="840"/><string name="u" value="enH0"/><int name="no" value="1"/><int name="zM" value="0"/></imgdir><imgdir name="53"><int name="x" value="2160"/><int name="y" value="900"/><string name="u" value="bsc"/><int name="no" value="5"/><int name="zM" value="0"/></imgdir><imgdir name="54"><int name="x" value="2070"/><int name="y" value="900"/><string name="u" value="bsc"/><int name="no" value="5"/><int name="zM" value="0"/></imgdir><imgdir name="64"><int name="x" value="2070"/><int name="y" value="840"/><string name="u" value="enH0"/><int name="no" value="2"/><int name="zM" value="0"/></imgdir><imgdir name="65"><int name="x" value="2250"/><int name="y" value="840"/><string name="u" value="bsc"/><int name="no" value="3"/><int name="zM" value="0"/></imgdir><imgdir name="67"><int name="x" value="2430"/><int name="y" value="960"/><string name="u" value="enH1"/><int name="no" value="0"/><int name="zM" value="0"/></imgdir><imgdir name="66"><int name="x" value="2430"/><int name="y" value="900"/><string name="u" value="bsc"/><int name="no" value="5"/><int name="zM" value="0"/></imgdir><imgdir name="58"><int name="x" value="2520"/><int name="y" value="840"/><string name="u" value="bsc"/><int name="no" value="4"/><int name="zM" value="0"/></imgdir><imgdir name="62"><int name="x" value="2520"/><int name="y" value="960"/><string name="u" value="enH1"/><int name="no" value="0"/><int name="zM" value="0"/></imgdir><imgdir name="63"><int name="x" value="2520"/><int name="y" value="900"/><string name="u" value="bsc"/><int name="no" value="3"/><int name="zM" value="0"/></imgdir><imgdir name="55"><int name="x" value="2430"/><int name="y" value="840"/><string name="u" value="enH0"/><int name="no" value="2"/><int name="zM" value="0"/></imgdir><imgdir name="44"><int name="x" value="2520"/><int name="y" value="840"/><string name="u" value="enH0"/><int name="no" value="2"/><int name="zM" value="0"/></imgdir><imgdir name="38"><int name="x" value="2250"/><int name="y" value="900"/><string name="u" value="bsc"/><int name="no" value="2"/><int name="zM" value="0"/></imgdir><imgdir name="40"><int name="x" value="2340"/><int name="y" value="840"/><string name="u" value="bsc"/><int name="no" value="4"/><int name="zM" value="0"/></imgdir><imgdir name="41"><int name="x" value="2250"/><int name="y" value="840"/><string name="u" value="enH0"/><int name="no" value="1"/><int name="zM" value="0"/></imgdir><imgdir name="9"><int name="x" value="2430"/><int name="y" value="840"/><string name="u" value="bsc"/><int name="no" value="0"/><int name="zM" value="0"/></imgdir><imgdir name="36"><int name="x" value="1980"/><int name="y" value="840"/><string name="u" value="enH0"/><int name="no" value="0"/><int name="zM" value="0"/></imgdir><imgdir name="42"><int name="x" value="1890"/><int name="y" value="960"/><string name="u" value="enH1"/><int name="no" value="0"/><int name="zM" value="0"/></imgdir><imgdir name="20"><int name="x" value="2160"/><int name="y" value="840"/><string name="u" value="bsc"/><int name="no" value="0"/><int name="zM" value="0"/></imgdir><imgdir name="43"><int name="x" value="2070"/><int name="y" value="840"/><string name="u" value="bsc"/><int name="no" value="1"/><int name="zM" value="0"/></imgdir><imgdir name="46"><int name="x" value="2610"/><int name="y" value="900"/><string name="u" value="bsc"/><int name="no" value="2"/><int name="zM" value="0"/></imgdir><imgdir name="39"><int name="x" value="2610"/><int name="y" value="840"/><string name="u" value="bsc"/><int name="no" value="5"/><int name="zM" value="0"/></imgdir><imgdir name="52"><int name="x" value="2700"/><int name="y" value="900"/><string name="u" value="bsc"/><int name="no" value="4"/><int name="zM" value="0"/></imgdir><imgdir name="61"><int name="x" value="2700"/><int name="y" value="840"/><string name="u" value="bsc"/><int name="no" value="2"/><int name="zM" value="0"/></imgdir><imgdir name="14"><int name="x" value="2610"/><int name="y" value="960"/><string name="u" value="enH1"/><int name="no" value="0"/><int name="zM" value="0"/></imgdir><imgdir name="47"><int name="x" value="2610"/><int name="y" value="840"/><string name="u" value="enH0"/><int name="no" value="0"/><int name="zM" value="0"/></imgdir><imgdir name="12"><int name="x" value="2700"/><int name="y" value="960"/><string name="u" value="enH1"/><int name="no" value="0"/><int name="zM" value="0"/></imgdir><imgdir name="35"><int name="x" value="2700"/><int name="y" value="840"/><string name="u" value="enH0"/><int name="no" value="1"/><int name="zM" value="0"/></imgdir><imgdir name="34"><int name="x" value="2790"/><int name="y" value="900"/><string name="u" value="bsc"/><int name="no" value="1"/><int name="zM" value="0"/></imgdir><imgdir name="15"><int name="x" value="2790"/><int name="y" value="960"/><string name="u" value="enH1"/><int name="no" value="2"/><int name="zM" value="0"/></imgdir><imgdir name="19"><int name="x" value="2790"/><int name="y" value="840"/><string name="u" value="bsc"/><int name="no" value="0"/><int name="zM" value="0"/></imgdir><imgdir name="37"><int name="x" value="2880"/><int name="y" value="840"/><string name="u" value="bsc"/><int name="no" value="0"/><int name="zM" value="0"/></imgdir><imgdir name="24"><int name="x" value="2880"/><int name="y" value="960"/><string name="u" value="enH1"/><int name="no" value="2"/><int name="zM" value="0"/></imgdir><imgdir name="23"><int name="x" value="3060"/><int name="y" value="840"/><string name="u" value="bsc"/><int name="no" value="5"/><int name="zM" value="0"/></imgdir><imgdir name="11"><int name="x" value="3060"/><int name="y" value="900"/><string name="u" value="bsc"/><int name="no" value="0"/><int name="zM" value="0"/></imgdir><imgdir name="18"><int name="x" value="2970"/><int name="y" value="900"/><string name="u" value="bsc"/><int name="no" value="1"/><int name="zM" value="0"/></imgdir><imgdir name="27"><int name="x" value="3060"/><int name="y" value="960"/><string name="u" value="enH1"/><int name="no" value="1"/><int name="zM" value="0"/></imgdir><imgdir name="7"><int name="x" value="2790"/><int name="y" value="840"/><string name="u" value="enH0"/><int name="no" value="2"/><int name="zM" value="0"/></imgdir><imgdir name="26"><int name="x" value="2880"/><int name="y" value="900"/><string name="u" value="bsc"/><int name="no" value="0"/><int name="zM" value="0"/></imgdir><imgdir name="25"><int name="x" value="2970"/><int name="y" value="840"/><string name="u" value="bsc"/><int name="no" value="4"/><int name="zM" value="0"/></imgdir><imgdir name="8"><int name="x" value="2970"/><int name="y" value="960"/><string name="u" value="enH1"/><int name="no" value="1"/><int name="zM" value="0"/></imgdir><imgdir name="28"><int name="x" value="1440"/><int name="y" value="840"/><string name="u" value="bsc"/><int name="no" value="0"/><int name="zM" value="0"/></imgdir><imgdir name="6"><int name="x" value="1620"/><int name="y" value="960"/><string name="u" value="enH1"/><int name="no" value="2"/><int name="zM" value="0"/></imgdir><imgdir name="33"><int name="x" value="3060"/><int name="y" value="780"/><string name="u" value="bsc"/><int name="no" value="5"/><int name="zM" value="0"/></imgdir><imgdir name="100"><int name="x" value="3060"/><int name="y" value="720"/><string name="u" value="bsc"/><int name="no" value="2"/><int name="zM" value="0"/></imgdir><imgdir name="102"><int name="x" value="3060"/><int name="y" value="660"/><string name="u" value="bsc"/><int name="no" value="2"/><int name="zM" value="0"/></imgdir><imgdir name="104"><int name="x" value="3060"/><int name="y" value="600"/><string name="u" value="bsc"/><int name="no" value="5"/><int name="zM" value="0"/></imgdir><imgdir name="109"><int name="x" value="3060"/><int name="y" value="540"/><string name="u" value="enH0"/><int name="no" value="0"/><int name="zM" value="0"/></imgdir><imgdir name="110"><int name="x" value="2970"/><int name="y" value="540"/><string name="u" value="enH0"/><int name="no" value="0"/><int name="zM" value="0"/></imgdir><imgdir name="16"><int name="x" value="2970"/><int name="y" value="720"/><string name="u" value="bsc"/><int name="no" value="5"/><int name="zM" value="0"/></imgdir><imgdir name="106"><int name="x" value="2970"/><int name="y" value="660"/><string name="u" value="bsc"/><int name="no" value="4"/><int name="zM" value="0"/></imgdir><imgdir name="113"><int name="x" value="2970"/><int name="y" value="600"/><string name="u" value="bsc"/><int name="no" value="3"/><int name="zM" value="0"/></imgdir><imgdir name="13"><int name="x" value="3060"/><int name="y" value="540"/><string name="u" value="bsc"/><int name="no" value="2"/><int name="zM" value="0"/></imgdir><imgdir name="30"><int name="x" value="2880"/><int name="y" value="780"/><string name="u" value="bsc"/><int name="no" value="2"/><int name="zM" value="0"/></imgdir><imgdir name="115"><int name="x" value="2880"/><int name="y" value="600"/><string name="u" value="bsc"/><int name="no" value="1"/><int name="zM" value="0"/></imgdir><imgdir name="114"><int name="x" value="2880"/><int name="y" value="540"/><string name="u" value="bsc"/><int name="no" value="2"/><int name="zM" value="0"/></imgdir><imgdir name="112"><int name="x" value="2880"/><int name="y" value="540"/><string name="u" value="enV0"/><int name="no" value="0"/><int name="zM" value="0"/></imgdir><imgdir name="70"><int name="x" value="1440"/><int name="y" value="420"/><string name="u" value="bsc"/><int name="no" value="2"/><int name="zM" value="0"/></imgdir><imgdir name="3"><int name="x" value="1530"/><int name="y" value="420"/><string name="u" value="enH0"/><int name="no" value="0"/><int name="zM" value="0"/></imgdir><imgdir name="5"><int name="x" value="1530"/><int name="y" value="420"/><string name="u" value="bsc"/><int name="no" value="5"/><int name="zM" value="0"/></imgdir><imgdir name="1"><int name="x" value="1440"/><int name="y" value="420"/><string name="u" value="enH0"/><int name="no" value="2"/><int name="zM" value="0"/></imgdir><imgdir name="73"><int name="x" value="1440"/><int name="y" value="600"/><string name="u" value="bsc"/><int name="no" value="0"/><int name="zM" value="0"/></imgdir><imgdir name="69"><int name="x" value="1440"/><int name="y" value="540"/><string name="u" value="bsc"/><int name="no" value="3"/><int name="zM" value="0"/></imgdir><imgdir name="92"><int name="x" value="1440"/><int name="y" value="480"/><string name="u" value="bsc"/><int name="no" value="1"/><int name="zM" value="0"/></imgdir><imgdir name="81"><int name="x" value="1440"/><int name="y" value="660"/><string name="u" value="bsc"/><int name="no" value="1"/><int name="zM" value="0"/></imgdir><imgdir name="111"><int name="x" value="1620"/><int name="y" value="780"/><string name="u" value="enV1"/><int name="no" value="1"/><int name="zM" value="0"/></imgdir><imgdir name="108"><int name="x" value="1620"/><int name="y" value="720"/><string name="u" value="enV1"/><int name="no" value="1"/><int name="zM" value="0"/></imgdir><imgdir name="107"><int name="x" value="1530"/><int name="y" value="660"/><string name="u" value="bsc"/><int name="no" value="0"/><int name="zM" value="0"/></imgdir><imgdir name="105"><int name="x" value="1620"/><int name="y" value="660"/><string name="u" value="enV1"/><int name="no" value="1"/><int name="zM" value="0"/></imgdir><imgdir name="103"><int name="x" value="1530"/><int name="y" value="540"/><string name="u" value="bsc"/><int name="no" value="3"/><int name="zM" value="0"/></imgdir><imgdir name="101"><int name="x" value="1620"/><int name="y" value="540"/><string name="u" value="enV1"/><int name="no" value="0"/><int name="zM" value="0"/></imgdir><imgdir name="22"><int name="x" value="1530"/><int name="y" value="780"/><string name="u" value="bsc"/><int name="no" value="3"/><int name="zM" value="0"/></imgdir><imgdir name="32"><int name="x" value="1530"/><int name="y" value="720"/><string name="u" value="bsc"/><int name="no" value="0"/><int name="zM" value="0"/></imgdir><imgdir name="97"><int name="x" value="1530"/><int name="y" value="600"/><string name="u" value="bsc"/><int name="no" value="5"/><int name="zM" value="0"/></imgdir><imgdir name="96"><int name="x" value="1620"/><int name="y" value="600"/><string name="u" value="enV1"/><int name="no" value="0"/><int name="zM" value="0"/></imgdir><imgdir name="0"><int name="x" value="1530"/><int name="y" value="480"/><string name="u" value="bsc"/><int name="no" value="5"/><int name="zM" value="0"/></imgdir><imgdir name="2"><int name="x" value="1440"/><int name="y" value="780"/><string name="u" value="bsc"/><int name="no" value="2"/><int name="zM" value="0"/></imgdir><imgdir name="10"><int name="x" value="1440"/><int name="y" value="720"/><string name="u" value="bsc"/><int name="no" value="2"/><int name="zM" value="0"/></imgdir><imgdir name="98"><int name="x" value="2880"/><int name="y" value="600"/><string name="u" value="enV0"/><int name="no" value="1"/><int name="zM" value="0"/></imgdir><imgdir name="29"><int name="x" value="2880"/><int name="y" value="660"/><string name="u" value="enV0"/><int name="no" value="1"/><int name="zM" value="0"/></imgdir><imgdir name="77"><int name="x" value="2880"/><int name="y" value="720"/><string name="u" value="enV0"/><int name="no" value="1"/><int name="zM" value="0"/></imgdir><imgdir name="31"><int name="x" value="2880"/><int name="y" value="540"/><string name="u" value="enH0"/><int name="no" value="0"/><int name="zM" value="0"/></imgdir><imgdir name="79"><int name="x" value="2880"/><int name="y" value="540"/><string name="u" value="edU"/><int name="no" value="0"/><int name="zM" value="0"/></imgdir><imgdir name="4"><int name="x" value="2880"/><int name="y" value="780"/><string name="u" value="enV0"/><int name="no" value="0"/><int name="zM" value="0"/></imgdir><imgdir name="21"><int name="x" value="2970"/><int name="y" value="540"/><string name="u" value="bsc"/><int name="no" value="1"/><int name="zM" value="0"/></imgdir><imgdir name="99"><int name="x" value="2880"/><int name="y" value="720"/><string name="u" value="bsc"/><int name="no" value="2"/><int name="zM" value="0"/></imgdir><imgdir name="95"><int name="x" value="2970"/><int name="y" value="780"/><string name="u" value="bsc"/><int name="no" value="0"/><int name="zM" value="0"/></imgdir><imgdir name="17"><int name="x" value="2880"/><int name="y" value="660"/><string name="u" value="bsc"/><int name="no" value="0"/><int name="zM" value="0"/></imgdir><imgdir name="116"><int name="x" value="1620"/><int name="y" value="420"/><string name="u" value="edU"/><int name="no" value="0"/><int name="zM" value="0"/></imgdir><imgdir name="117"><int name="x" value="1620"/><int name="y" value="420"/><string name="u" value="enV1"/><int name="no" value="0"/><int name="zM" value="0"/></imgdir><imgdir name="118"><int name="x" value="1620"/><int name="y" value="480"/><string name="u" value="enV1"/><int name="no" value="1"/><int name="zM" value="0"/></imgdir><imgdir name="119"><int name="x" value="1710"/><int name="y" value="420"/><string name="u" value="edU"/><int name="no" value="0"/><int name="zM" value="17"/></imgdir><imgdir name="120"><int name="x" value="1710"/><int name="y" value="420"/><string name="u" value="edD"/><int name="no" value="0"/><int name="zM" value="17"/></imgdir><imgdir name="121"><int name="x" value="1800"/><int name="y" value="420"/><string name="u" value="edU"/><int name="no" value="0"/><int name="zM" value="17"/></imgdir><imgdir name="122"><int name="x" value="1800"/><int name="y" value="420"/><string name="u" value="edD"/><int name="no" value="0"/><int name="zM" value="17"/></imgdir><imgdir name="123"><int name="x" value="1710"/><int name="y" value="420"/><string name="u" value="enH0"/><int name="no" value="2"/><int name="zM" value="17"/></imgdir><imgdir name="124"><int name="x" value="1710"/><int name="y" value="420"/><string name="u" value="enH1"/><int name="no" value="2"/><int name="zM" value="17"/></imgdir></imgdir><imgdir name="obj"></imgdir></imgdir><imgdir name="6"><imgdir name="info"></imgdir><imgdir name="tile"></imgdir><imgdir name="obj"><imgdir name="0"><string name="oS" value="connect"/><string name="l0" value="rope"/><string name="l1" value="18"/><string name="l2" value="0"/><int name="x" value="1739"/><int name="y" value="403"/><int name="z" value="3"/><int name="f" value="0"/><int name="zM" value="18"/></imgdir><imgdir name="1"><string name="oS" value="connect"/><string name="l0" value="rope"/><string name="l1" value="18"/><string name="l2" value="1"/><int name="x" value="1739"/><int name="y" value="452"/><int name="z" value="3"/><int name="f" value="0"/><int name="zM" value="15"/></imgdir><imgdir name="2"><string name="oS" value="connect"/><string name="l0" value="rope"/><string name="l1" value="18"/><string name="l2" value="1"/><int name="x" value="1739"/><int name="y" value="524"/><int name="z" value="3"/><int name="f" value="0"/><int name="zM" value="9"/></imgdir><imgdir name="3"><string name="oS" value="connect"/><string name="l0" value="rope"/><string name="l1" value="18"/><string name="l2" value="1"/><int name="x" value="1739"/><int name="y" value="596"/><int name="z" value="3"/><int name="f" value="0"/><int name="zM" value="7"/></imgdir><imgdir name="4"><string name="oS" value="connect"/><string name="l0" value="rope"/><string name="l1" value="18"/><string name="l2" value="1"/><int name="x" value="1739"/><int name="y" value="668"/><int name="z" value="3"/><int name="f" value="0"/><int name="zM" value="5"/></imgdir><imgdir name="5"><string name="oS" value="connect"/><string name="l0" value="rope"/><string name="l1" value="18"/><string name="l2" value="2"/><int name="x" value="1739"/><int name="y" value="722"/><int name="z" value="3"/><int name="f" value="0"/><int name="zM" value="4"/></imgdir></imgdir></imgdir><imgdir name="7"><imgdir name="info"></imgdir><imgdir name="tile"></imgdir><imgdir name="obj"></imgdir></imgdir><imgdir name="foothold"><imgdir name="3"><imgdir name="14"><imgdir name="1"><int name="x1" value="2758"/><int name="y1" value="469"/><int name="x2" value="2822"/><int name="y2" value="469"/><int name="prev" value="5"/><int name="next" value="2"/></imgdir><imgdir name="2"><int name="x1" value="2822"/><int name="y1" value="469"/><int name="x2" value="2822"/><int name="y2" value="480"/><int name="prev" value="1"/><int name="next" value="0"/></imgdir><imgdir name="3"><int name="x1" value="2668"/><int name="y1" value="480"/><int name="x2" value="2668"/><int name="y2" value="469"/><int name="prev" value="0"/><int name="next" value="4"/></imgdir><imgdir name="4"><int name="x1" value="2668"/><int name="y1" value="469"/><int name="x2" value="2732"/><int name="y2" value="469"/><int name="prev" value="3"/><int name="next" value="5"/></imgdir><imgdir name="5"><int name="x1" value="2732"/><int name="y1" value="469"/><int name="x2" value="2758"/><int name="y2" value="469"/><int name="prev" value="4"/><int name="next" value="1"/></imgdir></imgdir><imgdir name="12"><imgdir name="6"><int name="x1" value="2520"/><int name="y1" value="409"/><int name="x2" value="2578"/><int name="y2" value="409"/><int name="prev" value="18"/><int name="next" value="15"/></imgdir><imgdir name="7"><int name="x1" value="2642"/><int name="y1" value="420"/><int name="x2" value="2642"/><int name="y2" value="480"/><int name="prev" value="17"/><int name="next" value="0"/></imgdir><imgdir name="8"><int name="x1" value="2250"/><int name="y1" value="409"/><int name="x2" value="2340"/><int name="y2" value="409"/><int name="prev" value="14"/><int name="next" value="10"/></imgdir><imgdir name="9"><int name="x1" value="2128"/><int name="y1" value="480"/><int name="x2" value="2128"/><int name="y2" value="420"/><int name="prev" value="0"/><int name="next" value="12"/></imgdir><imgdir name="10"><int name="x1" value="2340"/><int name="y1" value="409"/><int name="x2" value="2430"/><int name="y2" value="409"/><int name="prev" value="8"/><int name="next" value="18"/></imgdir><imgdir name="11"><int name="x1" value="2160"/><int name="y1" value="409"/><int name="x2" value="2192"/><int name="y2" value="409"/><int name="prev" value="13"/><int name="next" value="14"/></imgdir><imgdir name="12"><int name="x1" value="2128"/><int name="y1" value="420"/><int name="x2" value="2128"/><int name="y2" value="409"/><int name="prev" value="9"/><int name="next" value="13"/></imgdir><imgdir name="13"><int name="x1" value="2128"/><int name="y1" value="409"/><int name="x2" value="2160"/><int name="y2" value="409"/><int name="prev" value="12"/><int name="next" value="11"/></imgdir><imgdir name="14"><int name="x1" value="2192"/><int name="y1" value="409"/><int name="x2" value="2250"/><int name="y2" value="409"/><int name="prev" value="11"/><int name="next" value="8"/></imgdir><imgdir name="15"><int name="x1" value="2578"/><int name="y1" value="409"/><int name="x2" value="2610"/><int name="y2" value="409"/><int name="prev" value="6"/><int name="next" value="16"/></imgdir><imgdir name="16"><int name="x1" value="2610"/><int name="y1" value="409"/><int name="x2" value="2642"/><int name="y2" value="409"/><int name="prev" value="15"/><int name="next" value="17"/></imgdir><imgdir name="17"><int name="x1" value="2642"/><int name="y1" value="409"/><int name="x2" value="2642"/><int name="y2" value="420"/><int name="prev" value="16"/><int name="next" value="7"/></imgdir><imgdir name="18"><int name="x1" value="2430"/><int name="y1" value="409"/><int name="x2" value="2520"/><int name="y2" value="409"/><int name="prev" value="10"/><int name="next" value="6"/></imgdir></imgdir><imgdir name="26"><imgdir name="19"><int name="x1" value="2128"/><int name="y1" value="120"/><int name="x2" value="2128"/><int name="y2" value="109"/><int name="prev" value="22"/><int name="next" value="20"/></imgdir><imgdir name="20"><int name="x1" value="2128"/><int name="y1" value="109"/><int name="x2" value="2192"/><int name="y2" value="109"/><int name="prev" value="19"/><int name="next" value="21"/></imgdir><imgdir name="21"><int name="x1" value="2192"/><int name="y1" value="109"/><int name="x2" value="2250"/><int name="y2" value="109"/><int name="prev" value="20"/><int name="next" value="23"/></imgdir><imgdir name="22"><int name="x1" value="2128"/><int name="y1" value="180"/><int name="x2" value="2128"/><int name="y2" value="120"/><int name="prev" value="0"/><int name="next" value="19"/></imgdir><imgdir name="23"><int name="x1" value="2250"/><int name="y1" value="109"/><int name="x2" value="2340"/><int name="y2" value="109"/><int name="prev" value="21"/><int name="next" value="29"/></imgdir><imgdir name="24"><int name="x1" value="2578"/><int name="y1" value="109"/><int name="x2" value="2642"/><int name="y2" value="109"/><int name="prev" value="26"/><int name="next" value="25"/></imgdir><imgdir name="25"><int name="x1" value="2642"/><int name="y1" value="109"/><int name="x2" value="2642"/><int name="y2" value="120"/><int name="prev" value="24"/><int name="next" value="27"/></imgdir><imgdir name="26"><int name="x1" value="2520"/><int name="y1" value="109"/><int name="x2" value="2578"/><int name="y2" value="109"/><int name="prev" value="28"/><int name="next" value="24"/></imgdir><imgdir name="27"><int name="x1" value="2642"/><int name="y1" value="120"/><int name="x2" value="2642"/><int name="y2" value="180"/><int name="prev" value="25"/><int name="next" value="0"/></imgdir><imgdir name="28"><int name="x1" value="2430"/><int name="y1" value="109"/><int name="x2" value="2520"/><int name="y2" value="109"/><int name="prev" value="29"/><int name="next" value="26"/></imgdir><imgdir name="29"><int name="x1" value="2340"/><int name="y1" value="109"/><int name="x2" value="2430"/><int name="y2" value="109"/><int name="prev" value="23"/><int name="next" value="28"/></imgdir></imgdir></imgdir><imgdir name="5"><imgdir name="0"><imgdir name="30"><int name="x1" value="1440"/><int name="y1" value="403"/><int name="x2" value="1530"/><int name="y2" value="403"/><int name="prev" value="0"/><int name="next" value="31"/></imgdir><imgdir name="31"><int name="x1" value="1530"/><int name="y1" value="403"/><int name="x2" value="1588"/><int name="y2" value="403"/><int name="prev" value="30"/><int name="next" value="62"/></imgdir><imgdir name="32"><int name="x1" value="2790"/><int name="y1" value="823"/><int name="x2" value="2848"/><int name="y2" value="823"/><int name="prev" value="36"/><int name="next" value="33"/></imgdir><imgdir name="33"><int name="x1" value="2848"/><int name="y1" value="823"/><int name="x2" value="2848"/><int name="y2" value="780"/><int name="prev" value="32"/><int name="next" value="45"/></imgdir><imgdir name="34"><int name="x1" value="2848"/><int name="y1" value="720"/><int name="x2" value="2848"/><int name="y2" value="660"/><int name="prev" value="45"/><int name="next" value="53"/></imgdir><imgdir name="35"><int name="x1" value="2880"/><int name="y1" value="523"/><int name="x2" value="2912"/><int name="y2" value="523"/><int name="prev" value="47"/><int name="next" value="48"/></imgdir><imgdir name="36"><int name="x1" value="2700"/><int name="y1" value="823"/><int name="x2" value="2790"/><int name="y2" value="823"/><int name="prev" value="40"/><int name="next" value="32"/></imgdir><imgdir name="37"><int name="x1" value="1980"/><int name="y1" value="823"/><int name="x2" value="2070"/><int name="y2" value="823"/><int name="prev" value="49"/><int name="next" value="44"/></imgdir><imgdir name="38"><int name="x1" value="2250"/><int name="y1" value="823"/><int name="x2" value="2340"/><int name="y2" value="823"/><int name="prev" value="41"/><int name="next" value="43"/></imgdir><imgdir name="39"><int name="x1" value="2520"/><int name="y1" value="823"/><int name="x2" value="2610"/><int name="y2" value="823"/><int name="prev" value="42"/><int name="next" value="40"/></imgdir><imgdir name="40"><int name="x1" value="2610"/><int name="y1" value="823"/><int name="x2" value="2700"/><int name="y2" value="823"/><int name="prev" value="39"/><int name="next" value="36"/></imgdir><imgdir name="41"><int name="x1" value="2160"/><int name="y1" value="823"/><int name="x2" value="2250"/><int name="y2" value="823"/><int name="prev" value="44"/><int name="next" value="38"/></imgdir><imgdir name="42"><int name="x1" value="2430"/><int name="y1" value="823"/><int name="x2" value="2520"/><int name="y2" value="823"/><int name="prev" value="43"/><int name="next" value="39"/></imgdir><imgdir name="43"><int name="x1" value="2340"/><int name="y1" value="823"/><int name="x2" value="2430"/><int name="y2" value="823"/><int name="prev" value="38"/><int name="next" value="42"/></imgdir><imgdir name="44"><int name="x1" value="2070"/><int name="y1" value="823"/><int name="x2" value="2160"/><int name="y2" value="823"/><int name="prev" value="37"/><int name="next" value="41"/></imgdir><imgdir name="45"><int name="x1" value="2848"/><int name="y1" value="780"/><int name="x2" value="2848"/><int name="y2" value="720"/><int name="prev" value="33"/><int name="next" value="34"/></imgdir><imgdir name="46"><int name="x1" value="2848"/><int name="y1" value="540"/><int name="x2" value="2848"/><int name="y2" value="523"/><int name="prev" value="61"/><int name="next" value="47"/></imgdir><imgdir name="47"><int name="x1" value="2848"/><int name="y1" value="523"/><int name="x2" value="2880"/><int name="y2" value="523"/><int name="prev" value="46"/><int name="next" value="35"/></imgdir><imgdir name="48"><int name="x1" value="2912"/><int name="y1" value="523"/><int name="x2" value="2970"/><int name="y2" value="523"/><int name="prev" value="35"/><int name="next" value="58"/></imgdir><imgdir name="49"><int name="x1" value="1890"/><int name="y1" value="823"/><int name="x2" value="1980"/><int name="y2" value="823"/><int name="prev" value="50"/><int name="next" value="37"/></imgdir><imgdir name="50"><int name="x1" value="1800"/><int name="y1" value="823"/><int name="x2" value="1890"/><int name="y2" value="823"/><int name="prev" value="51"/><int name="next" value="49"/></imgdir><imgdir name="51"><int name="x1" value="1710"/><int name="y1" value="823"/><int name="x2" value="1800"/><int name="y2" value="823"/><int name="prev" value="60"/><int name="next" value="50"/></imgdir><imgdir name="52"><int name="x1" value="1652"/><int name="y1" value="600"/><int name="x2" value="1652"/><int name="y2" value="660"/><int name="prev" value="54"/><int name="next" value="55"/></imgdir><imgdir name="53"><int name="x1" value="2848"/><int name="y1" value="660"/><int name="x2" value="2848"/><int name="y2" value="600"/><int name="prev" value="34"/><int name="next" value="61"/></imgdir><imgdir name="54"><int name="x1" value="1652"/><int name="y1" value="540"/><int name="x2" value="1652"/><int name="y2" value="600"/><int name="prev" value="66"/><int name="next" value="52"/></imgdir><imgdir name="55"><int name="x1" value="1652"/><int name="y1" value="660"/><int name="x2" value="1652"/><int name="y2" value="720"/><int name="prev" value="52"/><int name="next" value="56"/></imgdir><imgdir name="56"><int name="x1" value="1652"/><int name="y1" value="720"/><int name="x2" value="1652"/><int name="y2" value="780"/><int name="prev" value="55"/><int name="next" value="59"/></imgdir><imgdir name="57"><int name="x1" value="3060"/><int name="y1" value="523"/><int name="x2" value="3150"/><int name="y2" value="523"/><int name="prev" value="58"/><int name="next" value="0"/></imgdir><imgdir name="58"><int name="x1" value="2970"/><int name="y1" value="523"/><int name="x2" value="3060"/><int name="y2" value="523"/><int name="prev" value="48"/><int name="next" value="57"/></imgdir><imgdir name="59"><int name="x1" value="1652"/><int name="y1" value="780"/><int name="x2" value="1652"/><int name="y2" value="823"/><int name="prev" value="56"/><int name="next" value="60"/></imgdir><imgdir name="60"><int name="x1" value="1652"/><int name="y1" value="823"/><int name="x2" value="1710"/><int name="y2" value="823"/><int name="prev" value="59"/><int name="next" value="51"/></imgdir><imgdir name="61"><int name="x1" value="2848"/><int name="y1" value="600"/><int name="x2" value="2848"/><int name="y2" value="540"/><int name="prev" value="53"/><int name="next" value="46"/></imgdir><imgdir name="62"><int name="x1" value="1588"/><int name="y1" value="403"/><int name="x2" value="1620"/><int name="y2" value="403"/><int name="prev" value="31"/><int name="next" value="63"/></imgdir><imgdir name="63"><int name="x1" value="1620"/><int name="y1" value="403"/><int name="x2" value="1652"/><int name="y2" value="403"/><int name="prev" value="62"/><int name="next" value="64"/></imgdir><imgdir name="64"><int name="x1" value="1652"/><int name="y1" value="403"/><int name="x2" value="1652"/><int name="y2" value="420"/><int name="prev" value="63"/><int name="next" value="65"/></imgdir><imgdir name="65"><int name="x1" value="1652"/><int name="y1" value="420"/><int name="x2" value="1652"/><int name="y2" value="480"/><int name="prev" value="64"/><int name="next" value="66"/></imgdir><imgdir name="66"><int name="x1" value="1652"/><int name="y1" value="480"/><int name="x2" value="1652"/><int name="y2" value="540"/><int name="prev" value="65"/><int name="next" value="54"/></imgdir></imgdir><imgdir name="17"><imgdir name="67"><int name="x1" value="1678"/><int name="y1" value="420"/><int name="x2" value="1678"/><int name="y2" value="403"/><int name="prev" value="0"/><int name="next" value="68"/></imgdir><imgdir name="68"><int name="x1" value="1678"/><int name="y1" value="403"/><int name="x2" value="1742"/><int name="y2" value="403"/><int name="prev" value="67"/><int name="next" value="71"/></imgdir><imgdir name="69"><int name="x1" value="1768"/><int name="y1" value="403"/><int name="x2" value="1832"/><int name="y2" value="403"/><int name="prev" value="71"/><int name="next" value="70"/></imgdir><imgdir name="70"><int name="x1" value="1832"/><int name="y1" value="403"/><int name="x2" value="1832"/><int name="y2" value="420"/><int name="prev" value="69"/><int name="next" value="0"/></imgdir><imgdir name="71"><int name="x1" value="1742"/><int name="y1" value="403"/><int name="x2" value="1768"/><int name="y2" value="403"/><int name="prev" value="68"/><int name="next" value="69"/></imgdir></imgdir></imgdir><imgdir name="2"><imgdir name="21"><imgdir name="72"><int name="x1" value="2486"/><int name="y1" value="374"/><int name="x2" value="2543"/><int name="y2" value="374"/><int name="prev" value="0"/><int name="next" value="73"/></imgdir><imgdir name="73"><int name="x1" value="2543"/><int name="y1" value="374"/><int name="x2" value="2576"/><int name="y2" value="374"/><int name="prev" value="72"/><int name="next" value="0"/></imgdir></imgdir><imgdir name="23"><imgdir name="74"><int name="x1" value="2486"/><int name="y1" value="340"/><int name="x2" value="2542"/><int name="y2" value="340"/><int name="prev" value="0"/><int name="next" value="0"/></imgdir></imgdir><imgdir name="29"><imgdir name="75"><int name="x1" value="2483"/><int name="y1" value="47"/><int name="x2" value="2494"/><int name="y2" value="45"/><int name="prev" value="0"/><int name="next" value="76"/></imgdir><imgdir name="76"><int name="x1" value="2494"/><int name="y1" value="45"/><int name="x2" value="2508"/><int name="y2" value="44"/><int name="prev" value="75"/><int name="next" value="77"/></imgdir><imgdir name="77"><int name="x1" value="2508"/><int name="y1" value="44"/><int name="x2" value="2513"/><int name="y2" value="47"/><int name="prev" value="76"/><int name="next" value="78"/></imgdir><imgdir name="78"><int name="x1" value="2513"/><int name="y1" value="47"/><int name="x2" value="2521"/><int name="y2" value="46"/><int name="prev" value="77"/><int name="next" value="79"/></imgdir><imgdir name="79"><int name="x1" value="2521"/><int name="y1" value="46"/><int name="x2" value="2546"/><int name="y2" value="46"/><int name="prev" value="78"/><int name="next" value="80"/></imgdir><imgdir name="80"><int name="x1" value="2546"/><int name="y1" value="46"/><int name="x2" value="2554"/><int name="y2" value="47"/><int name="prev" value="79"/><int name="next" value="81"/></imgdir><imgdir name="81"><int name="x1" value="2554"/><int name="y1" value="47"/><int name="x2" value="2561"/><int name="y2" value="44"/><int name="prev" value="80"/><int name="next" value="82"/></imgdir><imgdir name="82"><int name="x1" value="2561"/><int name="y1" value="44"/><int name="x2" value="2575"/><int name="y2" value="43"/><int name="prev" value="81"/><int name="next" value="83"/></imgdir><imgdir name="83"><int name="x1" value="2575"/><int name="y1" value="43"/><int name="x2" value="2583"/><int name="y2" value="50"/><int name="prev" value="82"/><int name="next" value="0"/></imgdir></imgdir></imgdir><imgdir name="4"><imgdir name="2"><imgdir name="84"><int name="x1" value="2240"/><int name="y1" value="696"/><int name="x2" value="2362"/><int name="y2" value="691"/><int name="prev" value="0"/><int name="next" value="0"/></imgdir><imgdir name="85"><int name="x1" value="2392"/><int name="y1" value="761"/><int name="x2" value="2403"/><int name="y2" value="759"/><int name="prev" value="0"/><int name="next" value="86"/></imgdir><imgdir name="86"><int name="x1" value="2403"/><int name="y1" value="759"/><int name="x2" value="2417"/><int name="y2" value="758"/><int name="prev" value="85"/><int name="next" value="87"/></imgdir><imgdir name="87"><int name="x1" value="2417"/><int name="y1" value="758"/><int name="x2" value="2422"/><int name="y2" value="761"/><int name="prev" value="86"/><int name="next" value="88"/></imgdir><imgdir name="88"><int name="x1" value="2422"/><int name="y1" value="761"/><int name="x2" value="2430"/><int name="y2" value="760"/><int name="prev" value="87"/><int name="next" value="89"/></imgdir><imgdir name="89"><int name="x1" value="2430"/><int name="y1" value="760"/><int name="x2" value="2455"/><int name="y2" value="760"/><int name="prev" value="88"/><int name="next" value="90"/></imgdir><imgdir name="90"><int name="x1" value="2455"/><int name="y1" value="760"/><int name="x2" value="2463"/><int name="y2" value="761"/><int name="prev" value="89"/><int name="next" value="91"/></imgdir><imgdir name="91"><int name="x1" value="2463"/><int name="y1" value="761"/><int name="x2" value="2470"/><int name="y2" value="758"/><int name="prev" value="90"/><int name="next" value="92"/></imgdir><imgdir name="92"><int name="x1" value="2470"/><int name="y1" value="758"/><int name="x2" value="2484"/><int name="y2" value="757"/><int name="prev" value="91"/><int name="next" value="93"/></imgdir><imgdir name="93"><int name="x1" value="2484"/><int name="y1" value="757"/><int name="x2" value="2492"/><int name="y2" value="764"/><int name="prev" value="92"/><int name="next" value="0"/></imgdir></imgdir><imgdir name="3"><imgdir name="94"><int name="x1" value="2406"/><int name="y1" value="716"/><int name="x2" value="2470"/><int name="y2" value="716"/><int name="prev" value="0"/><int name="next" value="0"/></imgdir></imgdir><imgdir name="22"><imgdir name="95"><int name="x1" value="1444"/><int name="y1" value="363"/><int name="x2" value="1595"/><int name="y2" value="363"/><int name="prev" value="0"/><int name="next" value="0"/></imgdir><imgdir name="96"><int name="x1" value="1472"/><int name="y1" value="320"/><int name="x2" value="1529"/><int name="y2" value="320"/><int name="prev" value="0"/><int name="next" value="0"/></imgdir></imgdir></imgdir></imgdir><imgdir name="ladderRope"><imgdir name="1"><int name="l" value="0"/><int name="uf" value="1"/><int name="x" value="2207"/><int name="y1" value="111"/><int name="y2" value="382"/><int name="page" value="4"/></imgdir><imgdir name="2"><int name="l" value="0"/><int name="uf" value="1"/><int name="x" value="2207"/><int name="y1" value="411"/><int name="y2" value="695"/><int name="page" value="4"/></imgdir><imgdir name="3"><int name="l" value="0"/><int name="uf" value="1"/><int name="x" value="1739"/><int name="y1" value="405"/><int name="y2" value="769"/><int name="page" value="6"/></imgdir></imgdir><imgdir name="miniMap"><canvas name="canvas" width="112" height="75"></canvas><int name="width" value="1806"/><int name="height" value="1210"/><int name="centerX" value="-1392"/><int name="centerY" value="156"/><int name="mag" value="4"/></imgdir><imgdir name="portal"><imgdir name="0"><string name="pn" value="sp"/><int name="pt" value="0"/><int name="x" value="3008"/><int name="y" value="480"/><int name="tm" value="999999999"/><string name="tn" value=""/></imgdir></imgdir></imgdir>