<?xml version="1.0" encoding="UTF-8" standalone="yes"?><imgdir name="702070300.img"><imgdir name="info"><int name="version" value="10"/><int name="cloud" value="0"/><int name="town" value="0"/><int name="swim" value="0"/><int name="returnMap" value="702100000"/><int name="forcedReturn" value="999999999"/><float name="mobRate" value="1.1"/><string name="bgm" value="BgmCN/shaolin_cangjingge"/><string name="mapMark" value="None"/><int name="hideMinimap" value="0"/><int name="fieldLimit" value="0"/><int name="VRTop" value="25"/><int name="VRLeft" value="-1425"/><int name="VRBottom" value="690"/><int name="VRRight" value="878"/></imgdir><imgdir name="back"><imgdir name="0"><string name="bS" value="ShaolinCN"/><int name="front" value="0"/><int name="ani" value="0"/><int name="no" value="12"/><int name="f" value="0"/><int name="x" value="-27"/><int name="y" value="-62"/><int name="rx" value="0"/><int name="ry" value="0"/><int name="type" value="1"/><int name="cx" value="0"/><int name="cy" value="0"/><int name="a" value="255"/></imgdir><imgdir name="1"><string name="bS" value="ShaolinCN"/><int name="front" value="0"/><int name="ani" value="0"/><int name="no" value="13"/><int name="f" value="0"/><int name="x" value="9"/><int name="y" value="-135"/><int name="rx" value="0"/><int name="ry" value="0"/><int name="type" value="1"/><int name="cx" value="0"/><int name="cy" value="0"/><int name="a" value="255"/></imgdir><imgdir name="2"><string name="bS" value="ShaolinCN"/><int name="front" value="0"/><int name="ani" value="0"/><int name="no" value="14"/><int name="f" value="0"/><int name="x" value="-31"/><int name="y" value="198"/><int name="rx" value="0"/><int name="ry" value="0"/><int name="type" value="1"/><int name="cx" value="0"/><int name="cy" value="0"/><int name="a" value="255"/></imgdir><imgdir name="3"><string name="bS" value="ShaolinCN"/><int name="front" value="0"/><int name="ani" value="0"/><int name="no" value="1"/><int name="f" value="0"/><int name="x" value="44"/><int name="y" value="-59"/><int name="rx" value="0"/><int name="ry" value="0"/><int name="type" value="1"/><int name="cx" value="0"/><int name="cy" value="0"/><int name="a" value="255"/></imgdir><imgdir name="4"><string name="bS" value="ShaolinCN"/><int name="front" value="0"/><int name="ani" value="0"/><int name="no" value="2"/><int name="f" value="0"/><int name="x" value="-274"/><int name="y" value="-75"/><int name="rx" value="0"/><int name="ry" value="0"/><int name="type" value="1"/><int name="cx" value="0"/><int name="cy" value="0"/><int name="a" value="255"/></imgdir><imgdir name="6"><string name="bS" value="ShaolinCN"/><int name="front" value="0"/><int name="ani" value="0"/><int name="no" value="38"/><int name="f" value="0"/><int name="x" value="135"/><int name="y" value="241"/><int name="rx" value="0"/><int name="ry" value="0"/><int name="type" value="0"/><int name="cx" value="0"/><int name="cy" value="0"/><int name="a" value="255"/></imgdir><imgdir name="5"><string name="bS" value="ShaolinCN"/><int name="front" value="0"/><int name="ani" value="0"/><int name="no" value="3"/><int name="f" value="0"/><int name="x" value="-70"/><int name="y" value="-15"/><int name="rx" value="0"/><int name="ry" value="0"/><int name="type" value="1"/><int name="cx" value="0"/><int name="cy" value="0"/><int name="a" value="255"/></imgdir><imgdir name="11"><string name="bS" value="ShaolinCN"/><int name="front" value="0"/><int name="ani" value="0"/><int name="no" value="4"/><int name="f" value="0"/><int name="x" value="-168"/><int name="y" value="256"/><int name="rx" value="0"/><int name="ry" value="0"/><int name="type" value="0"/><int name="cx" value="0"/><int name="cy" value="0"/><int name="a" value="255"/></imgdir><imgdir name="12"><string name="bS" value="ShaolinCN"/><int name="front" value="0"/><int name="ani" value="0"/><int name="no" value="35"/><int name="f" value="1"/><int name="x" value="-711"/><int name="y" value="-72"/><int name="rx" value="3"/><int name="ry" value="-18"/><int name="type" value="4"/><int name="cx" value="800"/><int name="cy" value="0"/><int name="a" value="255"/></imgdir><imgdir name="13"><string name="bS" value="ShaolinCN"/><int name="front" value="0"/><int name="ani" value="0"/><int name="no" value="7"/><int name="f" value="0"/><int name="x" value="86"/><int name="y" value="252"/><int name="rx" value="0"/><int name="ry" value="0"/><int name="type" value="0"/><int name="cx" value="0"/><int name="cy" value="0"/><int name="a" value="255"/></imgdir><imgdir name="8"><string name="bS" value="ShaolinCN"/><int name="front" value="0"/><int name="ani" value="0"/><int name="no" value="2"/><int name="f" value="0"/><int name="x" value="-8"/><int name="y" value="47"/><int name="rx" value="0"/><int name="ry" value="0"/><int name="type" value="0"/><int name="cx" value="0"/><int name="cy" value="0"/><int name="a" value="255"/></imgdir><imgdir name="16"><string name="bS" value="ShaolinCN"/><int name="front" value="0"/><int name="ani" value="0"/><int name="no" value="25"/><int name="f" value="1"/><int name="x" value="-118"/><int name="y" value="59"/><int name="rx" value="5"/><int name="ry" value="-18"/><int name="type" value="4"/><int name="cx" value="800"/><int name="cy" value="0"/><int name="a" value="255"/></imgdir><imgdir name="17"><string name="bS" value="ShaolinCN"/><int name="front" value="0"/><int name="ani" value="0"/><int name="no" value="26"/><int name="f" value="1"/><int name="x" value="73"/><int name="y" value="27"/><int name="rx" value="5"/><int name="ry" value="-18"/><int name="type" value="4"/><int name="cx" value="1000"/><int name="cy" value="0"/><int name="a" value="255"/></imgdir><imgdir name="18"><string name="bS" value="ShaolinCN"/><int name="front" value="0"/><int name="ani" value="0"/><int name="no" value="34"/><int name="f" value="1"/><int name="x" value="-172"/><int name="y" value="-181"/><int name="rx" value="3"/><int name="ry" value="-18"/><int name="type" value="4"/><int name="cx" value="800"/><int name="cy" value="0"/><int name="a" value="255"/></imgdir><imgdir name="15"><string name="bS" value="ShaolinCN"/><int name="front" value="0"/><int name="ani" value="0"/><int name="no" value="34"/><int name="f" value="1"/><int name="x" value="-70"/><int name="y" value="207"/><int name="rx" value="3"/><int name="ry" value="-18"/><int name="type" value="4"/><int name="cx" value="800"/><int name="cy" value="0"/><int name="a" value="255"/></imgdir><imgdir name="19"><string name="bS" value="ShaolinCN"/><int name="front" value="0"/><int name="ani" value="0"/><int name="no" value="31"/><int name="f" value="1"/><int name="x" value="58"/><int name="y" value="-69"/><int name="rx" value="6"/><int name="ry" value="-18"/><int name="type" value="4"/><int name="cx" value="800"/><int name="cy" value="0"/><int name="a" value="255"/></imgdir><imgdir name="9"><string name="bS" value="ShaolinCN"/><int name="front" value="0"/><int name="ani" value="0"/><int name="no" value="32"/><int name="f" value="1"/><int name="x" value="-162"/><int name="y" value="-153"/><int name="rx" value="3"/><int name="ry" value="-18"/><int name="type" value="4"/><int name="cx" value="1000"/><int name="cy" value="0"/><int name="a" value="255"/></imgdir><imgdir name="20"><string name="bS" value="ShaolinCN"/><int name="front" value="0"/><int name="ani" value="0"/><int name="no" value="18"/><int name="f" value="0"/><int name="x" value="-715"/><int name="y" value="386"/><int name="rx" value="1"/><int name="ry" value="-100"/><int name="type" value="4"/><int name="cx" value="800"/><int name="cy" value="0"/><int name="a" value="255"/></imgdir><imgdir name="21"><string name="bS" value="ShaolinCN"/><int name="front" value="0"/><int name="ani" value="0"/><int name="no" value="23"/><int name="f" value="1"/><int name="x" value="-4"/><int name="y" value="206"/><int name="rx" value="5"/><int name="ry" value="-18"/><int name="type" value="4"/><int name="cx" value="1000"/><int name="cy" value="0"/><int name="a" value="255"/></imgdir><imgdir name="22"><string name="bS" value="ShaolinCN"/><int name="front" value="0"/><int name="ani" value="0"/><int name="no" value="10"/><int name="f" value="0"/><int name="x" value="-344"/><int name="y" value="285"/><int name="rx" value="0"/><int name="ry" value="0"/><int name="type" value="0"/><int name="cx" value="0"/><int name="cy" value="0"/><int name="a" value="255"/></imgdir><imgdir name="23"><string name="bS" value="ShaolinCN"/><int name="front" value="0"/><int name="ani" value="0"/><int name="no" value="11"/><int name="f" value="0"/><int name="x" value="293"/><int name="y" value="314"/><int name="rx" value="0"/><int name="ry" value="0"/><int name="type" value="0"/><int name="cx" value="0"/><int name="cy" value="0"/><int name="a" value="255"/></imgdir><imgdir name="10"><string name="bS" value="ShaolinCN"/><int name="front" value="0"/><int name="ani" value="0"/><int name="no" value="27"/><int name="f" value="1"/><int name="x" value="-497"/><int name="y" value="-169"/><int name="rx" value="3"/><int name="ry" value="-18"/><int name="type" value="4"/><int name="cx" value="800"/><int name="cy" value="0"/><int name="a" value="255"/></imgdir><imgdir name="7"><string name="bS" value="ShaolinCN"/><int name="front" value="0"/><int name="ani" value="0"/><int name="no" value="3"/><int name="f" value="0"/><int name="x" value="24"/><int name="y" value="82"/><int name="rx" value="0"/><int name="ry" value="0"/><int name="type" value="0"/><int name="cx" value="0"/><int name="cy" value="0"/><int name="a" value="255"/></imgdir><imgdir name="14"><string name="bS" value="ShaolinCN"/><int name="front" value="0"/><int name="ani" value="0"/><int name="no" value="40"/><int name="f" value="0"/><int name="x" value="-44"/><int name="y" value="319"/><int name="rx" value="0"/><int name="ry" value="0"/><int name="type" value="0"/><int name="cx" value="0"/><int name="cy" value="0"/><int name="a" value="255"/></imgdir><imgdir name="24"><string name="bS" value="ShaolinCN"/><int name="front" value="0"/><int name="ani" value="0"/><int name="no" value="17"/><int name="f" value="1"/><int name="x" value="220"/><int name="y" value="527"/><int name="rx" value="3"/><int name="ry" value="-100"/><int name="type" value="4"/><int name="cx" value="1000"/><int name="cy" value="0"/><int name="a" value="255"/></imgdir><imgdir name="25"><string name="bS" value="ShaolinCN"/><int name="front" value="0"/><int name="ani" value="0"/><int name="no" value="26"/><int name="f" value="1"/><int name="x" value="-120"/><int name="y" value="148"/><int name="rx" value="7"/><int name="ry" value="-20"/><int name="type" value="4"/><int name="cx" value="1000"/><int name="cy" value="0"/><int name="a" value="255"/></imgdir><imgdir name="26"><string name="bS" value="ShaolinCN"/><int name="front" value="0"/><int name="ani" value="0"/><int name="no" value="31"/><int name="f" value="1"/><int name="x" value="-262"/><int name="y" value="85"/><int name="rx" value="7"/><int name="ry" value="-20"/><int name="type" value="4"/><int name="cx" value="1000"/><int name="cy" value="0"/><int name="a" value="255"/></imgdir><imgdir name="27"><string name="bS" value="ShaolinCN"/><int name="front" value="0"/><int name="ani" value="0"/><int name="no" value="20"/><int name="f" value="1"/><int name="x" value="-191"/><int name="y" value="533"/><int name="rx" value="6"/><int name="ry" value="-100"/><int name="type" value="4"/><int name="cx" value="0"/><int name="cy" value="0"/><int name="a" value="255"/></imgdir></imgdir><imgdir name="life"><imgdir name="0"><string name="type" value="m"/><string name="id" value="9600019"/><int name="x" value="-540"/><int name="y" value="585"/><int name="mobTime" value="0"/><int name="f" value="0"/><int name="hide" value="0"/><int name="fh" value="60"/><int name="cy" value="593"/><int name="rx0" value="-972"/><int name="rx1" value="-506"/></imgdir><imgdir name="1"><string name="type" value="m"/><string name="id" value="9600019"/><int name="x" value="-363"/><int name="y" value="187"/><int name="mobTime" value="0"/><int name="f" value="0"/><int name="hide" value="0"/><int name="fh" value="14"/><int name="cy" value="193"/><int name="rx0" value="-482"/><int name="rx1" value="-341"/></imgdir><imgdir name="2"><string name="type" value="m"/><string name="id" value="9600019"/><int name="x" value="463"/><int name="y" value="256"/><int name="mobTime" value="0"/><int name="f" value="0"/><int name="hide" value="0"/><int name="fh" value="75"/><int name="cy" value="268"/><int name="rx0" value="176"/><int name="rx1" value="842"/></imgdir><imgdir name="3"><string name="type" value="m"/><string name="id" value="9600019"/><int name="x" value="686"/><int name="y" value="455"/><int name="mobTime" value="0"/><int name="f" value="0"/><int name="hide" value="0"/><int name="fh" value="27"/><int name="cy" value="459"/><int name="rx0" value="519"/><int name="rx1" value="695"/></imgdir><imgdir name="4"><string name="type" value="m"/><string name="id" value="9600024"/><int name="x" value="-1256"/><int name="y" value="582"/><int name="mobTime" value="0"/><int name="f" value="0"/><int name="hide" value="0"/><int name="fh" value="101"/><int name="cy" value="593"/><int name="rx0" value="-1403"/><int name="rx1" value="-952"/></imgdir><imgdir name="5"><string name="type" value="m"/><string name="id" value="9600022"/><int name="x" value="57"/><int name="y" value="583"/><int name="mobTime" value="0"/><int name="f" value="0"/><int name="hide" value="0"/><int name="fh" value="46"/><int name="cy" value="593"/><int name="rx0" value="-19"/><int name="rx1" value="388"/></imgdir><imgdir name="6"><string name="type" value="n"/><string name="id" value="9310047"/><int name="x" value="178"/><int name="y" value="257"/><int name="mobTime" value="0"/><int name="f" value="0"/><int name="hide" value="0"/><int name="fh" value="72"/><int name="cy" value="268"/><int name="rx0" value="176"/><int name="rx1" value="228"/></imgdir></imgdir><imgdir name="reactor"></imgdir><imgdir name="0"><imgdir name="info"></imgdir><imgdir name="tile"></imgdir><imgdir name="obj"><imgdir name="0"><string name="oS" value="ShaolinCN"/><string name="l0" value="house03"/><string name="l1" value="base"/><string name="l2" value="0"/><int name="x" value="-27"/><int name="y" value="473"/><int name="z" value="9"/><int name="f" value="0"/><int name="zM" value="9"/><int name="r" value="0"/></imgdir><imgdir name="1"><string name="oS" value="ShaolinCN"/><string name="l0" value="house03"/><string name="l1" value="base"/><string name="l2" value="0"/><int name="x" value="-422"/><int name="y" value="474"/><int name="z" value="9"/><int name="f" value="0"/><int name="zM" value="9"/><int name="r" value="0"/></imgdir><imgdir name="2"><string name="oS" value="ShaolinCN"/><string name="l0" value="house03"/><string name="l1" value="base"/><string name="l2" value="0"/><int name="x" value="341"/><int name="y" value="473"/><int name="z" value="9"/><int name="f" value="0"/><int name="zM" value="9"/><int name="r" value="0"/></imgdir><imgdir name="3"><string name="oS" value="ShaolinCN"/><string name="l0" value="house03"/><string name="l1" value="base"/><string name="l2" value="0"/><int name="x" value="735"/><int name="y" value="474"/><int name="z" value="9"/><int name="f" value="0"/><int name="zM" value="9"/><int name="r" value="0"/></imgdir><imgdir name="4"><string name="oS" value="ShaolinCN"/><string name="l0" value="house03"/><string name="l1" value="base"/><string name="l2" value="0"/><int name="x" value="-797"/><int name="y" value="474"/><int name="z" value="9"/><int name="f" value="0"/><int name="zM" value="9"/><int name="r" value="0"/></imgdir></imgdir></imgdir><imgdir name="1"><imgdir name="info"></imgdir><imgdir name="tile"></imgdir><imgdir name="obj"><imgdir name="1"><string name="oS" value="ShaolinCN"/><string name="l0" value="house15"/><string name="l1" value="base"/><string name="l2" value="15"/><int name="x" value="-403"/><int name="y" value="462"/><int name="z" value="9"/><int name="f" value="0"/><int name="zM" value="17"/><int name="r" value="0"/></imgdir><imgdir name="2"><string name="oS" value="ShaolinCN"/><string name="l0" value="house15"/><string name="l1" value="base"/><string name="l2" value="17"/><int name="x" value="9"/><int name="y" value="462"/><int name="z" value="9"/><int name="f" value="0"/><int name="zM" value="18"/><int name="r" value="0"/></imgdir><imgdir name="3"><string name="oS" value="ShaolinCN"/><string name="l0" value="house15"/><string name="l1" value="base"/><string name="l2" value="16"/><int name="x" value="-815"/><int name="y" value="462"/><int name="z" value="9"/><int name="f" value="0"/><int name="zM" value="16"/><int name="r" value="0"/></imgdir><imgdir name="0"><string name="oS" value="ShaolinCN"/><string name="l0" value="house15"/><string name="l1" value="base"/><string name="l2" value="14"/><int name="x" value="-1225"/><int name="y" value="460"/><int name="z" value="9"/><int name="f" value="0"/><int name="zM" value="16"/><int name="r" value="0"/></imgdir><imgdir name="4"><string name="oS" value="ShaolinCN"/><string name="l0" value="house15"/><string name="l1" value="base"/><string name="l2" value="17"/><int name="x" value="421"/><int name="y" value="462"/><int name="z" value="9"/><int name="f" value="0"/><int name="zM" value="14"/><int name="r" value="0"/></imgdir><imgdir name="6"><string name="oS" value="ShaolinCN"/><string name="l0" value="house15"/><string name="l1" value="base"/><string name="l2" value="14"/><int name="x" value="-1222"/><int name="y" value="135"/><int name="z" value="9"/><int name="f" value="0"/><int name="zM" value="37"/><int name="r" value="0"/></imgdir><imgdir name="7"><string name="oS" value="ShaolinCN"/><string name="l0" value="house15"/><string name="l1" value="base"/><string name="l2" value="15"/><int name="x" value="-811"/><int name="y" value="135"/><int name="z" value="9"/><int name="f" value="0"/><int name="zM" value="37"/><int name="r" value="0"/></imgdir><imgdir name="8"><string name="oS" value="ShaolinCN"/><string name="l0" value="house15"/><string name="l1" value="base"/><string name="l2" value="16"/><int name="x" value="-399"/><int name="y" value="135"/><int name="z" value="9"/><int name="f" value="0"/><int name="zM" value="38"/><int name="r" value="0"/></imgdir><imgdir name="9"><string name="oS" value="ShaolinCN"/><string name="l0" value="house15"/><string name="l1" value="base"/><string name="l2" value="15"/><int name="x" value="12"/><int name="y" value="135"/><int name="z" value="9"/><int name="f" value="0"/><int name="zM" value="36"/><int name="r" value="0"/></imgdir><imgdir name="10"><string name="oS" value="ShaolinCN"/><string name="l0" value="house15"/><string name="l1" value="base"/><string name="l2" value="17"/><int name="x" value="424"/><int name="y" value="135"/><int name="z" value="9"/><int name="f" value="0"/><int name="zM" value="36"/><int name="r" value="0"/></imgdir><imgdir name="11"><string name="oS" value="ShaolinCN"/><string name="l0" value="house15"/><string name="l1" value="base"/><string name="l2" value="18"/><int name="x" value="836"/><int name="y" value="135"/><int name="z" value="9"/><int name="f" value="0"/><int name="zM" value="39"/><int name="r" value="0"/></imgdir><imgdir name="5"><string name="oS" value="ShaolinCN"/><string name="l0" value="house15"/><string name="l1" value="base"/><string name="l2" value="10"/><int name="x" value="235"/><int name="y" value="144"/><int name="z" value="9"/><int name="f" value="0"/><int name="zM" value="36"/><int name="r" value="0"/></imgdir><imgdir name="12"><string name="oS" value="ShaolinCN"/><string name="l0" value="house15"/><string name="l1" value="base"/><string name="l2" value="10"/><int name="x" value="-97"/><int name="y" value="449"/><int name="z" value="9"/><int name="f" value="0"/><int name="zM" value="18"/><int name="r" value="0"/></imgdir><imgdir name="13"><string name="oS" value="ShaolinCN"/><string name="l0" value="house15"/><string name="l1" value="base"/><string name="l2" value="10"/><int name="x" value="-132"/><int name="y" value="449"/><int name="z" value="9"/><int name="f" value="0"/><int name="zM" value="18"/><int name="r" value="0"/></imgdir><imgdir name="14"><string name="oS" value="ShaolinCN"/><string name="l0" value="house15"/><string name="l1" value="base"/><string name="l2" value="17"/><int name="x" value="833"/><int name="y" value="462"/><int name="z" value="9"/><int name="f" value="0"/><int name="zM" value="15"/><int name="r" value="0"/></imgdir></imgdir></imgdir><imgdir name="2"><imgdir name="info"></imgdir><imgdir name="tile"></imgdir><imgdir name="obj"><imgdir name="0"><string name="oS" value="ShaolinCN"/><string name="l0" value="house15"/><string name="l1" value="base"/><string name="l2" value="2"/><int name="x" value="-1240"/><int name="y" value="474"/><int name="z" value="9"/><int name="f" value="0"/><int name="zM" value="19"/><int name="r" value="0"/></imgdir><imgdir name="1"><string name="oS" value="ShaolinCN"/><string name="l0" value="house15"/><string name="l1" value="base"/><string name="l2" value="3"/><int name="x" value="-750"/><int name="y" value="471"/><int name="z" value="9"/><int name="f" value="0"/><int name="zM" value="23"/><int name="r" value="0"/></imgdir><imgdir name="2"><string name="oS" value="ShaolinCN"/><string name="l0" value="house15"/><string name="l1" value="base"/><string name="l2" value="5"/><int name="x" value="-486"/><int name="y" value="527"/><int name="z" value="9"/><int name="f" value="0"/><int name="zM" value="11"/><int name="r" value="0"/></imgdir><imgdir name="4"><string name="oS" value="ShaolinCN"/><string name="l0" value="house15"/><string name="l1" value="base"/><string name="l2" value="3"/><int name="x" value="368"/><int name="y" value="472"/><int name="z" value="9"/><int name="f" value="0"/><int name="zM" value="21"/><int name="r" value="0"/></imgdir><imgdir name="8"><string name="oS" value="ShaolinCN"/><string name="l0" value="house15"/><string name="l1" value="base"/><string name="l2" value="2"/><int name="x" value="-54"/><int name="y" value="150"/><int name="z" value="9"/><int name="f" value="0"/><int name="zM" value="34"/><int name="r" value="0"/></imgdir><imgdir name="9"><string name="oS" value="ShaolinCN"/><string name="l0" value="house15"/><string name="l1" value="base"/><string name="l2" value="24"/><int name="x" value="549"/><int name="y" value="530"/><int name="z" value="9"/><int name="f" value="0"/><int name="zM" value="22"/><int name="r" value="0"/></imgdir><imgdir name="12"><string name="oS" value="ShaolinCN"/><string name="l0" value="house15"/><string name="l1" value="base"/><string name="l2" value="9"/><int name="x" value="-519"/><int name="y" value="431"/><int name="z" value="9"/><int name="f" value="0"/><int name="zM" value="11"/><int name="r" value="0"/></imgdir><imgdir name="10"><string name="oS" value="ShaolinCN"/><string name="l0" value="house15"/><string name="l1" value="base"/><string name="l2" value="1"/><int name="x" value="534"/><int name="y" value="146"/><int name="z" value="9"/><int name="f" value="0"/><int name="zM" value="44"/><int name="r" value="0"/></imgdir><imgdir name="7"><string name="oS" value="ShaolinCN"/><string name="l0" value="house15"/><string name="l1" value="base"/><string name="l2" value="11"/><int name="x" value="-422"/><int name="y" value="415"/><int name="z" value="9"/><int name="f" value="0"/><int name="zM" value="11"/><int name="r" value="0"/></imgdir><imgdir name="11"><string name="oS" value="ShaolinCN"/><string name="l0" value="house15"/><string name="l1" value="base"/><string name="l2" value="25"/><int name="x" value="-1106"/><int name="y" value="203"/><int name="z" value="9"/><int name="f" value="0"/><int name="zM" value="45"/><int name="r" value="0"/></imgdir><imgdir name="15"><string name="oS" value="ShaolinCN"/><string name="l0" value="house15"/><string name="l1" value="base"/><string name="l2" value="8"/><int name="x" value="-864"/><int name="y" value="101"/><int name="z" value="9"/><int name="f" value="0"/><int name="zM" value="52"/><int name="r" value="0"/></imgdir><imgdir name="6"><string name="oS" value="ShaolinCN"/><string name="l0" value="house15"/><string name="l1" value="base"/><string name="l2" value="3"/><int name="x" value="-428"/><int name="y" value="149"/><int name="z" value="9"/><int name="f" value="0"/><int name="zM" value="35"/><int name="r" value="0"/></imgdir><imgdir name="5"><string name="oS" value="ShaolinCN"/><string name="l0" value="house15"/><string name="l1" value="base"/><string name="l2" value="9"/><int name="x" value="-799"/><int name="y" value="102"/><int name="z" value="9"/><int name="f" value="0"/><int name="zM" value="51"/><int name="r" value="0"/></imgdir><imgdir name="16"><string name="oS" value="ShaolinCN"/><string name="l0" value="house15"/><string name="l1" value="base"/><string name="l2" value="10"/><int name="x" value="277"/><int name="y" value="125"/><int name="z" value="9"/><int name="f" value="0"/><int name="zM" value="49"/><int name="r" value="0"/></imgdir><imgdir name="17"><string name="oS" value="ShaolinCN"/><string name="l0" value="house15"/><string name="l1" value="base"/><string name="l2" value="25"/><int name="x" value="156"/><int name="y" value="226"/><int name="z" value="9"/><int name="f" value="0"/><int name="zM" value="32"/><int name="r" value="0"/></imgdir><imgdir name="18"><string name="oS" value="ShaolinCN"/><string name="l0" value="house15"/><string name="l1" value="base"/><string name="l2" value="11"/><int name="x" value="180"/><int name="y" value="89"/><int name="z" value="9"/><int name="f" value="0"/><int name="zM" value="50"/><int name="r" value="0"/></imgdir><imgdir name="19"><string name="oS" value="ShaolinCN"/><string name="l0" value="house15"/><string name="l1" value="base"/><string name="l2" value="26"/><int name="x" value="652"/><int name="y" value="555"/><int name="z" value="9"/><int name="f" value="0"/><int name="zM" value="22"/><int name="r" value="0"/></imgdir><imgdir name="20"><string name="oS" value="ShaolinCN"/><string name="l0" value="house15"/><string name="l1" value="base"/><string name="l2" value="27"/><int name="x" value="648"/><int name="y" value="489"/><int name="z" value="9"/><int name="f" value="0"/><int name="zM" value="22"/><int name="r" value="0"/></imgdir><imgdir name="3"><string name="oS" value="ShaolinCN"/><string name="l0" value="house15"/><string name="l1" value="base"/><string name="l2" value="25"/><int name="x" value="577"/><int name="y" value="529"/><int name="z" value="9"/><int name="f" value="0"/><int name="zM" value="22"/><int name="r" value="0"/></imgdir><imgdir name="21"><string name="oS" value="ShaolinCN"/><string name="l0" value="house15"/><string name="l1" value="base"/><string name="l2" value="6"/><int name="x" value="-79"/><int name="y" value="527"/><int name="z" value="9"/><int name="f" value="0"/><int name="zM" value="13"/><int name="r" value="0"/></imgdir><imgdir name="14"><string name="oS" value="ShaolinCN"/><string name="l0" value="house15"/><string name="l1" value="base"/><string name="l2" value="36"/><int name="x" value="-229"/><int name="y" value="202"/><int name="z" value="9"/><int name="f" value="0"/><int name="zM" value="41"/><int name="r" value="0"/></imgdir><imgdir name="22"><string name="oS" value="ShaolinCN"/><string name="l0" value="house15"/><string name="l1" value="base"/><string name="l2" value="37"/><int name="x" value="-652"/><int name="y" value="135"/><int name="z" value="9"/><int name="f" value="0"/><int name="zM" value="46"/><int name="r" value="0"/></imgdir><imgdir name="13"><string name="oS" value="ShaolinCN"/><string name="l0" value="house15"/><string name="l1" value="base"/><string name="l2" value="11"/><int name="x" value="-1285"/><int name="y" value="156"/><int name="z" value="9"/><int name="f" value="0"/><int name="zM" value="47"/><int name="r" value="0"/></imgdir><imgdir name="23"><string name="oS" value="ShaolinCN"/><string name="l0" value="house15"/><string name="l1" value="base"/><string name="l2" value="10"/><int name="x" value="-1230"/><int name="y" value="191"/><int name="z" value="9"/><int name="f" value="0"/><int name="zM" value="48"/><int name="r" value="0"/></imgdir><imgdir name="24"><string name="oS" value="ShaolinCN"/><string name="l0" value="house15"/><string name="l1" value="base"/><string name="l2" value="38"/><int name="x" value="-1060"/><int name="y" value="446"/><int name="z" value="9"/><int name="f" value="0"/><int name="zM" value="24"/><int name="r" value="0"/></imgdir><imgdir name="25"><string name="oS" value="ShaolinCN"/><string name="l0" value="house15"/><string name="l1" value="base"/><string name="l2" value="32"/><int name="x" value="-1058"/><int name="y" value="568"/><int name="z" value="9"/><int name="f" value="0"/><int name="zM" value="20"/><int name="r" value="0"/></imgdir><imgdir name="26"><string name="oS" value="ShaolinCN"/><string name="l0" value="house15"/><string name="l1" value="base"/><string name="l2" value="36"/><int name="x" value="534"/><int name="y" value="526"/><int name="z" value="9"/><int name="f" value="0"/><int name="zM" value="22"/><int name="r" value="0"/></imgdir></imgdir></imgdir><imgdir name="3"><imgdir name="info"></imgdir><imgdir name="tile"></imgdir><imgdir name="obj"><imgdir name="0"><string name="oS" value="ShaolinCN"/><string name="l0" value="house15"/><string name="l1" value="base"/><string name="l2" value="6"/><int name="x" value="-840"/><int name="y" value="198"/><int name="z" value="9"/><int name="f" value="0"/><int name="zM" value="43"/><int name="r" value="0"/></imgdir><imgdir name="1"><string name="oS" value="ShaolinCN"/><string name="l0" value="house15"/><string name="l1" value="base"/><string name="l2" value="4"/><int name="x" value="244"/><int name="y" value="199"/><int name="z" value="9"/><int name="f" value="0"/><int name="zM" value="40"/><int name="r" value="0"/></imgdir><imgdir name="2"><string name="oS" value="ShaolinCN"/><string name="l0" value="house15"/><string name="l1" value="base"/><string name="l2" value="26"/><int name="x" value="-1258"/><int name="y" value="232"/><int name="z" value="9"/><int name="f" value="0"/><int name="zM" value="42"/><int name="r" value="0"/></imgdir></imgdir></imgdir><imgdir name="4"><imgdir name="info"></imgdir><imgdir name="tile"></imgdir><imgdir name="obj"><imgdir name="0"><string name="oS" value="ShaolinCN"/><string name="l0" value="house15"/><string name="l1" value="base"/><string name="l2" value="23"/><int name="x" value="985"/><int name="y" value="622"/><int name="z" value="9"/><int name="f" value="0"/><int name="zM" value="0"/><int name="r" value="0"/></imgdir><imgdir name="1"><string name="oS" value="ShaolinCN"/><string name="l0" value="house15"/><string name="l1" value="base"/><string name="l2" value="30"/><int name="x" value="711"/><int name="y" value="161"/><int name="z" value="9"/><int name="f" value="0"/><int name="zM" value="31"/><int name="r" value="0"/></imgdir></imgdir></imgdir><imgdir name="5"><imgdir name="info"></imgdir><imgdir name="tile"></imgdir><imgdir name="obj"><imgdir name="0"><string name="oS" value="ShaolinCN"/><string name="l0" value="house15"/><string name="l1" value="base"/><string name="l2" value="22"/><int name="x" value="8"/><int name="y" value="622"/><int name="z" value="9"/><int name="f" value="0"/><int name="zM" value="1"/><int name="r" value="0"/></imgdir><imgdir name="1"><string name="oS" value="ShaolinCN"/><string name="l0" value="house15"/><string name="l1" value="base"/><string name="l2" value="21"/><int name="x" value="97"/><int name="y" value="622"/><int name="z" value="9"/><int name="f" value="0"/><int name="zM" value="1"/><int name="r" value="0"/></imgdir><imgdir name="2"><string name="oS" value="ShaolinCN"/><string name="l0" value="house15"/><string name="l1" value="base"/><string name="l2" value="23"/><int name="x" value="184"/><int name="y" value="622"/><int name="z" value="9"/><int name="f" value="0"/><int name="zM" value="1"/><int name="r" value="0"/></imgdir><imgdir name="3"><string name="oS" value="ShaolinCN"/><string name="l0" value="house15"/><string name="l1" value="base"/><string name="l2" value="21"/><int name="x" value="272"/><int name="y" value="622"/><int name="z" value="9"/><int name="f" value="0"/><int name="zM" value="1"/><int name="r" value="0"/></imgdir><imgdir name="4"><string name="oS" value="ShaolinCN"/><string name="l0" value="house15"/><string name="l1" value="base"/><string name="l2" value="21"/><int name="x" value="361"/><int name="y" value="622"/><int name="z" value="9"/><int name="f" value="0"/><int name="zM" value="1"/><int name="r" value="0"/></imgdir><imgdir name="5"><string name="oS" value="ShaolinCN"/><string name="l0" value="house15"/><string name="l1" value="base"/><string name="l2" value="23"/><int name="x" value="451"/><int name="y" value="622"/><int name="z" value="9"/><int name="f" value="0"/><int name="zM" value="2"/><int name="r" value="0"/></imgdir><imgdir name="6"><string name="oS" value="ShaolinCN"/><string name="l0" value="house15"/><string name="l1" value="base"/><string name="l2" value="23"/><int name="x" value="541"/><int name="y" value="622"/><int name="z" value="9"/><int name="f" value="0"/><int name="zM" value="3"/><int name="r" value="0"/></imgdir><imgdir name="7"><string name="oS" value="ShaolinCN"/><string name="l0" value="house15"/><string name="l1" value="base"/><string name="l2" value="22"/><int name="x" value="631"/><int name="y" value="622"/><int name="z" value="9"/><int name="f" value="0"/><int name="zM" value="4"/><int name="r" value="0"/></imgdir><imgdir name="8"><string name="oS" value="ShaolinCN"/><string name="l0" value="house15"/><string name="l1" value="base"/><string name="l2" value="21"/><int name="x" value="720"/><int name="y" value="622"/><int name="z" value="9"/><int name="f" value="0"/><int name="zM" value="4"/><int name="r" value="0"/></imgdir><imgdir name="9"><string name="oS" value="ShaolinCN"/><string name="l0" value="house15"/><string name="l1" value="base"/><string name="l2" value="22"/><int name="x" value="808"/><int name="y" value="622"/><int name="z" value="9"/><int name="f" value="0"/><int name="zM" value="4"/><int name="r" value="0"/></imgdir><imgdir name="11"><string name="oS" value="ShaolinCN"/><string name="l0" value="house15"/><string name="l1" value="base"/><string name="l2" value="23"/><int name="x" value="-82"/><int name="y" value="622"/><int name="z" value="9"/><int name="f" value="0"/><int name="zM" value="5"/><int name="r" value="0"/></imgdir><imgdir name="12"><string name="oS" value="ShaolinCN"/><string name="l0" value="house15"/><string name="l1" value="base"/><string name="l2" value="21"/><int name="x" value="-171"/><int name="y" value="622"/><int name="z" value="9"/><int name="f" value="0"/><int name="zM" value="5"/><int name="r" value="0"/></imgdir><imgdir name="13"><string name="oS" value="ShaolinCN"/><string name="l0" value="house15"/><string name="l1" value="base"/><string name="l2" value="21"/><int name="x" value="-260"/><int name="y" value="622"/><int name="z" value="9"/><int name="f" value="0"/><int name="zM" value="5"/><int name="r" value="0"/></imgdir><imgdir name="14"><string name="oS" value="ShaolinCN"/><string name="l0" value="house15"/><string name="l1" value="base"/><string name="l2" value="23"/><int name="x" value="-349"/><int name="y" value="622"/><int name="z" value="9"/><int name="f" value="0"/><int name="zM" value="5"/><int name="r" value="0"/></imgdir><imgdir name="15"><string name="oS" value="ShaolinCN"/><string name="l0" value="house15"/><string name="l1" value="base"/><string name="l2" value="22"/><int name="x" value="-439"/><int name="y" value="622"/><int name="z" value="9"/><int name="f" value="0"/><int name="zM" value="6"/><int name="r" value="0"/></imgdir><imgdir name="16"><string name="oS" value="ShaolinCN"/><string name="l0" value="house15"/><string name="l1" value="base"/><string name="l2" value="21"/><int name="x" value="-529"/><int name="y" value="622"/><int name="z" value="9"/><int name="f" value="0"/><int name="zM" value="7"/><int name="r" value="0"/></imgdir><imgdir name="17"><string name="oS" value="ShaolinCN"/><string name="l0" value="house15"/><string name="l1" value="base"/><string name="l2" value="22"/><int name="x" value="-618"/><int name="y" value="622"/><int name="z" value="9"/><int name="f" value="0"/><int name="zM" value="7"/><int name="r" value="0"/></imgdir><imgdir name="18"><string name="oS" value="ShaolinCN"/><string name="l0" value="house15"/><string name="l1" value="base"/><string name="l2" value="23"/><int name="x" value="-707"/><int name="y" value="622"/><int name="z" value="9"/><int name="f" value="0"/><int name="zM" value="7"/><int name="r" value="0"/></imgdir><imgdir name="19"><string name="oS" value="ShaolinCN"/><string name="l0" value="house15"/><string name="l1" value="base"/><string name="l2" value="21"/><int name="x" value="-796"/><int name="y" value="622"/><int name="z" value="9"/><int name="f" value="0"/><int name="zM" value="7"/><int name="r" value="0"/></imgdir><imgdir name="20"><string name="oS" value="ShaolinCN"/><string name="l0" value="house15"/><string name="l1" value="base"/><string name="l2" value="22"/><int name="x" value="-885"/><int name="y" value="622"/><int name="z" value="9"/><int name="f" value="0"/><int name="zM" value="7"/><int name="r" value="0"/></imgdir><imgdir name="21"><string name="oS" value="ShaolinCN"/><string name="l0" value="house15"/><string name="l1" value="base"/><string name="l2" value="23"/><int name="x" value="-975"/><int name="y" value="622"/><int name="z" value="9"/><int name="f" value="0"/><int name="zM" value="8"/><int name="r" value="0"/></imgdir><imgdir name="22"><string name="oS" value="ShaolinCN"/><string name="l0" value="house15"/><string name="l1" value="base"/><string name="l2" value="21"/><int name="x" value="-1063"/><int name="y" value="622"/><int name="z" value="9"/><int name="f" value="0"/><int name="zM" value="8"/><int name="r" value="0"/></imgdir><imgdir name="25"><string name="oS" value="ShaolinCN"/><string name="l0" value="house15"/><string name="l1" value="base"/><string name="l2" value="20"/><int name="x" value="-19"/><int name="y" value="297"/><int name="z" value="9"/><int name="f" value="0"/><int name="zM" value="25"/><int name="r" value="0"/></imgdir><imgdir name="26"><string name="oS" value="ShaolinCN"/><string name="l0" value="house15"/><string name="l1" value="base"/><string name="l2" value="21"/><int name="x" value="109"/><int name="y" value="297"/><int name="z" value="9"/><int name="f" value="0"/><int name="zM" value="25"/><int name="r" value="0"/></imgdir><imgdir name="27"><string name="oS" value="ShaolinCN"/><string name="l0" value="house15"/><string name="l1" value="base"/><string name="l2" value="22"/><int name="x" value="199"/><int name="y" value="297"/><int name="z" value="9"/><int name="f" value="0"/><int name="zM" value="26"/><int name="r" value="0"/></imgdir><imgdir name="28"><string name="oS" value="ShaolinCN"/><string name="l0" value="house15"/><string name="l1" value="base"/><string name="l2" value="21"/><int name="x" value="288"/><int name="y" value="297"/><int name="z" value="9"/><int name="f" value="0"/><int name="zM" value="26"/><int name="r" value="0"/></imgdir><imgdir name="29"><string name="oS" value="ShaolinCN"/><string name="l0" value="house15"/><string name="l1" value="base"/><string name="l2" value="23"/><int name="x" value="377"/><int name="y" value="297"/><int name="z" value="9"/><int name="f" value="0"/><int name="zM" value="26"/><int name="r" value="0"/></imgdir><imgdir name="30"><string name="oS" value="ShaolinCN"/><string name="l0" value="house15"/><string name="l1" value="base"/><string name="l2" value="21"/><int name="x" value="466"/><int name="y" value="297"/><int name="z" value="9"/><int name="f" value="0"/><int name="zM" value="26"/><int name="r" value="0"/></imgdir><imgdir name="31"><string name="oS" value="ShaolinCN"/><string name="l0" value="house15"/><string name="l1" value="base"/><string name="l2" value="22"/><int name="x" value="554"/><int name="y" value="297"/><int name="z" value="9"/><int name="f" value="0"/><int name="zM" value="26"/><int name="r" value="0"/></imgdir><imgdir name="32"><string name="oS" value="ShaolinCN"/><string name="l0" value="house15"/><string name="l1" value="base"/><string name="l2" value="23"/><int name="x" value="643"/><int name="y" value="297"/><int name="z" value="9"/><int name="f" value="0"/><int name="zM" value="26"/><int name="r" value="0"/></imgdir><imgdir name="33"><string name="oS" value="ShaolinCN"/><string name="l0" value="house15"/><string name="l1" value="base"/><string name="l2" value="22"/><int name="x" value="732"/><int name="y" value="297"/><int name="z" value="9"/><int name="f" value="0"/><int name="zM" value="26"/><int name="r" value="0"/></imgdir><imgdir name="34"><string name="oS" value="ShaolinCN"/><string name="l0" value="house15"/><string name="l1" value="base"/><string name="l2" value="21"/><int name="x" value="821"/><int name="y" value="297"/><int name="z" value="9"/><int name="f" value="0"/><int name="zM" value="26"/><int name="r" value="0"/></imgdir><imgdir name="35"><string name="oS" value="ShaolinCN"/><string name="l0" value="house15"/><string name="l1" value="base"/><string name="l2" value="22"/><int name="x" value="910"/><int name="y" value="296"/><int name="z" value="9"/><int name="f" value="0"/><int name="zM" value="30"/><int name="r" value="0"/></imgdir><imgdir name="10"><string name="oS" value="ShaolinCN"/><string name="l0" value="house15"/><string name="l1" value="base"/><string name="l2" value="22"/><int name="x" value="994"/><int name="y" value="296"/><int name="z" value="9"/><int name="f" value="0"/><int name="zM" value="30"/><int name="r" value="0"/></imgdir><imgdir name="36"><string name="oS" value="ShaolinCN"/><string name="l0" value="house15"/><string name="l1" value="base"/><string name="l2" value="21"/><int name="x" value="-146"/><int name="y" value="297"/><int name="z" value="9"/><int name="f" value="0"/><int name="zM" value="25"/><int name="r" value="0"/></imgdir><imgdir name="37"><string name="oS" value="ShaolinCN"/><string name="l0" value="house15"/><string name="l1" value="base"/><string name="l2" value="22"/><int name="x" value="-234"/><int name="y" value="297"/><int name="z" value="9"/><int name="f" value="0"/><int name="zM" value="25"/><int name="r" value="0"/></imgdir><imgdir name="38"><string name="oS" value="ShaolinCN"/><string name="l0" value="house15"/><string name="l1" value="base"/><string name="l2" value="23"/><int name="x" value="-323"/><int name="y" value="297"/><int name="z" value="9"/><int name="f" value="0"/><int name="zM" value="25"/><int name="r" value="0"/></imgdir><imgdir name="39"><string name="oS" value="ShaolinCN"/><string name="l0" value="house15"/><string name="l1" value="base"/><string name="l2" value="21"/><int name="x" value="-412"/><int name="y" value="297"/><int name="z" value="9"/><int name="f" value="0"/><int name="zM" value="25"/><int name="r" value="0"/></imgdir><imgdir name="40"><string name="oS" value="ShaolinCN"/><string name="l0" value="house15"/><string name="l1" value="base"/><string name="l2" value="22"/><int name="x" value="-501"/><int name="y" value="297"/><int name="z" value="9"/><int name="f" value="0"/><int name="zM" value="25"/><int name="r" value="0"/></imgdir><imgdir name="41"><string name="oS" value="ShaolinCN"/><string name="l0" value="house15"/><string name="l1" value="base"/><string name="l2" value="20"/><int name="x" value="-808"/><int name="y" value="297"/><int name="z" value="9"/><int name="f" value="0"/><int name="zM" value="27"/><int name="r" value="0"/></imgdir><imgdir name="42"><string name="oS" value="ShaolinCN"/><string name="l0" value="house15"/><string name="l1" value="base"/><string name="l2" value="21"/><int name="x" value="-590"/><int name="y" value="297"/><int name="z" value="9"/><int name="f" value="0"/><int name="zM" value="25"/><int name="r" value="0"/></imgdir><imgdir name="43"><string name="oS" value="ShaolinCN"/><string name="l0" value="house15"/><string name="l1" value="base"/><string name="l2" value="22"/><int name="x" value="-680"/><int name="y" value="297"/><int name="z" value="9"/><int name="f" value="0"/><int name="zM" value="27"/><int name="r" value="0"/></imgdir><imgdir name="44"><string name="oS" value="ShaolinCN"/><string name="l0" value="house15"/><string name="l1" value="base"/><string name="l2" value="23"/><int name="x" value="-934"/><int name="y" value="297"/><int name="z" value="9"/><int name="f" value="0"/><int name="zM" value="27"/><int name="r" value="0"/></imgdir><imgdir name="47"><string name="oS" value="ShaolinCN"/><string name="l0" value="house15"/><string name="l1" value="base"/><string name="l2" value="28"/><int name="x" value="-1425"/><int name="y" value="266"/><int name="z" value="9"/><int name="f" value="0"/><int name="zM" value="33"/><int name="r" value="0"/></imgdir><imgdir name="45"><string name="oS" value="ShaolinCN"/><string name="l0" value="house15"/><string name="l1" value="base"/><string name="l2" value="29"/><int name="x" value="862"/><int name="y" value="593"/><int name="z" value="9"/><int name="f" value="0"/><int name="zM" value="10"/><int name="r" value="0"/></imgdir><imgdir name="46"><string name="oS" value="ShaolinCN"/><string name="l0" value="house15"/><string name="l1" value="base"/><string name="l2" value="29"/><int name="x" value="862"/><int name="y" value="268"/><int name="z" value="9"/><int name="f" value="0"/><int name="zM" value="26"/><int name="r" value="0"/></imgdir><imgdir name="24"><string name="oS" value="ShaolinCN"/><string name="l0" value="house15"/><string name="l1" value="base"/><string name="l2" value="28"/><int name="x" value="-1425"/><int name="y" value="592"/><int name="z" value="9"/><int name="f" value="0"/><int name="zM" value="12"/><int name="r" value="0"/></imgdir><imgdir name="48"><string name="oS" value="ShaolinCN"/><string name="l0" value="house15"/><string name="l1" value="base"/><string name="l2" value="22"/><int name="x" value="-1150"/><int name="y" value="622"/><int name="z" value="9"/><int name="f" value="0"/><int name="zM" value="8"/><int name="r" value="0"/></imgdir><imgdir name="49"><string name="oS" value="ShaolinCN"/><string name="l0" value="house15"/><string name="l1" value="base"/><string name="l2" value="23"/><int name="x" value="-1024"/><int name="y" value="297"/><int name="z" value="9"/><int name="f" value="0"/><int name="zM" value="29"/><int name="r" value="0"/></imgdir><imgdir name="50"><string name="oS" value="ShaolinCN"/><string name="l0" value="house15"/><string name="l1" value="base"/><string name="l2" value="21"/><int name="x" value="-1114"/><int name="y" value="297"/><int name="z" value="9"/><int name="f" value="0"/><int name="zM" value="28"/><int name="r" value="0"/></imgdir><imgdir name="23"><string name="oS" value="ShaolinCN"/><string name="l0" value="house15"/><string name="l1" value="base"/><string name="l2" value="21"/><int name="x" value="-1202"/><int name="y" value="297"/><int name="z" value="9"/><int name="f" value="0"/><int name="zM" value="28"/><int name="r" value="0"/></imgdir><imgdir name="51"><string name="oS" value="ShaolinCN"/><string name="l0" value="house15"/><string name="l1" value="base"/><string name="l2" value="23"/><int name="x" value="-1239"/><int name="y" value="622"/><int name="z" value="9"/><int name="f" value="0"/><int name="zM" value="8"/><int name="r" value="0"/></imgdir><imgdir name="52"><string name="oS" value="ShaolinCN"/><string name="l0" value="house15"/><string name="l1" value="base"/><string name="l2" value="23"/><int name="x" value="-1291"/><int name="y" value="297"/><int name="z" value="9"/><int name="f" value="0"/><int name="zM" value="28"/><int name="r" value="0"/></imgdir><imgdir name="53"><string name="oS" value="ShaolinCN"/><string name="l0" value="house15"/><string name="l1" value="base"/><string name="l2" value="21"/><int name="x" value="-1380"/><int name="y" value="297"/><int name="z" value="9"/><int name="f" value="0"/><int name="zM" value="28"/><int name="r" value="0"/></imgdir><imgdir name="54"><string name="oS" value="ShaolinCN"/><string name="l0" value="house15"/><string name="l1" value="base"/><string name="l2" value="22"/><int name="x" value="-1328"/><int name="y" value="622"/><int name="z" value="9"/><int name="f" value="0"/><int name="zM" value="8"/><int name="r" value="0"/></imgdir><imgdir name="55"><string name="oS" value="ShaolinCN"/><string name="l0" value="house15"/><string name="l1" value="base"/><string name="l2" value="23"/><int name="x" value="-1379"/><int name="y" value="622"/><int name="z" value="9"/><int name="f" value="0"/><int name="zM" value="8"/><int name="r" value="0"/></imgdir><imgdir name="56"><string name="oS" value="ShaolinCN"/><string name="l0" value="house15"/><string name="l1" value="base"/><string name="l2" value="30"/><int name="x" value="-849"/><int name="y" value="428"/><int name="z" value="9"/><int name="f" value="0"/><int name="zM" value="7"/><int name="r" value="0"/></imgdir><imgdir name="57"><string name="oS" value="ShaolinCN"/><string name="l0" value="house15"/><string name="l1" value="base"/><string name="l2" value="21"/><int name="x" value="896"/><int name="y" value="622"/><int name="z" value="9"/><int name="f" value="0"/><int name="zM" value="4"/><int name="r" value="0"/></imgdir></imgdir></imgdir><imgdir name="6"><imgdir name="info"></imgdir><imgdir name="tile"></imgdir><imgdir name="obj"></imgdir></imgdir><imgdir name="7"><imgdir name="info"></imgdir><imgdir name="tile"></imgdir><imgdir name="obj"></imgdir></imgdir><imgdir name="foothold"><imgdir name="2"><imgdir name="19"><imgdir name="1"><int name="x1" value="-1314"/><int name="y1" value="518"/><int name="x2" value="-1135"/><int name="y2" value="518"/><int name="prev" value="0"/><int name="next" value="0"/></imgdir><imgdir name="2"><int name="x1" value="-1312"/><int name="y1" value="478"/><int name="x2" value="-1133"/><int name="y2" value="478"/><int name="prev" value="0"/><int name="next" value="0"/></imgdir><imgdir name="3"><int name="x1" value="-1313"/><int name="y1" value="439"/><int name="x2" value="-1134"/><int name="y2" value="439"/><int name="prev" value="0"/><int name="next" value="0"/></imgdir></imgdir><imgdir name="23"><imgdir name="4"><int name="x1" value="-824"/><int name="y1" value="515"/><int name="x2" value="-645"/><int name="y2" value="515"/><int name="prev" value="0"/><int name="next" value="0"/></imgdir><imgdir name="5"><int name="x1" value="-822"/><int name="y1" value="475"/><int name="x2" value="-643"/><int name="y2" value="475"/><int name="prev" value="0"/><int name="next" value="0"/></imgdir><imgdir name="6"><int name="x1" value="-823"/><int name="y1" value="436"/><int name="x2" value="-644"/><int name="y2" value="436"/><int name="prev" value="0"/><int name="next" value="0"/></imgdir></imgdir><imgdir name="11"><imgdir name="7"><int name="x1" value="-591"/><int name="y1" value="462"/><int name="x2" value="-387"/><int name="y2" value="462"/><int name="prev" value="0"/><int name="next" value="0"/></imgdir><imgdir name="8"><int name="x1" value="-519"/><int name="y1" value="479"/><int name="x2" value="-474"/><int name="y2" value="479"/><int name="prev" value="0"/><int name="next" value="0"/></imgdir><imgdir name="9"><int name="x1" value="-440"/><int name="y1" value="545"/><int name="x2" value="-395"/><int name="y2" value="545"/><int name="prev" value="0"/><int name="next" value="0"/></imgdir><imgdir name="23"><int name="x1" value="-533"/><int name="y1" value="398"/><int name="x2" value="-503"/><int name="y2" value="399"/><int name="prev" value="0"/><int name="next" value="0"/></imgdir></imgdir><imgdir name="21"><imgdir name="10"><int name="x1" value="294"/><int name="y1" value="516"/><int name="x2" value="473"/><int name="y2" value="516"/><int name="prev" value="0"/><int name="next" value="0"/></imgdir><imgdir name="11"><int name="x1" value="296"/><int name="y1" value="476"/><int name="x2" value="475"/><int name="y2" value="476"/><int name="prev" value="0"/><int name="next" value="0"/></imgdir><imgdir name="12"><int name="x1" value="295"/><int name="y1" value="437"/><int name="x2" value="474"/><int name="y2" value="437"/><int name="prev" value="0"/><int name="next" value="0"/></imgdir></imgdir><imgdir name="51"><imgdir name="13"><int name="x1" value="-813"/><int name="y1" value="69"/><int name="x2" value="-783"/><int name="y2" value="70"/><int name="prev" value="0"/><int name="next" value="0"/></imgdir></imgdir><imgdir name="35"><imgdir name="14"><int name="x1" value="-502"/><int name="y1" value="193"/><int name="x2" value="-323"/><int name="y2" value="193"/><int name="prev" value="0"/><int name="next" value="0"/></imgdir><imgdir name="15"><int name="x1" value="-500"/><int name="y1" value="153"/><int name="x2" value="-321"/><int name="y2" value="153"/><int name="prev" value="0"/><int name="next" value="0"/></imgdir><imgdir name="16"><int name="x1" value="-501"/><int name="y1" value="114"/><int name="x2" value="-322"/><int name="y2" value="114"/><int name="prev" value="0"/><int name="next" value="0"/></imgdir></imgdir><imgdir name="34"><imgdir name="17"><int name="x1" value="-128"/><int name="y1" value="194"/><int name="x2" value="51"/><int name="y2" value="194"/><int name="prev" value="0"/><int name="next" value="0"/></imgdir><imgdir name="18"><int name="x1" value="-126"/><int name="y1" value="154"/><int name="x2" value="53"/><int name="y2" value="154"/><int name="prev" value="0"/><int name="next" value="0"/></imgdir><imgdir name="19"><int name="x1" value="-127"/><int name="y1" value="115"/><int name="x2" value="52"/><int name="y2" value="115"/><int name="prev" value="0"/><int name="next" value="0"/></imgdir></imgdir><imgdir name="44"><imgdir name="20"><int name="x1" value="460"/><int name="y1" value="190"/><int name="x2" value="639"/><int name="y2" value="190"/><int name="prev" value="0"/><int name="next" value="0"/></imgdir><imgdir name="21"><int name="x1" value="462"/><int name="y1" value="150"/><int name="x2" value="641"/><int name="y2" value="150"/><int name="prev" value="0"/><int name="next" value="0"/></imgdir><imgdir name="22"><int name="x1" value="461"/><int name="y1" value="111"/><int name="x2" value="640"/><int name="y2" value="111"/><int name="prev" value="0"/><int name="next" value="0"/></imgdir></imgdir><imgdir name="41"><imgdir name="24"><int name="x1" value="-264"/><int name="y1" value="182"/><int name="x2" value="-187"/><int name="y2" value="182"/><int name="prev" value="0"/><int name="next" value="0"/></imgdir></imgdir><imgdir name="52"><imgdir name="25"><int name="x1" value="-878"/><int name="y1" value="68"/><int name="x2" value="-848"/><int name="y2" value="69"/><int name="prev" value="0"/><int name="next" value="0"/></imgdir></imgdir><imgdir name="22"><imgdir name="26"><int name="x1" value="591"/><int name="y1" value="525"/><int name="x2" value="715"/><int name="y2" value="525"/><int name="prev" value="0"/><int name="next" value="0"/></imgdir><imgdir name="27"><int name="x1" value="587"/><int name="y1" value="459"/><int name="x2" value="711"/><int name="y2" value="459"/><int name="prev" value="0"/><int name="next" value="0"/></imgdir><imgdir name="32"><int name="x1" value="499"/><int name="y1" value="506"/><int name="x2" value="576"/><int name="y2" value="506"/><int name="prev" value="0"/><int name="next" value="0"/></imgdir></imgdir><imgdir name="13"><imgdir name="28"><int name="x1" value="-183"/><int name="y1" value="462"/><int name="x2" value="21"/><int name="y2" value="462"/><int name="prev" value="0"/><int name="next" value="0"/></imgdir></imgdir><imgdir name="46"><imgdir name="29"><int name="x1" value="-689"/><int name="y1" value="80"/><int name="x2" value="-612"/><int name="y2" value="80"/><int name="prev" value="0"/><int name="next" value="0"/></imgdir></imgdir><imgdir name="24"><imgdir name="30"><int name="x1" value="-1097"/><int name="y1" value="391"/><int name="x2" value="-1020"/><int name="y2" value="391"/><int name="prev" value="0"/><int name="next" value="0"/></imgdir></imgdir><imgdir name="20"><imgdir name="31"><int name="x1" value="-1091"/><int name="y1" value="548"/><int name="x2" value="-1014"/><int name="y2" value="548"/><int name="prev" value="0"/><int name="next" value="0"/></imgdir></imgdir></imgdir><imgdir name="3"><imgdir name="43"><imgdir name="33"><int name="x1" value="-944"/><int name="y1" value="133"/><int name="x2" value="-740"/><int name="y2" value="133"/><int name="prev" value="0"/><int name="next" value="0"/></imgdir></imgdir><imgdir name="40"><imgdir name="34"><int name="x1" value="128"/><int name="y1" value="134"/><int name="x2" value="332"/><int name="y2" value="134"/><int name="prev" value="0"/><int name="next" value="0"/></imgdir><imgdir name="35"><int name="x1" value="193"/><int name="y1" value="217"/><int name="x2" value="238"/><int name="y2" value="217"/><int name="prev" value="0"/><int name="next" value="0"/></imgdir><imgdir name="36"><int name="x1" value="280"/><int name="y1" value="183"/><int name="x2" value="325"/><int name="y2" value="183"/><int name="prev" value="0"/><int name="next" value="0"/></imgdir><imgdir name="37"><int name="x1" value="313"/><int name="y1" value="237"/><int name="x2" value="358"/><int name="y2" value="237"/><int name="prev" value="0"/><int name="next" value="0"/></imgdir></imgdir><imgdir name="42"><imgdir name="38"><int name="x1" value="-1319"/><int name="y1" value="202"/><int name="x2" value="-1195"/><int name="y2" value="202"/><int name="prev" value="0"/><int name="next" value="0"/></imgdir></imgdir></imgdir><imgdir name="4"><imgdir name="31"><imgdir name="39"><int name="x1" value="568"/><int name="y1" value="275"/><int name="x2" value="630"/><int name="y2" value="275"/><int name="prev" value="0"/><int name="next" value="0"/></imgdir><imgdir name="40"><int name="x1" value="599"/><int name="y1" value="227"/><int name="x2" value="661"/><int name="y2" value="227"/><int name="prev" value="0"/><int name="next" value="0"/></imgdir><imgdir name="41"><int name="x1" value="629"/><int name="y1" value="181"/><int name="x2" value="691"/><int name="y2" value="181"/><int name="prev" value="0"/><int name="next" value="0"/></imgdir><imgdir name="42"><int name="x1" value="659"/><int name="y1" value="133"/><int name="x2" value="721"/><int name="y2" value="133"/><int name="prev" value="0"/><int name="next" value="0"/></imgdir><imgdir name="43"><int name="x1" value="692"/><int name="y1" value="86"/><int name="x2" value="754"/><int name="y2" value="86"/><int name="prev" value="0"/><int name="next" value="0"/></imgdir><imgdir name="44"><int name="x1" value="720"/><int name="y1" value="38"/><int name="x2" value="782"/><int name="y2" value="38"/><int name="prev" value="0"/><int name="next" value="0"/></imgdir></imgdir></imgdir><imgdir name="5"><imgdir name="1"><imgdir name="45"><int name="x1" value="-39"/><int name="y1" value="593"/><int name="x2" value="55"/><int name="y2" value="593"/><int name="prev" value="55"/><int name="next" value="46"/></imgdir><imgdir name="46"><int name="x1" value="55"/><int name="y1" value="593"/><int name="x2" value="144"/><int name="y2" value="593"/><int name="prev" value="45"/><int name="next" value="47"/></imgdir><imgdir name="47"><int name="x1" value="144"/><int name="y1" value="593"/><int name="x2" value="231"/><int name="y2" value="593"/><int name="prev" value="46"/><int name="next" value="48"/></imgdir><imgdir name="48"><int name="x1" value="231"/><int name="y1" value="593"/><int name="x2" value="319"/><int name="y2" value="593"/><int name="prev" value="47"/><int name="next" value="49"/></imgdir><imgdir name="49"><int name="x1" value="319"/><int name="y1" value="593"/><int name="x2" value="408"/><int name="y2" value="593"/><int name="prev" value="48"/><int name="next" value="50"/></imgdir></imgdir><imgdir name="2"><imgdir name="50"><int name="x1" value="408"/><int name="y1" value="593"/><int name="x2" value="498"/><int name="y2" value="593"/><int name="prev" value="49"/><int name="next" value="51"/></imgdir></imgdir><imgdir name="3"><imgdir name="51"><int name="x1" value="498"/><int name="y1" value="593"/><int name="x2" value="588"/><int name="y2" value="593"/><int name="prev" value="50"/><int name="next" value="52"/></imgdir></imgdir><imgdir name="4"><imgdir name="52"><int name="x1" value="588"/><int name="y1" value="593"/><int name="x2" value="678"/><int name="y2" value="593"/><int name="prev" value="51"/><int name="next" value="53"/></imgdir><imgdir name="53"><int name="x1" value="678"/><int name="y1" value="593"/><int name="x2" value="767"/><int name="y2" value="593"/><int name="prev" value="52"/><int name="next" value="54"/></imgdir><imgdir name="54"><int name="x1" value="767"/><int name="y1" value="593"/><int name="x2" value="855"/><int name="y2" value="593"/><int name="prev" value="53"/><int name="next" value="112"/></imgdir><imgdir name="112"><int name="x1" value="855"/><int name="y1" value="593"/><int name="x2" value="862"/><int name="y2" value="593"/><int name="prev" value="54"/><int name="next" value="91"/></imgdir></imgdir><imgdir name="5"><imgdir name="55"><int name="x1" value="-129"/><int name="y1" value="593"/><int name="x2" value="-39"/><int name="y2" value="593"/><int name="prev" value="56"/><int name="next" value="45"/></imgdir><imgdir name="56"><int name="x1" value="-218"/><int name="y1" value="593"/><int name="x2" value="-129"/><int name="y2" value="593"/><int name="prev" value="57"/><int name="next" value="55"/></imgdir><imgdir name="57"><int name="x1" value="-307"/><int name="y1" value="593"/><int name="x2" value="-218"/><int name="y2" value="593"/><int name="prev" value="58"/><int name="next" value="56"/></imgdir><imgdir name="58"><int name="x1" value="-396"/><int name="y1" value="593"/><int name="x2" value="-307"/><int name="y2" value="593"/><int name="prev" value="59"/><int name="next" value="57"/></imgdir></imgdir><imgdir name="6"><imgdir name="59"><int name="x1" value="-486"/><int name="y1" value="593"/><int name="x2" value="-396"/><int name="y2" value="593"/><int name="prev" value="60"/><int name="next" value="58"/></imgdir></imgdir><imgdir name="7"><imgdir name="60"><int name="x1" value="-576"/><int name="y1" value="593"/><int name="x2" value="-486"/><int name="y2" value="593"/><int name="prev" value="61"/><int name="next" value="59"/></imgdir><imgdir name="61"><int name="x1" value="-665"/><int name="y1" value="593"/><int name="x2" value="-576"/><int name="y2" value="593"/><int name="prev" value="62"/><int name="next" value="60"/></imgdir><imgdir name="62"><int name="x1" value="-754"/><int name="y1" value="593"/><int name="x2" value="-665"/><int name="y2" value="593"/><int name="prev" value="63"/><int name="next" value="61"/></imgdir><imgdir name="63"><int name="x1" value="-843"/><int name="y1" value="593"/><int name="x2" value="-754"/><int name="y2" value="593"/><int name="prev" value="64"/><int name="next" value="62"/></imgdir><imgdir name="64"><int name="x1" value="-932"/><int name="y1" value="593"/><int name="x2" value="-843"/><int name="y2" value="593"/><int name="prev" value="65"/><int name="next" value="63"/></imgdir><imgdir name="106"><int name="x1" value="-992"/><int name="y1" value="542"/><int name="x2" value="-930"/><int name="y2" value="542"/><int name="prev" value="0"/><int name="next" value="0"/></imgdir><imgdir name="107"><int name="x1" value="-961"/><int name="y1" value="494"/><int name="x2" value="-899"/><int name="y2" value="494"/><int name="prev" value="0"/><int name="next" value="0"/></imgdir><imgdir name="108"><int name="x1" value="-931"/><int name="y1" value="448"/><int name="x2" value="-869"/><int name="y2" value="448"/><int name="prev" value="0"/><int name="next" value="0"/></imgdir><imgdir name="109"><int name="x1" value="-901"/><int name="y1" value="400"/><int name="x2" value="-839"/><int name="y2" value="400"/><int name="prev" value="0"/><int name="next" value="0"/></imgdir><imgdir name="110"><int name="x1" value="-868"/><int name="y1" value="353"/><int name="x2" value="-806"/><int name="y2" value="353"/><int name="prev" value="0"/><int name="next" value="0"/></imgdir><imgdir name="111"><int name="x1" value="-840"/><int name="y1" value="305"/><int name="x2" value="-778"/><int name="y2" value="305"/><int name="prev" value="0"/><int name="next" value="0"/></imgdir></imgdir><imgdir name="8"><imgdir name="65"><int name="x1" value="-1022"/><int name="y1" value="593"/><int name="x2" value="-932"/><int name="y2" value="593"/><int name="prev" value="66"/><int name="next" value="64"/></imgdir><imgdir name="66"><int name="x1" value="-1110"/><int name="y1" value="593"/><int name="x2" value="-1022"/><int name="y2" value="593"/><int name="prev" value="98"/><int name="next" value="65"/></imgdir><imgdir name="98"><int name="x1" value="-1197"/><int name="y1" value="593"/><int name="x2" value="-1110"/><int name="y2" value="593"/><int name="prev" value="101"/><int name="next" value="66"/></imgdir><imgdir name="101"><int name="x1" value="-1286"/><int name="y1" value="593"/><int name="x2" value="-1197"/><int name="y2" value="593"/><int name="prev" value="103"/><int name="next" value="98"/></imgdir><imgdir name="103"><int name="x1" value="-1375"/><int name="y1" value="593"/><int name="x2" value="-1286"/><int name="y2" value="593"/><int name="prev" value="105"/><int name="next" value="101"/></imgdir><imgdir name="105"><int name="x1" value="-1423"/><int name="y1" value="593"/><int name="x2" value="-1375"/><int name="y2" value="593"/><int name="prev" value="97"/><int name="next" value="103"/></imgdir></imgdir><imgdir name="28"><imgdir name="67"><int name="x1" value="-1249"/><int name="y1" value="268"/><int name="x2" value="-1155"/><int name="y2" value="268"/><int name="prev" value="102"/><int name="next" value="100"/></imgdir><imgdir name="100"><int name="x1" value="-1155"/><int name="y1" value="268"/><int name="x2" value="-1071"/><int name="y2" value="268"/><int name="prev" value="67"/><int name="next" value="99"/></imgdir><imgdir name="102"><int name="x1" value="-1275"/><int name="y1" value="268"/><int name="x2" value="-1249"/><int name="y2" value="268"/><int name="prev" value="96"/><int name="next" value="67"/></imgdir></imgdir><imgdir name="12"><imgdir name="68"><int name="x1" value="-1423"/><int name="y1" value="222"/><int name="x2" value="-1423"/><int name="y2" value="268"/><int name="prev" value="95"/><int name="next" value="96"/></imgdir><imgdir name="97"><int name="x1" value="-1423"/><int name="y1" value="268"/><int name="x2" value="-1423"/><int name="y2" value="593"/><int name="prev" value="68"/><int name="next" value="105"/></imgdir><imgdir name="104"><int name="x1" value="-1423"/><int name="y1" value="593"/><int name="x2" value="-1423"/><int name="y2" value="594"/><int name="prev" value="97"/><int name="next" value="0"/></imgdir></imgdir><imgdir name="25"><imgdir name="69"><int name="x1" value="-101"/><int name="y1" value="268"/><int name="x2" value="-71"/><int name="y2" value="268"/><int name="prev" value="80"/><int name="next" value="0"/></imgdir><imgdir name="70"><int name="x1" value="-22"/><int name="y1" value="268"/><int name="x2" value="69"/><int name="y2" value="268"/><int name="prev" value="0"/><int name="next" value="71"/></imgdir><imgdir name="71"><int name="x1" value="69"/><int name="y1" value="268"/><int name="x2" value="156"/><int name="y2" value="268"/><int name="prev" value="70"/><int name="next" value="72"/></imgdir><imgdir name="80"><int name="x1" value="-193"/><int name="y1" value="268"/><int name="x2" value="-101"/><int name="y2" value="268"/><int name="prev" value="81"/><int name="next" value="69"/></imgdir><imgdir name="81"><int name="x1" value="-281"/><int name="y1" value="268"/><int name="x2" value="-193"/><int name="y2" value="268"/><int name="prev" value="82"/><int name="next" value="80"/></imgdir><imgdir name="82"><int name="x1" value="-370"/><int name="y1" value="268"/><int name="x2" value="-281"/><int name="y2" value="268"/><int name="prev" value="83"/><int name="next" value="81"/></imgdir><imgdir name="83"><int name="x1" value="-459"/><int name="y1" value="268"/><int name="x2" value="-370"/><int name="y2" value="268"/><int name="prev" value="84"/><int name="next" value="82"/></imgdir><imgdir name="84"><int name="x1" value="-548"/><int name="y1" value="268"/><int name="x2" value="-459"/><int name="y2" value="268"/><int name="prev" value="87"/><int name="next" value="83"/></imgdir><imgdir name="87"><int name="x1" value="-637"/><int name="y1" value="268"/><int name="x2" value="-548"/><int name="y2" value="268"/><int name="prev" value="88"/><int name="next" value="84"/></imgdir></imgdir><imgdir name="26"><imgdir name="72"><int name="x1" value="156"/><int name="y1" value="268"/><int name="x2" value="246"/><int name="y2" value="268"/><int name="prev" value="71"/><int name="next" value="73"/></imgdir><imgdir name="73"><int name="x1" value="246"/><int name="y1" value="268"/><int name="x2" value="335"/><int name="y2" value="268"/><int name="prev" value="72"/><int name="next" value="74"/></imgdir><imgdir name="74"><int name="x1" value="335"/><int name="y1" value="268"/><int name="x2" value="424"/><int name="y2" value="268"/><int name="prev" value="73"/><int name="next" value="75"/></imgdir><imgdir name="75"><int name="x1" value="424"/><int name="y1" value="268"/><int name="x2" value="513"/><int name="y2" value="268"/><int name="prev" value="74"/><int name="next" value="76"/></imgdir><imgdir name="76"><int name="x1" value="513"/><int name="y1" value="268"/><int name="x2" value="601"/><int name="y2" value="268"/><int name="prev" value="75"/><int name="next" value="77"/></imgdir><imgdir name="77"><int name="x1" value="601"/><int name="y1" value="268"/><int name="x2" value="690"/><int name="y2" value="268"/><int name="prev" value="76"/><int name="next" value="78"/></imgdir><imgdir name="78"><int name="x1" value="690"/><int name="y1" value="268"/><int name="x2" value="779"/><int name="y2" value="268"/><int name="prev" value="77"/><int name="next" value="79"/></imgdir><imgdir name="79"><int name="x1" value="779"/><int name="y1" value="268"/><int name="x2" value="862"/><int name="y2" value="268"/><int name="prev" value="78"/><int name="next" value="92"/></imgdir><imgdir name="93"><int name="x1" value="862"/><int name="y1" value="268"/><int name="x2" value="847"/><int name="y2" value="268"/><int name="prev" value="91"/><int name="next" value="0"/></imgdir><imgdir name="94"><int name="x1" value="862"/><int name="y1" value="157"/><int name="x2" value="862"/><int name="y2" value="-168"/><int name="prev" value="92"/><int name="next" value="0"/></imgdir></imgdir><imgdir name="27"><imgdir name="85"><int name="x1" value="-890"/><int name="y1" value="268"/><int name="x2" value="-860"/><int name="y2" value="268"/><int name="prev" value="89"/><int name="next" value="0"/></imgdir><imgdir name="86"><int name="x1" value="-811"/><int name="y1" value="268"/><int name="x2" value="-720"/><int name="y2" value="268"/><int name="prev" value="0"/><int name="next" value="88"/></imgdir><imgdir name="88"><int name="x1" value="-720"/><int name="y1" value="268"/><int name="x2" value="-637"/><int name="y2" value="268"/><int name="prev" value="86"/><int name="next" value="87"/></imgdir><imgdir name="89"><int name="x1" value="-981"/><int name="y1" value="268"/><int name="x2" value="-890"/><int name="y2" value="268"/><int name="prev" value="99"/><int name="next" value="85"/></imgdir></imgdir><imgdir name="10"><imgdir name="90"><int name="x1" value="862"/><int name="y1" value="593"/><int name="x2" value="847"/><int name="y2" value="593"/><int name="prev" value="0"/><int name="next" value="0"/></imgdir><imgdir name="91"><int name="x1" value="862"/><int name="y1" value="593"/><int name="x2" value="862"/><int name="y2" value="268"/><int name="prev" value="112"/><int name="next" value="93"/></imgdir><imgdir name="92"><int name="x1" value="862"/><int name="y1" value="268"/><int name="x2" value="862"/><int name="y2" value="157"/><int name="prev" value="79"/><int name="next" value="94"/></imgdir></imgdir><imgdir name="33"><imgdir name="95"><int name="x1" value="-1423"/><int name="y1" value="-104"/><int name="x2" value="-1423"/><int name="y2" value="222"/><int name="prev" value="0"/><int name="next" value="68"/></imgdir><imgdir name="96"><int name="x1" value="-1423"/><int name="y1" value="268"/><int name="x2" value="-1275"/><int name="y2" value="268"/><int name="prev" value="68"/><int name="next" value="102"/></imgdir></imgdir><imgdir name="29"><imgdir name="99"><int name="x1" value="-1071"/><int name="y1" value="268"/><int name="x2" value="-981"/><int name="y2" value="268"/><int name="prev" value="100"/><int name="next" value="89"/></imgdir></imgdir></imgdir></imgdir><imgdir name="ladderRope"></imgdir><imgdir name="miniMap"><canvas name="canvas" width="160" height="53"></canvas><int name="width" value="2569"/><int name="height" value="854"/><int name="centerX" value="1479"/><int name="centerY" value="148"/><int name="mag" value="4"/></imgdir><imgdir name="portal"><imgdir name="0"><string name="pn" value="sp"/><int name="pt" value="0"/><int name="x" value="-30"/><int name="y" value="481"/><int name="tm" value="999999999"/><string name="tn" value=""/></imgdir><imgdir name="1"><string name="pn" value="in00"/><int name="pt" value="2"/><int name="x" value="808"/><int name="y" value="589"/><int name="tm" value="702070200"/><string name="tn" value="out00"/></imgdir><imgdir name="2"><string name="pn" value="out00"/><int name="pt" value="2"/><int name="x" value="730"/><int name="y" value="90"/><int name="tm" value="702070400"/><string name="tn" value="in00"/></imgdir></imgdir></imgdir>