<?xml version="1.0" encoding="UTF-8" standalone="yes"?><imgdir name="702060000.img"><imgdir name="info"><int name="version" value="10"/><int name="cloud" value="0"/><int name="town" value="0"/><int name="swim" value="0"/><int name="returnMap" value="702100000"/><int name="forcedReturn" value="702100000"/><float name="mobRate" value="0.9"/><string name="bgm" value="BgmCN/shaolin_mishi"/><string name="mapMark" value="None"/><int name="hideMinimap" value="0"/><int name="fieldLimit" value="10588"/><int name="VRTop" value="23"/><int name="VRLeft" value="-773"/><int name="VRBottom" value="680"/><int name="VRRight" value="761"/></imgdir><imgdir name="back"><imgdir name="0"><string name="bS" value="ShaolinCN"/><int name="front" value="0"/><int name="ani" value="0"/><int name="no" value="12"/><int name="f" value="0"/><int name="x" value="-27"/><int name="y" value="-62"/><int name="rx" value="0"/><int name="ry" value="0"/><int name="type" value="1"/><int name="cx" value="0"/><int name="cy" value="0"/><int name="a" value="255"/></imgdir><imgdir name="1"><string name="bS" value="ShaolinCN"/><int name="front" value="0"/><int name="ani" value="0"/><int name="no" value="13"/><int name="f" value="0"/><int name="x" value="9"/><int name="y" value="-135"/><int name="rx" value="0"/><int name="ry" value="0"/><int name="type" value="1"/><int name="cx" value="0"/><int name="cy" value="0"/><int name="a" value="255"/></imgdir><imgdir name="2"><string name="bS" value="ShaolinCN"/><int name="front" value="0"/><int name="ani" value="0"/><int name="no" value="14"/><int name="f" value="0"/><int name="x" value="-31"/><int name="y" value="198"/><int name="rx" value="0"/><int name="ry" value="0"/><int name="type" value="1"/><int name="cx" value="0"/><int name="cy" value="0"/><int name="a" value="255"/></imgdir><imgdir name="3"><string name="bS" value="ShaolinCN"/><int name="front" value="0"/><int name="ani" value="0"/><int name="no" value="1"/><int name="f" value="0"/><int name="x" value="44"/><int name="y" value="-59"/><int name="rx" value="0"/><int name="ry" value="0"/><int name="type" value="1"/><int name="cx" value="0"/><int name="cy" value="0"/><int name="a" value="255"/></imgdir><imgdir name="4"><string name="bS" value="ShaolinCN"/><int name="front" value="0"/><int name="ani" value="0"/><int name="no" value="2"/><int name="f" value="0"/><int name="x" value="-274"/><int name="y" value="-75"/><int name="rx" value="0"/><int name="ry" value="0"/><int name="type" value="1"/><int name="cx" value="0"/><int name="cy" value="0"/><int name="a" value="255"/></imgdir><imgdir name="6"><string name="bS" value="ShaolinCN"/><int name="front" value="0"/><int name="ani" value="0"/><int name="no" value="38"/><int name="f" value="0"/><int name="x" value="135"/><int name="y" value="241"/><int name="rx" value="0"/><int name="ry" value="0"/><int name="type" value="0"/><int name="cx" value="0"/><int name="cy" value="0"/><int name="a" value="255"/></imgdir><imgdir name="5"><string name="bS" value="ShaolinCN"/><int name="front" value="0"/><int name="ani" value="0"/><int name="no" value="3"/><int name="f" value="0"/><int name="x" value="-70"/><int name="y" value="-15"/><int name="rx" value="0"/><int name="ry" value="0"/><int name="type" value="1"/><int name="cx" value="0"/><int name="cy" value="0"/><int name="a" value="255"/></imgdir><imgdir name="11"><string name="bS" value="ShaolinCN"/><int name="front" value="0"/><int name="ani" value="0"/><int name="no" value="4"/><int name="f" value="0"/><int name="x" value="-168"/><int name="y" value="256"/><int name="rx" value="0"/><int name="ry" value="0"/><int name="type" value="0"/><int name="cx" value="0"/><int name="cy" value="0"/><int name="a" value="255"/></imgdir><imgdir name="12"><string name="bS" value="ShaolinCN"/><int name="front" value="0"/><int name="ani" value="0"/><int name="no" value="35"/><int name="f" value="1"/><int name="x" value="-711"/><int name="y" value="-72"/><int name="rx" value="3"/><int name="ry" value="-18"/><int name="type" value="4"/><int name="cx" value="800"/><int name="cy" value="0"/><int name="a" value="255"/></imgdir><imgdir name="13"><string name="bS" value="ShaolinCN"/><int name="front" value="0"/><int name="ani" value="0"/><int name="no" value="7"/><int name="f" value="0"/><int name="x" value="86"/><int name="y" value="252"/><int name="rx" value="0"/><int name="ry" value="0"/><int name="type" value="0"/><int name="cx" value="0"/><int name="cy" value="0"/><int name="a" value="255"/></imgdir><imgdir name="8"><string name="bS" value="ShaolinCN"/><int name="front" value="0"/><int name="ani" value="0"/><int name="no" value="2"/><int name="f" value="0"/><int name="x" value="-8"/><int name="y" value="47"/><int name="rx" value="0"/><int name="ry" value="0"/><int name="type" value="0"/><int name="cx" value="0"/><int name="cy" value="0"/><int name="a" value="255"/></imgdir><imgdir name="16"><string name="bS" value="ShaolinCN"/><int name="front" value="0"/><int name="ani" value="0"/><int name="no" value="25"/><int name="f" value="1"/><int name="x" value="-118"/><int name="y" value="59"/><int name="rx" value="5"/><int name="ry" value="-18"/><int name="type" value="4"/><int name="cx" value="800"/><int name="cy" value="0"/><int name="a" value="255"/></imgdir><imgdir name="17"><string name="bS" value="ShaolinCN"/><int name="front" value="0"/><int name="ani" value="0"/><int name="no" value="26"/><int name="f" value="1"/><int name="x" value="73"/><int name="y" value="27"/><int name="rx" value="5"/><int name="ry" value="-18"/><int name="type" value="4"/><int name="cx" value="1000"/><int name="cy" value="0"/><int name="a" value="255"/></imgdir><imgdir name="18"><string name="bS" value="ShaolinCN"/><int name="front" value="0"/><int name="ani" value="0"/><int name="no" value="34"/><int name="f" value="1"/><int name="x" value="-172"/><int name="y" value="-181"/><int name="rx" value="3"/><int name="ry" value="-18"/><int name="type" value="4"/><int name="cx" value="800"/><int name="cy" value="0"/><int name="a" value="255"/></imgdir><imgdir name="15"><string name="bS" value="ShaolinCN"/><int name="front" value="0"/><int name="ani" value="0"/><int name="no" value="34"/><int name="f" value="1"/><int name="x" value="-70"/><int name="y" value="207"/><int name="rx" value="3"/><int name="ry" value="-18"/><int name="type" value="4"/><int name="cx" value="800"/><int name="cy" value="0"/><int name="a" value="255"/></imgdir><imgdir name="19"><string name="bS" value="ShaolinCN"/><int name="front" value="0"/><int name="ani" value="0"/><int name="no" value="31"/><int name="f" value="1"/><int name="x" value="58"/><int name="y" value="-69"/><int name="rx" value="6"/><int name="ry" value="-18"/><int name="type" value="4"/><int name="cx" value="800"/><int name="cy" value="0"/><int name="a" value="255"/></imgdir><imgdir name="9"><string name="bS" value="ShaolinCN"/><int name="front" value="0"/><int name="ani" value="0"/><int name="no" value="32"/><int name="f" value="1"/><int name="x" value="-162"/><int name="y" value="-153"/><int name="rx" value="3"/><int name="ry" value="-18"/><int name="type" value="4"/><int name="cx" value="1000"/><int name="cy" value="0"/><int name="a" value="255"/></imgdir><imgdir name="20"><string name="bS" value="ShaolinCN"/><int name="front" value="0"/><int name="ani" value="0"/><int name="no" value="18"/><int name="f" value="0"/><int name="x" value="-715"/><int name="y" value="386"/><int name="rx" value="1"/><int name="ry" value="-100"/><int name="type" value="4"/><int name="cx" value="800"/><int name="cy" value="0"/><int name="a" value="255"/></imgdir><imgdir name="21"><string name="bS" value="ShaolinCN"/><int name="front" value="0"/><int name="ani" value="0"/><int name="no" value="23"/><int name="f" value="1"/><int name="x" value="-4"/><int name="y" value="206"/><int name="rx" value="5"/><int name="ry" value="-18"/><int name="type" value="4"/><int name="cx" value="1000"/><int name="cy" value="0"/><int name="a" value="255"/></imgdir><imgdir name="22"><string name="bS" value="ShaolinCN"/><int name="front" value="0"/><int name="ani" value="0"/><int name="no" value="10"/><int name="f" value="0"/><int name="x" value="-344"/><int name="y" value="285"/><int name="rx" value="0"/><int name="ry" value="0"/><int name="type" value="0"/><int name="cx" value="0"/><int name="cy" value="0"/><int name="a" value="255"/></imgdir><imgdir name="23"><string name="bS" value="ShaolinCN"/><int name="front" value="0"/><int name="ani" value="0"/><int name="no" value="11"/><int name="f" value="0"/><int name="x" value="293"/><int name="y" value="314"/><int name="rx" value="0"/><int name="ry" value="0"/><int name="type" value="0"/><int name="cx" value="0"/><int name="cy" value="0"/><int name="a" value="255"/></imgdir><imgdir name="10"><string name="bS" value="ShaolinCN"/><int name="front" value="0"/><int name="ani" value="0"/><int name="no" value="27"/><int name="f" value="1"/><int name="x" value="-497"/><int name="y" value="-169"/><int name="rx" value="3"/><int name="ry" value="-18"/><int name="type" value="4"/><int name="cx" value="800"/><int name="cy" value="0"/><int name="a" value="255"/></imgdir><imgdir name="7"><string name="bS" value="ShaolinCN"/><int name="front" value="0"/><int name="ani" value="0"/><int name="no" value="3"/><int name="f" value="0"/><int name="x" value="24"/><int name="y" value="82"/><int name="rx" value="0"/><int name="ry" value="0"/><int name="type" value="0"/><int name="cx" value="0"/><int name="cy" value="0"/><int name="a" value="255"/></imgdir><imgdir name="14"><string name="bS" value="ShaolinCN"/><int name="front" value="0"/><int name="ani" value="0"/><int name="no" value="40"/><int name="f" value="0"/><int name="x" value="-44"/><int name="y" value="319"/><int name="rx" value="0"/><int name="ry" value="0"/><int name="type" value="0"/><int name="cx" value="0"/><int name="cy" value="0"/><int name="a" value="255"/></imgdir><imgdir name="24"><string name="bS" value="ShaolinCN"/><int name="front" value="0"/><int name="ani" value="0"/><int name="no" value="17"/><int name="f" value="1"/><int name="x" value="220"/><int name="y" value="527"/><int name="rx" value="3"/><int name="ry" value="-100"/><int name="type" value="4"/><int name="cx" value="1000"/><int name="cy" value="0"/><int name="a" value="255"/></imgdir><imgdir name="25"><string name="bS" value="ShaolinCN"/><int name="front" value="0"/><int name="ani" value="0"/><int name="no" value="26"/><int name="f" value="1"/><int name="x" value="-120"/><int name="y" value="148"/><int name="rx" value="7"/><int name="ry" value="-20"/><int name="type" value="4"/><int name="cx" value="1000"/><int name="cy" value="0"/><int name="a" value="255"/></imgdir><imgdir name="26"><string name="bS" value="ShaolinCN"/><int name="front" value="0"/><int name="ani" value="0"/><int name="no" value="31"/><int name="f" value="1"/><int name="x" value="-262"/><int name="y" value="85"/><int name="rx" value="7"/><int name="ry" value="-20"/><int name="type" value="4"/><int name="cx" value="1000"/><int name="cy" value="0"/><int name="a" value="255"/></imgdir><imgdir name="27"><string name="bS" value="ShaolinCN"/><int name="front" value="0"/><int name="ani" value="0"/><int name="no" value="20"/><int name="f" value="1"/><int name="x" value="-191"/><int name="y" value="533"/><int name="rx" value="6"/><int name="ry" value="-100"/><int name="type" value="4"/><int name="cx" value="0"/><int name="cy" value="0"/><int name="a" value="255"/></imgdir></imgdir><imgdir name="life"><imgdir name="0"><string name="type" value="m"/><string name="id" value="9600025"/><int name="x" value="351"/><int name="y" value="580"/><int name="mobTime" value="-1"/><int name="f" value="0"/><int name="hide" value="0"/><int name="fh" value="16"/><int name="cy" value="593"/><int name="rx0" value="-19"/><int name="rx1" value="388"/></imgdir><imgdir name="1"><string name="type" value="n"/><string name="id" value="9310044"/><int name="x" value="-589"/><int name="y" value="411"/><int name="mobTime" value="0"/><int name="f" value="0"/><int name="hide" value="0"/><int name="fh" value="11"/><int name="cy" value="414"/><int name="rx0" value="-589"/><int name="rx1" value="-589"/></imgdir></imgdir><imgdir name="reactor"></imgdir><imgdir name="0"><imgdir name="info"></imgdir><imgdir name="tile"></imgdir><imgdir name="obj"></imgdir></imgdir><imgdir name="1"><imgdir name="info"></imgdir><imgdir name="tile"></imgdir><imgdir name="obj"><imgdir name="0"><string name="oS" value="ShaolinCN"/><string name="l0" value="house16"/><string name="l1" value="base"/><string name="l2" value="14"/><int name="x" value="655"/><int name="y" value="432"/><int name="z" value="9"/><int name="f" value="0"/><int name="zM" value="18"/><int name="r" value="0"/></imgdir><imgdir name="1"><string name="oS" value="ShaolinCN"/><string name="l0" value="house16"/><string name="l1" value="base"/><string name="l2" value="13"/><int name="x" value="213"/><int name="y" value="432"/><int name="z" value="9"/><int name="f" value="0"/><int name="zM" value="19"/><int name="r" value="0"/></imgdir><imgdir name="2"><string name="oS" value="ShaolinCN"/><string name="l0" value="house16"/><string name="l1" value="base"/><string name="l2" value="12"/><int name="x" value="434"/><int name="y" value="432"/><int name="z" value="9"/><int name="f" value="0"/><int name="zM" value="12"/><int name="r" value="0"/></imgdir><imgdir name="3"><string name="oS" value="ShaolinCN"/><string name="l0" value="house16"/><string name="l1" value="base"/><string name="l2" value="11"/><int name="x" value="-229"/><int name="y" value="432"/><int name="z" value="9"/><int name="f" value="0"/><int name="zM" value="14"/><int name="r" value="0"/></imgdir><imgdir name="4"><string name="oS" value="ShaolinCN"/><string name="l0" value="house16"/><string name="l1" value="base"/><string name="l2" value="12"/><int name="x" value="-8"/><int name="y" value="432"/><int name="z" value="9"/><int name="f" value="0"/><int name="zM" value="15"/><int name="r" value="0"/></imgdir><imgdir name="5"><string name="oS" value="ShaolinCN"/><string name="l0" value="house16"/><string name="l1" value="base"/><string name="l2" value="13"/><int name="x" value="-450"/><int name="y" value="432"/><int name="z" value="9"/><int name="f" value="0"/><int name="zM" value="16"/><int name="r" value="0"/></imgdir><imgdir name="6"><string name="oS" value="ShaolinCN"/><string name="l0" value="house16"/><string name="l1" value="base"/><string name="l2" value="14"/><int name="x" value="-671"/><int name="y" value="432"/><int name="z" value="9"/><int name="f" value="0"/><int name="zM" value="17"/><int name="r" value="0"/></imgdir><imgdir name="7"><string name="oS" value="ShaolinCN"/><string name="l0" value="house16"/><string name="l1" value="base"/><string name="l2" value="7"/><int name="x" value="655"/><int name="y" value="174"/><int name="z" value="9"/><int name="f" value="0"/><int name="zM" value="49"/><int name="r" value="0"/></imgdir><imgdir name="8"><string name="oS" value="ShaolinCN"/><string name="l0" value="house16"/><string name="l1" value="base"/><string name="l2" value="8"/><int name="x" value="434"/><int name="y" value="174"/><int name="z" value="9"/><int name="f" value="0"/><int name="zM" value="43"/><int name="r" value="0"/></imgdir><imgdir name="9"><string name="oS" value="ShaolinCN"/><string name="l0" value="house16"/><string name="l1" value="base"/><string name="l2" value="9"/><int name="x" value="213"/><int name="y" value="174"/><int name="z" value="9"/><int name="f" value="0"/><int name="zM" value="44"/><int name="r" value="0"/></imgdir><imgdir name="10"><string name="oS" value="ShaolinCN"/><string name="l0" value="house16"/><string name="l1" value="base"/><string name="l2" value="10"/><int name="x" value="-8"/><int name="y" value="174"/><int name="z" value="9"/><int name="f" value="0"/><int name="zM" value="45"/><int name="r" value="0"/></imgdir><imgdir name="11"><string name="oS" value="ShaolinCN"/><string name="l0" value="house16"/><string name="l1" value="base"/><string name="l2" value="7"/><int name="x" value="-229"/><int name="y" value="174"/><int name="z" value="9"/><int name="f" value="0"/><int name="zM" value="46"/><int name="r" value="0"/></imgdir><imgdir name="12"><string name="oS" value="ShaolinCN"/><string name="l0" value="house16"/><string name="l1" value="base"/><string name="l2" value="8"/><int name="x" value="-450"/><int name="y" value="174"/><int name="z" value="9"/><int name="f" value="0"/><int name="zM" value="47"/><int name="r" value="0"/></imgdir><imgdir name="13"><string name="oS" value="ShaolinCN"/><string name="l0" value="house16"/><string name="l1" value="base"/><string name="l2" value="9"/><int name="x" value="-671"/><int name="y" value="174"/><int name="z" value="9"/><int name="f" value="0"/><int name="zM" value="48"/><int name="r" value="0"/></imgdir></imgdir></imgdir><imgdir name="2"><imgdir name="info"></imgdir><imgdir name="tile"></imgdir><imgdir name="obj"><imgdir name="0"><string name="oS" value="ShaolinCN"/><string name="l0" value="house16"/><string name="l1" value="base"/><string name="l2" value="2"/><int name="x" value="-616"/><int name="y" value="495"/><int name="z" value="9"/><int name="f" value="0"/><int name="zM" value="28"/><int name="r" value="0"/></imgdir><imgdir name="1"><string name="oS" value="ShaolinCN"/><string name="l0" value="house16"/><string name="l1" value="base"/><string name="l2" value="1"/><int name="x" value="-347"/><int name="y" value="325"/><int name="z" value="9"/><int name="f" value="0"/><int name="zM" value="42"/><int name="r" value="0"/></imgdir><imgdir name="2"><string name="oS" value="ShaolinCN"/><string name="l0" value="house16"/><string name="l1" value="base"/><string name="l2" value="6"/><int name="x" value="-335"/><int name="y" value="484"/><int name="z" value="9"/><int name="f" value="0"/><int name="zM" value="30"/><int name="r" value="0"/></imgdir><imgdir name="3"><string name="oS" value="ShaolinCN"/><string name="l0" value="house16"/><string name="l1" value="base"/><string name="l2" value="4"/><int name="x" value="-398"/><int name="y" value="534"/><int name="z" value="9"/><int name="f" value="0"/><int name="zM" value="25"/><int name="r" value="0"/></imgdir><imgdir name="4"><string name="oS" value="ShaolinCN"/><string name="l0" value="house16"/><string name="l1" value="base"/><string name="l2" value="5"/><int name="x" value="-333"/><int name="y" value="568"/><int name="z" value="9"/><int name="f" value="0"/><int name="zM" value="9"/><int name="r" value="0"/></imgdir><imgdir name="5"><string name="oS" value="ShaolinCN"/><string name="l0" value="house16"/><string name="l1" value="base"/><string name="l2" value="6"/><int name="x" value="101"/><int name="y" value="551"/><int name="z" value="9"/><int name="f" value="0"/><int name="zM" value="22"/><int name="r" value="0"/></imgdir><imgdir name="6"><string name="oS" value="ShaolinCN"/><string name="l0" value="house16"/><string name="l1" value="base"/><string name="l2" value="5"/><int name="x" value="99"/><int name="y" value="499"/><int name="z" value="9"/><int name="f" value="0"/><int name="zM" value="27"/><int name="r" value="0"/></imgdir><imgdir name="7"><string name="oS" value="ShaolinCN"/><string name="l0" value="house16"/><string name="l1" value="base"/><string name="l2" value="3"/><int name="x" value="-125"/><int name="y" value="504"/><int name="z" value="9"/><int name="f" value="0"/><int name="zM" value="26"/><int name="r" value="0"/></imgdir><imgdir name="8"><string name="oS" value="ShaolinCN"/><string name="l0" value="house16"/><string name="l1" value="base"/><string name="l2" value="3"/><int name="x" value="554"/><int name="y" value="320"/><int name="z" value="9"/><int name="f" value="0"/><int name="zM" value="41"/><int name="r" value="0"/></imgdir><imgdir name="9"><string name="oS" value="ShaolinCN"/><string name="l0" value="house16"/><string name="l1" value="base"/><string name="l2" value="6"/><int name="x" value="326"/><int name="y" value="575"/><int name="z" value="9"/><int name="f" value="0"/><int name="zM" value="8"/><int name="r" value="0"/></imgdir><imgdir name="10"><string name="oS" value="ShaolinCN"/><string name="l0" value="house16"/><string name="l1" value="base"/><string name="l2" value="1"/><int name="x" value="323"/><int name="y" value="419"/><int name="z" value="9"/><int name="f" value="0"/><int name="zM" value="36"/><int name="r" value="0"/></imgdir><imgdir name="11"><string name="oS" value="ShaolinCN"/><string name="l0" value="house16"/><string name="l1" value="base"/><string name="l2" value="2"/><int name="x" value="491"/><int name="y" value="474"/><int name="z" value="9"/><int name="f" value="0"/><int name="zM" value="29"/><int name="r" value="0"/></imgdir><imgdir name="12"><string name="oS" value="ShaolinCN"/><string name="l0" value="house16"/><string name="l1" value="base"/><string name="l2" value="2"/><int name="x" value="501"/><int name="y" value="495"/><int name="z" value="9"/><int name="f" value="0"/><int name="zM" value="29"/><int name="r" value="0"/></imgdir><imgdir name="13"><string name="oS" value="ShaolinCN"/><string name="l0" value="house16"/><string name="l1" value="base"/><string name="l2" value="2"/><int name="x" value="29"/><int name="y" value="180"/><int name="z" value="9"/><int name="f" value="0"/><int name="zM" value="50"/><int name="r" value="0"/></imgdir><imgdir name="14"><string name="oS" value="ShaolinCN"/><string name="l0" value="house16"/><string name="l1" value="acc"/><string name="l2" value="0"/><int name="x" value="-231"/><int name="y" value="174"/><int name="z" value="9"/><int name="f" value="0"/><int name="zM" value="32"/><int name="r" value="0"/></imgdir><imgdir name="15"><string name="oS" value="ShaolinCN"/><string name="l0" value="house16"/><string name="l1" value="acc"/><string name="l2" value="1"/><int name="x" value="-241"/><int name="y" value="219"/><int name="z" value="9"/><int name="f" value="0"/><int name="zM" value="32"/><int name="r" value="0"/></imgdir><imgdir name="16"><string name="oS" value="ShaolinCN"/><string name="l0" value="house16"/><string name="l1" value="acc"/><string name="l2" value="2"/><int name="x" value="-241"/><int name="y" value="250"/><int name="z" value="9"/><int name="f" value="0"/><int name="zM" value="32"/><int name="r" value="0"/></imgdir><imgdir name="17"><string name="oS" value="ShaolinCN"/><string name="l0" value="house16"/><string name="l1" value="acc"/><string name="l2" value="2"/><int name="x" value="-241"/><int name="y" value="280"/><int name="z" value="9"/><int name="f" value="0"/><int name="zM" value="32"/><int name="r" value="0"/></imgdir><imgdir name="18"><string name="oS" value="ShaolinCN"/><string name="l0" value="house16"/><string name="l1" value="acc"/><string name="l2" value="2"/><int name="x" value="-241"/><int name="y" value="311"/><int name="z" value="9"/><int name="f" value="0"/><int name="zM" value="32"/><int name="r" value="0"/></imgdir><imgdir name="19"><string name="oS" value="ShaolinCN"/><string name="l0" value="house16"/><string name="l1" value="acc"/><string name="l2" value="2"/><int name="x" value="-241"/><int name="y" value="341"/><int name="z" value="9"/><int name="f" value="0"/><int name="zM" value="32"/><int name="r" value="0"/></imgdir><imgdir name="20"><string name="oS" value="ShaolinCN"/><string name="l0" value="house16"/><string name="l1" value="acc"/><string name="l2" value="2"/><int name="x" value="-241"/><int name="y" value="371"/><int name="z" value="9"/><int name="f" value="0"/><int name="zM" value="32"/><int name="r" value="0"/></imgdir><imgdir name="21"><string name="oS" value="ShaolinCN"/><string name="l0" value="house16"/><string name="l1" value="acc"/><string name="l2" value="2"/><int name="x" value="-241"/><int name="y" value="397"/><int name="z" value="9"/><int name="f" value="0"/><int name="zM" value="32"/><int name="r" value="0"/></imgdir><imgdir name="22"><string name="oS" value="ShaolinCN"/><string name="l0" value="house16"/><string name="l1" value="acc"/><string name="l2" value="1"/><int name="x" value="-241"/><int name="y" value="427"/><int name="z" value="9"/><int name="f" value="0"/><int name="zM" value="32"/><int name="r" value="0"/></imgdir><imgdir name="23"><string name="oS" value="ShaolinCN"/><string name="l0" value="house16"/><string name="l1" value="acc"/><string name="l2" value="2"/><int name="x" value="-241"/><int name="y" value="457"/><int name="z" value="9"/><int name="f" value="0"/><int name="zM" value="32"/><int name="r" value="0"/></imgdir><imgdir name="24"><string name="oS" value="ShaolinCN"/><string name="l0" value="house16"/><string name="l1" value="acc"/><string name="l2" value="3"/><int name="x" value="-240"/><int name="y" value="484"/><int name="z" value="9"/><int name="f" value="0"/><int name="zM" value="32"/><int name="r" value="0"/></imgdir><imgdir name="25"><string name="oS" value="ShaolinCN"/><string name="l0" value="house16"/><string name="l1" value="acc"/><string name="l2" value="0"/><int name="x" value="74"/><int name="y" value="213"/><int name="z" value="9"/><int name="f" value="0"/><int name="zM" value="38"/><int name="r" value="0"/></imgdir><imgdir name="26"><string name="oS" value="ShaolinCN"/><string name="l0" value="house16"/><string name="l1" value="acc"/><string name="l2" value="2"/><int name="x" value="64"/><int name="y" value="273"/><int name="z" value="9"/><int name="f" value="0"/><int name="zM" value="38"/><int name="r" value="0"/></imgdir><imgdir name="27"><string name="oS" value="ShaolinCN"/><string name="l0" value="house16"/><string name="l1" value="acc"/><string name="l2" value="1"/><int name="x" value="64"/><int name="y" value="302"/><int name="z" value="9"/><int name="f" value="0"/><int name="zM" value="38"/><int name="r" value="0"/></imgdir><imgdir name="28"><string name="oS" value="ShaolinCN"/><string name="l0" value="house16"/><string name="l1" value="acc"/><string name="l2" value="2"/><int name="x" value="64"/><int name="y" value="332"/><int name="z" value="9"/><int name="f" value="0"/><int name="zM" value="38"/><int name="r" value="0"/></imgdir><imgdir name="29"><string name="oS" value="ShaolinCN"/><string name="l0" value="house16"/><string name="l1" value="acc"/><string name="l2" value="2"/><int name="x" value="64"/><int name="y" value="362"/><int name="z" value="9"/><int name="f" value="0"/><int name="zM" value="38"/><int name="r" value="0"/></imgdir><imgdir name="30"><string name="oS" value="ShaolinCN"/><string name="l0" value="house16"/><string name="l1" value="acc"/><string name="l2" value="2"/><int name="x" value="64"/><int name="y" value="392"/><int name="z" value="9"/><int name="f" value="0"/><int name="zM" value="38"/><int name="r" value="0"/></imgdir><imgdir name="31"><string name="oS" value="ShaolinCN"/><string name="l0" value="house16"/><string name="l1" value="acc"/><string name="l2" value="3"/><int name="x" value="65"/><int name="y" value="418"/><int name="z" value="7"/><int name="f" value="0"/><int name="zM" value="38"/><int name="r" value="0"/></imgdir><imgdir name="32"><string name="oS" value="ShaolinCN"/><string name="l0" value="house16"/><string name="l1" value="acc"/><string name="l2" value="0"/><int name="x" value="671"/><int name="y" value="172"/><int name="z" value="9"/><int name="f" value="0"/><int name="zM" value="40"/><int name="r" value="0"/></imgdir><imgdir name="33"><string name="oS" value="ShaolinCN"/><string name="l0" value="house16"/><string name="l1" value="acc"/><string name="l2" value="1"/><int name="x" value="661"/><int name="y" value="218"/><int name="z" value="9"/><int name="f" value="0"/><int name="zM" value="40"/><int name="r" value="0"/></imgdir><imgdir name="34"><string name="oS" value="ShaolinCN"/><string name="l0" value="house16"/><string name="l1" value="acc"/><string name="l2" value="2"/><int name="x" value="661"/><int name="y" value="244"/><int name="z" value="9"/><int name="f" value="0"/><int name="zM" value="40"/><int name="r" value="0"/></imgdir><imgdir name="35"><string name="oS" value="ShaolinCN"/><string name="l0" value="house16"/><string name="l1" value="acc"/><string name="l2" value="2"/><int name="x" value="661"/><int name="y" value="271"/><int name="z" value="9"/><int name="f" value="0"/><int name="zM" value="40"/><int name="r" value="0"/></imgdir><imgdir name="36"><string name="oS" value="ShaolinCN"/><string name="l0" value="house16"/><string name="l1" value="acc"/><string name="l2" value="2"/><int name="x" value="661"/><int name="y" value="301"/><int name="z" value="9"/><int name="f" value="0"/><int name="zM" value="40"/><int name="r" value="0"/></imgdir><imgdir name="37"><string name="oS" value="ShaolinCN"/><string name="l0" value="house16"/><string name="l1" value="acc"/><string name="l2" value="2"/><int name="x" value="661"/><int name="y" value="331"/><int name="z" value="9"/><int name="f" value="0"/><int name="zM" value="40"/><int name="r" value="0"/></imgdir><imgdir name="38"><string name="oS" value="ShaolinCN"/><string name="l0" value="house16"/><string name="l1" value="acc"/><string name="l2" value="2"/><int name="x" value="661"/><int name="y" value="358"/><int name="z" value="9"/><int name="f" value="0"/><int name="zM" value="40"/><int name="r" value="0"/></imgdir><imgdir name="39"><string name="oS" value="ShaolinCN"/><string name="l0" value="house16"/><string name="l1" value="acc"/><string name="l2" value="3"/><int name="x" value="662"/><int name="y" value="383"/><int name="z" value="9"/><int name="f" value="0"/><int name="zM" value="40"/><int name="r" value="0"/></imgdir><imgdir name="40"><string name="oS" value="ShaolinCN"/><string name="l0" value="house16"/><string name="l1" value="base"/><string name="l2" value="10"/><int name="x" value="-670"/><int name="y" value="-29"/><int name="z" value="9"/><int name="f" value="0"/><int name="zM" value="53"/><int name="r" value="0"/></imgdir><imgdir name="41"><string name="oS" value="ShaolinCN"/><string name="l0" value="house16"/><string name="l1" value="base"/><string name="l2" value="9"/><int name="x" value="-449"/><int name="y" value="-29"/><int name="z" value="9"/><int name="f" value="0"/><int name="zM" value="54"/><int name="r" value="0"/></imgdir><imgdir name="42"><string name="oS" value="ShaolinCN"/><string name="l0" value="house16"/><string name="l1" value="base"/><string name="l2" value="8"/><int name="x" value="-228"/><int name="y" value="-29"/><int name="z" value="9"/><int name="f" value="0"/><int name="zM" value="55"/><int name="r" value="0"/></imgdir><imgdir name="43"><string name="oS" value="ShaolinCN"/><string name="l0" value="house16"/><string name="l1" value="base"/><string name="l2" value="7"/><int name="x" value="-8"/><int name="y" value="-29"/><int name="z" value="9"/><int name="f" value="0"/><int name="zM" value="55"/><int name="r" value="0"/></imgdir><imgdir name="44"><string name="oS" value="ShaolinCN"/><string name="l0" value="house16"/><string name="l1" value="base"/><string name="l2" value="7"/><int name="x" value="213"/><int name="y" value="-29"/><int name="z" value="9"/><int name="f" value="0"/><int name="zM" value="51"/><int name="r" value="0"/></imgdir><imgdir name="45"><string name="oS" value="ShaolinCN"/><string name="l0" value="house16"/><string name="l1" value="base"/><string name="l2" value="7"/><int name="x" value="433"/><int name="y" value="-29"/><int name="z" value="9"/><int name="f" value="0"/><int name="zM" value="51"/><int name="r" value="0"/></imgdir><imgdir name="46"><string name="oS" value="ShaolinCN"/><string name="l0" value="house16"/><string name="l1" value="base"/><string name="l2" value="8"/><int name="x" value="654"/><int name="y" value="-29"/><int name="z" value="9"/><int name="f" value="0"/><int name="zM" value="52"/><int name="r" value="0"/></imgdir><imgdir name="47"><string name="oS" value="trap"/><string name="l0" value="moving"/><string name="l1" value="javelin"/><string name="l2" value="1"/><int name="x" value="-701"/><int name="y" value="428"/><int name="z" value="9"/><int name="f" value="0"/><int name="zM" value="37"/><int name="r" value="0"/></imgdir><imgdir name="48"><string name="oS" value="trap"/><string name="l0" value="moving"/><string name="l1" value="javelin"/><string name="l2" value="2"/><int name="x" value="-411"/><int name="y" value="433"/><int name="z" value="9"/><int name="f" value="0"/><int name="zM" value="35"/><int name="r" value="0"/></imgdir><imgdir name="49"><string name="oS" value="trap"/><string name="l0" value="moving"/><string name="l1" value="javelin"/><string name="l2" value="5"/><int name="x" value="-64"/><int name="y" value="434"/><int name="z" value="9"/><int name="f" value="0"/><int name="zM" value="33"/><int name="r" value="0"/></imgdir><imgdir name="50"><string name="oS" value="trap"/><string name="l0" value="moving"/><string name="l1" value="javelin"/><string name="l2" value="6"/><int name="x" value="394"/><int name="y" value="433"/><int name="z" value="9"/><int name="f" value="0"/><int name="zM" value="34"/><int name="r" value="0"/></imgdir></imgdir></imgdir><imgdir name="3"><imgdir name="info"></imgdir><imgdir name="tile"></imgdir><imgdir name="obj"><imgdir name="0"><string name="oS" value="ShaolinCN"/><string name="l0" value="house15"/><string name="l1" value="base"/><string name="l2" value="25"/><int name="x" value="-659"/><int name="y" value="529"/><int name="z" value="9"/><int name="f" value="0"/><int name="zM" value="20"/><int name="r" value="0"/></imgdir><imgdir name="1"><string name="oS" value="ShaolinCN"/><string name="l0" value="house03"/><string name="l1" value="base"/><string name="l2" value="28"/><int name="x" value="-590"/><int name="y" value="414"/><int name="z" value="9"/><int name="f" value="0"/><int name="zM" value="39"/><int name="r" value="0"/></imgdir></imgdir></imgdir><imgdir name="4"><imgdir name="info"></imgdir><imgdir name="tile"></imgdir><imgdir name="obj"><imgdir name="0"><string name="oS" value="trap"/><string name="l0" value="moving"/><string name="l1" value="artificiality"/><string name="l2" value="9"/><int name="x" value="-629"/><int name="y" value="588"/><int name="z" value="9"/><int name="f" value="0"/><int name="zM" value="11"/><int name="r" value="0"/></imgdir><imgdir name="1"><string name="oS" value="trap"/><string name="l0" value="moving"/><string name="l1" value="artificiality"/><string name="l2" value="9"/><int name="x" value="-113"/><int name="y" value="591"/><int name="z" value="9"/><int name="f" value="0"/><int name="zM" value="10"/><int name="r" value="0"/></imgdir><imgdir name="2"><string name="oS" value="trap"/><string name="l0" value="moving"/><string name="l1" value="artificiality"/><string name="l2" value="9"/><int name="x" value="488"/><int name="y" value="588"/><int name="z" value="9"/><int name="f" value="0"/><int name="zM" value="13"/><int name="r" value="0"/></imgdir></imgdir></imgdir><imgdir name="5"><imgdir name="info"></imgdir><imgdir name="tile"></imgdir><imgdir name="obj"><imgdir name="0"><string name="oS" value="ShaolinCN"/><string name="l0" value="house15"/><string name="l1" value="base"/><string name="l2" value="22"/><int name="x" value="8"/><int name="y" value="622"/><int name="z" value="9"/><int name="f" value="0"/><int name="zM" value="0"/><int name="r" value="0"/></imgdir><imgdir name="1"><string name="oS" value="ShaolinCN"/><string name="l0" value="house15"/><string name="l1" value="base"/><string name="l2" value="21"/><int name="x" value="97"/><int name="y" value="622"/><int name="z" value="9"/><int name="f" value="0"/><int name="zM" value="0"/><int name="r" value="0"/></imgdir><imgdir name="2"><string name="oS" value="ShaolinCN"/><string name="l0" value="house15"/><string name="l1" value="base"/><string name="l2" value="23"/><int name="x" value="184"/><int name="y" value="622"/><int name="z" value="9"/><int name="f" value="0"/><int name="zM" value="0"/><int name="r" value="0"/></imgdir><imgdir name="3"><string name="oS" value="ShaolinCN"/><string name="l0" value="house15"/><string name="l1" value="base"/><string name="l2" value="21"/><int name="x" value="272"/><int name="y" value="622"/><int name="z" value="9"/><int name="f" value="0"/><int name="zM" value="0"/><int name="r" value="0"/></imgdir><imgdir name="4"><string name="oS" value="ShaolinCN"/><string name="l0" value="house15"/><string name="l1" value="base"/><string name="l2" value="21"/><int name="x" value="361"/><int name="y" value="622"/><int name="z" value="9"/><int name="f" value="0"/><int name="zM" value="0"/><int name="r" value="0"/></imgdir><imgdir name="5"><string name="oS" value="ShaolinCN"/><string name="l0" value="house15"/><string name="l1" value="base"/><string name="l2" value="23"/><int name="x" value="451"/><int name="y" value="622"/><int name="z" value="9"/><int name="f" value="0"/><int name="zM" value="1"/><int name="r" value="0"/></imgdir><imgdir name="6"><string name="oS" value="ShaolinCN"/><string name="l0" value="house15"/><string name="l1" value="base"/><string name="l2" value="23"/><int name="x" value="541"/><int name="y" value="622"/><int name="z" value="9"/><int name="f" value="0"/><int name="zM" value="2"/><int name="r" value="0"/></imgdir><imgdir name="7"><string name="oS" value="ShaolinCN"/><string name="l0" value="house15"/><string name="l1" value="base"/><string name="l2" value="22"/><int name="x" value="630"/><int name="y" value="622"/><int name="z" value="9"/><int name="f" value="0"/><int name="zM" value="2"/><int name="r" value="0"/></imgdir><imgdir name="8"><string name="oS" value="ShaolinCN"/><string name="l0" value="house15"/><string name="l1" value="base"/><string name="l2" value="21"/><int name="x" value="720"/><int name="y" value="622"/><int name="z" value="9"/><int name="f" value="0"/><int name="zM" value="3"/><int name="r" value="0"/></imgdir><imgdir name="11"><string name="oS" value="ShaolinCN"/><string name="l0" value="house15"/><string name="l1" value="base"/><string name="l2" value="23"/><int name="x" value="-82"/><int name="y" value="622"/><int name="z" value="9"/><int name="f" value="0"/><int name="zM" value="5"/><int name="r" value="0"/></imgdir><imgdir name="12"><string name="oS" value="ShaolinCN"/><string name="l0" value="house15"/><string name="l1" value="base"/><string name="l2" value="21"/><int name="x" value="-171"/><int name="y" value="622"/><int name="z" value="9"/><int name="f" value="0"/><int name="zM" value="5"/><int name="r" value="0"/></imgdir><imgdir name="13"><string name="oS" value="ShaolinCN"/><string name="l0" value="house15"/><string name="l1" value="base"/><string name="l2" value="21"/><int name="x" value="-260"/><int name="y" value="622"/><int name="z" value="9"/><int name="f" value="0"/><int name="zM" value="5"/><int name="r" value="0"/></imgdir><imgdir name="14"><string name="oS" value="ShaolinCN"/><string name="l0" value="house15"/><string name="l1" value="base"/><string name="l2" value="23"/><int name="x" value="-349"/><int name="y" value="622"/><int name="z" value="9"/><int name="f" value="0"/><int name="zM" value="5"/><int name="r" value="0"/></imgdir><imgdir name="15"><string name="oS" value="ShaolinCN"/><string name="l0" value="house15"/><string name="l1" value="base"/><string name="l2" value="22"/><int name="x" value="-439"/><int name="y" value="622"/><int name="z" value="9"/><int name="f" value="0"/><int name="zM" value="6"/><int name="r" value="0"/></imgdir><imgdir name="16"><string name="oS" value="ShaolinCN"/><string name="l0" value="house15"/><string name="l1" value="base"/><string name="l2" value="21"/><int name="x" value="-529"/><int name="y" value="622"/><int name="z" value="9"/><int name="f" value="0"/><int name="zM" value="7"/><int name="r" value="0"/></imgdir><imgdir name="17"><string name="oS" value="ShaolinCN"/><string name="l0" value="house15"/><string name="l1" value="base"/><string name="l2" value="22"/><int name="x" value="-618"/><int name="y" value="622"/><int name="z" value="9"/><int name="f" value="0"/><int name="zM" value="7"/><int name="r" value="0"/></imgdir><imgdir name="18"><string name="oS" value="ShaolinCN"/><string name="l0" value="house15"/><string name="l1" value="base"/><string name="l2" value="23"/><int name="x" value="-706"/><int name="y" value="622"/><int name="z" value="9"/><int name="f" value="0"/><int name="zM" value="4"/><int name="r" value="0"/></imgdir><imgdir name="9"><string name="oS" value="ShaolinCN"/><string name="l0" value="house15"/><string name="l1" value="base"/><string name="l2" value="29"/><int name="x" value="765"/><int name="y" value="593"/><int name="z" value="9"/><int name="f" value="0"/><int name="zM" value="3"/><int name="r" value="0"/></imgdir><imgdir name="10"><string name="oS" value="ShaolinCN"/><string name="l0" value="house15"/><string name="l1" value="base"/><string name="l2" value="28"/><int name="x" value="-750"/><int name="y" value="592"/><int name="z" value="9"/><int name="f" value="0"/><int name="zM" value="4"/><int name="r" value="0"/></imgdir><imgdir name="19"><string name="oS" value="ShaolinCN"/><string name="l0" value="house15"/><string name="l1" value="base"/><string name="l2" value="23"/><int name="x" value="-758"/><int name="y" value="622"/><int name="z" value="9"/><int name="f" value="0"/><int name="zM" value="4"/><int name="r" value="0"/></imgdir></imgdir></imgdir><imgdir name="6"><imgdir name="info"></imgdir><imgdir name="tile"></imgdir><imgdir name="obj"></imgdir></imgdir><imgdir name="7"><imgdir name="info"></imgdir><imgdir name="tile"></imgdir><imgdir name="obj"></imgdir></imgdir><imgdir name="ToolTip"><imgdir name="0"><int name="x1" value="-745"/><int name="y1" value="83"/><int name="x2" value="743"/><int name="y2" value="424"/></imgdir></imgdir><imgdir name="foothold"><imgdir name="2"><imgdir name="30"><imgdir name="2"><int name="x1" value="-357"/><int name="y1" value="464"/><int name="x2" value="-311"/><int name="y2" value="464"/><int name="prev" value="0"/><int name="next" value="0"/></imgdir></imgdir><imgdir name="25"><imgdir name="3"><int name="x1" value="-420"/><int name="y1" value="515"/><int name="x2" value="-374"/><int name="y2" value="515"/><int name="prev" value="0"/><int name="next" value="0"/></imgdir></imgdir><imgdir name="9"><imgdir name="4"><int name="x1" value="-355"/><int name="y1" value="551"/><int name="x2" value="-309"/><int name="y2" value="551"/><int name="prev" value="0"/><int name="next" value="0"/></imgdir></imgdir><imgdir name="22"><imgdir name="5"><int name="x1" value="79"/><int name="y1" value="531"/><int name="x2" value="125"/><int name="y2" value="531"/><int name="prev" value="0"/><int name="next" value="0"/></imgdir></imgdir><imgdir name="27"><imgdir name="6"><int name="x1" value="77"/><int name="y1" value="482"/><int name="x2" value="123"/><int name="y2" value="482"/><int name="prev" value="0"/><int name="next" value="0"/></imgdir></imgdir><imgdir name="8"><imgdir name="7"><int name="x1" value="304"/><int name="y1" value="555"/><int name="x2" value="350"/><int name="y2" value="555"/><int name="prev" value="0"/><int name="next" value="0"/></imgdir></imgdir></imgdir><imgdir name="3"><imgdir name="39"><imgdir name="11"><int name="x1" value="-601"/><int name="y1" value="414"/><int name="x2" value="-574"/><int name="y2" value="414"/><int name="prev" value="0"/><int name="next" value="0"/></imgdir></imgdir></imgdir><imgdir name="5"><imgdir name="0"><imgdir name="12"><int name="x1" value="-39"/><int name="y1" value="593"/><int name="x2" value="55"/><int name="y2" value="593"/><int name="prev" value="26"/><int name="next" value="13"/></imgdir><imgdir name="13"><int name="x1" value="55"/><int name="y1" value="593"/><int name="x2" value="144"/><int name="y2" value="593"/><int name="prev" value="12"/><int name="next" value="14"/></imgdir><imgdir name="14"><int name="x1" value="144"/><int name="y1" value="593"/><int name="x2" value="231"/><int name="y2" value="593"/><int name="prev" value="13"/><int name="next" value="15"/></imgdir><imgdir name="15"><int name="x1" value="231"/><int name="y1" value="593"/><int name="x2" value="319"/><int name="y2" value="593"/><int name="prev" value="14"/><int name="next" value="16"/></imgdir><imgdir name="16"><int name="x1" value="319"/><int name="y1" value="593"/><int name="x2" value="408"/><int name="y2" value="593"/><int name="prev" value="15"/><int name="next" value="17"/></imgdir></imgdir><imgdir name="1"><imgdir name="17"><int name="x1" value="408"/><int name="y1" value="593"/><int name="x2" value="498"/><int name="y2" value="593"/><int name="prev" value="16"/><int name="next" value="18"/></imgdir></imgdir><imgdir name="2"><imgdir name="18"><int name="x1" value="498"/><int name="y1" value="593"/><int name="x2" value="588"/><int name="y2" value="593"/><int name="prev" value="17"/><int name="next" value="19"/></imgdir><imgdir name="19"><int name="x1" value="588"/><int name="y1" value="593"/><int name="x2" value="677"/><int name="y2" value="593"/><int name="prev" value="18"/><int name="next" value="20"/></imgdir></imgdir><imgdir name="3"><imgdir name="20"><int name="x1" value="677"/><int name="y1" value="593"/><int name="x2" value="765"/><int name="y2" value="593"/><int name="prev" value="19"/><int name="next" value="22"/></imgdir><imgdir name="21"><int name="x1" value="765"/><int name="y1" value="593"/><int name="x2" value="750"/><int name="y2" value="593"/><int name="prev" value="0"/><int name="next" value="0"/></imgdir><imgdir name="22"><int name="x1" value="765"/><int name="y1" value="593"/><int name="x2" value="765"/><int name="y2" value="157"/><int name="prev" value="20"/><int name="next" value="0"/></imgdir></imgdir><imgdir name="4"><imgdir name="23"><int name="x1" value="-748"/><int name="y1" value="222"/><int name="x2" value="-748"/><int name="y2" value="593"/><int name="prev" value="0"/><int name="next" value="25"/></imgdir><imgdir name="24"><int name="x1" value="-748"/><int name="y1" value="593"/><int name="x2" value="-748"/><int name="y2" value="594"/><int name="prev" value="23"/><int name="next" value="0"/></imgdir><imgdir name="25"><int name="x1" value="-748"/><int name="y1" value="593"/><int name="x2" value="-665"/><int name="y2" value="593"/><int name="prev" value="23"/><int name="next" value="32"/></imgdir></imgdir><imgdir name="5"><imgdir name="26"><int name="x1" value="-129"/><int name="y1" value="593"/><int name="x2" value="-39"/><int name="y2" value="593"/><int name="prev" value="27"/><int name="next" value="12"/></imgdir><imgdir name="27"><int name="x1" value="-218"/><int name="y1" value="593"/><int name="x2" value="-129"/><int name="y2" value="593"/><int name="prev" value="28"/><int name="next" value="26"/></imgdir><imgdir name="28"><int name="x1" value="-307"/><int name="y1" value="593"/><int name="x2" value="-218"/><int name="y2" value="593"/><int name="prev" value="29"/><int name="next" value="27"/></imgdir><imgdir name="29"><int name="x1" value="-396"/><int name="y1" value="593"/><int name="x2" value="-307"/><int name="y2" value="593"/><int name="prev" value="30"/><int name="next" value="28"/></imgdir></imgdir><imgdir name="6"><imgdir name="30"><int name="x1" value="-486"/><int name="y1" value="593"/><int name="x2" value="-396"/><int name="y2" value="593"/><int name="prev" value="31"/><int name="next" value="29"/></imgdir></imgdir><imgdir name="7"><imgdir name="31"><int name="x1" value="-576"/><int name="y1" value="593"/><int name="x2" value="-486"/><int name="y2" value="593"/><int name="prev" value="32"/><int name="next" value="30"/></imgdir><imgdir name="32"><int name="x1" value="-665"/><int name="y1" value="593"/><int name="x2" value="-576"/><int name="y2" value="593"/><int name="prev" value="25"/><int name="next" value="31"/></imgdir></imgdir></imgdir></imgdir><imgdir name="ladderRope"><imgdir name="1"><int name="l" value="1"/><int name="uf" value="0"/><int name="x" value="-241"/><int name="y1" value="234"/><int name="y2" value="530"/><int name="page" value="2"/></imgdir><imgdir name="2"><int name="l" value="1"/><int name="uf" value="0"/><int name="x" value="64"/><int name="y1" value="288"/><int name="y2" value="464"/><int name="page" value="2"/></imgdir><imgdir name="3"><int name="l" value="1"/><int name="uf" value="0"/><int name="x" value="661"/><int name="y1" value="233"/><int name="y2" value="429"/><int name="page" value="2"/></imgdir></imgdir><imgdir name="miniMap"><canvas name="canvas" width="104" height="61"></canvas><int name="width" value="1667"/><int name="height" value="987"/><int name="centerX" value="851"/><int name="centerY" value="281"/><int name="mag" value="4"/></imgdir><imgdir name="portal"><imgdir name="0"><string name="pn" value="sp"/><int name="pt" value="0"/><int name="x" value="-23"/><int name="y" value="509"/><int name="tm" value="999999999"/><string name="tn" value=""/></imgdir></imgdir></imgdir>