<?xml version="1.0" encoding="UTF-8" standalone="yes"?><imgdir name="702070100.img"><imgdir name="info"><int name="version" value="10"/><int name="cloud" value="0"/><int name="town" value="0"/><int name="swim" value="0"/><int name="returnMap" value="702100000"/><int name="forcedReturn" value="999999999"/><float name="mobRate" value="0.7"/><string name="bgm" value="BgmCN/shaolin_cangjingge"/><string name="mapMark" value="None"/><int name="hideMinimap" value="0"/><int name="fieldLimit" value="0"/><int name="VRTop" value="25"/><int name="VRLeft" value="-1427"/><int name="VRBottom" value="690"/><int name="VRRight" value="1005"/></imgdir><imgdir name="back"><imgdir name="0"><string name="bS" value="ShaolinCN"/><int name="front" value="0"/><int name="ani" value="0"/><int name="no" value="12"/><int name="f" value="0"/><int name="x" value="-27"/><int name="y" value="-62"/><int name="rx" value="0"/><int name="ry" value="0"/><int name="type" value="1"/><int name="cx" value="0"/><int name="cy" value="0"/><int name="a" value="255"/></imgdir><imgdir name="1"><string name="bS" value="ShaolinCN"/><int name="front" value="0"/><int name="ani" value="0"/><int name="no" value="13"/><int name="f" value="0"/><int name="x" value="9"/><int name="y" value="-135"/><int name="rx" value="0"/><int name="ry" value="0"/><int name="type" value="1"/><int name="cx" value="0"/><int name="cy" value="0"/><int name="a" value="255"/></imgdir><imgdir name="2"><string name="bS" value="ShaolinCN"/><int name="front" value="0"/><int name="ani" value="0"/><int name="no" value="14"/><int name="f" value="0"/><int name="x" value="-31"/><int name="y" value="198"/><int name="rx" value="0"/><int name="ry" value="0"/><int name="type" value="1"/><int name="cx" value="0"/><int name="cy" value="0"/><int name="a" value="255"/></imgdir><imgdir name="3"><string name="bS" value="ShaolinCN"/><int name="front" value="0"/><int name="ani" value="0"/><int name="no" value="1"/><int name="f" value="0"/><int name="x" value="44"/><int name="y" value="-59"/><int name="rx" value="0"/><int name="ry" value="0"/><int name="type" value="1"/><int name="cx" value="0"/><int name="cy" value="0"/><int name="a" value="255"/></imgdir><imgdir name="4"><string name="bS" value="ShaolinCN"/><int name="front" value="0"/><int name="ani" value="0"/><int name="no" value="2"/><int name="f" value="0"/><int name="x" value="-274"/><int name="y" value="-75"/><int name="rx" value="0"/><int name="ry" value="0"/><int name="type" value="1"/><int name="cx" value="0"/><int name="cy" value="0"/><int name="a" value="255"/></imgdir><imgdir name="6"><string name="bS" value="ShaolinCN"/><int name="front" value="0"/><int name="ani" value="0"/><int name="no" value="38"/><int name="f" value="0"/><int name="x" value="135"/><int name="y" value="241"/><int name="rx" value="0"/><int name="ry" value="0"/><int name="type" value="0"/><int name="cx" value="0"/><int name="cy" value="0"/><int name="a" value="255"/></imgdir><imgdir name="5"><string name="bS" value="ShaolinCN"/><int name="front" value="0"/><int name="ani" value="0"/><int name="no" value="3"/><int name="f" value="0"/><int name="x" value="-70"/><int name="y" value="-15"/><int name="rx" value="0"/><int name="ry" value="0"/><int name="type" value="1"/><int name="cx" value="0"/><int name="cy" value="0"/><int name="a" value="255"/></imgdir><imgdir name="11"><string name="bS" value="ShaolinCN"/><int name="front" value="0"/><int name="ani" value="0"/><int name="no" value="4"/><int name="f" value="0"/><int name="x" value="-168"/><int name="y" value="256"/><int name="rx" value="0"/><int name="ry" value="0"/><int name="type" value="0"/><int name="cx" value="0"/><int name="cy" value="0"/><int name="a" value="255"/></imgdir><imgdir name="12"><string name="bS" value="ShaolinCN"/><int name="front" value="0"/><int name="ani" value="0"/><int name="no" value="35"/><int name="f" value="1"/><int name="x" value="-711"/><int name="y" value="-72"/><int name="rx" value="3"/><int name="ry" value="-18"/><int name="type" value="4"/><int name="cx" value="800"/><int name="cy" value="0"/><int name="a" value="255"/></imgdir><imgdir name="13"><string name="bS" value="ShaolinCN"/><int name="front" value="0"/><int name="ani" value="0"/><int name="no" value="7"/><int name="f" value="0"/><int name="x" value="86"/><int name="y" value="252"/><int name="rx" value="0"/><int name="ry" value="0"/><int name="type" value="0"/><int name="cx" value="0"/><int name="cy" value="0"/><int name="a" value="255"/></imgdir><imgdir name="8"><string name="bS" value="ShaolinCN"/><int name="front" value="0"/><int name="ani" value="0"/><int name="no" value="2"/><int name="f" value="0"/><int name="x" value="-8"/><int name="y" value="47"/><int name="rx" value="0"/><int name="ry" value="0"/><int name="type" value="0"/><int name="cx" value="0"/><int name="cy" value="0"/><int name="a" value="255"/></imgdir><imgdir name="16"><string name="bS" value="ShaolinCN"/><int name="front" value="0"/><int name="ani" value="0"/><int name="no" value="25"/><int name="f" value="1"/><int name="x" value="-118"/><int name="y" value="59"/><int name="rx" value="5"/><int name="ry" value="-18"/><int name="type" value="4"/><int name="cx" value="800"/><int name="cy" value="0"/><int name="a" value="255"/></imgdir><imgdir name="17"><string name="bS" value="ShaolinCN"/><int name="front" value="0"/><int name="ani" value="0"/><int name="no" value="26"/><int name="f" value="1"/><int name="x" value="73"/><int name="y" value="27"/><int name="rx" value="5"/><int name="ry" value="-18"/><int name="type" value="4"/><int name="cx" value="1000"/><int name="cy" value="0"/><int name="a" value="255"/></imgdir><imgdir name="18"><string name="bS" value="ShaolinCN"/><int name="front" value="0"/><int name="ani" value="0"/><int name="no" value="34"/><int name="f" value="1"/><int name="x" value="-172"/><int name="y" value="-181"/><int name="rx" value="3"/><int name="ry" value="-18"/><int name="type" value="4"/><int name="cx" value="800"/><int name="cy" value="0"/><int name="a" value="255"/></imgdir><imgdir name="15"><string name="bS" value="ShaolinCN"/><int name="front" value="0"/><int name="ani" value="0"/><int name="no" value="34"/><int name="f" value="1"/><int name="x" value="-70"/><int name="y" value="207"/><int name="rx" value="3"/><int name="ry" value="-18"/><int name="type" value="4"/><int name="cx" value="800"/><int name="cy" value="0"/><int name="a" value="255"/></imgdir><imgdir name="19"><string name="bS" value="ShaolinCN"/><int name="front" value="0"/><int name="ani" value="0"/><int name="no" value="31"/><int name="f" value="1"/><int name="x" value="58"/><int name="y" value="-69"/><int name="rx" value="6"/><int name="ry" value="-18"/><int name="type" value="4"/><int name="cx" value="800"/><int name="cy" value="0"/><int name="a" value="255"/></imgdir><imgdir name="9"><string name="bS" value="ShaolinCN"/><int name="front" value="0"/><int name="ani" value="0"/><int name="no" value="32"/><int name="f" value="1"/><int name="x" value="-162"/><int name="y" value="-153"/><int name="rx" value="3"/><int name="ry" value="-18"/><int name="type" value="4"/><int name="cx" value="1000"/><int name="cy" value="0"/><int name="a" value="255"/></imgdir><imgdir name="20"><string name="bS" value="ShaolinCN"/><int name="front" value="0"/><int name="ani" value="0"/><int name="no" value="18"/><int name="f" value="0"/><int name="x" value="-715"/><int name="y" value="386"/><int name="rx" value="1"/><int name="ry" value="-100"/><int name="type" value="4"/><int name="cx" value="800"/><int name="cy" value="0"/><int name="a" value="255"/></imgdir><imgdir name="21"><string name="bS" value="ShaolinCN"/><int name="front" value="0"/><int name="ani" value="0"/><int name="no" value="23"/><int name="f" value="1"/><int name="x" value="-4"/><int name="y" value="206"/><int name="rx" value="5"/><int name="ry" value="-18"/><int name="type" value="4"/><int name="cx" value="1000"/><int name="cy" value="0"/><int name="a" value="255"/></imgdir><imgdir name="22"><string name="bS" value="ShaolinCN"/><int name="front" value="0"/><int name="ani" value="0"/><int name="no" value="10"/><int name="f" value="0"/><int name="x" value="-344"/><int name="y" value="285"/><int name="rx" value="0"/><int name="ry" value="0"/><int name="type" value="0"/><int name="cx" value="0"/><int name="cy" value="0"/><int name="a" value="255"/></imgdir><imgdir name="23"><string name="bS" value="ShaolinCN"/><int name="front" value="0"/><int name="ani" value="0"/><int name="no" value="11"/><int name="f" value="0"/><int name="x" value="293"/><int name="y" value="314"/><int name="rx" value="0"/><int name="ry" value="0"/><int name="type" value="0"/><int name="cx" value="0"/><int name="cy" value="0"/><int name="a" value="255"/></imgdir><imgdir name="10"><string name="bS" value="ShaolinCN"/><int name="front" value="0"/><int name="ani" value="0"/><int name="no" value="27"/><int name="f" value="1"/><int name="x" value="-497"/><int name="y" value="-169"/><int name="rx" value="3"/><int name="ry" value="-18"/><int name="type" value="4"/><int name="cx" value="800"/><int name="cy" value="0"/><int name="a" value="255"/></imgdir><imgdir name="7"><string name="bS" value="ShaolinCN"/><int name="front" value="0"/><int name="ani" value="0"/><int name="no" value="3"/><int name="f" value="0"/><int name="x" value="24"/><int name="y" value="82"/><int name="rx" value="0"/><int name="ry" value="0"/><int name="type" value="0"/><int name="cx" value="0"/><int name="cy" value="0"/><int name="a" value="255"/></imgdir><imgdir name="14"><string name="bS" value="ShaolinCN"/><int name="front" value="0"/><int name="ani" value="0"/><int name="no" value="40"/><int name="f" value="0"/><int name="x" value="-44"/><int name="y" value="319"/><int name="rx" value="0"/><int name="ry" value="0"/><int name="type" value="0"/><int name="cx" value="0"/><int name="cy" value="0"/><int name="a" value="255"/></imgdir><imgdir name="24"><string name="bS" value="ShaolinCN"/><int name="front" value="0"/><int name="ani" value="0"/><int name="no" value="17"/><int name="f" value="1"/><int name="x" value="220"/><int name="y" value="527"/><int name="rx" value="3"/><int name="ry" value="-100"/><int name="type" value="4"/><int name="cx" value="1000"/><int name="cy" value="0"/><int name="a" value="255"/></imgdir><imgdir name="25"><string name="bS" value="ShaolinCN"/><int name="front" value="0"/><int name="ani" value="0"/><int name="no" value="26"/><int name="f" value="1"/><int name="x" value="-120"/><int name="y" value="148"/><int name="rx" value="7"/><int name="ry" value="-20"/><int name="type" value="4"/><int name="cx" value="1000"/><int name="cy" value="0"/><int name="a" value="255"/></imgdir><imgdir name="26"><string name="bS" value="ShaolinCN"/><int name="front" value="0"/><int name="ani" value="0"/><int name="no" value="31"/><int name="f" value="1"/><int name="x" value="-262"/><int name="y" value="85"/><int name="rx" value="7"/><int name="ry" value="-20"/><int name="type" value="4"/><int name="cx" value="1000"/><int name="cy" value="0"/><int name="a" value="255"/></imgdir><imgdir name="27"><string name="bS" value="ShaolinCN"/><int name="front" value="0"/><int name="ani" value="0"/><int name="no" value="20"/><int name="f" value="1"/><int name="x" value="-191"/><int name="y" value="533"/><int name="rx" value="6"/><int name="ry" value="-100"/><int name="type" value="4"/><int name="cx" value="0"/><int name="cy" value="0"/><int name="a" value="255"/></imgdir></imgdir><imgdir name="life"><imgdir name="0"><string name="type" value="m"/><string name="id" value="9600020"/><int name="x" value="-454"/><int name="y" value="596"/><int name="mobTime" value="0"/><int name="f" value="0"/><int name="hide" value="0"/><int name="fh" value="62"/><int name="cy" value="605"/><int name="rx0" value="-466"/><int name="rx1" value="-416"/></imgdir><imgdir name="1"><string name="type" value="m"/><string name="id" value="9600020"/><int name="x" value="-468"/><int name="y" value="456"/><int name="mobTime" value="0"/><int name="f" value="0"/><int name="hide" value="0"/><int name="fh" value="2"/><int name="cy" value="488"/><int name="rx0" value="-614"/><int name="rx1" value="-468"/></imgdir><imgdir name="3"><string name="type" value="m"/><string name="id" value="9600023"/><int name="x" value="-1108"/><int name="y" value="267"/><int name="mobTime" value="0"/><int name="f" value="0"/><int name="hide" value="0"/><int name="fh" value="89"/><int name="cy" value="276"/><int name="rx0" value="-1184"/><int name="rx1" value="-348"/></imgdir><imgdir name="4"><string name="type" value="m"/><string name="id" value="9600020"/><int name="x" value="-294"/><int name="y" value="263"/><int name="mobTime" value="0"/><int name="f" value="0"/><int name="hide" value="0"/><int name="fh" value="72"/><int name="cy" value="276"/><int name="rx0" value="-308"/><int name="rx1" value="-93"/></imgdir><imgdir name="2"><string name="type" value="m"/><string name="id" value="9600023"/><int name="x" value="-29"/><int name="y" value="591"/><int name="mobTime" value="0"/><int name="f" value="0"/><int name="hide" value="0"/><int name="fh" value="47"/><int name="cy" value="605"/><int name="rx0" value="-29"/><int name="rx1" value="35"/></imgdir><imgdir name="5"><string name="type" value="m"/><string name="id" value="9600020"/><int name="x" value="260"/><int name="y" value="137"/><int name="mobTime" value="0"/><int name="f" value="0"/><int name="hide" value="0"/><int name="fh" value="33"/><int name="cy" value="141"/><int name="rx0" value="213"/><int name="rx1" value="403"/></imgdir><imgdir name="6"><string name="type" value="m"/><string name="id" value="9600023"/><int name="x" value="905"/><int name="y" value="266"/><int name="mobTime" value="0"/><int name="f" value="0"/><int name="hide" value="0"/><int name="fh" value="109"/><int name="cy" value="276"/><int name="rx0" value="757"/><int name="rx1" value="905"/></imgdir><imgdir name="7"><string name="type" value="m"/><string name="id" value="9600020"/><int name="x" value="622"/><int name="y" value="593"/><int name="mobTime" value="0"/><int name="f" value="0"/><int name="hide" value="0"/><int name="fh" value="54"/><int name="cy" value="605"/><int name="rx0" value="343"/><int name="rx1" value="749"/></imgdir><imgdir name="8"><string name="type" value="m"/><string name="id" value="9600023"/><int name="x" value="-1199"/><int name="y" value="589"/><int name="mobTime" value="0"/><int name="f" value="0"/><int name="hide" value="0"/><int name="fh" value="70"/><int name="cy" value="605"/><int name="rx0" value="-1311"/><int name="rx1" value="-1130"/></imgdir><imgdir name="9"><string name="type" value="n"/><string name="id" value="9310048"/><int name="x" value="-292"/><int name="y" value="594"/><int name="mobTime" value="0"/><int name="f" value="0"/><int name="hide" value="0"/><int name="fh" value="60"/><int name="cy" value="605"/><int name="rx0" value="-342"/><int name="rx1" value="-242"/></imgdir></imgdir><imgdir name="reactor"></imgdir><imgdir name="0"><imgdir name="info"></imgdir><imgdir name="tile"></imgdir><imgdir name="obj"><imgdir name="0"><string name="oS" value="ShaolinCN"/><string name="l0" value="house03"/><string name="l1" value="base"/><string name="l2" value="0"/><int name="x" value="-27"/><int name="y" value="473"/><int name="z" value="9"/><int name="f" value="0"/><int name="zM" value="10"/><int name="r" value="0"/></imgdir><imgdir name="1"><string name="oS" value="ShaolinCN"/><string name="l0" value="house03"/><string name="l1" value="base"/><string name="l2" value="0"/><int name="x" value="-422"/><int name="y" value="474"/><int name="z" value="9"/><int name="f" value="0"/><int name="zM" value="10"/><int name="r" value="0"/></imgdir><imgdir name="2"><string name="oS" value="ShaolinCN"/><string name="l0" value="house03"/><string name="l1" value="base"/><string name="l2" value="0"/><int name="x" value="341"/><int name="y" value="473"/><int name="z" value="9"/><int name="f" value="0"/><int name="zM" value="10"/><int name="r" value="0"/></imgdir><imgdir name="3"><string name="oS" value="ShaolinCN"/><string name="l0" value="house03"/><string name="l1" value="base"/><string name="l2" value="0"/><int name="x" value="735"/><int name="y" value="474"/><int name="z" value="9"/><int name="f" value="0"/><int name="zM" value="10"/><int name="r" value="0"/></imgdir><imgdir name="4"><string name="oS" value="ShaolinCN"/><string name="l0" value="house03"/><string name="l1" value="base"/><string name="l2" value="0"/><int name="x" value="-797"/><int name="y" value="474"/><int name="z" value="9"/><int name="f" value="0"/><int name="zM" value="10"/><int name="r" value="0"/></imgdir></imgdir></imgdir><imgdir name="1"><imgdir name="info"></imgdir><imgdir name="tile"></imgdir><imgdir name="obj"><imgdir name="1"><string name="oS" value="ShaolinCN"/><string name="l0" value="house15"/><string name="l1" value="base"/><string name="l2" value="15"/><int name="x" value="-409"/><int name="y" value="471"/><int name="z" value="9"/><int name="f" value="0"/><int name="zM" value="20"/><int name="r" value="0"/></imgdir><imgdir name="2"><string name="oS" value="ShaolinCN"/><string name="l0" value="house15"/><string name="l1" value="base"/><string name="l2" value="17"/><int name="x" value="0"/><int name="y" value="471"/><int name="z" value="9"/><int name="f" value="0"/><int name="zM" value="20"/><int name="r" value="0"/></imgdir><imgdir name="3"><string name="oS" value="ShaolinCN"/><string name="l0" value="house15"/><string name="l1" value="base"/><string name="l2" value="16"/><int name="x" value="-820"/><int name="y" value="470"/><int name="z" value="9"/><int name="f" value="0"/><int name="zM" value="21"/><int name="r" value="0"/></imgdir><imgdir name="0"><string name="oS" value="ShaolinCN"/><string name="l0" value="house15"/><string name="l1" value="base"/><string name="l2" value="14"/><int name="x" value="-1229"/><int name="y" value="469"/><int name="z" value="9"/><int name="f" value="0"/><int name="zM" value="21"/><int name="r" value="0"/></imgdir><imgdir name="4"><string name="oS" value="ShaolinCN"/><string name="l0" value="house15"/><string name="l1" value="base"/><string name="l2" value="17"/><int name="x" value="412"/><int name="y" value="471"/><int name="z" value="9"/><int name="f" value="0"/><int name="zM" value="16"/><int name="r" value="0"/></imgdir><imgdir name="6"><string name="oS" value="ShaolinCN"/><string name="l0" value="house15"/><string name="l1" value="base"/><string name="l2" value="14"/><int name="x" value="-1232"/><int name="y" value="143"/><int name="z" value="9"/><int name="f" value="0"/><int name="zM" value="47"/><int name="r" value="0"/></imgdir><imgdir name="7"><string name="oS" value="ShaolinCN"/><string name="l0" value="house15"/><string name="l1" value="base"/><string name="l2" value="15"/><int name="x" value="-820"/><int name="y" value="143"/><int name="z" value="9"/><int name="f" value="0"/><int name="zM" value="48"/><int name="r" value="0"/></imgdir><imgdir name="8"><string name="oS" value="ShaolinCN"/><string name="l0" value="house15"/><string name="l1" value="base"/><string name="l2" value="16"/><int name="x" value="-409"/><int name="y" value="143"/><int name="z" value="9"/><int name="f" value="0"/><int name="zM" value="48"/><int name="r" value="0"/></imgdir><imgdir name="9"><string name="oS" value="ShaolinCN"/><string name="l0" value="house15"/><string name="l1" value="base"/><string name="l2" value="15"/><int name="x" value="3"/><int name="y" value="143"/><int name="z" value="9"/><int name="f" value="0"/><int name="zM" value="50"/><int name="r" value="0"/></imgdir><imgdir name="10"><string name="oS" value="ShaolinCN"/><string name="l0" value="house15"/><string name="l1" value="base"/><string name="l2" value="17"/><int name="x" value="415"/><int name="y" value="143"/><int name="z" value="9"/><int name="f" value="0"/><int name="zM" value="50"/><int name="r" value="0"/></imgdir><imgdir name="11"><string name="oS" value="ShaolinCN"/><string name="l0" value="house15"/><string name="l1" value="base"/><string name="l2" value="18"/><int name="x" value="827"/><int name="y" value="143"/><int name="z" value="9"/><int name="f" value="0"/><int name="zM" value="29"/><int name="r" value="0"/></imgdir><imgdir name="5"><string name="oS" value="ShaolinCN"/><string name="l0" value="house15"/><string name="l1" value="base"/><string name="l2" value="10"/><int name="x" value="235"/><int name="y" value="144"/><int name="z" value="9"/><int name="f" value="0"/><int name="zM" value="50"/><int name="r" value="0"/></imgdir><imgdir name="12"><string name="oS" value="ShaolinCN"/><string name="l0" value="house15"/><string name="l1" value="base"/><string name="l2" value="18"/><int name="x" value="824"/><int name="y" value="471"/><int name="z" value="9"/><int name="f" value="0"/><int name="zM" value="17"/><int name="r" value="0"/></imgdir><imgdir name="13"><string name="oS" value="ShaolinCN"/><string name="l0" value="house15"/><string name="l1" value="base"/><string name="l2" value="19"/><int name="x" value="987"/><int name="y" value="309"/><int name="z" value="9"/><int name="f" value="0"/><int name="zM" value="29"/><int name="r" value="0"/></imgdir></imgdir></imgdir><imgdir name="2"><imgdir name="info"></imgdir><imgdir name="tile"></imgdir><imgdir name="obj"><imgdir name="0"><string name="oS" value="ShaolinCN"/><string name="l0" value="house15"/><string name="l1" value="base"/><string name="l2" value="2"/><int name="x" value="-560"/><int name="y" value="484"/><int name="z" value="9"/><int name="f" value="0"/><int name="zM" value="18"/><int name="r" value="0"/></imgdir><imgdir name="1"><string name="oS" value="ShaolinCN"/><string name="l0" value="house15"/><string name="l1" value="base"/><string name="l2" value="3"/><int name="x" value="-824"/><int name="y" value="485"/><int name="z" value="9"/><int name="f" value="0"/><int name="zM" value="14"/><int name="r" value="0"/></imgdir><imgdir name="3"><string name="oS" value="ShaolinCN"/><string name="l0" value="house15"/><string name="l1" value="base"/><string name="l2" value="6"/><int name="x" value="-122"/><int name="y" value="538"/><int name="z" value="9"/><int name="f" value="0"/><int name="zM" value="12"/><int name="r" value="0"/></imgdir><imgdir name="4"><string name="oS" value="ShaolinCN"/><string name="l0" value="house15"/><string name="l1" value="base"/><string name="l2" value="3"/><int name="x" value="351"/><int name="y" value="483"/><int name="z" value="9"/><int name="f" value="0"/><int name="zM" value="22"/><int name="r" value="0"/></imgdir><imgdir name="5"><string name="oS" value="ShaolinCN"/><string name="l0" value="house15"/><string name="l1" value="base"/><string name="l2" value="0"/><int name="x" value="-1006"/><int name="y" value="156"/><int name="z" value="9"/><int name="f" value="0"/><int name="zM" value="49"/><int name="r" value="0"/></imgdir><imgdir name="7"><string name="oS" value="ShaolinCN"/><string name="l0" value="house15"/><string name="l1" value="base"/><string name="l2" value="1"/><int name="x" value="-662"/><int name="y" value="159"/><int name="z" value="9"/><int name="f" value="0"/><int name="zM" value="43"/><int name="r" value="0"/></imgdir><imgdir name="8"><string name="oS" value="ShaolinCN"/><string name="l0" value="house15"/><string name="l1" value="base"/><string name="l2" value="2"/><int name="x" value="12"/><int name="y" value="167"/><int name="z" value="9"/><int name="f" value="0"/><int name="zM" value="42"/><int name="r" value="0"/></imgdir><imgdir name="9"><string name="oS" value="ShaolinCN"/><string name="l0" value="house15"/><string name="l1" value="base"/><string name="l2" value="24"/><int name="x" value="513"/><int name="y" value="543"/><int name="z" value="9"/><int name="f" value="0"/><int name="zM" value="15"/><int name="r" value="0"/></imgdir><imgdir name="12"><string name="oS" value="ShaolinCN"/><string name="l0" value="house15"/><string name="l1" value="base"/><string name="l2" value="9"/><int name="x" value="-1295"/><int name="y" value="437"/><int name="z" value="9"/><int name="f" value="0"/><int name="zM" value="27"/><int name="r" value="0"/></imgdir><imgdir name="13"><string name="oS" value="ShaolinCN"/><string name="l0" value="house15"/><string name="l1" value="base"/><string name="l2" value="11"/><int name="x" value="-1152"/><int name="y" value="423"/><int name="z" value="9"/><int name="f" value="0"/><int name="zM" value="28"/><int name="r" value="0"/></imgdir><imgdir name="14"><string name="oS" value="ShaolinCN"/><string name="l0" value="house15"/><string name="l1" value="base"/><string name="l2" value="25"/><int name="x" value="-1132"/><int name="y" value="213"/><int name="z" value="9"/><int name="f" value="0"/><int name="zM" value="49"/><int name="r" value="0"/></imgdir><imgdir name="15"><string name="oS" value="ShaolinCN"/><string name="l0" value="house15"/><string name="l1" value="base"/><string name="l2" value="24"/><int name="x" value="-1116"/><int name="y" value="213"/><int name="z" value="9"/><int name="f" value="0"/><int name="zM" value="49"/><int name="r" value="0"/></imgdir><imgdir name="6"><string name="oS" value="ShaolinCN"/><string name="l0" value="house15"/><string name="l1" value="base"/><string name="l2" value="1"/><int name="x" value="773"/><int name="y" value="158"/><int name="z" value="9"/><int name="f" value="0"/><int name="zM" value="44"/><int name="r" value="0"/></imgdir><imgdir name="2"><string name="oS" value="ShaolinCN"/><string name="l0" value="house15"/><string name="l1" value="base"/><string name="l2" value="8"/><int name="x" value="-418"/><int name="y" value="181"/><int name="z" value="9"/><int name="f" value="0"/><int name="zM" value="54"/><int name="r" value="0"/></imgdir><imgdir name="11"><string name="oS" value="ShaolinCN"/><string name="l0" value="house15"/><string name="l1" value="base"/><string name="l2" value="8"/><int name="x" value="748"/><int name="y" value="505"/><int name="z" value="9"/><int name="f" value="0"/><int name="zM" value="24"/><int name="r" value="0"/></imgdir><imgdir name="10"><string name="oS" value="ShaolinCN"/><string name="l0" value="house15"/><string name="l1" value="base"/><string name="l2" value="25"/><int name="x" value="-210"/><int name="y" value="541"/><int name="z" value="9"/><int name="f" value="0"/><int name="zM" value="12"/><int name="r" value="0"/></imgdir><imgdir name="16"><string name="oS" value="ShaolinCN"/><string name="l0" value="house15"/><string name="l1" value="base"/><string name="l2" value="10"/><int name="x" value="341"/><int name="y" value="131"/><int name="z" value="9"/><int name="f" value="0"/><int name="zM" value="56"/><int name="r" value="0"/></imgdir><imgdir name="17"><string name="oS" value="ShaolinCN"/><string name="l0" value="house15"/><string name="l1" value="base"/><string name="l2" value="27"/><int name="x" value="-1220"/><int name="y" value="435"/><int name="z" value="9"/><int name="f" value="0"/><int name="zM" value="27"/><int name="r" value="0"/></imgdir><imgdir name="18"><string name="oS" value="ShaolinCN"/><string name="l0" value="house15"/><string name="l1" value="base"/><string name="l2" value="35"/><int name="x" value="631"/><int name="y" value="540"/><int name="z" value="9"/><int name="f" value="0"/><int name="zM" value="13"/><int name="r" value="0"/></imgdir></imgdir></imgdir><imgdir name="3"><imgdir name="info"></imgdir><imgdir name="tile"></imgdir><imgdir name="obj"><imgdir name="0"><string name="oS" value="ShaolinCN"/><string name="l0" value="house15"/><string name="l1" value="base"/><string name="l2" value="26"/><int name="x" value="-413"/><int name="y" value="242"/><int name="z" value="9"/><int name="f" value="0"/><int name="zM" value="46"/><int name="r" value="0"/></imgdir><imgdir name="1"><string name="oS" value="ShaolinCN"/><string name="l0" value="house15"/><string name="l1" value="base"/><string name="l2" value="5"/><int name="x" value="-1223"/><int name="y" value="533"/><int name="z" value="9"/><int name="f" value="0"/><int name="zM" value="23"/><int name="r" value="0"/></imgdir><imgdir name="2"><string name="oS" value="ShaolinCN"/><string name="l0" value="house15"/><string name="l1" value="base"/><string name="l2" value="27"/><int name="x" value="766"/><int name="y" value="568"/><int name="z" value="9"/><int name="f" value="0"/><int name="zM" value="19"/><int name="r" value="0"/></imgdir><imgdir name="3"><string name="oS" value="ShaolinCN"/><string name="l0" value="house15"/><string name="l1" value="base"/><string name="l2" value="4"/><int name="x" value="309"/><int name="y" value="206"/><int name="z" value="9"/><int name="f" value="0"/><int name="zM" value="51"/><int name="r" value="0"/></imgdir><imgdir name="4"><string name="oS" value="ShaolinCN"/><string name="l0" value="house15"/><string name="l1" value="base"/><string name="l2" value="37"/><int name="x" value="161"/><int name="y" value="450"/><int name="z" value="9"/><int name="f" value="0"/><int name="zM" value="25"/><int name="r" value="0"/></imgdir><imgdir name="5"><string name="oS" value="ShaolinCN"/><string name="l0" value="house15"/><string name="l1" value="base"/><string name="l2" value="34"/><int name="x" value="-1155"/><int name="y" value="141"/><int name="z" value="9"/><int name="f" value="0"/><int name="zM" value="55"/><int name="r" value="0"/></imgdir><imgdir name="6"><string name="oS" value="ShaolinCN"/><string name="l0" value="house15"/><string name="l1" value="base"/><string name="l2" value="38"/><int name="x" value="-1395"/><int name="y" value="137"/><int name="z" value="9"/><int name="f" value="0"/><int name="zM" value="53"/><int name="r" value="0"/></imgdir><imgdir name="7"><string name="oS" value="ShaolinCN"/><string name="l0" value="house15"/><string name="l1" value="base"/><string name="l2" value="38"/><int name="x" value="-250"/><int name="y" value="444"/><int name="z" value="9"/><int name="f" value="0"/><int name="zM" value="26"/><int name="r" value="0"/></imgdir><imgdir name="8"><string name="oS" value="ShaolinCN"/><string name="l0" value="house15"/><string name="l1" value="base"/><string name="l2" value="33"/><int name="x" value="627"/><int name="y" value="247"/><int name="z" value="9"/><int name="f" value="0"/><int name="zM" value="52"/><int name="r" value="0"/></imgdir></imgdir></imgdir><imgdir name="4"><imgdir name="info"></imgdir><imgdir name="tile"></imgdir><imgdir name="obj"><imgdir name="0"><string name="oS" value="ShaolinCN"/><string name="l0" value="house15"/><string name="l1" value="base"/><string name="l2" value="30"/><int name="x" value="548"/><int name="y" value="170"/><int name="z" value="9"/><int name="f" value="0"/><int name="zM" value="41"/><int name="r" value="0"/></imgdir></imgdir></imgdir><imgdir name="5"><imgdir name="info"></imgdir><imgdir name="tile"></imgdir><imgdir name="obj"><imgdir name="0"><string name="oS" value="ShaolinCN"/><string name="l0" value="house15"/><string name="l1" value="base"/><string name="l2" value="22"/><int name="x" value="8"/><int name="y" value="634"/><int name="z" value="9"/><int name="f" value="0"/><int name="zM" value="0"/><int name="r" value="0"/></imgdir><imgdir name="1"><string name="oS" value="ShaolinCN"/><string name="l0" value="house15"/><string name="l1" value="base"/><string name="l2" value="21"/><int name="x" value="98"/><int name="y" value="634"/><int name="z" value="9"/><int name="f" value="0"/><int name="zM" value="1"/><int name="r" value="0"/></imgdir><imgdir name="2"><string name="oS" value="ShaolinCN"/><string name="l0" value="house15"/><string name="l1" value="base"/><string name="l2" value="23"/><int name="x" value="187"/><int name="y" value="634"/><int name="z" value="9"/><int name="f" value="0"/><int name="zM" value="1"/><int name="r" value="0"/></imgdir><imgdir name="3"><string name="oS" value="ShaolinCN"/><string name="l0" value="house15"/><string name="l1" value="base"/><string name="l2" value="21"/><int name="x" value="276"/><int name="y" value="634"/><int name="z" value="9"/><int name="f" value="0"/><int name="zM" value="1"/><int name="r" value="0"/></imgdir><imgdir name="4"><string name="oS" value="ShaolinCN"/><string name="l0" value="house15"/><string name="l1" value="base"/><string name="l2" value="21"/><int name="x" value="366"/><int name="y" value="634"/><int name="z" value="9"/><int name="f" value="0"/><int name="zM" value="2"/><int name="r" value="0"/></imgdir><imgdir name="5"><string name="oS" value="ShaolinCN"/><string name="l0" value="house15"/><string name="l1" value="base"/><string name="l2" value="23"/><int name="x" value="455"/><int name="y" value="634"/><int name="z" value="9"/><int name="f" value="0"/><int name="zM" value="2"/><int name="r" value="0"/></imgdir><imgdir name="6"><string name="oS" value="ShaolinCN"/><string name="l0" value="house15"/><string name="l1" value="base"/><string name="l2" value="23"/><int name="x" value="544"/><int name="y" value="634"/><int name="z" value="9"/><int name="f" value="0"/><int name="zM" value="2"/><int name="r" value="0"/></imgdir><imgdir name="7"><string name="oS" value="ShaolinCN"/><string name="l0" value="house15"/><string name="l1" value="base"/><string name="l2" value="22"/><int name="x" value="633"/><int name="y" value="634"/><int name="z" value="9"/><int name="f" value="0"/><int name="zM" value="2"/><int name="r" value="0"/></imgdir><imgdir name="8"><string name="oS" value="ShaolinCN"/><string name="l0" value="house15"/><string name="l1" value="base"/><string name="l2" value="21"/><int name="x" value="722"/><int name="y" value="634"/><int name="z" value="9"/><int name="f" value="0"/><int name="zM" value="2"/><int name="r" value="0"/></imgdir><imgdir name="9"><string name="oS" value="ShaolinCN"/><string name="l0" value="house15"/><string name="l1" value="base"/><string name="l2" value="22"/><int name="x" value="812"/><int name="y" value="634"/><int name="z" value="9"/><int name="f" value="0"/><int name="zM" value="3"/><int name="r" value="0"/></imgdir><imgdir name="11"><string name="oS" value="ShaolinCN"/><string name="l0" value="house15"/><string name="l1" value="base"/><string name="l2" value="23"/><int name="x" value="-82"/><int name="y" value="634"/><int name="z" value="9"/><int name="f" value="0"/><int name="zM" value="4"/><int name="r" value="0"/></imgdir><imgdir name="12"><string name="oS" value="ShaolinCN"/><string name="l0" value="house15"/><string name="l1" value="base"/><string name="l2" value="21"/><int name="x" value="-171"/><int name="y" value="634"/><int name="z" value="9"/><int name="f" value="0"/><int name="zM" value="4"/><int name="r" value="0"/></imgdir><imgdir name="13"><string name="oS" value="ShaolinCN"/><string name="l0" value="house15"/><string name="l1" value="base"/><string name="l2" value="21"/><int name="x" value="-260"/><int name="y" value="634"/><int name="z" value="9"/><int name="f" value="0"/><int name="zM" value="4"/><int name="r" value="0"/></imgdir><imgdir name="14"><string name="oS" value="ShaolinCN"/><string name="l0" value="house15"/><string name="l1" value="base"/><string name="l2" value="23"/><int name="x" value="-349"/><int name="y" value="634"/><int name="z" value="9"/><int name="f" value="0"/><int name="zM" value="4"/><int name="r" value="0"/></imgdir><imgdir name="15"><string name="oS" value="ShaolinCN"/><string name="l0" value="house15"/><string name="l1" value="base"/><string name="l2" value="22"/><int name="x" value="-439"/><int name="y" value="634"/><int name="z" value="9"/><int name="f" value="0"/><int name="zM" value="5"/><int name="r" value="0"/></imgdir><imgdir name="16"><string name="oS" value="ShaolinCN"/><string name="l0" value="house15"/><string name="l1" value="base"/><string name="l2" value="21"/><int name="x" value="-529"/><int name="y" value="634"/><int name="z" value="9"/><int name="f" value="0"/><int name="zM" value="6"/><int name="r" value="0"/></imgdir><imgdir name="17"><string name="oS" value="ShaolinCN"/><string name="l0" value="house15"/><string name="l1" value="base"/><string name="l2" value="22"/><int name="x" value="-618"/><int name="y" value="634"/><int name="z" value="9"/><int name="f" value="0"/><int name="zM" value="6"/><int name="r" value="0"/></imgdir><imgdir name="18"><string name="oS" value="ShaolinCN"/><string name="l0" value="house15"/><string name="l1" value="base"/><string name="l2" value="23"/><int name="x" value="-707"/><int name="y" value="634"/><int name="z" value="9"/><int name="f" value="0"/><int name="zM" value="6"/><int name="r" value="0"/></imgdir><imgdir name="19"><string name="oS" value="ShaolinCN"/><string name="l0" value="house15"/><string name="l1" value="base"/><string name="l2" value="21"/><int name="x" value="-796"/><int name="y" value="634"/><int name="z" value="9"/><int name="f" value="0"/><int name="zM" value="6"/><int name="r" value="0"/></imgdir><imgdir name="20"><string name="oS" value="ShaolinCN"/><string name="l0" value="house15"/><string name="l1" value="base"/><string name="l2" value="22"/><int name="x" value="-885"/><int name="y" value="634"/><int name="z" value="9"/><int name="f" value="0"/><int name="zM" value="6"/><int name="r" value="0"/></imgdir><imgdir name="21"><string name="oS" value="ShaolinCN"/><string name="l0" value="house15"/><string name="l1" value="base"/><string name="l2" value="23"/><int name="x" value="-975"/><int name="y" value="634"/><int name="z" value="9"/><int name="f" value="0"/><int name="zM" value="7"/><int name="r" value="0"/></imgdir><imgdir name="22"><string name="oS" value="ShaolinCN"/><string name="l0" value="house15"/><string name="l1" value="base"/><string name="l2" value="21"/><int name="x" value="-1063"/><int name="y" value="634"/><int name="z" value="9"/><int name="f" value="0"/><int name="zM" value="7"/><int name="r" value="0"/></imgdir><imgdir name="23"><string name="oS" value="ShaolinCN"/><string name="l0" value="house15"/><string name="l1" value="base"/><string name="l2" value="22"/><int name="x" value="-1153"/><int name="y" value="634"/><int name="z" value="9"/><int name="f" value="0"/><int name="zM" value="8"/><int name="r" value="0"/></imgdir><imgdir name="24"><string name="oS" value="ShaolinCN"/><string name="l0" value="house15"/><string name="l1" value="base"/><string name="l2" value="23"/><int name="x" value="-1241"/><int name="y" value="634"/><int name="z" value="9"/><int name="f" value="0"/><int name="zM" value="8"/><int name="r" value="0"/></imgdir><imgdir name="26"><string name="oS" value="ShaolinCN"/><string name="l0" value="house15"/><string name="l1" value="base"/><string name="l2" value="21"/><int name="x" value="-281"/><int name="y" value="305"/><int name="z" value="9"/><int name="f" value="0"/><int name="zM" value="30"/><int name="r" value="0"/></imgdir><imgdir name="28"><string name="oS" value="ShaolinCN"/><string name="l0" value="house15"/><string name="l1" value="base"/><string name="l2" value="21"/><int name="x" value="-26"/><int name="y" value="305"/><int name="z" value="9"/><int name="f" value="0"/><int name="zM" value="32"/><int name="r" value="0"/></imgdir><imgdir name="29"><string name="oS" value="ShaolinCN"/><string name="l0" value="house15"/><string name="l1" value="base"/><string name="l2" value="23"/><int name="x" value="63"/><int name="y" value="305"/><int name="z" value="9"/><int name="f" value="0"/><int name="zM" value="32"/><int name="r" value="0"/></imgdir><imgdir name="30"><string name="oS" value="ShaolinCN"/><string name="l0" value="house15"/><string name="l1" value="base"/><string name="l2" value="21"/><int name="x" value="152"/><int name="y" value="305"/><int name="z" value="9"/><int name="f" value="0"/><int name="zM" value="32"/><int name="r" value="0"/></imgdir><imgdir name="31"><string name="oS" value="ShaolinCN"/><string name="l0" value="house15"/><string name="l1" value="base"/><string name="l2" value="22"/><int name="x" value="241"/><int name="y" value="305"/><int name="z" value="9"/><int name="f" value="0"/><int name="zM" value="32"/><int name="r" value="0"/></imgdir><imgdir name="32"><string name="oS" value="ShaolinCN"/><string name="l0" value="house15"/><string name="l1" value="base"/><string name="l2" value="23"/><int name="x" value="331"/><int name="y" value="305"/><int name="z" value="9"/><int name="f" value="0"/><int name="zM" value="33"/><int name="r" value="0"/></imgdir><imgdir name="33"><string name="oS" value="ShaolinCN"/><string name="l0" value="house15"/><string name="l1" value="base"/><string name="l2" value="22"/><int name="x" value="421"/><int name="y" value="305"/><int name="z" value="9"/><int name="f" value="0"/><int name="zM" value="34"/><int name="r" value="0"/></imgdir><imgdir name="34"><string name="oS" value="ShaolinCN"/><string name="l0" value="house15"/><string name="l1" value="base"/><string name="l2" value="21"/><int name="x" value="511"/><int name="y" value="305"/><int name="z" value="9"/><int name="f" value="0"/><int name="zM" value="35"/><int name="r" value="0"/></imgdir><imgdir name="35"><string name="oS" value="ShaolinCN"/><string name="l0" value="house15"/><string name="l1" value="base"/><string name="l2" value="22"/><int name="x" value="600"/><int name="y" value="305"/><int name="z" value="9"/><int name="f" value="0"/><int name="zM" value="35"/><int name="r" value="0"/></imgdir><imgdir name="10"><string name="oS" value="ShaolinCN"/><string name="l0" value="house15"/><string name="l1" value="base"/><string name="l2" value="22"/><int name="x" value="690"/><int name="y" value="305"/><int name="z" value="9"/><int name="f" value="0"/><int name="zM" value="37"/><int name="r" value="0"/></imgdir><imgdir name="36"><string name="oS" value="ShaolinCN"/><string name="l0" value="house15"/><string name="l1" value="base"/><string name="l2" value="21"/><int name="x" value="-460"/><int name="y" value="305"/><int name="z" value="9"/><int name="f" value="0"/><int name="zM" value="31"/><int name="r" value="0"/></imgdir><imgdir name="37"><string name="oS" value="ShaolinCN"/><string name="l0" value="house15"/><string name="l1" value="base"/><string name="l2" value="22"/><int name="x" value="-549"/><int name="y" value="305"/><int name="z" value="9"/><int name="f" value="0"/><int name="zM" value="31"/><int name="r" value="0"/></imgdir><imgdir name="38"><string name="oS" value="ShaolinCN"/><string name="l0" value="house15"/><string name="l1" value="base"/><string name="l2" value="23"/><int name="x" value="-638"/><int name="y" value="305"/><int name="z" value="9"/><int name="f" value="0"/><int name="zM" value="31"/><int name="r" value="0"/></imgdir><imgdir name="39"><string name="oS" value="ShaolinCN"/><string name="l0" value="house15"/><string name="l1" value="base"/><string name="l2" value="21"/><int name="x" value="-727"/><int name="y" value="305"/><int name="z" value="9"/><int name="f" value="0"/><int name="zM" value="31"/><int name="r" value="0"/></imgdir><imgdir name="40"><string name="oS" value="ShaolinCN"/><string name="l0" value="house15"/><string name="l1" value="base"/><string name="l2" value="22"/><int name="x" value="-816"/><int name="y" value="305"/><int name="z" value="9"/><int name="f" value="0"/><int name="zM" value="31"/><int name="r" value="0"/></imgdir><imgdir name="41"><string name="oS" value="ShaolinCN"/><string name="l0" value="house15"/><string name="l1" value="base"/><string name="l2" value="20"/><int name="x" value="-944"/><int name="y" value="305"/><int name="z" value="9"/><int name="f" value="0"/><int name="zM" value="31"/><int name="r" value="0"/></imgdir><imgdir name="42"><string name="oS" value="ShaolinCN"/><string name="l0" value="house15"/><string name="l1" value="base"/><string name="l2" value="21"/><int name="x" value="-1071"/><int name="y" value="305"/><int name="z" value="9"/><int name="f" value="0"/><int name="zM" value="31"/><int name="r" value="0"/></imgdir><imgdir name="43"><string name="oS" value="ShaolinCN"/><string name="l0" value="house15"/><string name="l1" value="base"/><string name="l2" value="22"/><int name="x" value="-1157"/><int name="y" value="305"/><int name="z" value="9"/><int name="f" value="0"/><int name="zM" value="31"/><int name="r" value="0"/></imgdir><imgdir name="44"><string name="oS" value="ShaolinCN"/><string name="l0" value="house15"/><string name="l1" value="base"/><string name="l2" value="23"/><int name="x" value="-1337"/><int name="y" value="305"/><int name="z" value="9"/><int name="f" value="0"/><int name="zM" value="36"/><int name="r" value="0"/></imgdir><imgdir name="47"><string name="oS" value="ShaolinCN"/><string name="l0" value="house15"/><string name="l1" value="base"/><string name="l2" value="28"/><int name="x" value="-1423"/><int name="y" value="274"/><int name="z" value="9"/><int name="f" value="0"/><int name="zM" value="45"/><int name="r" value="0"/></imgdir><imgdir name="48"><string name="oS" value="ShaolinCN"/><string name="l0" value="house15"/><string name="l1" value="base"/><string name="l2" value="28"/><int name="x" value="-1423"/><int name="y" value="604"/><int name="z" value="9"/><int name="f" value="0"/><int name="zM" value="9"/><int name="r" value="0"/></imgdir><imgdir name="45"><string name="oS" value="ShaolinCN"/><string name="l0" value="house15"/><string name="l1" value="base"/><string name="l2" value="29"/><int name="x" value="1004"/><int name="y" value="605"/><int name="z" value="9"/><int name="f" value="0"/><int name="zM" value="11"/><int name="r" value="0"/></imgdir><imgdir name="46"><string name="oS" value="ShaolinCN"/><string name="l0" value="house15"/><string name="l1" value="base"/><string name="l2" value="29"/><int name="x" value="1004"/><int name="y" value="276"/><int name="z" value="9"/><int name="f" value="0"/><int name="zM" value="38"/><int name="r" value="0"/></imgdir><imgdir name="49"><string name="oS" value="ShaolinCN"/><string name="l0" value="house15"/><string name="l1" value="base"/><string name="l2" value="21"/><int name="x" value="-1384"/><int name="y" value="305"/><int name="z" value="9"/><int name="f" value="0"/><int name="zM" value="36"/><int name="r" value="0"/></imgdir><imgdir name="51"><string name="oS" value="ShaolinCN"/><string name="l0" value="house15"/><string name="l1" value="base"/><string name="l2" value="23"/><int name="x" value="-1247"/><int name="y" value="305"/><int name="z" value="9"/><int name="f" value="0"/><int name="zM" value="39"/><int name="r" value="0"/></imgdir><imgdir name="27"><string name="oS" value="ShaolinCN"/><string name="l0" value="house15"/><string name="l1" value="base"/><string name="l2" value="21"/><int name="x" value="-371"/><int name="y" value="305"/><int name="z" value="9"/><int name="f" value="0"/><int name="zM" value="31"/><int name="r" value="0"/></imgdir><imgdir name="50"><string name="oS" value="ShaolinCN"/><string name="l0" value="house15"/><string name="l1" value="base"/><string name="l2" value="20"/><int name="x" value="-154"/><int name="y" value="305"/><int name="z" value="9"/><int name="f" value="0"/><int name="zM" value="30"/><int name="r" value="0"/></imgdir><imgdir name="54"><string name="oS" value="ShaolinCN"/><string name="l0" value="house15"/><string name="l1" value="base"/><string name="l2" value="21"/><int name="x" value="780"/><int name="y" value="305"/><int name="z" value="9"/><int name="f" value="0"/><int name="zM" value="40"/><int name="r" value="0"/></imgdir><imgdir name="55"><string name="oS" value="ShaolinCN"/><string name="l0" value="house15"/><string name="l1" value="base"/><string name="l2" value="22"/><int name="x" value="869"/><int name="y" value="305"/><int name="z" value="9"/><int name="f" value="0"/><int name="zM" value="40"/><int name="r" value="0"/></imgdir><imgdir name="56"><string name="oS" value="ShaolinCN"/><string name="l0" value="house15"/><string name="l1" value="base"/><string name="l2" value="22"/><int name="x" value="959"/><int name="y" value="305"/><int name="z" value="9"/><int name="f" value="0"/><int name="zM" value="38"/><int name="r" value="0"/></imgdir><imgdir name="53"><string name="oS" value="ShaolinCN"/><string name="l0" value="house15"/><string name="l1" value="base"/><string name="l2" value="23"/><int name="x" value="988"/><int name="y" value="634"/><int name="z" value="9"/><int name="f" value="0"/><int name="zM" value="3"/><int name="r" value="0"/></imgdir><imgdir name="52"><string name="oS" value="ShaolinCN"/><string name="l0" value="house15"/><string name="l1" value="base"/><string name="l2" value="22"/><int name="x" value="901"/><int name="y" value="634"/><int name="z" value="9"/><int name="f" value="0"/><int name="zM" value="3"/><int name="r" value="0"/></imgdir><imgdir name="57"><string name="oS" value="ShaolinCN"/><string name="l0" value="house15"/><string name="l1" value="base"/><string name="l2" value="23"/><int name="x" value="-1330"/><int name="y" value="634"/><int name="z" value="9"/><int name="f" value="0"/><int name="zM" value="8"/><int name="r" value="0"/></imgdir><imgdir name="25"><string name="oS" value="ShaolinCN"/><string name="l0" value="house15"/><string name="l1" value="base"/><string name="l2" value="22"/><int name="x" value="-1378"/><int name="y" value="634"/><int name="z" value="9"/><int name="f" value="0"/><int name="zM" value="9"/><int name="r" value="0"/></imgdir><imgdir name="58"><string name="oS" value="ShaolinCN"/><string name="l0" value="house15"/><string name="l1" value="base"/><string name="l2" value="30"/><int name="x" value="-990"/><int name="y" value="441"/><int name="z" value="9"/><int name="f" value="0"/><int name="zM" value="6"/><int name="r" value="0"/></imgdir></imgdir></imgdir><imgdir name="6"><imgdir name="info"></imgdir><imgdir name="tile"></imgdir><imgdir name="obj"></imgdir></imgdir><imgdir name="7"><imgdir name="info"></imgdir><imgdir name="tile"></imgdir><imgdir name="obj"></imgdir></imgdir><imgdir name="ToolTip"><imgdir name="0"><int name="x1" value="-1038"/><int name="y1" value="370"/><int name="x2" value="-985"/><int name="y2" value="547"/></imgdir><imgdir name="1"><int name="x1" value="503"/><int name="y1" value="24"/><int name="x2" value="602"/><int name="y2" value="208"/></imgdir></imgdir><imgdir name="foothold"><imgdir name="2"><imgdir name="18"><imgdir name="1"><int name="x1" value="-634"/><int name="y1" value="528"/><int name="x2" value="-455"/><int name="y2" value="528"/><int name="prev" value="0"/><int name="next" value="0"/></imgdir><imgdir name="2"><int name="x1" value="-632"/><int name="y1" value="488"/><int name="x2" value="-453"/><int name="y2" value="488"/><int name="prev" value="0"/><int name="next" value="0"/></imgdir><imgdir name="3"><int name="x1" value="-633"/><int name="y1" value="449"/><int name="x2" value="-454"/><int name="y2" value="449"/><int name="prev" value="0"/><int name="next" value="0"/></imgdir></imgdir><imgdir name="14"><imgdir name="4"><int name="x1" value="-898"/><int name="y1" value="529"/><int name="x2" value="-719"/><int name="y2" value="529"/><int name="prev" value="0"/><int name="next" value="0"/></imgdir><imgdir name="5"><int name="x1" value="-896"/><int name="y1" value="489"/><int name="x2" value="-717"/><int name="y2" value="489"/><int name="prev" value="0"/><int name="next" value="0"/></imgdir><imgdir name="6"><int name="x1" value="-897"/><int name="y1" value="450"/><int name="x2" value="-718"/><int name="y2" value="450"/><int name="prev" value="0"/><int name="next" value="0"/></imgdir></imgdir><imgdir name="54"><imgdir name="7"><int name="x1" value="-432"/><int name="y1" value="148"/><int name="x2" value="-402"/><int name="y2" value="149"/><int name="prev" value="0"/><int name="next" value="0"/></imgdir></imgdir><imgdir name="12"><imgdir name="8"><int name="x1" value="-226"/><int name="y1" value="473"/><int name="x2" value="-22"/><int name="y2" value="473"/><int name="prev" value="0"/><int name="next" value="0"/></imgdir></imgdir><imgdir name="22"><imgdir name="9"><int name="x1" value="277"/><int name="y1" value="527"/><int name="x2" value="456"/><int name="y2" value="527"/><int name="prev" value="0"/><int name="next" value="0"/></imgdir><imgdir name="10"><int name="x1" value="279"/><int name="y1" value="487"/><int name="x2" value="458"/><int name="y2" value="487"/><int name="prev" value="0"/><int name="next" value="0"/></imgdir><imgdir name="11"><int name="x1" value="278"/><int name="y1" value="448"/><int name="x2" value="457"/><int name="y2" value="448"/><int name="prev" value="0"/><int name="next" value="0"/></imgdir></imgdir><imgdir name="49"><imgdir name="12"><int name="x1" value="-1080"/><int name="y1" value="200"/><int name="x2" value="-901"/><int name="y2" value="200"/><int name="prev" value="0"/><int name="next" value="0"/></imgdir><imgdir name="13"><int name="x1" value="-1078"/><int name="y1" value="160"/><int name="x2" value="-899"/><int name="y2" value="160"/><int name="prev" value="0"/><int name="next" value="0"/></imgdir><imgdir name="14"><int name="x1" value="-1079"/><int name="y1" value="121"/><int name="x2" value="-900"/><int name="y2" value="121"/><int name="prev" value="0"/><int name="next" value="0"/></imgdir></imgdir><imgdir name="44"><imgdir name="15"><int name="x1" value="699"/><int name="y1" value="202"/><int name="x2" value="878"/><int name="y2" value="202"/><int name="prev" value="0"/><int name="next" value="0"/></imgdir><imgdir name="16"><int name="x1" value="701"/><int name="y1" value="162"/><int name="x2" value="880"/><int name="y2" value="162"/><int name="prev" value="0"/><int name="next" value="0"/></imgdir><imgdir name="17"><int name="x1" value="700"/><int name="y1" value="123"/><int name="x2" value="879"/><int name="y2" value="123"/><int name="prev" value="0"/><int name="next" value="0"/></imgdir></imgdir><imgdir name="43"><imgdir name="18"><int name="x1" value="-736"/><int name="y1" value="203"/><int name="x2" value="-557"/><int name="y2" value="203"/><int name="prev" value="0"/><int name="next" value="0"/></imgdir><imgdir name="19"><int name="x1" value="-734"/><int name="y1" value="163"/><int name="x2" value="-555"/><int name="y2" value="163"/><int name="prev" value="0"/><int name="next" value="0"/></imgdir><imgdir name="20"><int name="x1" value="-735"/><int name="y1" value="124"/><int name="x2" value="-556"/><int name="y2" value="124"/><int name="prev" value="0"/><int name="next" value="0"/></imgdir></imgdir><imgdir name="42"><imgdir name="21"><int name="x1" value="-62"/><int name="y1" value="211"/><int name="x2" value="117"/><int name="y2" value="211"/><int name="prev" value="0"/><int name="next" value="0"/></imgdir><imgdir name="22"><int name="x1" value="-60"/><int name="y1" value="171"/><int name="x2" value="119"/><int name="y2" value="171"/><int name="prev" value="0"/><int name="next" value="0"/></imgdir><imgdir name="23"><int name="x1" value="-61"/><int name="y1" value="132"/><int name="x2" value="118"/><int name="y2" value="132"/><int name="prev" value="0"/><int name="next" value="0"/></imgdir></imgdir><imgdir name="24"><imgdir name="24"><int name="x1" value="734"/><int name="y1" value="472"/><int name="x2" value="764"/><int name="y2" value="473"/><int name="prev" value="0"/><int name="next" value="0"/></imgdir></imgdir><imgdir name="27"><imgdir name="25"><int name="x1" value="-1309"/><int name="y1" value="404"/><int name="x2" value="-1279"/><int name="y2" value="405"/><int name="prev" value="0"/><int name="next" value="26"/></imgdir><imgdir name="26"><int name="x1" value="-1279"/><int name="y1" value="405"/><int name="x2" value="-1157"/><int name="y2" value="405"/><int name="prev" value="25"/><int name="next" value="0"/></imgdir></imgdir><imgdir name="13"><imgdir name="27"><int name="x1" value="596"/><int name="y1" value="520"/><int name="x2" value="673"/><int name="y2" value="520"/><int name="prev" value="0"/><int name="next" value="0"/></imgdir></imgdir></imgdir><imgdir name="3"><imgdir name="46"><imgdir name="28"><int name="x1" value="-474"/><int name="y1" value="212"/><int name="x2" value="-350"/><int name="y2" value="212"/><int name="prev" value="0"/><int name="next" value="0"/></imgdir></imgdir><imgdir name="23"><imgdir name="29"><int name="x1" value="-1328"/><int name="y1" value="468"/><int name="x2" value="-1124"/><int name="y2" value="468"/><int name="prev" value="0"/><int name="next" value="0"/></imgdir><imgdir name="30"><int name="x1" value="-1256"/><int name="y1" value="485"/><int name="x2" value="-1211"/><int name="y2" value="485"/><int name="prev" value="0"/><int name="next" value="0"/></imgdir><imgdir name="31"><int name="x1" value="-1177"/><int name="y1" value="551"/><int name="x2" value="-1132"/><int name="y2" value="551"/><int name="prev" value="0"/><int name="next" value="0"/></imgdir></imgdir><imgdir name="19"><imgdir name="32"><int name="x1" value="705"/><int name="y1" value="538"/><int name="x2" value="829"/><int name="y2" value="538"/><int name="prev" value="0"/><int name="next" value="0"/></imgdir></imgdir><imgdir name="51"><imgdir name="33"><int name="x1" value="193"/><int name="y1" value="141"/><int name="x2" value="397"/><int name="y2" value="141"/><int name="prev" value="0"/><int name="next" value="0"/></imgdir><imgdir name="34"><int name="x1" value="258"/><int name="y1" value="224"/><int name="x2" value="303"/><int name="y2" value="224"/><int name="prev" value="0"/><int name="next" value="0"/></imgdir><imgdir name="35"><int name="x1" value="345"/><int name="y1" value="190"/><int name="x2" value="390"/><int name="y2" value="190"/><int name="prev" value="0"/><int name="next" value="0"/></imgdir><imgdir name="36"><int name="x1" value="378"/><int name="y1" value="244"/><int name="x2" value="423"/><int name="y2" value="244"/><int name="prev" value="0"/><int name="next" value="0"/></imgdir></imgdir><imgdir name="25"><imgdir name="37"><int name="x1" value="124"/><int name="y1" value="395"/><int name="x2" value="201"/><int name="y2" value="395"/><int name="prev" value="0"/><int name="next" value="0"/></imgdir></imgdir><imgdir name="55"><imgdir name="38"><int name="x1" value="-1193"/><int name="y1" value="106"/><int name="x2" value="-1116"/><int name="y2" value="106"/><int name="prev" value="0"/><int name="next" value="0"/></imgdir></imgdir><imgdir name="26"><imgdir name="39"><int name="x1" value="-287"/><int name="y1" value="389"/><int name="x2" value="-210"/><int name="y2" value="389"/><int name="prev" value="0"/><int name="next" value="0"/></imgdir></imgdir><imgdir name="52"><imgdir name="40"><int name="x1" value="591"/><int name="y1" value="223"/><int name="x2" value="668"/><int name="y2" value="223"/><int name="prev" value="0"/><int name="next" value="0"/></imgdir></imgdir></imgdir><imgdir name="4"><imgdir name="41"><imgdir name="41"><int name="x1" value="405"/><int name="y1" value="284"/><int name="x2" value="467"/><int name="y2" value="284"/><int name="prev" value="0"/><int name="next" value="0"/></imgdir><imgdir name="42"><int name="x1" value="436"/><int name="y1" value="236"/><int name="x2" value="498"/><int name="y2" value="236"/><int name="prev" value="0"/><int name="next" value="0"/></imgdir><imgdir name="43"><int name="x1" value="466"/><int name="y1" value="190"/><int name="x2" value="528"/><int name="y2" value="190"/><int name="prev" value="0"/><int name="next" value="0"/></imgdir><imgdir name="44"><int name="x1" value="496"/><int name="y1" value="142"/><int name="x2" value="558"/><int name="y2" value="142"/><int name="prev" value="0"/><int name="next" value="0"/></imgdir><imgdir name="45"><int name="x1" value="529"/><int name="y1" value="95"/><int name="x2" value="591"/><int name="y2" value="95"/><int name="prev" value="0"/><int name="next" value="0"/></imgdir><imgdir name="46"><int name="x1" value="557"/><int name="y1" value="47"/><int name="x2" value="619"/><int name="y2" value="47"/><int name="prev" value="0"/><int name="next" value="0"/></imgdir></imgdir></imgdir><imgdir name="5"><imgdir name="0"><imgdir name="47"><int name="x1" value="-39"/><int name="y1" value="605"/><int name="x2" value="55"/><int name="y2" value="605"/><int name="prev" value="58"/><int name="next" value="48"/></imgdir></imgdir><imgdir name="1"><imgdir name="48"><int name="x1" value="55"/><int name="y1" value="605"/><int name="x2" value="145"/><int name="y2" value="605"/><int name="prev" value="47"/><int name="next" value="49"/></imgdir><imgdir name="49"><int name="x1" value="145"/><int name="y1" value="605"/><int name="x2" value="234"/><int name="y2" value="605"/><int name="prev" value="48"/><int name="next" value="50"/></imgdir><imgdir name="50"><int name="x1" value="234"/><int name="y1" value="605"/><int name="x2" value="323"/><int name="y2" value="605"/><int name="prev" value="49"/><int name="next" value="51"/></imgdir></imgdir><imgdir name="2"><imgdir name="51"><int name="x1" value="323"/><int name="y1" value="605"/><int name="x2" value="413"/><int name="y2" value="605"/><int name="prev" value="50"/><int name="next" value="52"/></imgdir><imgdir name="52"><int name="x1" value="413"/><int name="y1" value="605"/><int name="x2" value="502"/><int name="y2" value="605"/><int name="prev" value="51"/><int name="next" value="53"/></imgdir><imgdir name="53"><int name="x1" value="502"/><int name="y1" value="605"/><int name="x2" value="591"/><int name="y2" value="605"/><int name="prev" value="52"/><int name="next" value="54"/></imgdir><imgdir name="54"><int name="x1" value="591"/><int name="y1" value="605"/><int name="x2" value="680"/><int name="y2" value="605"/><int name="prev" value="53"/><int name="next" value="55"/></imgdir><imgdir name="55"><int name="x1" value="680"/><int name="y1" value="605"/><int name="x2" value="769"/><int name="y2" value="605"/><int name="prev" value="54"/><int name="next" value="56"/></imgdir></imgdir><imgdir name="3"><imgdir name="56"><int name="x1" value="769"/><int name="y1" value="605"/><int name="x2" value="859"/><int name="y2" value="605"/><int name="prev" value="55"/><int name="next" value="106"/></imgdir><imgdir name="106"><int name="x1" value="859"/><int name="y1" value="605"/><int name="x2" value="948"/><int name="y2" value="605"/><int name="prev" value="56"/><int name="next" value="107"/></imgdir><imgdir name="107"><int name="x1" value="948"/><int name="y1" value="605"/><int name="x2" value="1004"/><int name="y2" value="605"/><int name="prev" value="106"/><int name="next" value="93"/></imgdir></imgdir><imgdir name="37"><imgdir name="57"><int name="x1" value="643"/><int name="y1" value="276"/><int name="x2" value="737"/><int name="y2" value="276"/><int name="prev" value="81"/><int name="next" value="108"/></imgdir></imgdir><imgdir name="4"><imgdir name="58"><int name="x1" value="-129"/><int name="y1" value="605"/><int name="x2" value="-39"/><int name="y2" value="605"/><int name="prev" value="59"/><int name="next" value="47"/></imgdir><imgdir name="59"><int name="x1" value="-218"/><int name="y1" value="605"/><int name="x2" value="-129"/><int name="y2" value="605"/><int name="prev" value="60"/><int name="next" value="58"/></imgdir><imgdir name="60"><int name="x1" value="-307"/><int name="y1" value="605"/><int name="x2" value="-218"/><int name="y2" value="605"/><int name="prev" value="61"/><int name="next" value="59"/></imgdir><imgdir name="61"><int name="x1" value="-396"/><int name="y1" value="605"/><int name="x2" value="-307"/><int name="y2" value="605"/><int name="prev" value="62"/><int name="next" value="60"/></imgdir></imgdir><imgdir name="5"><imgdir name="62"><int name="x1" value="-486"/><int name="y1" value="605"/><int name="x2" value="-396"/><int name="y2" value="605"/><int name="prev" value="63"/><int name="next" value="61"/></imgdir></imgdir><imgdir name="6"><imgdir name="63"><int name="x1" value="-576"/><int name="y1" value="605"/><int name="x2" value="-486"/><int name="y2" value="605"/><int name="prev" value="64"/><int name="next" value="62"/></imgdir><imgdir name="64"><int name="x1" value="-665"/><int name="y1" value="605"/><int name="x2" value="-576"/><int name="y2" value="605"/><int name="prev" value="65"/><int name="next" value="63"/></imgdir><imgdir name="65"><int name="x1" value="-754"/><int name="y1" value="605"/><int name="x2" value="-665"/><int name="y2" value="605"/><int name="prev" value="66"/><int name="next" value="64"/></imgdir><imgdir name="66"><int name="x1" value="-843"/><int name="y1" value="605"/><int name="x2" value="-754"/><int name="y2" value="605"/><int name="prev" value="67"/><int name="next" value="65"/></imgdir><imgdir name="67"><int name="x1" value="-932"/><int name="y1" value="605"/><int name="x2" value="-843"/><int name="y2" value="605"/><int name="prev" value="68"/><int name="next" value="66"/></imgdir><imgdir name="112"><int name="x1" value="-1133"/><int name="y1" value="555"/><int name="x2" value="-1071"/><int name="y2" value="555"/><int name="prev" value="0"/><int name="next" value="0"/></imgdir><imgdir name="113"><int name="x1" value="-1102"/><int name="y1" value="507"/><int name="x2" value="-1040"/><int name="y2" value="507"/><int name="prev" value="0"/><int name="next" value="0"/></imgdir><imgdir name="114"><int name="x1" value="-1072"/><int name="y1" value="461"/><int name="x2" value="-1010"/><int name="y2" value="461"/><int name="prev" value="0"/><int name="next" value="0"/></imgdir><imgdir name="115"><int name="x1" value="-1042"/><int name="y1" value="413"/><int name="x2" value="-980"/><int name="y2" value="413"/><int name="prev" value="0"/><int name="next" value="0"/></imgdir><imgdir name="116"><int name="x1" value="-1009"/><int name="y1" value="366"/><int name="x2" value="-947"/><int name="y2" value="366"/><int name="prev" value="0"/><int name="next" value="0"/></imgdir><imgdir name="117"><int name="x1" value="-981"/><int name="y1" value="318"/><int name="x2" value="-919"/><int name="y2" value="318"/><int name="prev" value="0"/><int name="next" value="0"/></imgdir></imgdir><imgdir name="7"><imgdir name="68"><int name="x1" value="-1022"/><int name="y1" value="605"/><int name="x2" value="-932"/><int name="y2" value="605"/><int name="prev" value="69"/><int name="next" value="67"/></imgdir><imgdir name="69"><int name="x1" value="-1110"/><int name="y1" value="605"/><int name="x2" value="-1022"/><int name="y2" value="605"/><int name="prev" value="70"/><int name="next" value="68"/></imgdir></imgdir><imgdir name="8"><imgdir name="70"><int name="x1" value="-1200"/><int name="y1" value="605"/><int name="x2" value="-1110"/><int name="y2" value="605"/><int name="prev" value="71"/><int name="next" value="69"/></imgdir><imgdir name="71"><int name="x1" value="-1288"/><int name="y1" value="605"/><int name="x2" value="-1200"/><int name="y2" value="605"/><int name="prev" value="111"/><int name="next" value="70"/></imgdir><imgdir name="111"><int name="x1" value="-1331"/><int name="y1" value="605"/><int name="x2" value="-1288"/><int name="y2" value="605"/><int name="prev" value="101"/><int name="next" value="71"/></imgdir></imgdir><imgdir name="30"><imgdir name="72"><int name="x1" value="-328"/><int name="y1" value="276"/><int name="x2" value="-234"/><int name="y2" value="276"/><int name="prev" value="73"/><int name="next" value="103"/></imgdir><imgdir name="103"><int name="x1" value="-234"/><int name="y1" value="276"/><int name="x2" value="-206"/><int name="y2" value="276"/><int name="prev" value="72"/><int name="next" value="0"/></imgdir><imgdir name="104"><int name="x1" value="-157"/><int name="y1" value="276"/><int name="x2" value="-73"/><int name="y2" value="276"/><int name="prev" value="0"/><int name="next" value="74"/></imgdir></imgdir><imgdir name="31"><imgdir name="73"><int name="x1" value="-418"/><int name="y1" value="276"/><int name="x2" value="-328"/><int name="y2" value="276"/><int name="prev" value="82"/><int name="next" value="72"/></imgdir><imgdir name="82"><int name="x1" value="-507"/><int name="y1" value="276"/><int name="x2" value="-418"/><int name="y2" value="276"/><int name="prev" value="83"/><int name="next" value="73"/></imgdir><imgdir name="83"><int name="x1" value="-596"/><int name="y1" value="276"/><int name="x2" value="-507"/><int name="y2" value="276"/><int name="prev" value="84"/><int name="next" value="82"/></imgdir><imgdir name="84"><int name="x1" value="-685"/><int name="y1" value="276"/><int name="x2" value="-596"/><int name="y2" value="276"/><int name="prev" value="85"/><int name="next" value="83"/></imgdir><imgdir name="85"><int name="x1" value="-774"/><int name="y1" value="276"/><int name="x2" value="-685"/><int name="y2" value="276"/><int name="prev" value="86"/><int name="next" value="84"/></imgdir><imgdir name="86"><int name="x1" value="-863"/><int name="y1" value="276"/><int name="x2" value="-774"/><int name="y2" value="276"/><int name="prev" value="88"/><int name="next" value="85"/></imgdir><imgdir name="87"><int name="x1" value="-1026"/><int name="y1" value="276"/><int name="x2" value="-996"/><int name="y2" value="276"/><int name="prev" value="89"/><int name="next" value="0"/></imgdir><imgdir name="88"><int name="x1" value="-947"/><int name="y1" value="276"/><int name="x2" value="-863"/><int name="y2" value="276"/><int name="prev" value="0"/><int name="next" value="86"/></imgdir><imgdir name="89"><int name="x1" value="-1118"/><int name="y1" value="276"/><int name="x2" value="-1026"/><int name="y2" value="276"/><int name="prev" value="90"/><int name="next" value="87"/></imgdir><imgdir name="90"><int name="x1" value="-1204"/><int name="y1" value="276"/><int name="x2" value="-1118"/><int name="y2" value="276"/><int name="prev" value="105"/><int name="next" value="89"/></imgdir></imgdir><imgdir name="32"><imgdir name="74"><int name="x1" value="-73"/><int name="y1" value="276"/><int name="x2" value="21"/><int name="y2" value="276"/><int name="prev" value="104"/><int name="next" value="75"/></imgdir><imgdir name="75"><int name="x1" value="21"/><int name="y1" value="276"/><int name="x2" value="110"/><int name="y2" value="276"/><int name="prev" value="74"/><int name="next" value="76"/></imgdir><imgdir name="76"><int name="x1" value="110"/><int name="y1" value="276"/><int name="x2" value="199"/><int name="y2" value="276"/><int name="prev" value="75"/><int name="next" value="77"/></imgdir><imgdir name="77"><int name="x1" value="199"/><int name="y1" value="276"/><int name="x2" value="288"/><int name="y2" value="276"/><int name="prev" value="76"/><int name="next" value="78"/></imgdir></imgdir><imgdir name="33"><imgdir name="78"><int name="x1" value="288"/><int name="y1" value="276"/><int name="x2" value="378"/><int name="y2" value="276"/><int name="prev" value="77"/><int name="next" value="79"/></imgdir></imgdir><imgdir name="34"><imgdir name="79"><int name="x1" value="378"/><int name="y1" value="276"/><int name="x2" value="468"/><int name="y2" value="276"/><int name="prev" value="78"/><int name="next" value="80"/></imgdir></imgdir><imgdir name="35"><imgdir name="80"><int name="x1" value="468"/><int name="y1" value="276"/><int name="x2" value="558"/><int name="y2" value="276"/><int name="prev" value="79"/><int name="next" value="81"/></imgdir><imgdir name="81"><int name="x1" value="558"/><int name="y1" value="276"/><int name="x2" value="643"/><int name="y2" value="276"/><int name="prev" value="80"/><int name="next" value="57"/></imgdir></imgdir><imgdir name="36"><imgdir name="91"><int name="x1" value="-1384"/><int name="y1" value="276"/><int name="x2" value="-1290"/><int name="y2" value="276"/><int name="prev" value="98"/><int name="next" value="99"/></imgdir></imgdir><imgdir name="11"><imgdir name="92"><int name="x1" value="1004"/><int name="y1" value="605"/><int name="x2" value="989"/><int name="y2" value="605"/><int name="prev" value="0"/><int name="next" value="0"/></imgdir><imgdir name="93"><int name="x1" value="1004"/><int name="y1" value="605"/><int name="x2" value="1004"/><int name="y2" value="276"/><int name="prev" value="107"/><int name="next" value="94"/></imgdir><imgdir name="95"><int name="x1" value="1004"/><int name="y1" value="276"/><int name="x2" value="1004"/><int name="y2" value="169"/><int name="prev" value="110"/><int name="next" value="96"/></imgdir></imgdir><imgdir name="38"><imgdir name="94"><int name="x1" value="1004"/><int name="y1" value="276"/><int name="x2" value="989"/><int name="y2" value="276"/><int name="prev" value="93"/><int name="next" value="0"/></imgdir><imgdir name="96"><int name="x1" value="1004"/><int name="y1" value="169"/><int name="x2" value="1004"/><int name="y2" value="-160"/><int name="prev" value="95"/><int name="next" value="0"/></imgdir><imgdir name="110"><int name="x1" value="916"/><int name="y1" value="276"/><int name="x2" value="1004"/><int name="y2" value="276"/><int name="prev" value="109"/><int name="next" value="95"/></imgdir></imgdir><imgdir name="45"><imgdir name="97"><int name="x1" value="-1421"/><int name="y1" value="-96"/><int name="x2" value="-1421"/><int name="y2" value="276"/><int name="prev" value="0"/><int name="next" value="98"/></imgdir><imgdir name="98"><int name="x1" value="-1421"/><int name="y1" value="276"/><int name="x2" value="-1384"/><int name="y2" value="276"/><int name="prev" value="97"/><int name="next" value="91"/></imgdir><imgdir name="99"><int name="x1" value="-1290"/><int name="y1" value="276"/><int name="x2" value="-1273"/><int name="y2" value="276"/><int name="prev" value="91"/><int name="next" value="105"/></imgdir></imgdir><imgdir name="9"><imgdir name="100"><int name="x1" value="-1421"/><int name="y1" value="276"/><int name="x2" value="-1421"/><int name="y2" value="605"/><int name="prev" value="97"/><int name="next" value="101"/></imgdir><imgdir name="101"><int name="x1" value="-1421"/><int name="y1" value="605"/><int name="x2" value="-1331"/><int name="y2" value="605"/><int name="prev" value="100"/><int name="next" value="111"/></imgdir><imgdir name="102"><int name="x1" value="-1421"/><int name="y1" value="605"/><int name="x2" value="-1421"/><int name="y2" value="606"/><int name="prev" value="100"/><int name="next" value="0"/></imgdir></imgdir><imgdir name="39"><imgdir name="105"><int name="x1" value="-1273"/><int name="y1" value="276"/><int name="x2" value="-1204"/><int name="y2" value="276"/><int name="prev" value="99"/><int name="next" value="90"/></imgdir></imgdir><imgdir name="40"><imgdir name="108"><int name="x1" value="737"/><int name="y1" value="276"/><int name="x2" value="827"/><int name="y2" value="276"/><int name="prev" value="57"/><int name="next" value="109"/></imgdir><imgdir name="109"><int name="x1" value="827"/><int name="y1" value="276"/><int name="x2" value="916"/><int name="y2" value="276"/><int name="prev" value="108"/><int name="next" value="110"/></imgdir></imgdir></imgdir></imgdir><imgdir name="ladderRope"></imgdir><imgdir name="miniMap"><canvas name="canvas" width="160" height="53"></canvas><int name="width" value="2567"/><int name="height" value="857"/><int name="centerX" value="1486"/><int name="centerY" value="139"/><int name="mag" value="4"/></imgdir><imgdir name="portal"><imgdir name="0"><string name="pn" value="sp"/><int name="pt" value="0"/><int name="x" value="-30"/><int name="y" value="481"/><int name="tm" value="999999999"/><string name="tn" value=""/></imgdir><imgdir name="1"><string name="pn" value="in00"/><int name="pt" value="2"/><int name="x" value="861"/><int name="y" value="600"/><int name="tm" value="702100000"/><string name="tn" value="out00"/></imgdir><imgdir name="2"><string name="pn" value="out00"/><int name="pt" value="2"/><int name="x" value="567"/><int name="y" value="94"/><int name="tm" value="702070200"/><string name="tn" value="in00"/></imgdir></imgdir></imgdir>