<?xml version="1.0" encoding="UTF-8" standalone="yes"?><imgdir name="702070400.img"><imgdir name="info"><int name="version" value="10"/><int name="cloud" value="0"/><int name="town" value="0"/><int name="swim" value="0"/><int name="returnMap" value="702100000"/><int name="forcedReturn" value="999999999"/><float name="mobRate" value="0.9"/><string name="bgm" value="BgmCN/shaolin_cangjingge"/><string name="mapMark" value="None"/><int name="hideMinimap" value="0"/><int name="fieldLimit" value="0"/><int name="VRTop" value="79"/><int name="VRLeft" value="-1196"/><int name="VRBottom" value="654"/><int name="VRRight" value="765"/></imgdir><imgdir name="back"><imgdir name="0"><string name="bS" value="ShaolinCN"/><int name="front" value="0"/><int name="ani" value="0"/><int name="no" value="12"/><int name="f" value="0"/><int name="x" value="-27"/><int name="y" value="-62"/><int name="rx" value="0"/><int name="ry" value="0"/><int name="type" value="1"/><int name="cx" value="0"/><int name="cy" value="0"/><int name="a" value="255"/></imgdir><imgdir name="1"><string name="bS" value="ShaolinCN"/><int name="front" value="0"/><int name="ani" value="0"/><int name="no" value="13"/><int name="f" value="0"/><int name="x" value="9"/><int name="y" value="-135"/><int name="rx" value="0"/><int name="ry" value="0"/><int name="type" value="1"/><int name="cx" value="0"/><int name="cy" value="0"/><int name="a" value="255"/></imgdir><imgdir name="2"><string name="bS" value="ShaolinCN"/><int name="front" value="0"/><int name="ani" value="0"/><int name="no" value="14"/><int name="f" value="0"/><int name="x" value="-31"/><int name="y" value="198"/><int name="rx" value="0"/><int name="ry" value="0"/><int name="type" value="1"/><int name="cx" value="0"/><int name="cy" value="0"/><int name="a" value="255"/></imgdir><imgdir name="3"><string name="bS" value="ShaolinCN"/><int name="front" value="0"/><int name="ani" value="0"/><int name="no" value="1"/><int name="f" value="0"/><int name="x" value="44"/><int name="y" value="-59"/><int name="rx" value="0"/><int name="ry" value="0"/><int name="type" value="1"/><int name="cx" value="0"/><int name="cy" value="0"/><int name="a" value="255"/></imgdir><imgdir name="4"><string name="bS" value="ShaolinCN"/><int name="front" value="0"/><int name="ani" value="0"/><int name="no" value="2"/><int name="f" value="0"/><int name="x" value="-274"/><int name="y" value="-75"/><int name="rx" value="0"/><int name="ry" value="0"/><int name="type" value="1"/><int name="cx" value="0"/><int name="cy" value="0"/><int name="a" value="255"/></imgdir><imgdir name="6"><string name="bS" value="ShaolinCN"/><int name="front" value="0"/><int name="ani" value="0"/><int name="no" value="38"/><int name="f" value="0"/><int name="x" value="135"/><int name="y" value="241"/><int name="rx" value="0"/><int name="ry" value="0"/><int name="type" value="0"/><int name="cx" value="0"/><int name="cy" value="0"/><int name="a" value="255"/></imgdir><imgdir name="5"><string name="bS" value="ShaolinCN"/><int name="front" value="0"/><int name="ani" value="0"/><int name="no" value="3"/><int name="f" value="0"/><int name="x" value="-70"/><int name="y" value="-15"/><int name="rx" value="0"/><int name="ry" value="0"/><int name="type" value="1"/><int name="cx" value="0"/><int name="cy" value="0"/><int name="a" value="255"/></imgdir><imgdir name="11"><string name="bS" value="ShaolinCN"/><int name="front" value="0"/><int name="ani" value="0"/><int name="no" value="4"/><int name="f" value="0"/><int name="x" value="-168"/><int name="y" value="256"/><int name="rx" value="0"/><int name="ry" value="0"/><int name="type" value="0"/><int name="cx" value="0"/><int name="cy" value="0"/><int name="a" value="255"/></imgdir><imgdir name="12"><string name="bS" value="ShaolinCN"/><int name="front" value="0"/><int name="ani" value="0"/><int name="no" value="35"/><int name="f" value="1"/><int name="x" value="-711"/><int name="y" value="-72"/><int name="rx" value="3"/><int name="ry" value="-18"/><int name="type" value="4"/><int name="cx" value="800"/><int name="cy" value="0"/><int name="a" value="255"/></imgdir><imgdir name="13"><string name="bS" value="ShaolinCN"/><int name="front" value="0"/><int name="ani" value="0"/><int name="no" value="7"/><int name="f" value="0"/><int name="x" value="86"/><int name="y" value="252"/><int name="rx" value="0"/><int name="ry" value="0"/><int name="type" value="0"/><int name="cx" value="0"/><int name="cy" value="0"/><int name="a" value="255"/></imgdir><imgdir name="8"><string name="bS" value="ShaolinCN"/><int name="front" value="0"/><int name="ani" value="0"/><int name="no" value="2"/><int name="f" value="0"/><int name="x" value="-8"/><int name="y" value="47"/><int name="rx" value="0"/><int name="ry" value="0"/><int name="type" value="0"/><int name="cx" value="0"/><int name="cy" value="0"/><int name="a" value="255"/></imgdir><imgdir name="16"><string name="bS" value="ShaolinCN"/><int name="front" value="0"/><int name="ani" value="0"/><int name="no" value="25"/><int name="f" value="1"/><int name="x" value="-118"/><int name="y" value="59"/><int name="rx" value="5"/><int name="ry" value="-18"/><int name="type" value="4"/><int name="cx" value="800"/><int name="cy" value="0"/><int name="a" value="255"/></imgdir><imgdir name="17"><string name="bS" value="ShaolinCN"/><int name="front" value="0"/><int name="ani" value="0"/><int name="no" value="26"/><int name="f" value="1"/><int name="x" value="73"/><int name="y" value="27"/><int name="rx" value="5"/><int name="ry" value="-18"/><int name="type" value="4"/><int name="cx" value="1000"/><int name="cy" value="0"/><int name="a" value="255"/></imgdir><imgdir name="18"><string name="bS" value="ShaolinCN"/><int name="front" value="0"/><int name="ani" value="0"/><int name="no" value="34"/><int name="f" value="1"/><int name="x" value="-172"/><int name="y" value="-181"/><int name="rx" value="3"/><int name="ry" value="-18"/><int name="type" value="4"/><int name="cx" value="800"/><int name="cy" value="0"/><int name="a" value="255"/></imgdir><imgdir name="15"><string name="bS" value="ShaolinCN"/><int name="front" value="0"/><int name="ani" value="0"/><int name="no" value="34"/><int name="f" value="1"/><int name="x" value="-70"/><int name="y" value="207"/><int name="rx" value="3"/><int name="ry" value="-18"/><int name="type" value="4"/><int name="cx" value="800"/><int name="cy" value="0"/><int name="a" value="255"/></imgdir><imgdir name="19"><string name="bS" value="ShaolinCN"/><int name="front" value="0"/><int name="ani" value="0"/><int name="no" value="31"/><int name="f" value="1"/><int name="x" value="58"/><int name="y" value="-69"/><int name="rx" value="6"/><int name="ry" value="-18"/><int name="type" value="4"/><int name="cx" value="800"/><int name="cy" value="0"/><int name="a" value="255"/></imgdir><imgdir name="9"><string name="bS" value="ShaolinCN"/><int name="front" value="0"/><int name="ani" value="0"/><int name="no" value="32"/><int name="f" value="1"/><int name="x" value="-162"/><int name="y" value="-153"/><int name="rx" value="3"/><int name="ry" value="-18"/><int name="type" value="4"/><int name="cx" value="1000"/><int name="cy" value="0"/><int name="a" value="255"/></imgdir><imgdir name="20"><string name="bS" value="ShaolinCN"/><int name="front" value="0"/><int name="ani" value="0"/><int name="no" value="18"/><int name="f" value="0"/><int name="x" value="-715"/><int name="y" value="386"/><int name="rx" value="1"/><int name="ry" value="-100"/><int name="type" value="4"/><int name="cx" value="800"/><int name="cy" value="0"/><int name="a" value="255"/></imgdir><imgdir name="21"><string name="bS" value="ShaolinCN"/><int name="front" value="0"/><int name="ani" value="0"/><int name="no" value="23"/><int name="f" value="1"/><int name="x" value="-4"/><int name="y" value="206"/><int name="rx" value="5"/><int name="ry" value="-18"/><int name="type" value="4"/><int name="cx" value="1000"/><int name="cy" value="0"/><int name="a" value="255"/></imgdir><imgdir name="22"><string name="bS" value="ShaolinCN"/><int name="front" value="0"/><int name="ani" value="0"/><int name="no" value="10"/><int name="f" value="0"/><int name="x" value="-344"/><int name="y" value="285"/><int name="rx" value="0"/><int name="ry" value="0"/><int name="type" value="0"/><int name="cx" value="0"/><int name="cy" value="0"/><int name="a" value="255"/></imgdir><imgdir name="23"><string name="bS" value="ShaolinCN"/><int name="front" value="0"/><int name="ani" value="0"/><int name="no" value="11"/><int name="f" value="0"/><int name="x" value="293"/><int name="y" value="314"/><int name="rx" value="0"/><int name="ry" value="0"/><int name="type" value="0"/><int name="cx" value="0"/><int name="cy" value="0"/><int name="a" value="255"/></imgdir><imgdir name="10"><string name="bS" value="ShaolinCN"/><int name="front" value="0"/><int name="ani" value="0"/><int name="no" value="27"/><int name="f" value="1"/><int name="x" value="-497"/><int name="y" value="-169"/><int name="rx" value="3"/><int name="ry" value="-18"/><int name="type" value="4"/><int name="cx" value="800"/><int name="cy" value="0"/><int name="a" value="255"/></imgdir><imgdir name="7"><string name="bS" value="ShaolinCN"/><int name="front" value="0"/><int name="ani" value="0"/><int name="no" value="3"/><int name="f" value="0"/><int name="x" value="24"/><int name="y" value="82"/><int name="rx" value="0"/><int name="ry" value="0"/><int name="type" value="0"/><int name="cx" value="0"/><int name="cy" value="0"/><int name="a" value="255"/></imgdir><imgdir name="14"><string name="bS" value="ShaolinCN"/><int name="front" value="0"/><int name="ani" value="0"/><int name="no" value="40"/><int name="f" value="0"/><int name="x" value="-44"/><int name="y" value="319"/><int name="rx" value="0"/><int name="ry" value="0"/><int name="type" value="0"/><int name="cx" value="0"/><int name="cy" value="0"/><int name="a" value="255"/></imgdir><imgdir name="24"><string name="bS" value="ShaolinCN"/><int name="front" value="0"/><int name="ani" value="0"/><int name="no" value="17"/><int name="f" value="1"/><int name="x" value="220"/><int name="y" value="527"/><int name="rx" value="3"/><int name="ry" value="-100"/><int name="type" value="4"/><int name="cx" value="1000"/><int name="cy" value="0"/><int name="a" value="255"/></imgdir><imgdir name="25"><string name="bS" value="ShaolinCN"/><int name="front" value="0"/><int name="ani" value="0"/><int name="no" value="26"/><int name="f" value="1"/><int name="x" value="-120"/><int name="y" value="148"/><int name="rx" value="7"/><int name="ry" value="-20"/><int name="type" value="4"/><int name="cx" value="1000"/><int name="cy" value="0"/><int name="a" value="255"/></imgdir><imgdir name="26"><string name="bS" value="ShaolinCN"/><int name="front" value="0"/><int name="ani" value="0"/><int name="no" value="31"/><int name="f" value="1"/><int name="x" value="-262"/><int name="y" value="85"/><int name="rx" value="7"/><int name="ry" value="-20"/><int name="type" value="4"/><int name="cx" value="1000"/><int name="cy" value="0"/><int name="a" value="255"/></imgdir><imgdir name="27"><string name="bS" value="ShaolinCN"/><int name="front" value="0"/><int name="ani" value="0"/><int name="no" value="20"/><int name="f" value="1"/><int name="x" value="-191"/><int name="y" value="533"/><int name="rx" value="6"/><int name="ry" value="-100"/><int name="type" value="4"/><int name="cx" value="0"/><int name="cy" value="0"/><int name="a" value="255"/></imgdir></imgdir><imgdir name="life"><imgdir name="0"><string name="type" value="m"/><string name="id" value="9600021"/><int name="x" value="-371"/><int name="y" value="585"/><int name="mobTime" value="0"/><int name="f" value="0"/><int name="hide" value="0"/><int name="fh" value="40"/><int name="cy" value="593"/><int name="rx0" value="-376"/><int name="rx1" value="-59"/></imgdir><imgdir name="1"><string name="type" value="m"/><string name="id" value="9600021"/><int name="x" value="356"/><int name="y" value="452"/><int name="mobTime" value="0"/><int name="f" value="0"/><int name="hide" value="0"/><int name="fh" value="19"/><int name="cy" value="458"/><int name="rx0" value="331"/><int name="rx1" value="521"/></imgdir><imgdir name="2"><string name="type" value="m"/><string name="id" value="9600021"/><int name="x" value="-906"/><int name="y" value="584"/><int name="mobTime" value="0"/><int name="f" value="0"/><int name="hide" value="0"/><int name="fh" value="46"/><int name="cy" value="593"/><int name="rx0" value="-1088"/><int name="rx1" value="-506"/></imgdir><imgdir name="3"><string name="type" value="m"/><string name="id" value="9600019"/><int name="x" value="55"/><int name="y" value="428"/><int name="mobTime" value="0"/><int name="f" value="0"/><int name="hide" value="0"/><int name="fh" value="14"/><int name="cy" value="437"/><int name="rx0" value="-173"/><int name="rx1" value="129"/></imgdir><imgdir name="4"><string name="type" value="m"/><string name="id" value="9600019"/><int name="x" value="-692"/><int name="y" value="430"/><int name="mobTime" value="0"/><int name="f" value="0"/><int name="hide" value="0"/><int name="fh" value="11"/><int name="cy" value="436"/><int name="rx0" value="-778"/><int name="rx1" value="-637"/></imgdir><imgdir name="5"><string name="type" value="n"/><string name="id" value="9310039"/><int name="x" value="-303"/><int name="y" value="456"/><int name="mobTime" value="0"/><int name="f" value="0"/><int name="hide" value="0"/><int name="fh" value="16"/><int name="cy" value="460"/><int name="rx0" value="-353"/><int name="rx1" value="-253"/></imgdir></imgdir><imgdir name="reactor"></imgdir><imgdir name="0"><imgdir name="info"></imgdir><imgdir name="tile"></imgdir><imgdir name="obj"><imgdir name="0"><string name="oS" value="ShaolinCN"/><string name="l0" value="house03"/><string name="l1" value="base"/><string name="l2" value="0"/><int name="x" value="-27"/><int name="y" value="473"/><int name="z" value="9"/><int name="f" value="0"/><int name="zM" value="8"/><int name="r" value="0"/></imgdir><imgdir name="1"><string name="oS" value="ShaolinCN"/><string name="l0" value="house03"/><string name="l1" value="base"/><string name="l2" value="0"/><int name="x" value="-422"/><int name="y" value="474"/><int name="z" value="9"/><int name="f" value="0"/><int name="zM" value="8"/><int name="r" value="0"/></imgdir><imgdir name="2"><string name="oS" value="ShaolinCN"/><string name="l0" value="house03"/><string name="l1" value="base"/><string name="l2" value="0"/><int name="x" value="341"/><int name="y" value="473"/><int name="z" value="9"/><int name="f" value="0"/><int name="zM" value="8"/><int name="r" value="0"/></imgdir><imgdir name="3"><string name="oS" value="ShaolinCN"/><string name="l0" value="house03"/><string name="l1" value="base"/><string name="l2" value="0"/><int name="x" value="735"/><int name="y" value="474"/><int name="z" value="9"/><int name="f" value="0"/><int name="zM" value="8"/><int name="r" value="0"/></imgdir><imgdir name="4"><string name="oS" value="ShaolinCN"/><string name="l0" value="house03"/><string name="l1" value="base"/><string name="l2" value="0"/><int name="x" value="-797"/><int name="y" value="474"/><int name="z" value="9"/><int name="f" value="0"/><int name="zM" value="8"/><int name="r" value="0"/></imgdir></imgdir></imgdir><imgdir name="1"><imgdir name="info"></imgdir><imgdir name="tile"></imgdir><imgdir name="obj"><imgdir name="2"><string name="oS" value="ShaolinCN"/><string name="l0" value="house15"/><string name="l1" value="base"/><string name="l2" value="17"/><int name="x" value="152"/><int name="y" value="457"/><int name="z" value="9"/><int name="f" value="0"/><int name="zM" value="16"/><int name="r" value="0"/></imgdir><imgdir name="3"><string name="oS" value="ShaolinCN"/><string name="l0" value="house15"/><string name="l1" value="base"/><string name="l2" value="16"/><int name="x" value="-671"/><int name="y" value="457"/><int name="z" value="9"/><int name="f" value="0"/><int name="zM" value="15"/><int name="r" value="0"/></imgdir><imgdir name="4"><string name="oS" value="ShaolinCN"/><string name="l0" value="house15"/><string name="l1" value="base"/><string name="l2" value="17"/><int name="x" value="564"/><int name="y" value="457"/><int name="z" value="9"/><int name="f" value="0"/><int name="zM" value="17"/><int name="r" value="0"/></imgdir><imgdir name="8"><string name="oS" value="ShaolinCN"/><string name="l0" value="house15"/><string name="l1" value="base"/><string name="l2" value="16"/><int name="x" value="-670"/><int name="y" value="197"/><int name="z" value="9"/><int name="f" value="0"/><int name="zM" value="16"/><int name="r" value="0"/></imgdir><imgdir name="5"><string name="oS" value="ShaolinCN"/><string name="l0" value="house15"/><string name="l1" value="base"/><string name="l2" value="10"/><int name="x" value="235"/><int name="y" value="144"/><int name="z" value="9"/><int name="f" value="0"/><int name="zM" value="16"/><int name="r" value="0"/></imgdir><imgdir name="7"><string name="oS" value="ShaolinCN"/><string name="l0" value="house15"/><string name="l1" value="base"/><string name="l2" value="16"/><int name="x" value="153"/><int name="y" value="197"/><int name="z" value="9"/><int name="f" value="0"/><int name="zM" value="16"/><int name="r" value="0"/></imgdir><imgdir name="1"><string name="oS" value="ShaolinCN"/><string name="l0" value="house15"/><string name="l1" value="base"/><string name="l2" value="17"/><int name="x" value="565"/><int name="y" value="197"/><int name="z" value="9"/><int name="f" value="0"/><int name="zM" value="17"/><int name="r" value="0"/></imgdir><imgdir name="0"><string name="oS" value="ShaolinCN"/><string name="l0" value="house15"/><string name="l1" value="base"/><string name="l2" value="17"/><int name="x" value="-259"/><int name="y" value="197"/><int name="z" value="9"/><int name="f" value="0"/><int name="zM" value="16"/><int name="r" value="0"/></imgdir><imgdir name="6"><string name="oS" value="ShaolinCN"/><string name="l0" value="house15"/><string name="l1" value="base"/><string name="l2" value="17"/><int name="x" value="-260"/><int name="y" value="457"/><int name="z" value="9"/><int name="f" value="0"/><int name="zM" value="16"/><int name="r" value="0"/></imgdir><imgdir name="9"><string name="oS" value="ShaolinCN"/><string name="l0" value="house15"/><string name="l1" value="base"/><string name="l2" value="18"/><int name="x" value="-1081"/><int name="y" value="457"/><int name="z" value="9"/><int name="f" value="0"/><int name="zM" value="16"/><int name="r" value="0"/></imgdir><imgdir name="10"><string name="oS" value="ShaolinCN"/><string name="l0" value="house15"/><string name="l1" value="base"/><string name="l2" value="17"/><int name="x" value="-1082"/><int name="y" value="197"/><int name="z" value="9"/><int name="f" value="0"/><int name="zM" value="16"/><int name="r" value="0"/></imgdir></imgdir></imgdir><imgdir name="2"><imgdir name="info"></imgdir><imgdir name="tile"></imgdir><imgdir name="obj"><imgdir name="0"><string name="oS" value="ShaolinCN"/><string name="l0" value="house15"/><string name="l1" value="base"/><string name="l2" value="19"/><int name="x" value="723"/><int name="y" value="328"/><int name="z" value="9"/><int name="f" value="0"/><int name="zM" value="27"/><int name="r" value="0"/></imgdir><imgdir name="1"><string name="oS" value="ShaolinCN"/><string name="l0" value="house15"/><string name="l1" value="base"/><string name="l2" value="19"/><int name="x" value="-513"/><int name="y" value="329"/><int name="z" value="9"/><int name="f" value="0"/><int name="zM" value="24"/><int name="r" value="0"/></imgdir><imgdir name="2"><string name="oS" value="ShaolinCN"/><string name="l0" value="house15"/><string name="l1" value="base"/><string name="l2" value="19"/><int name="x" value="-101"/><int name="y" value="328"/><int name="z" value="9"/><int name="f" value="0"/><int name="zM" value="26"/><int name="r" value="0"/></imgdir><imgdir name="3"><string name="oS" value="ShaolinCN"/><string name="l0" value="house15"/><string name="l1" value="base"/><string name="l2" value="11"/><int name="x" value="-221"/><int name="y" value="414"/><int name="z" value="9"/><int name="f" value="0"/><int name="zM" value="22"/><int name="r" value="0"/></imgdir><imgdir name="4"><string name="oS" value="ShaolinCN"/><string name="l0" value="house15"/><string name="l1" value="base"/><string name="l2" value="11"/><int name="x" value="-388"/><int name="y" value="414"/><int name="z" value="9"/><int name="f" value="0"/><int name="zM" value="21"/><int name="r" value="0"/></imgdir><imgdir name="5"><string name="oS" value="ShaolinCN"/><string name="l0" value="house15"/><string name="l1" value="base"/><string name="l2" value="10"/><int name="x" value="-113"/><int name="y" value="514"/><int name="z" value="9"/><int name="f" value="0"/><int name="zM" value="20"/><int name="r" value="0"/></imgdir><imgdir name="7"><string name="oS" value="ShaolinCN"/><string name="l0" value="house15"/><string name="l1" value="base"/><string name="l2" value="24"/><int name="x" value="262"/><int name="y" value="532"/><int name="z" value="9"/><int name="f" value="0"/><int name="zM" value="9"/><int name="r" value="0"/></imgdir><imgdir name="8"><string name="oS" value="ShaolinCN"/><string name="l0" value="house15"/><string name="l1" value="base"/><string name="l2" value="25"/><int name="x" value="680"/><int name="y" value="527"/><int name="z" value="9"/><int name="f" value="0"/><int name="zM" value="18"/><int name="r" value="0"/></imgdir><imgdir name="9"><string name="oS" value="ShaolinCN"/><string name="l0" value="house15"/><string name="l1" value="base"/><string name="l2" value="8"/><int name="x" value="-472"/><int name="y" value="493"/><int name="z" value="9"/><int name="f" value="0"/><int name="zM" value="19"/><int name="r" value="0"/></imgdir><imgdir name="10"><string name="oS" value="ShaolinCN"/><string name="l0" value="house15"/><string name="l1" value="base"/><string name="l2" value="19"/><int name="x" value="-924"/><int name="y" value="329"/><int name="z" value="9"/><int name="f" value="0"/><int name="zM" value="23"/><int name="r" value="0"/></imgdir><imgdir name="6"><string name="oS" value="ShaolinCN"/><string name="l0" value="house15"/><string name="l1" value="base"/><string name="l2" value="19"/><int name="x" value="311"/><int name="y" value="328"/><int name="z" value="9"/><int name="f" value="0"/><int name="zM" value="25"/><int name="r" value="0"/></imgdir><imgdir name="11"><string name="oS" value="ShaolinCN"/><string name="l0" value="house15"/><string name="l1" value="base"/><string name="l2" value="38"/><int name="x" value="-97"/><int name="y" value="198"/><int name="z" value="9"/><int name="f" value="0"/><int name="zM" value="28"/><int name="r" value="0"/></imgdir><imgdir name="12"><string name="oS" value="ShaolinCN"/><string name="l0" value="house15"/><string name="l1" value="base"/><string name="l2" value="37"/><int name="x" value="-505"/><int name="y" value="194"/><int name="z" value="9"/><int name="f" value="0"/><int name="zM" value="29"/><int name="r" value="0"/></imgdir><imgdir name="13"><string name="oS" value="ShaolinCN"/><string name="l0" value="house15"/><string name="l1" value="base"/><string name="l2" value="31"/><int name="x" value="-996"/><int name="y" value="330"/><int name="z" value="9"/><int name="f" value="0"/><int name="zM" value="23"/><int name="r" value="0"/></imgdir><imgdir name="14"><string name="oS" value="ShaolinCN"/><string name="l0" value="house15"/><string name="l1" value="base"/><string name="l2" value="34"/><int name="x" value="-169"/><int name="y" value="471"/><int name="z" value="9"/><int name="f" value="0"/><int name="zM" value="20"/><int name="r" value="0"/></imgdir></imgdir></imgdir><imgdir name="3"><imgdir name="info"></imgdir><imgdir name="tile"></imgdir><imgdir name="obj"><imgdir name="0"><string name="oS" value="ShaolinCN"/><string name="l0" value="house15"/><string name="l1" value="base"/><string name="l2" value="1"/><int name="x" value="-987"/><int name="y" value="472"/><int name="z" value="9"/><int name="f" value="0"/><int name="zM" value="13"/><int name="r" value="0"/></imgdir><imgdir name="1"><string name="oS" value="ShaolinCN"/><string name="l0" value="house15"/><string name="l1" value="base"/><string name="l2" value="2"/><int name="x" value="-724"/><int name="y" value="471"/><int name="z" value="9"/><int name="f" value="0"/><int name="zM" value="14"/><int name="r" value="0"/></imgdir><imgdir name="2"><string name="oS" value="ShaolinCN"/><string name="l0" value="house15"/><string name="l1" value="base"/><string name="l2" value="3"/><int name="x" value="42"/><int name="y" value="472"/><int name="z" value="9"/><int name="f" value="0"/><int name="zM" value="12"/><int name="r" value="0"/></imgdir><imgdir name="3"><string name="oS" value="ShaolinCN"/><string name="l0" value="house15"/><string name="l1" value="base"/><string name="l2" value="6"/><int name="x" value="-304"/><int name="y" value="525"/><int name="z" value="9"/><int name="f" value="0"/><int name="zM" value="10"/><int name="r" value="0"/></imgdir><imgdir name="4"><string name="oS" value="ShaolinCN"/><string name="l0" value="house15"/><string name="l1" value="base"/><string name="l2" value="27"/><int name="x" value="-132"/><int name="y" value="555"/><int name="z" value="9"/><int name="f" value="0"/><int name="zM" value="12"/><int name="r" value="0"/></imgdir><imgdir name="5"><string name="oS" value="ShaolinCN"/><string name="l0" value="house15"/><string name="l1" value="base"/><string name="l2" value="27"/><int name="x" value="-459"/><int name="y" value="555"/><int name="z" value="9"/><int name="f" value="0"/><int name="zM" value="10"/><int name="r" value="0"/></imgdir><imgdir name="6"><string name="oS" value="ShaolinCN"/><string name="l0" value="house15"/><string name="l1" value="base"/><string name="l2" value="4"/><int name="x" value="427"/><int name="y" value="523"/><int name="z" value="9"/><int name="f" value="0"/><int name="zM" value="11"/><int name="r" value="0"/></imgdir><imgdir name="7"><string name="oS" value="ShaolinCN"/><string name="l0" value="house15"/><string name="l1" value="base"/><string name="l2" value="36"/><int name="x" value="-291"/><int name="y" value="527"/><int name="z" value="9"/><int name="f" value="0"/><int name="zM" value="10"/><int name="r" value="0"/></imgdir></imgdir></imgdir><imgdir name="4"><imgdir name="info"></imgdir><imgdir name="tile"></imgdir><imgdir name="obj"></imgdir></imgdir><imgdir name="5"><imgdir name="info"></imgdir><imgdir name="tile"></imgdir><imgdir name="obj"><imgdir name="0"><string name="oS" value="ShaolinCN"/><string name="l0" value="house15"/><string name="l1" value="base"/><string name="l2" value="22"/><int name="x" value="8"/><int name="y" value="622"/><int name="z" value="9"/><int name="f" value="0"/><int name="zM" value="0"/><int name="r" value="0"/></imgdir><imgdir name="1"><string name="oS" value="ShaolinCN"/><string name="l0" value="house15"/><string name="l1" value="base"/><string name="l2" value="21"/><int name="x" value="97"/><int name="y" value="622"/><int name="z" value="9"/><int name="f" value="0"/><int name="zM" value="0"/><int name="r" value="0"/></imgdir><imgdir name="2"><string name="oS" value="ShaolinCN"/><string name="l0" value="house15"/><string name="l1" value="base"/><string name="l2" value="23"/><int name="x" value="184"/><int name="y" value="622"/><int name="z" value="9"/><int name="f" value="0"/><int name="zM" value="0"/><int name="r" value="0"/></imgdir><imgdir name="3"><string name="oS" value="ShaolinCN"/><string name="l0" value="house15"/><string name="l1" value="base"/><string name="l2" value="21"/><int name="x" value="272"/><int name="y" value="622"/><int name="z" value="9"/><int name="f" value="0"/><int name="zM" value="0"/><int name="r" value="0"/></imgdir><imgdir name="4"><string name="oS" value="ShaolinCN"/><string name="l0" value="house15"/><string name="l1" value="base"/><string name="l2" value="21"/><int name="x" value="361"/><int name="y" value="622"/><int name="z" value="9"/><int name="f" value="0"/><int name="zM" value="0"/><int name="r" value="0"/></imgdir><imgdir name="5"><string name="oS" value="ShaolinCN"/><string name="l0" value="house15"/><string name="l1" value="base"/><string name="l2" value="23"/><int name="x" value="451"/><int name="y" value="622"/><int name="z" value="9"/><int name="f" value="0"/><int name="zM" value="1"/><int name="r" value="0"/></imgdir><imgdir name="6"><string name="oS" value="ShaolinCN"/><string name="l0" value="house15"/><string name="l1" value="base"/><string name="l2" value="23"/><int name="x" value="541"/><int name="y" value="622"/><int name="z" value="9"/><int name="f" value="0"/><int name="zM" value="2"/><int name="r" value="0"/></imgdir><imgdir name="7"><string name="oS" value="ShaolinCN"/><string name="l0" value="house15"/><string name="l1" value="base"/><string name="l2" value="22"/><int name="x" value="630"/><int name="y" value="622"/><int name="z" value="9"/><int name="f" value="0"/><int name="zM" value="2"/><int name="r" value="0"/></imgdir><imgdir name="8"><string name="oS" value="ShaolinCN"/><string name="l0" value="house15"/><string name="l1" value="base"/><string name="l2" value="21"/><int name="x" value="720"/><int name="y" value="622"/><int name="z" value="9"/><int name="f" value="0"/><int name="zM" value="3"/><int name="r" value="0"/></imgdir><imgdir name="11"><string name="oS" value="ShaolinCN"/><string name="l0" value="house15"/><string name="l1" value="base"/><string name="l2" value="23"/><int name="x" value="-82"/><int name="y" value="622"/><int name="z" value="9"/><int name="f" value="0"/><int name="zM" value="5"/><int name="r" value="0"/></imgdir><imgdir name="12"><string name="oS" value="ShaolinCN"/><string name="l0" value="house15"/><string name="l1" value="base"/><string name="l2" value="21"/><int name="x" value="-171"/><int name="y" value="622"/><int name="z" value="9"/><int name="f" value="0"/><int name="zM" value="5"/><int name="r" value="0"/></imgdir><imgdir name="13"><string name="oS" value="ShaolinCN"/><string name="l0" value="house15"/><string name="l1" value="base"/><string name="l2" value="21"/><int name="x" value="-260"/><int name="y" value="622"/><int name="z" value="9"/><int name="f" value="0"/><int name="zM" value="5"/><int name="r" value="0"/></imgdir><imgdir name="14"><string name="oS" value="ShaolinCN"/><string name="l0" value="house15"/><string name="l1" value="base"/><string name="l2" value="23"/><int name="x" value="-349"/><int name="y" value="622"/><int name="z" value="9"/><int name="f" value="0"/><int name="zM" value="5"/><int name="r" value="0"/></imgdir><imgdir name="15"><string name="oS" value="ShaolinCN"/><string name="l0" value="house15"/><string name="l1" value="base"/><string name="l2" value="22"/><int name="x" value="-439"/><int name="y" value="622"/><int name="z" value="9"/><int name="f" value="0"/><int name="zM" value="6"/><int name="r" value="0"/></imgdir><imgdir name="16"><string name="oS" value="ShaolinCN"/><string name="l0" value="house15"/><string name="l1" value="base"/><string name="l2" value="21"/><int name="x" value="-529"/><int name="y" value="622"/><int name="z" value="9"/><int name="f" value="0"/><int name="zM" value="7"/><int name="r" value="0"/></imgdir><imgdir name="17"><string name="oS" value="ShaolinCN"/><string name="l0" value="house15"/><string name="l1" value="base"/><string name="l2" value="22"/><int name="x" value="-618"/><int name="y" value="622"/><int name="z" value="9"/><int name="f" value="0"/><int name="zM" value="7"/><int name="r" value="0"/></imgdir><imgdir name="18"><string name="oS" value="ShaolinCN"/><string name="l0" value="house15"/><string name="l1" value="base"/><string name="l2" value="23"/><int name="x" value="-707"/><int name="y" value="622"/><int name="z" value="9"/><int name="f" value="0"/><int name="zM" value="7"/><int name="r" value="0"/></imgdir><imgdir name="19"><string name="oS" value="ShaolinCN"/><string name="l0" value="house15"/><string name="l1" value="base"/><string name="l2" value="21"/><int name="x" value="-796"/><int name="y" value="622"/><int name="z" value="9"/><int name="f" value="0"/><int name="zM" value="7"/><int name="r" value="0"/></imgdir><imgdir name="20"><string name="oS" value="ShaolinCN"/><string name="l0" value="house15"/><string name="l1" value="base"/><string name="l2" value="22"/><int name="x" value="-885"/><int name="y" value="622"/><int name="z" value="9"/><int name="f" value="0"/><int name="zM" value="7"/><int name="r" value="0"/></imgdir><imgdir name="9"><string name="oS" value="ShaolinCN"/><string name="l0" value="house15"/><string name="l1" value="base"/><string name="l2" value="29"/><int name="x" value="765"/><int name="y" value="593"/><int name="z" value="9"/><int name="f" value="0"/><int name="zM" value="3"/><int name="r" value="0"/></imgdir><imgdir name="10"><string name="oS" value="ShaolinCN"/><string name="l0" value="house15"/><string name="l1" value="base"/><string name="l2" value="28"/><int name="x" value="-1194"/><int name="y" value="592"/><int name="z" value="9"/><int name="f" value="0"/><int name="zM" value="4"/><int name="r" value="0"/></imgdir><imgdir name="21"><string name="oS" value="ShaolinCN"/><string name="l0" value="house15"/><string name="l1" value="base"/><string name="l2" value="22"/><int name="x" value="-974"/><int name="y" value="622"/><int name="z" value="9"/><int name="f" value="0"/><int name="zM" value="7"/><int name="r" value="0"/></imgdir><imgdir name="22"><string name="oS" value="ShaolinCN"/><string name="l0" value="house15"/><string name="l1" value="base"/><string name="l2" value="23"/><int name="x" value="-1061"/><int name="y" value="622"/><int name="z" value="9"/><int name="f" value="0"/><int name="zM" value="7"/><int name="r" value="0"/></imgdir><imgdir name="23"><string name="oS" value="ShaolinCN"/><string name="l0" value="house15"/><string name="l1" value="base"/><string name="l2" value="23"/><int name="x" value="-1149"/><int name="y" value="622"/><int name="z" value="9"/><int name="f" value="0"/><int name="zM" value="4"/><int name="r" value="0"/></imgdir></imgdir></imgdir><imgdir name="6"><imgdir name="info"></imgdir><imgdir name="tile"></imgdir><imgdir name="obj"></imgdir></imgdir><imgdir name="7"><imgdir name="info"></imgdir><imgdir name="tile"></imgdir><imgdir name="obj"></imgdir></imgdir><imgdir name="ToolTip"><imgdir name="0"><int name="x1" value="-1124"/><int name="y1" value="89"/><int name="x2" value="735"/><int name="y2" value="292"/></imgdir></imgdir><imgdir name="foothold"><imgdir name="2"><imgdir name="19"><imgdir name="1"><int name="x1" value="-486"/><int name="y1" value="460"/><int name="x2" value="-456"/><int name="y2" value="461"/><int name="prev" value="0"/><int name="next" value="0"/></imgdir></imgdir><imgdir name="28"><imgdir name="2"><int name="x1" value="-134"/><int name="y1" value="143"/><int name="x2" value="-57"/><int name="y2" value="143"/><int name="prev" value="0"/><int name="next" value="0"/></imgdir></imgdir><imgdir name="29"><imgdir name="3"><int name="x1" value="-542"/><int name="y1" value="139"/><int name="x2" value="-465"/><int name="y2" value="139"/><int name="prev" value="0"/><int name="next" value="0"/></imgdir></imgdir><imgdir name="23"><imgdir name="4"><int name="x1" value="-1066"/><int name="y1" value="300"/><int name="x2" value="-932"/><int name="y2" value="300"/><int name="prev" value="0"/><int name="next" value="0"/></imgdir></imgdir><imgdir name="20"><imgdir name="5"><int name="x1" value="-207"/><int name="y1" value="436"/><int name="x2" value="-130"/><int name="y2" value="436"/><int name="prev" value="0"/><int name="next" value="0"/></imgdir></imgdir></imgdir><imgdir name="3"><imgdir name="13"><imgdir name="6"><int name="x1" value="-1061"/><int name="y1" value="516"/><int name="x2" value="-882"/><int name="y2" value="516"/><int name="prev" value="0"/><int name="next" value="0"/></imgdir><imgdir name="7"><int name="x1" value="-1059"/><int name="y1" value="476"/><int name="x2" value="-880"/><int name="y2" value="476"/><int name="prev" value="0"/><int name="next" value="0"/></imgdir><imgdir name="8"><int name="x1" value="-1060"/><int name="y1" value="437"/><int name="x2" value="-881"/><int name="y2" value="437"/><int name="prev" value="0"/><int name="next" value="0"/></imgdir></imgdir><imgdir name="14"><imgdir name="9"><int name="x1" value="-798"/><int name="y1" value="515"/><int name="x2" value="-619"/><int name="y2" value="515"/><int name="prev" value="0"/><int name="next" value="0"/></imgdir><imgdir name="10"><int name="x1" value="-796"/><int name="y1" value="475"/><int name="x2" value="-617"/><int name="y2" value="475"/><int name="prev" value="0"/><int name="next" value="0"/></imgdir><imgdir name="11"><int name="x1" value="-797"/><int name="y1" value="436"/><int name="x2" value="-618"/><int name="y2" value="436"/><int name="prev" value="0"/><int name="next" value="0"/></imgdir></imgdir><imgdir name="12"><imgdir name="12"><int name="x1" value="-32"/><int name="y1" value="516"/><int name="x2" value="147"/><int name="y2" value="516"/><int name="prev" value="0"/><int name="next" value="0"/></imgdir><imgdir name="13"><int name="x1" value="-30"/><int name="y1" value="476"/><int name="x2" value="149"/><int name="y2" value="476"/><int name="prev" value="0"/><int name="next" value="0"/></imgdir><imgdir name="14"><int name="x1" value="-31"/><int name="y1" value="437"/><int name="x2" value="148"/><int name="y2" value="437"/><int name="prev" value="0"/><int name="next" value="0"/></imgdir><imgdir name="15"><int name="x1" value="-193"/><int name="y1" value="525"/><int name="x2" value="-69"/><int name="y2" value="525"/><int name="prev" value="0"/><int name="next" value="0"/></imgdir></imgdir><imgdir name="10"><imgdir name="16"><int name="x1" value="-408"/><int name="y1" value="460"/><int name="x2" value="-204"/><int name="y2" value="460"/><int name="prev" value="0"/><int name="next" value="0"/></imgdir><imgdir name="17"><int name="x1" value="-520"/><int name="y1" value="525"/><int name="x2" value="-396"/><int name="y2" value="525"/><int name="prev" value="0"/><int name="next" value="0"/></imgdir><imgdir name="18"><int name="x1" value="-326"/><int name="y1" value="507"/><int name="x2" value="-249"/><int name="y2" value="507"/><int name="prev" value="0"/><int name="next" value="0"/></imgdir></imgdir><imgdir name="11"><imgdir name="19"><int name="x1" value="311"/><int name="y1" value="458"/><int name="x2" value="515"/><int name="y2" value="458"/><int name="prev" value="0"/><int name="next" value="0"/></imgdir><imgdir name="20"><int name="x1" value="376"/><int name="y1" value="541"/><int name="x2" value="421"/><int name="y2" value="541"/><int name="prev" value="0"/><int name="next" value="0"/></imgdir><imgdir name="21"><int name="x1" value="463"/><int name="y1" value="507"/><int name="x2" value="508"/><int name="y2" value="507"/><int name="prev" value="0"/><int name="next" value="0"/></imgdir><imgdir name="22"><int name="x1" value="496"/><int name="y1" value="561"/><int name="x2" value="541"/><int name="y2" value="561"/><int name="prev" value="0"/><int name="next" value="0"/></imgdir></imgdir></imgdir><imgdir name="5"><imgdir name="0"><imgdir name="23"><int name="x1" value="-39"/><int name="y1" value="593"/><int name="x2" value="55"/><int name="y2" value="593"/><int name="prev" value="37"/><int name="next" value="24"/></imgdir><imgdir name="24"><int name="x1" value="55"/><int name="y1" value="593"/><int name="x2" value="144"/><int name="y2" value="593"/><int name="prev" value="23"/><int name="next" value="25"/></imgdir><imgdir name="25"><int name="x1" value="144"/><int name="y1" value="593"/><int name="x2" value="231"/><int name="y2" value="593"/><int name="prev" value="24"/><int name="next" value="26"/></imgdir><imgdir name="26"><int name="x1" value="231"/><int name="y1" value="593"/><int name="x2" value="319"/><int name="y2" value="593"/><int name="prev" value="25"/><int name="next" value="27"/></imgdir><imgdir name="27"><int name="x1" value="319"/><int name="y1" value="593"/><int name="x2" value="408"/><int name="y2" value="593"/><int name="prev" value="26"/><int name="next" value="28"/></imgdir></imgdir><imgdir name="1"><imgdir name="28"><int name="x1" value="408"/><int name="y1" value="593"/><int name="x2" value="498"/><int name="y2" value="593"/><int name="prev" value="27"/><int name="next" value="29"/></imgdir></imgdir><imgdir name="2"><imgdir name="29"><int name="x1" value="498"/><int name="y1" value="593"/><int name="x2" value="588"/><int name="y2" value="593"/><int name="prev" value="28"/><int name="next" value="30"/></imgdir><imgdir name="30"><int name="x1" value="588"/><int name="y1" value="593"/><int name="x2" value="677"/><int name="y2" value="593"/><int name="prev" value="29"/><int name="next" value="31"/></imgdir></imgdir><imgdir name="3"><imgdir name="31"><int name="x1" value="677"/><int name="y1" value="593"/><int name="x2" value="765"/><int name="y2" value="593"/><int name="prev" value="30"/><int name="next" value="33"/></imgdir><imgdir name="32"><int name="x1" value="765"/><int name="y1" value="593"/><int name="x2" value="750"/><int name="y2" value="593"/><int name="prev" value="0"/><int name="next" value="0"/></imgdir><imgdir name="33"><int name="x1" value="765"/><int name="y1" value="593"/><int name="x2" value="765"/><int name="y2" value="157"/><int name="prev" value="31"/><int name="next" value="0"/></imgdir></imgdir><imgdir name="4"><imgdir name="34"><int name="x1" value="-1192"/><int name="y1" value="222"/><int name="x2" value="-1192"/><int name="y2" value="593"/><int name="prev" value="0"/><int name="next" value="36"/></imgdir><imgdir name="35"><int name="x1" value="-1192"/><int name="y1" value="593"/><int name="x2" value="-1192"/><int name="y2" value="594"/><int name="prev" value="34"/><int name="next" value="0"/></imgdir><imgdir name="36"><int name="x1" value="-1192"/><int name="y1" value="593"/><int name="x2" value="-1108"/><int name="y2" value="593"/><int name="prev" value="34"/><int name="next" value="48"/></imgdir></imgdir><imgdir name="5"><imgdir name="37"><int name="x1" value="-129"/><int name="y1" value="593"/><int name="x2" value="-39"/><int name="y2" value="593"/><int name="prev" value="38"/><int name="next" value="23"/></imgdir><imgdir name="38"><int name="x1" value="-218"/><int name="y1" value="593"/><int name="x2" value="-129"/><int name="y2" value="593"/><int name="prev" value="39"/><int name="next" value="37"/></imgdir><imgdir name="39"><int name="x1" value="-307"/><int name="y1" value="593"/><int name="x2" value="-218"/><int name="y2" value="593"/><int name="prev" value="40"/><int name="next" value="38"/></imgdir><imgdir name="40"><int name="x1" value="-396"/><int name="y1" value="593"/><int name="x2" value="-307"/><int name="y2" value="593"/><int name="prev" value="41"/><int name="next" value="39"/></imgdir></imgdir><imgdir name="6"><imgdir name="41"><int name="x1" value="-486"/><int name="y1" value="593"/><int name="x2" value="-396"/><int name="y2" value="593"/><int name="prev" value="42"/><int name="next" value="40"/></imgdir></imgdir><imgdir name="7"><imgdir name="42"><int name="x1" value="-576"/><int name="y1" value="593"/><int name="x2" value="-486"/><int name="y2" value="593"/><int name="prev" value="43"/><int name="next" value="41"/></imgdir><imgdir name="43"><int name="x1" value="-665"/><int name="y1" value="593"/><int name="x2" value="-576"/><int name="y2" value="593"/><int name="prev" value="44"/><int name="next" value="42"/></imgdir><imgdir name="44"><int name="x1" value="-754"/><int name="y1" value="593"/><int name="x2" value="-665"/><int name="y2" value="593"/><int name="prev" value="45"/><int name="next" value="43"/></imgdir><imgdir name="45"><int name="x1" value="-843"/><int name="y1" value="593"/><int name="x2" value="-754"/><int name="y2" value="593"/><int name="prev" value="46"/><int name="next" value="44"/></imgdir><imgdir name="46"><int name="x1" value="-932"/><int name="y1" value="593"/><int name="x2" value="-843"/><int name="y2" value="593"/><int name="prev" value="47"/><int name="next" value="45"/></imgdir><imgdir name="47"><int name="x1" value="-1021"/><int name="y1" value="593"/><int name="x2" value="-932"/><int name="y2" value="593"/><int name="prev" value="48"/><int name="next" value="46"/></imgdir><imgdir name="48"><int name="x1" value="-1108"/><int name="y1" value="593"/><int name="x2" value="-1021"/><int name="y2" value="593"/><int name="prev" value="36"/><int name="next" value="47"/></imgdir></imgdir></imgdir></imgdir><imgdir name="ladderRope"></imgdir><imgdir name="miniMap"><canvas name="canvas" width="146" height="49"></canvas><int name="width" value="2350"/><int name="height" value="790"/><int name="centerX" value="1336"/><int name="centerY" value="84"/><int name="mag" value="4"/></imgdir><imgdir name="portal"><imgdir name="0"><string name="pn" value="sp"/><int name="pt" value="0"/><int name="x" value="-30"/><int name="y" value="481"/><int name="tm" value="999999999"/><string name="tn" value=""/></imgdir><imgdir name="1"><string name="pn" value="in00"/><int name="pt" value="2"/><int name="x" value="704"/><int name="y" value="595"/><int name="tm" value="702070300"/><string name="tn" value="out00"/></imgdir></imgdir></imgdir>