<?xml version="1.0" encoding="UTF-8" standalone="yes"?><imgdir name="702070200.img"><imgdir name="info"><int name="version" value="10"/><int name="cloud" value="0"/><int name="town" value="0"/><int name="swim" value="0"/><int name="returnMap" value="702100000"/><int name="forcedReturn" value="999999999"/><float name="mobRate" value="1.0"/><string name="bgm" value="BgmCN/shaolin_cangjingge"/><string name="mapMark" value="None"/><int name="hideMinimap" value="0"/><int name="fieldLimit" value="0"/><int name="VRTop" value="25"/><int name="VRLeft" value="-1425"/><int name="VRBottom" value="690"/><int name="VRRight" value="948"/></imgdir><imgdir name="back"><imgdir name="0"><string name="bS" value="ShaolinCN"/><int name="front" value="0"/><int name="ani" value="0"/><int name="no" value="12"/><int name="f" value="0"/><int name="x" value="-27"/><int name="y" value="-62"/><int name="rx" value="0"/><int name="ry" value="0"/><int name="type" value="1"/><int name="cx" value="0"/><int name="cy" value="0"/><int name="a" value="255"/></imgdir><imgdir name="1"><string name="bS" value="ShaolinCN"/><int name="front" value="0"/><int name="ani" value="0"/><int name="no" value="13"/><int name="f" value="0"/><int name="x" value="9"/><int name="y" value="-135"/><int name="rx" value="0"/><int name="ry" value="0"/><int name="type" value="1"/><int name="cx" value="0"/><int name="cy" value="0"/><int name="a" value="255"/></imgdir><imgdir name="2"><string name="bS" value="ShaolinCN"/><int name="front" value="0"/><int name="ani" value="0"/><int name="no" value="14"/><int name="f" value="0"/><int name="x" value="-31"/><int name="y" value="198"/><int name="rx" value="0"/><int name="ry" value="0"/><int name="type" value="1"/><int name="cx" value="0"/><int name="cy" value="0"/><int name="a" value="255"/></imgdir><imgdir name="3"><string name="bS" value="ShaolinCN"/><int name="front" value="0"/><int name="ani" value="0"/><int name="no" value="1"/><int name="f" value="0"/><int name="x" value="44"/><int name="y" value="-59"/><int name="rx" value="0"/><int name="ry" value="0"/><int name="type" value="1"/><int name="cx" value="0"/><int name="cy" value="0"/><int name="a" value="255"/></imgdir><imgdir name="4"><string name="bS" value="ShaolinCN"/><int name="front" value="0"/><int name="ani" value="0"/><int name="no" value="2"/><int name="f" value="0"/><int name="x" value="-274"/><int name="y" value="-75"/><int name="rx" value="0"/><int name="ry" value="0"/><int name="type" value="1"/><int name="cx" value="0"/><int name="cy" value="0"/><int name="a" value="255"/></imgdir><imgdir name="6"><string name="bS" value="ShaolinCN"/><int name="front" value="0"/><int name="ani" value="0"/><int name="no" value="38"/><int name="f" value="0"/><int name="x" value="135"/><int name="y" value="241"/><int name="rx" value="0"/><int name="ry" value="0"/><int name="type" value="0"/><int name="cx" value="0"/><int name="cy" value="0"/><int name="a" value="255"/></imgdir><imgdir name="5"><string name="bS" value="ShaolinCN"/><int name="front" value="0"/><int name="ani" value="0"/><int name="no" value="3"/><int name="f" value="0"/><int name="x" value="-70"/><int name="y" value="-15"/><int name="rx" value="0"/><int name="ry" value="0"/><int name="type" value="1"/><int name="cx" value="0"/><int name="cy" value="0"/><int name="a" value="255"/></imgdir><imgdir name="11"><string name="bS" value="ShaolinCN"/><int name="front" value="0"/><int name="ani" value="0"/><int name="no" value="4"/><int name="f" value="0"/><int name="x" value="-168"/><int name="y" value="256"/><int name="rx" value="0"/><int name="ry" value="0"/><int name="type" value="0"/><int name="cx" value="0"/><int name="cy" value="0"/><int name="a" value="255"/></imgdir><imgdir name="12"><string name="bS" value="ShaolinCN"/><int name="front" value="0"/><int name="ani" value="0"/><int name="no" value="35"/><int name="f" value="1"/><int name="x" value="-711"/><int name="y" value="-72"/><int name="rx" value="3"/><int name="ry" value="-18"/><int name="type" value="4"/><int name="cx" value="800"/><int name="cy" value="0"/><int name="a" value="255"/></imgdir><imgdir name="13"><string name="bS" value="ShaolinCN"/><int name="front" value="0"/><int name="ani" value="0"/><int name="no" value="7"/><int name="f" value="0"/><int name="x" value="86"/><int name="y" value="252"/><int name="rx" value="0"/><int name="ry" value="0"/><int name="type" value="0"/><int name="cx" value="0"/><int name="cy" value="0"/><int name="a" value="255"/></imgdir><imgdir name="8"><string name="bS" value="ShaolinCN"/><int name="front" value="0"/><int name="ani" value="0"/><int name="no" value="2"/><int name="f" value="0"/><int name="x" value="-8"/><int name="y" value="47"/><int name="rx" value="0"/><int name="ry" value="0"/><int name="type" value="0"/><int name="cx" value="0"/><int name="cy" value="0"/><int name="a" value="255"/></imgdir><imgdir name="16"><string name="bS" value="ShaolinCN"/><int name="front" value="0"/><int name="ani" value="0"/><int name="no" value="25"/><int name="f" value="1"/><int name="x" value="-118"/><int name="y" value="59"/><int name="rx" value="5"/><int name="ry" value="-18"/><int name="type" value="4"/><int name="cx" value="800"/><int name="cy" value="0"/><int name="a" value="255"/></imgdir><imgdir name="17"><string name="bS" value="ShaolinCN"/><int name="front" value="0"/><int name="ani" value="0"/><int name="no" value="26"/><int name="f" value="1"/><int name="x" value="73"/><int name="y" value="27"/><int name="rx" value="5"/><int name="ry" value="-18"/><int name="type" value="4"/><int name="cx" value="1000"/><int name="cy" value="0"/><int name="a" value="255"/></imgdir><imgdir name="18"><string name="bS" value="ShaolinCN"/><int name="front" value="0"/><int name="ani" value="0"/><int name="no" value="34"/><int name="f" value="1"/><int name="x" value="-172"/><int name="y" value="-181"/><int name="rx" value="3"/><int name="ry" value="-18"/><int name="type" value="4"/><int name="cx" value="800"/><int name="cy" value="0"/><int name="a" value="255"/></imgdir><imgdir name="15"><string name="bS" value="ShaolinCN"/><int name="front" value="0"/><int name="ani" value="0"/><int name="no" value="34"/><int name="f" value="1"/><int name="x" value="-70"/><int name="y" value="207"/><int name="rx" value="3"/><int name="ry" value="-18"/><int name="type" value="4"/><int name="cx" value="800"/><int name="cy" value="0"/><int name="a" value="255"/></imgdir><imgdir name="19"><string name="bS" value="ShaolinCN"/><int name="front" value="0"/><int name="ani" value="0"/><int name="no" value="31"/><int name="f" value="1"/><int name="x" value="58"/><int name="y" value="-69"/><int name="rx" value="6"/><int name="ry" value="-18"/><int name="type" value="4"/><int name="cx" value="800"/><int name="cy" value="0"/><int name="a" value="255"/></imgdir><imgdir name="9"><string name="bS" value="ShaolinCN"/><int name="front" value="0"/><int name="ani" value="0"/><int name="no" value="32"/><int name="f" value="1"/><int name="x" value="-162"/><int name="y" value="-153"/><int name="rx" value="3"/><int name="ry" value="-18"/><int name="type" value="4"/><int name="cx" value="1000"/><int name="cy" value="0"/><int name="a" value="255"/></imgdir><imgdir name="20"><string name="bS" value="ShaolinCN"/><int name="front" value="0"/><int name="ani" value="0"/><int name="no" value="18"/><int name="f" value="0"/><int name="x" value="-715"/><int name="y" value="386"/><int name="rx" value="1"/><int name="ry" value="-100"/><int name="type" value="4"/><int name="cx" value="800"/><int name="cy" value="0"/><int name="a" value="255"/></imgdir><imgdir name="21"><string name="bS" value="ShaolinCN"/><int name="front" value="0"/><int name="ani" value="0"/><int name="no" value="23"/><int name="f" value="1"/><int name="x" value="-4"/><int name="y" value="206"/><int name="rx" value="5"/><int name="ry" value="-18"/><int name="type" value="4"/><int name="cx" value="1000"/><int name="cy" value="0"/><int name="a" value="255"/></imgdir><imgdir name="22"><string name="bS" value="ShaolinCN"/><int name="front" value="0"/><int name="ani" value="0"/><int name="no" value="10"/><int name="f" value="0"/><int name="x" value="-344"/><int name="y" value="285"/><int name="rx" value="0"/><int name="ry" value="0"/><int name="type" value="0"/><int name="cx" value="0"/><int name="cy" value="0"/><int name="a" value="255"/></imgdir><imgdir name="23"><string name="bS" value="ShaolinCN"/><int name="front" value="0"/><int name="ani" value="0"/><int name="no" value="11"/><int name="f" value="0"/><int name="x" value="293"/><int name="y" value="314"/><int name="rx" value="0"/><int name="ry" value="0"/><int name="type" value="0"/><int name="cx" value="0"/><int name="cy" value="0"/><int name="a" value="255"/></imgdir><imgdir name="10"><string name="bS" value="ShaolinCN"/><int name="front" value="0"/><int name="ani" value="0"/><int name="no" value="27"/><int name="f" value="1"/><int name="x" value="-497"/><int name="y" value="-169"/><int name="rx" value="3"/><int name="ry" value="-18"/><int name="type" value="4"/><int name="cx" value="800"/><int name="cy" value="0"/><int name="a" value="255"/></imgdir><imgdir name="7"><string name="bS" value="ShaolinCN"/><int name="front" value="0"/><int name="ani" value="0"/><int name="no" value="3"/><int name="f" value="0"/><int name="x" value="24"/><int name="y" value="82"/><int name="rx" value="0"/><int name="ry" value="0"/><int name="type" value="0"/><int name="cx" value="0"/><int name="cy" value="0"/><int name="a" value="255"/></imgdir><imgdir name="14"><string name="bS" value="ShaolinCN"/><int name="front" value="0"/><int name="ani" value="0"/><int name="no" value="40"/><int name="f" value="0"/><int name="x" value="-44"/><int name="y" value="319"/><int name="rx" value="0"/><int name="ry" value="0"/><int name="type" value="0"/><int name="cx" value="0"/><int name="cy" value="0"/><int name="a" value="255"/></imgdir><imgdir name="24"><string name="bS" value="ShaolinCN"/><int name="front" value="0"/><int name="ani" value="0"/><int name="no" value="17"/><int name="f" value="1"/><int name="x" value="220"/><int name="y" value="527"/><int name="rx" value="3"/><int name="ry" value="-100"/><int name="type" value="4"/><int name="cx" value="1000"/><int name="cy" value="0"/><int name="a" value="255"/></imgdir><imgdir name="25"><string name="bS" value="ShaolinCN"/><int name="front" value="0"/><int name="ani" value="0"/><int name="no" value="26"/><int name="f" value="1"/><int name="x" value="-120"/><int name="y" value="148"/><int name="rx" value="7"/><int name="ry" value="-20"/><int name="type" value="4"/><int name="cx" value="1000"/><int name="cy" value="0"/><int name="a" value="255"/></imgdir><imgdir name="26"><string name="bS" value="ShaolinCN"/><int name="front" value="0"/><int name="ani" value="0"/><int name="no" value="31"/><int name="f" value="1"/><int name="x" value="-262"/><int name="y" value="85"/><int name="rx" value="7"/><int name="ry" value="-20"/><int name="type" value="4"/><int name="cx" value="1000"/><int name="cy" value="0"/><int name="a" value="255"/></imgdir><imgdir name="27"><string name="bS" value="ShaolinCN"/><int name="front" value="0"/><int name="ani" value="0"/><int name="no" value="20"/><int name="f" value="1"/><int name="x" value="-191"/><int name="y" value="533"/><int name="rx" value="6"/><int name="ry" value="-100"/><int name="type" value="4"/><int name="cx" value="0"/><int name="cy" value="0"/><int name="a" value="255"/></imgdir></imgdir><imgdir name="life"><imgdir name="0"><string name="type" value="m"/><string name="id" value="9600022"/><int name="x" value="-386"/><int name="y" value="589"/><int name="mobTime" value="0"/><int name="f" value="0"/><int name="hide" value="0"/><int name="fh" value="61"/><int name="cy" value="608"/><int name="rx0" value="-386"/><int name="rx1" value="34"/></imgdir><imgdir name="1"><string name="type" value="m"/><string name="id" value="9600022"/><int name="x" value="-216"/><int name="y" value="271"/><int name="mobTime" value="0"/><int name="f" value="0"/><int name="hide" value="0"/><int name="fh" value="74"/><int name="cy" value="277"/><int name="rx0" value="-483"/><int name="rx1" value="-163"/></imgdir><imgdir name="2"><string name="type" value="m"/><string name="id" value="9600022"/><int name="x" value="561"/><int name="y" value="599"/><int name="mobTime" value="0"/><int name="f" value="0"/><int name="hide" value="0"/><int name="fh" value="53"/><int name="cy" value="608"/><int name="rx0" value="524"/><int name="rx1" value="574"/></imgdir><imgdir name="3"><string name="type" value="m"/><string name="id" value="9600022"/><int name="x" value="706"/><int name="y" value="267"/><int name="mobTime" value="0"/><int name="f" value="0"/><int name="hide" value="0"/><int name="fh" value="83"/><int name="cy" value="277"/><int name="rx0" value="669"/><int name="rx1" value="715"/></imgdir><imgdir name="4"><string name="type" value="m"/><string name="id" value="9600024"/><int name="x" value="-1192"/><int name="y" value="268"/><int name="mobTime" value="0"/><int name="f" value="0"/><int name="hide" value="0"/><int name="fh" value="93"/><int name="cy" value="277"/><int name="rx0" value="-1192"/><int name="rx1" value="-1139"/></imgdir><imgdir name="5"><string name="type" value="m"/><string name="id" value="9600022"/><int name="x" value="-1137"/><int name="y" value="597"/><int name="mobTime" value="0"/><int name="f" value="0"/><int name="hide" value="0"/><int name="fh" value="70"/><int name="cy" value="608"/><int name="rx0" value="-1267"/><int name="rx1" value="-1040"/></imgdir><imgdir name="6"><string name="type" value="m"/><string name="id" value="9600024"/><int name="x" value="-525"/><int name="y" value="268"/><int name="mobTime" value="0"/><int name="f" value="0"/><int name="hide" value="0"/><int name="fh" value="86"/><int name="cy" value="277"/><int name="rx0" value="-573"/><int name="rx1" value="-523"/></imgdir><imgdir name="7"><string name="type" value="m"/><string name="id" value="9600024"/><int name="x" value="219"/><int name="y" value="597"/><int name="mobTime" value="0"/><int name="f" value="0"/><int name="hide" value="0"/><int name="fh" value="49"/><int name="cy" value="608"/><int name="rx0" value="164"/><int name="rx1" value="219"/></imgdir><imgdir name="8"><string name="type" value="m"/><string name="id" value="9600024"/><int name="x" value="278"/><int name="y" value="144"/><int name="mobTime" value="0"/><int name="f" value="0"/><int name="hide" value="0"/><int name="fh" value="30"/><int name="cy" value="147"/><int name="rx0" value="132"/><int name="rx1" value="322"/></imgdir><imgdir name="9"><string name="type" value="m"/><string name="id" value="9600023"/><int name="x" value="-904"/><int name="y" value="412"/><int name="mobTime" value="0"/><int name="f" value="0"/><int name="hide" value="0"/><int name="fh" value="112"/><int name="cy" value="415"/><int name="rx0" value="-1024"/><int name="rx1" value="-416"/></imgdir><imgdir name="10"><string name="type" value="m"/><string name="id" value="9600020"/><int name="x" value="641"/><int name="y" value="469"/><int name="mobTime" value="0"/><int name="f" value="0"/><int name="hide" value="0"/><int name="fh" value="37"/><int name="cy" value="474"/><int name="rx0" value="554"/><int name="rx1" value="718"/></imgdir><imgdir name="11"><string name="type" value="n"/><string name="id" value="9310046"/><int name="x" value="79"/><int name="y" value="597"/><int name="mobTime" value="0"/><int name="f" value="0"/><int name="hide" value="0"/><int name="fh" value="48"/><int name="cy" value="608"/><int name="rx0" value="74"/><int name="rx1" value="124"/></imgdir></imgdir><imgdir name="reactor"></imgdir><imgdir name="0"><imgdir name="info"></imgdir><imgdir name="tile"></imgdir><imgdir name="obj"><imgdir name="0"><string name="oS" value="ShaolinCN"/><string name="l0" value="house03"/><string name="l1" value="base"/><string name="l2" value="0"/><int name="x" value="-27"/><int name="y" value="473"/><int name="z" value="9"/><int name="f" value="0"/><int name="zM" value="12"/><int name="r" value="0"/></imgdir><imgdir name="1"><string name="oS" value="ShaolinCN"/><string name="l0" value="house03"/><string name="l1" value="base"/><string name="l2" value="0"/><int name="x" value="-422"/><int name="y" value="474"/><int name="z" value="9"/><int name="f" value="0"/><int name="zM" value="12"/><int name="r" value="0"/></imgdir><imgdir name="2"><string name="oS" value="ShaolinCN"/><string name="l0" value="house03"/><string name="l1" value="base"/><string name="l2" value="0"/><int name="x" value="341"/><int name="y" value="473"/><int name="z" value="9"/><int name="f" value="0"/><int name="zM" value="12"/><int name="r" value="0"/></imgdir><imgdir name="3"><string name="oS" value="ShaolinCN"/><string name="l0" value="house03"/><string name="l1" value="base"/><string name="l2" value="0"/><int name="x" value="671"/><int name="y" value="475"/><int name="z" value="9"/><int name="f" value="0"/><int name="zM" value="12"/><int name="r" value="0"/></imgdir><imgdir name="4"><string name="oS" value="ShaolinCN"/><string name="l0" value="house03"/><string name="l1" value="base"/><string name="l2" value="0"/><int name="x" value="-797"/><int name="y" value="474"/><int name="z" value="9"/><int name="f" value="0"/><int name="zM" value="12"/><int name="r" value="0"/></imgdir></imgdir></imgdir><imgdir name="1"><imgdir name="info"></imgdir><imgdir name="tile"></imgdir><imgdir name="obj"><imgdir name="1"><string name="oS" value="ShaolinCN"/><string name="l0" value="house15"/><string name="l1" value="base"/><string name="l2" value="15"/><int name="x" value="-412"/><int name="y" value="472"/><int name="z" value="9"/><int name="f" value="0"/><int name="zM" value="19"/><int name="r" value="0"/></imgdir><imgdir name="2"><string name="oS" value="ShaolinCN"/><string name="l0" value="house15"/><string name="l1" value="base"/><string name="l2" value="17"/><int name="x" value="-1"/><int name="y" value="472"/><int name="z" value="9"/><int name="f" value="0"/><int name="zM" value="19"/><int name="r" value="0"/></imgdir><imgdir name="3"><string name="oS" value="ShaolinCN"/><string name="l0" value="house15"/><string name="l1" value="base"/><string name="l2" value="16"/><int name="x" value="-823"/><int name="y" value="472"/><int name="z" value="9"/><int name="f" value="0"/><int name="zM" value="17"/><int name="r" value="0"/></imgdir><imgdir name="0"><string name="oS" value="ShaolinCN"/><string name="l0" value="house15"/><string name="l1" value="base"/><string name="l2" value="14"/><int name="x" value="-1225"/><int name="y" value="472"/><int name="z" value="9"/><int name="f" value="0"/><int name="zM" value="17"/><int name="r" value="0"/></imgdir><imgdir name="4"><string name="oS" value="ShaolinCN"/><string name="l0" value="house15"/><string name="l1" value="base"/><string name="l2" value="17"/><int name="x" value="410"/><int name="y" value="472"/><int name="z" value="9"/><int name="f" value="0"/><int name="zM" value="19"/><int name="r" value="0"/></imgdir><imgdir name="6"><string name="oS" value="ShaolinCN"/><string name="l0" value="house15"/><string name="l1" value="base"/><string name="l2" value="14"/><int name="x" value="-1231"/><int name="y" value="144"/><int name="z" value="9"/><int name="f" value="0"/><int name="zM" value="50"/><int name="r" value="0"/></imgdir><imgdir name="7"><string name="oS" value="ShaolinCN"/><string name="l0" value="house15"/><string name="l1" value="base"/><string name="l2" value="15"/><int name="x" value="-820"/><int name="y" value="144"/><int name="z" value="9"/><int name="f" value="0"/><int name="zM" value="50"/><int name="r" value="0"/></imgdir><imgdir name="8"><string name="oS" value="ShaolinCN"/><string name="l0" value="house15"/><string name="l1" value="base"/><string name="l2" value="16"/><int name="x" value="-408"/><int name="y" value="144"/><int name="z" value="9"/><int name="f" value="0"/><int name="zM" value="51"/><int name="r" value="0"/></imgdir><imgdir name="9"><string name="oS" value="ShaolinCN"/><string name="l0" value="house15"/><string name="l1" value="base"/><string name="l2" value="15"/><int name="x" value="4"/><int name="y" value="144"/><int name="z" value="9"/><int name="f" value="0"/><int name="zM" value="46"/><int name="r" value="0"/></imgdir><imgdir name="10"><string name="oS" value="ShaolinCN"/><string name="l0" value="house15"/><string name="l1" value="base"/><string name="l2" value="17"/><int name="x" value="416"/><int name="y" value="145"/><int name="z" value="9"/><int name="f" value="0"/><int name="zM" value="43"/><int name="r" value="0"/></imgdir><imgdir name="11"><string name="oS" value="ShaolinCN"/><string name="l0" value="house15"/><string name="l1" value="base"/><string name="l2" value="18"/><int name="x" value="827"/><int name="y" value="145"/><int name="z" value="9"/><int name="f" value="0"/><int name="zM" value="43"/><int name="r" value="0"/></imgdir><imgdir name="12"><string name="oS" value="ShaolinCN"/><string name="l0" value="house15"/><string name="l1" value="base"/><string name="l2" value="10"/><int name="x" value="235"/><int name="y" value="144"/><int name="z" value="9"/><int name="f" value="0"/><int name="zM" value="46"/><int name="r" value="0"/></imgdir><imgdir name="13"><string name="oS" value="ShaolinCN"/><string name="l0" value="house15"/><string name="l1" value="base"/><string name="l2" value="10"/><int name="x" value="-396"/><int name="y" value="210"/><int name="z" value="9"/><int name="f" value="0"/><int name="zM" value="51"/><int name="r" value="0"/></imgdir><imgdir name="14"><string name="oS" value="ShaolinCN"/><string name="l0" value="house15"/><string name="l1" value="base"/><string name="l2" value="11"/><int name="x" value="-454"/><int name="y" value="175"/><int name="z" value="9"/><int name="f" value="0"/><int name="zM" value="51"/><int name="r" value="0"/></imgdir><imgdir name="5"><string name="oS" value="ShaolinCN"/><string name="l0" value="house15"/><string name="l1" value="base"/><string name="l2" value="18"/><int name="x" value="821"/><int name="y" value="472"/><int name="z" value="9"/><int name="f" value="0"/><int name="zM" value="19"/><int name="r" value="0"/></imgdir><imgdir name="15"><string name="oS" value="ShaolinCN"/><string name="l0" value="house15"/><string name="l1" value="base"/><string name="l2" value="10"/><int name="x" value="-1178"/><int name="y" value="358"/><int name="z" value="9"/><int name="f" value="0"/><int name="zM" value="17"/><int name="r" value="0"/></imgdir><imgdir name="16"><string name="oS" value="ShaolinCN"/><string name="l0" value="house15"/><string name="l1" value="base"/><string name="l2" value="31"/><int name="x" value="-1307"/><int name="y" value="572"/><int name="z" value="9"/><int name="f" value="0"/><int name="zM" value="17"/><int name="r" value="0"/></imgdir><imgdir name="17"><string name="oS" value="ShaolinCN"/><string name="l0" value="house15"/><string name="l1" value="base"/><string name="l2" value="24"/><int name="x" value="106"/><int name="y" value="215"/><int name="z" value="9"/><int name="f" value="0"/><int name="zM" value="46"/><int name="r" value="0"/></imgdir></imgdir></imgdir><imgdir name="2"><imgdir name="info"></imgdir><imgdir name="tile"></imgdir><imgdir name="obj"><imgdir name="1"><string name="oS" value="ShaolinCN"/><string name="l0" value="house15"/><string name="l1" value="base"/><string name="l2" value="3"/><int name="x" value="-798"/><int name="y" value="483"/><int name="z" value="9"/><int name="f" value="0"/><int name="zM" value="20"/><int name="r" value="0"/></imgdir><imgdir name="3"><string name="oS" value="ShaolinCN"/><string name="l0" value="house15"/><string name="l1" value="base"/><string name="l2" value="6"/><int name="x" value="-67"/><int name="y" value="537"/><int name="z" value="9"/><int name="f" value="0"/><int name="zM" value="18"/><int name="r" value="0"/></imgdir><imgdir name="4"><string name="oS" value="ShaolinCN"/><string name="l0" value="house15"/><string name="l1" value="base"/><string name="l2" value="3"/><int name="x" value="369"/><int name="y" value="487"/><int name="z" value="9"/><int name="f" value="0"/><int name="zM" value="15"/><int name="r" value="0"/></imgdir><imgdir name="5"><string name="oS" value="ShaolinCN"/><string name="l0" value="house15"/><string name="l1" value="base"/><string name="l2" value="0"/><int name="x" value="-1029"/><int name="y" value="157"/><int name="z" value="9"/><int name="f" value="0"/><int name="zM" value="44"/><int name="r" value="0"/></imgdir><imgdir name="8"><string name="oS" value="ShaolinCN"/><string name="l0" value="house15"/><string name="l1" value="base"/><string name="l2" value="2"/><int name="x" value="-80"/><int name="y" value="157"/><int name="z" value="9"/><int name="f" value="0"/><int name="zM" value="49"/><int name="r" value="0"/></imgdir><imgdir name="6"><string name="oS" value="ShaolinCN"/><string name="l0" value="house15"/><string name="l1" value="base"/><string name="l2" value="26"/><int name="x" value="-423"/><int name="y" value="242"/><int name="z" value="9"/><int name="f" value="0"/><int name="zM" value="47"/><int name="r" value="0"/></imgdir><imgdir name="9"><string name="oS" value="ShaolinCN"/><string name="l0" value="house15"/><string name="l1" value="base"/><string name="l2" value="24"/><int name="x" value="247"/><int name="y" value="543"/><int name="z" value="9"/><int name="f" value="0"/><int name="zM" value="15"/><int name="r" value="0"/></imgdir><imgdir name="12"><string name="oS" value="ShaolinCN"/><string name="l0" value="house15"/><string name="l1" value="base"/><string name="l2" value="9"/><int name="x" value="-537"/><int name="y" value="440"/><int name="z" value="9"/><int name="f" value="0"/><int name="zM" value="24"/><int name="r" value="0"/></imgdir><imgdir name="13"><string name="oS" value="ShaolinCN"/><string name="l0" value="house15"/><string name="l1" value="base"/><string name="l2" value="11"/><int name="x" value="-445"/><int name="y" value="427"/><int name="z" value="9"/><int name="f" value="0"/><int name="zM" value="23"/><int name="r" value="0"/></imgdir><imgdir name="14"><string name="oS" value="ShaolinCN"/><string name="l0" value="house15"/><string name="l1" value="base"/><string name="l2" value="25"/><int name="x" value="-1156"/><int name="y" value="215"/><int name="z" value="9"/><int name="f" value="0"/><int name="zM" value="44"/><int name="r" value="0"/></imgdir><imgdir name="11"><string name="oS" value="ShaolinCN"/><string name="l0" value="house15"/><string name="l1" value="base"/><string name="l2" value="7"/><int name="x" value="-703"/><int name="y" value="180"/><int name="z" value="9"/><int name="f" value="0"/><int name="zM" value="52"/><int name="r" value="0"/></imgdir><imgdir name="10"><string name="oS" value="ShaolinCN"/><string name="l0" value="house15"/><string name="l1" value="base"/><string name="l2" value="1"/><int name="x" value="648"/><int name="y" value="158"/><int name="z" value="9"/><int name="f" value="0"/><int name="zM" value="45"/><int name="r" value="0"/></imgdir><imgdir name="7"><string name="oS" value="ShaolinCN"/><string name="l0" value="house15"/><string name="l1" value="base"/><string name="l2" value="24"/><int name="x" value="-1140"/><int name="y" value="216"/><int name="z" value="9"/><int name="f" value="0"/><int name="zM" value="44"/><int name="r" value="0"/></imgdir><imgdir name="15"><string name="oS" value="ShaolinCN"/><string name="l0" value="house15"/><string name="l1" value="base"/><string name="l2" value="26"/><int name="x" value="249"/><int name="y" value="117"/><int name="z" value="9"/><int name="f" value="0"/><int name="zM" value="54"/><int name="r" value="0"/></imgdir><imgdir name="2"><string name="oS" value="ShaolinCN"/><string name="l0" value="house15"/><string name="l1" value="base"/><string name="l2" value="9"/><int name="x" value="162"/><int name="y" value="115"/><int name="z" value="9"/><int name="f" value="0"/><int name="zM" value="55"/><int name="r" value="0"/></imgdir><imgdir name="0"><string name="oS" value="ShaolinCN"/><string name="l0" value="house15"/><string name="l1" value="base"/><string name="l2" value="10"/><int name="x" value="678"/><int name="y" value="464"/><int name="z" value="9"/><int name="f" value="0"/><int name="zM" value="22"/><int name="r" value="0"/></imgdir><imgdir name="16"><string name="oS" value="ShaolinCN"/><string name="l0" value="house15"/><string name="l1" value="base"/><string name="l2" value="38"/><int name="x" value="-247"/><int name="y" value="457"/><int name="z" value="9"/><int name="f" value="0"/><int name="zM" value="21"/><int name="r" value="0"/></imgdir><imgdir name="17"><string name="oS" value="ShaolinCN"/><string name="l0" value="house15"/><string name="l1" value="base"/><string name="l2" value="34"/><int name="x" value="-573"/><int name="y" value="135"/><int name="z" value="9"/><int name="f" value="0"/><int name="zM" value="52"/><int name="r" value="0"/></imgdir><imgdir name="18"><string name="oS" value="ShaolinCN"/><string name="l0" value="house15"/><string name="l1" value="base"/><string name="l2" value="36"/><int name="x" value="-1305"/><int name="y" value="211"/><int name="z" value="9"/><int name="f" value="0"/><int name="zM" value="48"/><int name="r" value="0"/></imgdir><imgdir name="19"><string name="oS" value="ShaolinCN"/><string name="l0" value="house15"/><string name="l1" value="base"/><string name="l2" value="33"/><int name="x" value="843"/><int name="y" value="248"/><int name="z" value="9"/><int name="f" value="0"/><int name="zM" value="53"/><int name="r" value="0"/></imgdir><imgdir name="20"><string name="oS" value="ShaolinCN"/><string name="l0" value="house15"/><string name="l1" value="base"/><string name="l2" value="32"/><int name="x" value="854"/><int name="y" value="203"/><int name="z" value="9"/><int name="f" value="0"/><int name="zM" value="53"/><int name="r" value="0"/></imgdir></imgdir></imgdir><imgdir name="3"><imgdir name="info"></imgdir><imgdir name="tile"></imgdir><imgdir name="obj"><imgdir name="0"><string name="oS" value="ShaolinCN"/><string name="l0" value="house15"/><string name="l1" value="base"/><string name="l2" value="4"/><int name="x" value="228"/><int name="y" value="212"/><int name="z" value="9"/><int name="f" value="0"/><int name="zM" value="42"/><int name="r" value="0"/></imgdir><imgdir name="1"><string name="oS" value="ShaolinCN"/><string name="l0" value="house15"/><string name="l1" value="base"/><string name="l2" value="5"/><int name="x" value="-499"/><int name="y" value="538"/><int name="z" value="9"/><int name="f" value="0"/><int name="zM" value="14"/><int name="r" value="0"/></imgdir><imgdir name="2"><string name="oS" value="ShaolinCN"/><string name="l0" value="house15"/><string name="l1" value="base"/><string name="l2" value="6"/><int name="x" value="638"/><int name="y" value="539"/><int name="z" value="9"/><int name="f" value="0"/><int name="zM" value="13"/><int name="r" value="0"/></imgdir></imgdir></imgdir><imgdir name="4"><imgdir name="info"></imgdir><imgdir name="tile"></imgdir><imgdir name="obj"><imgdir name="0"><string name="oS" value="ShaolinCN"/><string name="l0" value="house15"/><string name="l1" value="base"/><string name="l2" value="2"/><int name="x" value="-1103"/><int name="y" value="487"/><int name="z" value="9"/><int name="f" value="0"/><int name="zM" value="16"/><int name="r" value="0"/></imgdir><imgdir name="1"><string name="oS" value="ShaolinCN"/><string name="l0" value="house15"/><string name="l1" value="base"/><string name="l2" value="30"/><int name="x" value="476"/><int name="y" value="172"/><int name="z" value="9"/><int name="f" value="0"/><int name="zM" value="41"/><int name="r" value="0"/></imgdir></imgdir></imgdir><imgdir name="5"><imgdir name="info"></imgdir><imgdir name="tile"></imgdir><imgdir name="obj"><imgdir name="0"><string name="oS" value="ShaolinCN"/><string name="l0" value="house15"/><string name="l1" value="base"/><string name="l2" value="22"/><int name="x" value="7"/><int name="y" value="637"/><int name="z" value="9"/><int name="f" value="0"/><int name="zM" value="7"/><int name="r" value="0"/></imgdir><imgdir name="1"><string name="oS" value="ShaolinCN"/><string name="l0" value="house15"/><string name="l1" value="base"/><string name="l2" value="21"/><int name="x" value="97"/><int name="y" value="637"/><int name="z" value="9"/><int name="f" value="0"/><int name="zM" value="1"/><int name="r" value="0"/></imgdir><imgdir name="2"><string name="oS" value="ShaolinCN"/><string name="l0" value="house15"/><string name="l1" value="base"/><string name="l2" value="23"/><int name="x" value="187"/><int name="y" value="637"/><int name="z" value="9"/><int name="f" value="0"/><int name="zM" value="2"/><int name="r" value="0"/></imgdir><imgdir name="3"><string name="oS" value="ShaolinCN"/><string name="l0" value="house15"/><string name="l1" value="base"/><string name="l2" value="21"/><int name="x" value="277"/><int name="y" value="637"/><int name="z" value="9"/><int name="f" value="0"/><int name="zM" value="3"/><int name="r" value="0"/></imgdir><imgdir name="4"><string name="oS" value="ShaolinCN"/><string name="l0" value="house15"/><string name="l1" value="base"/><string name="l2" value="21"/><int name="x" value="367"/><int name="y" value="637"/><int name="z" value="9"/><int name="f" value="0"/><int name="zM" value="4"/><int name="r" value="0"/></imgdir><imgdir name="5"><string name="oS" value="ShaolinCN"/><string name="l0" value="house15"/><string name="l1" value="base"/><string name="l2" value="23"/><int name="x" value="457"/><int name="y" value="637"/><int name="z" value="9"/><int name="f" value="0"/><int name="zM" value="5"/><int name="r" value="0"/></imgdir><imgdir name="6"><string name="oS" value="ShaolinCN"/><string name="l0" value="house15"/><string name="l1" value="base"/><string name="l2" value="23"/><int name="x" value="547"/><int name="y" value="637"/><int name="z" value="9"/><int name="f" value="0"/><int name="zM" value="6"/><int name="r" value="0"/></imgdir><imgdir name="7"><string name="oS" value="ShaolinCN"/><string name="l0" value="house15"/><string name="l1" value="base"/><string name="l2" value="22"/><int name="x" value="637"/><int name="y" value="637"/><int name="z" value="9"/><int name="f" value="0"/><int name="zM" value="0"/><int name="r" value="0"/></imgdir><imgdir name="8"><string name="oS" value="ShaolinCN"/><string name="l0" value="house15"/><string name="l1" value="base"/><string name="l2" value="21"/><int name="x" value="726"/><int name="y" value="637"/><int name="z" value="9"/><int name="f" value="0"/><int name="zM" value="0"/><int name="r" value="0"/></imgdir><imgdir name="9"><string name="oS" value="ShaolinCN"/><string name="l0" value="house15"/><string name="l1" value="base"/><string name="l2" value="22"/><int name="x" value="815"/><int name="y" value="637"/><int name="z" value="9"/><int name="f" value="0"/><int name="zM" value="0"/><int name="r" value="0"/></imgdir><imgdir name="11"><string name="oS" value="ShaolinCN"/><string name="l0" value="house15"/><string name="l1" value="base"/><string name="l2" value="23"/><int name="x" value="-82"/><int name="y" value="637"/><int name="z" value="9"/><int name="f" value="0"/><int name="zM" value="7"/><int name="r" value="0"/></imgdir><imgdir name="12"><string name="oS" value="ShaolinCN"/><string name="l0" value="house15"/><string name="l1" value="base"/><string name="l2" value="21"/><int name="x" value="-171"/><int name="y" value="637"/><int name="z" value="9"/><int name="f" value="0"/><int name="zM" value="7"/><int name="r" value="0"/></imgdir><imgdir name="13"><string name="oS" value="ShaolinCN"/><string name="l0" value="house15"/><string name="l1" value="base"/><string name="l2" value="21"/><int name="x" value="-260"/><int name="y" value="637"/><int name="z" value="9"/><int name="f" value="0"/><int name="zM" value="7"/><int name="r" value="0"/></imgdir><imgdir name="14"><string name="oS" value="ShaolinCN"/><string name="l0" value="house15"/><string name="l1" value="base"/><string name="l2" value="23"/><int name="x" value="-349"/><int name="y" value="637"/><int name="z" value="9"/><int name="f" value="0"/><int name="zM" value="7"/><int name="r" value="0"/></imgdir><imgdir name="15"><string name="oS" value="ShaolinCN"/><string name="l0" value="house15"/><string name="l1" value="base"/><string name="l2" value="22"/><int name="x" value="-439"/><int name="y" value="637"/><int name="z" value="9"/><int name="f" value="0"/><int name="zM" value="8"/><int name="r" value="0"/></imgdir><imgdir name="16"><string name="oS" value="ShaolinCN"/><string name="l0" value="house15"/><string name="l1" value="base"/><string name="l2" value="21"/><int name="x" value="-528"/><int name="y" value="637"/><int name="z" value="9"/><int name="f" value="0"/><int name="zM" value="8"/><int name="r" value="0"/></imgdir><imgdir name="17"><string name="oS" value="ShaolinCN"/><string name="l0" value="house15"/><string name="l1" value="base"/><string name="l2" value="22"/><int name="x" value="-617"/><int name="y" value="637"/><int name="z" value="9"/><int name="f" value="0"/><int name="zM" value="8"/><int name="r" value="0"/></imgdir><imgdir name="18"><string name="oS" value="ShaolinCN"/><string name="l0" value="house15"/><string name="l1" value="base"/><string name="l2" value="23"/><int name="x" value="-706"/><int name="y" value="637"/><int name="z" value="9"/><int name="f" value="0"/><int name="zM" value="8"/><int name="r" value="0"/></imgdir><imgdir name="19"><string name="oS" value="ShaolinCN"/><string name="l0" value="house15"/><string name="l1" value="base"/><string name="l2" value="21"/><int name="x" value="-795"/><int name="y" value="637"/><int name="z" value="9"/><int name="f" value="0"/><int name="zM" value="8"/><int name="r" value="0"/></imgdir><imgdir name="20"><string name="oS" value="ShaolinCN"/><string name="l0" value="house15"/><string name="l1" value="base"/><string name="l2" value="22"/><int name="x" value="-885"/><int name="y" value="637"/><int name="z" value="9"/><int name="f" value="0"/><int name="zM" value="9"/><int name="r" value="0"/></imgdir><imgdir name="21"><string name="oS" value="ShaolinCN"/><string name="l0" value="house15"/><string name="l1" value="base"/><string name="l2" value="23"/><int name="x" value="-973"/><int name="y" value="637"/><int name="z" value="9"/><int name="f" value="0"/><int name="zM" value="9"/><int name="r" value="0"/></imgdir><imgdir name="22"><string name="oS" value="ShaolinCN"/><string name="l0" value="house15"/><string name="l1" value="base"/><string name="l2" value="21"/><int name="x" value="-1063"/><int name="y" value="637"/><int name="z" value="9"/><int name="f" value="0"/><int name="zM" value="10"/><int name="r" value="0"/></imgdir><imgdir name="26"><string name="oS" value="ShaolinCN"/><string name="l0" value="house15"/><string name="l1" value="base"/><string name="l2" value="21"/><int name="x" value="-190"/><int name="y" value="306"/><int name="z" value="9"/><int name="f" value="0"/><int name="zM" value="26"/><int name="r" value="0"/></imgdir><imgdir name="28"><string name="oS" value="ShaolinCN"/><string name="l0" value="house15"/><string name="l1" value="base"/><string name="l2" value="21"/><int name="x" value="67"/><int name="y" value="306"/><int name="z" value="9"/><int name="f" value="0"/><int name="zM" value="27"/><int name="r" value="0"/></imgdir><imgdir name="29"><string name="oS" value="ShaolinCN"/><string name="l0" value="house15"/><string name="l1" value="base"/><string name="l2" value="23"/><int name="x" value="157"/><int name="y" value="306"/><int name="z" value="9"/><int name="f" value="0"/><int name="zM" value="28"/><int name="r" value="0"/></imgdir><imgdir name="30"><string name="oS" value="ShaolinCN"/><string name="l0" value="house15"/><string name="l1" value="base"/><string name="l2" value="21"/><int name="x" value="246"/><int name="y" value="306"/><int name="z" value="9"/><int name="f" value="0"/><int name="zM" value="28"/><int name="r" value="0"/></imgdir><imgdir name="31"><string name="oS" value="ShaolinCN"/><string name="l0" value="house15"/><string name="l1" value="base"/><string name="l2" value="22"/><int name="x" value="335"/><int name="y" value="306"/><int name="z" value="9"/><int name="f" value="0"/><int name="zM" value="28"/><int name="r" value="0"/></imgdir><imgdir name="32"><string name="oS" value="ShaolinCN"/><string name="l0" value="house15"/><string name="l1" value="base"/><string name="l2" value="23"/><int name="x" value="424"/><int name="y" value="306"/><int name="z" value="9"/><int name="f" value="0"/><int name="zM" value="28"/><int name="r" value="0"/></imgdir><imgdir name="33"><string name="oS" value="ShaolinCN"/><string name="l0" value="house15"/><string name="l1" value="base"/><string name="l2" value="22"/><int name="x" value="513"/><int name="y" value="306"/><int name="z" value="9"/><int name="f" value="0"/><int name="zM" value="28"/><int name="r" value="0"/></imgdir><imgdir name="34"><string name="oS" value="ShaolinCN"/><string name="l0" value="house15"/><string name="l1" value="base"/><string name="l2" value="21"/><int name="x" value="602"/><int name="y" value="306"/><int name="z" value="9"/><int name="f" value="0"/><int name="zM" value="28"/><int name="r" value="0"/></imgdir><imgdir name="35"><string name="oS" value="ShaolinCN"/><string name="l0" value="house15"/><string name="l1" value="base"/><string name="l2" value="22"/><int name="x" value="692"/><int name="y" value="306"/><int name="z" value="9"/><int name="f" value="0"/><int name="zM" value="29"/><int name="r" value="0"/></imgdir><imgdir name="10"><string name="oS" value="ShaolinCN"/><string name="l0" value="house15"/><string name="l1" value="base"/><string name="l2" value="22"/><int name="x" value="782"/><int name="y" value="306"/><int name="z" value="9"/><int name="f" value="0"/><int name="zM" value="25"/><int name="r" value="0"/></imgdir><imgdir name="36"><string name="oS" value="ShaolinCN"/><string name="l0" value="house15"/><string name="l1" value="base"/><string name="l2" value="21"/><int name="x" value="-368"/><int name="y" value="306"/><int name="z" value="9"/><int name="f" value="0"/><int name="zM" value="26"/><int name="r" value="0"/></imgdir><imgdir name="37"><string name="oS" value="ShaolinCN"/><string name="l0" value="house15"/><string name="l1" value="base"/><string name="l2" value="22"/><int name="x" value="-456"/><int name="y" value="306"/><int name="z" value="9"/><int name="f" value="0"/><int name="zM" value="26"/><int name="r" value="0"/></imgdir><imgdir name="38"><string name="oS" value="ShaolinCN"/><string name="l0" value="house15"/><string name="l1" value="base"/><string name="l2" value="23"/><int name="x" value="-546"/><int name="y" value="306"/><int name="z" value="9"/><int name="f" value="0"/><int name="zM" value="30"/><int name="r" value="0"/></imgdir><imgdir name="39"><string name="oS" value="ShaolinCN"/><string name="l0" value="house15"/><string name="l1" value="base"/><string name="l2" value="21"/><int name="x" value="-636"/><int name="y" value="306"/><int name="z" value="9"/><int name="f" value="0"/><int name="zM" value="31"/><int name="r" value="0"/></imgdir><imgdir name="40"><string name="oS" value="ShaolinCN"/><string name="l0" value="house15"/><string name="l1" value="base"/><string name="l2" value="22"/><int name="x" value="-726"/><int name="y" value="306"/><int name="z" value="9"/><int name="f" value="0"/><int name="zM" value="32"/><int name="r" value="0"/></imgdir><imgdir name="41"><string name="oS" value="ShaolinCN"/><string name="l0" value="house15"/><string name="l1" value="base"/><string name="l2" value="20"/><int name="x" value="-855"/><int name="y" value="306"/><int name="z" value="9"/><int name="f" value="0"/><int name="zM" value="33"/><int name="r" value="0"/></imgdir><imgdir name="42"><string name="oS" value="ShaolinCN"/><string name="l0" value="house15"/><string name="l1" value="base"/><string name="l2" value="21"/><int name="x" value="-982"/><int name="y" value="306"/><int name="z" value="9"/><int name="f" value="0"/><int name="zM" value="33"/><int name="r" value="0"/></imgdir><imgdir name="43"><string name="oS" value="ShaolinCN"/><string name="l0" value="house15"/><string name="l1" value="base"/><string name="l2" value="22"/><int name="x" value="-1072"/><int name="y" value="306"/><int name="z" value="9"/><int name="f" value="0"/><int name="zM" value="34"/><int name="r" value="0"/></imgdir><imgdir name="44"><string name="oS" value="ShaolinCN"/><string name="l0" value="house15"/><string name="l1" value="base"/><string name="l2" value="23"/><int name="x" value="-1162"/><int name="y" value="306"/><int name="z" value="9"/><int name="f" value="0"/><int name="zM" value="35"/><int name="r" value="0"/></imgdir><imgdir name="47"><string name="oS" value="ShaolinCN"/><string name="l0" value="house15"/><string name="l1" value="base"/><string name="l2" value="28"/><int name="x" value="-1426"/><int name="y" value="275"/><int name="z" value="9"/><int name="f" value="0"/><int name="zM" value="37"/><int name="r" value="0"/></imgdir><imgdir name="45"><string name="oS" value="ShaolinCN"/><string name="l0" value="house15"/><string name="l1" value="base"/><string name="l2" value="29"/><int name="x" value="859"/><int name="y" value="608"/><int name="z" value="9"/><int name="f" value="0"/><int name="zM" value="0"/><int name="r" value="0"/></imgdir><imgdir name="46"><string name="oS" value="ShaolinCN"/><string name="l0" value="house15"/><string name="l1" value="base"/><string name="l2" value="29"/><int name="x" value="952"/><int name="y" value="277"/><int name="z" value="9"/><int name="f" value="0"/><int name="zM" value="36"/><int name="r" value="0"/></imgdir><imgdir name="24"><string name="oS" value="ShaolinCN"/><string name="l0" value="house15"/><string name="l1" value="base"/><string name="l2" value="28"/><int name="x" value="-1426"/><int name="y" value="607"/><int name="z" value="9"/><int name="f" value="0"/><int name="zM" value="11"/><int name="r" value="0"/></imgdir><imgdir name="23"><string name="oS" value="ShaolinCN"/><string name="l0" value="house15"/><string name="l1" value="base"/><string name="l2" value="22"/><int name="x" value="-1152"/><int name="y" value="637"/><int name="z" value="9"/><int name="f" value="0"/><int name="zM" value="10"/><int name="r" value="0"/></imgdir><imgdir name="48"><string name="oS" value="ShaolinCN"/><string name="l0" value="house15"/><string name="l1" value="base"/><string name="l2" value="22"/><int name="x" value="-1240"/><int name="y" value="637"/><int name="z" value="9"/><int name="f" value="0"/><int name="zM" value="10"/><int name="r" value="0"/></imgdir><imgdir name="49"><string name="oS" value="ShaolinCN"/><string name="l0" value="house15"/><string name="l1" value="base"/><string name="l2" value="23"/><int name="x" value="-1252"/><int name="y" value="306"/><int name="z" value="9"/><int name="f" value="0"/><int name="zM" value="38"/><int name="r" value="0"/></imgdir><imgdir name="50"><string name="oS" value="ShaolinCN"/><string name="l0" value="house15"/><string name="l1" value="base"/><string name="l2" value="21"/><int name="x" value="-1341"/><int name="y" value="306"/><int name="z" value="9"/><int name="f" value="0"/><int name="zM" value="38"/><int name="r" value="0"/></imgdir><imgdir name="51"><string name="oS" value="ShaolinCN"/><string name="l0" value="house15"/><string name="l1" value="base"/><string name="l2" value="21"/><int name="x" value="-1382"/><int name="y" value="306"/><int name="z" value="9"/><int name="f" value="0"/><int name="zM" value="37"/><int name="r" value="0"/></imgdir><imgdir name="52"><string name="oS" value="ShaolinCN"/><string name="l0" value="house15"/><string name="l1" value="base"/><string name="l2" value="21"/><int name="x" value="-1330"/><int name="y" value="637"/><int name="z" value="9"/><int name="f" value="0"/><int name="zM" value="11"/><int name="r" value="0"/></imgdir><imgdir name="25"><string name="oS" value="ShaolinCN"/><string name="l0" value="house15"/><string name="l1" value="base"/><string name="l2" value="21"/><int name="x" value="-1380"/><int name="y" value="637"/><int name="z" value="9"/><int name="f" value="0"/><int name="zM" value="11"/><int name="r" value="0"/></imgdir><imgdir name="27"><string name="oS" value="ShaolinCN"/><string name="l0" value="house15"/><string name="l1" value="base"/><string name="l2" value="23"/><int name="x" value="-279"/><int name="y" value="306"/><int name="z" value="9"/><int name="f" value="0"/><int name="zM" value="26"/><int name="r" value="0"/></imgdir><imgdir name="53"><string name="oS" value="ShaolinCN"/><string name="l0" value="house15"/><string name="l1" value="base"/><string name="l2" value="20"/><int name="x" value="-62"/><int name="y" value="306"/><int name="z" value="9"/><int name="f" value="0"/><int name="zM" value="39"/><int name="r" value="0"/></imgdir><imgdir name="54"><string name="oS" value="ShaolinCN"/><string name="l0" value="house15"/><string name="l1" value="base"/><string name="l2" value="22"/><int name="x" value="872"/><int name="y" value="306"/><int name="z" value="9"/><int name="f" value="0"/><int name="zM" value="40"/><int name="r" value="0"/></imgdir><imgdir name="55"><string name="oS" value="ShaolinCN"/><string name="l0" value="house15"/><string name="l1" value="base"/><string name="l2" value="22"/><int name="x" value="962"/><int name="y" value="306"/><int name="z" value="9"/><int name="f" value="0"/><int name="zM" value="36"/><int name="r" value="0"/></imgdir><imgdir name="56"><string name="oS" value="ShaolinCN"/><string name="l0" value="house15"/><string name="l1" value="base"/><string name="l2" value="23"/><int name="x" value="905"/><int name="y" value="638"/><int name="z" value="9"/><int name="f" value="0"/><int name="zM" value="0"/><int name="r" value="0"/></imgdir><imgdir name="57"><string name="oS" value="ShaolinCN"/><string name="l0" value="house15"/><string name="l1" value="base"/><string name="l2" value="30"/><int name="x" value="-901"/><int name="y" value="443"/><int name="z" value="9"/><int name="f" value="0"/><int name="zM" value="8"/><int name="r" value="0"/></imgdir></imgdir></imgdir><imgdir name="6"><imgdir name="info"></imgdir><imgdir name="tile"></imgdir><imgdir name="obj"></imgdir></imgdir><imgdir name="7"><imgdir name="info"></imgdir><imgdir name="tile"></imgdir><imgdir name="obj"></imgdir></imgdir><imgdir name="ToolTip"><imgdir name="0"><int name="x1" value="-970"/><int name="y1" value="361"/><int name="x2" value="-871"/><int name="y2" value="558"/></imgdir><imgdir name="1"><int name="x1" value="428"/><int name="y1" value="35"/><int name="x2" value="541"/><int name="y2" value="217"/></imgdir></imgdir><imgdir name="foothold"><imgdir name="1"><imgdir name="17"><imgdir name="1"><int name="x1" value="-1377"/><int name="y1" value="542"/><int name="x2" value="-1243"/><int name="y2" value="542"/><int name="prev" value="0"/><int name="next" value="0"/></imgdir></imgdir></imgdir><imgdir name="2"><imgdir name="20"><imgdir name="2"><int name="x1" value="-872"/><int name="y1" value="527"/><int name="x2" value="-693"/><int name="y2" value="527"/><int name="prev" value="0"/><int name="next" value="0"/></imgdir><imgdir name="3"><int name="x1" value="-870"/><int name="y1" value="487"/><int name="x2" value="-691"/><int name="y2" value="487"/><int name="prev" value="0"/><int name="next" value="0"/></imgdir><imgdir name="4"><int name="x1" value="-871"/><int name="y1" value="448"/><int name="x2" value="-692"/><int name="y2" value="448"/><int name="prev" value="0"/><int name="next" value="0"/></imgdir></imgdir><imgdir name="55"><imgdir name="5"><int name="x1" value="148"/><int name="y1" value="82"/><int name="x2" value="178"/><int name="y2" value="83"/><int name="prev" value="0"/><int name="next" value="0"/></imgdir></imgdir><imgdir name="18"><imgdir name="6"><int name="x1" value="-171"/><int name="y1" value="472"/><int name="x2" value="33"/><int name="y2" value="472"/><int name="prev" value="0"/><int name="next" value="0"/></imgdir></imgdir><imgdir name="15"><imgdir name="7"><int name="x1" value="295"/><int name="y1" value="531"/><int name="x2" value="474"/><int name="y2" value="531"/><int name="prev" value="0"/><int name="next" value="0"/></imgdir><imgdir name="8"><int name="x1" value="297"/><int name="y1" value="491"/><int name="x2" value="476"/><int name="y2" value="491"/><int name="prev" value="0"/><int name="next" value="0"/></imgdir><imgdir name="9"><int name="x1" value="296"/><int name="y1" value="452"/><int name="x2" value="475"/><int name="y2" value="452"/><int name="prev" value="0"/><int name="next" value="0"/></imgdir></imgdir><imgdir name="44"><imgdir name="10"><int name="x1" value="-1103"/><int name="y1" value="201"/><int name="x2" value="-924"/><int name="y2" value="201"/><int name="prev" value="0"/><int name="next" value="0"/></imgdir><imgdir name="11"><int name="x1" value="-1101"/><int name="y1" value="161"/><int name="x2" value="-922"/><int name="y2" value="161"/><int name="prev" value="0"/><int name="next" value="0"/></imgdir><imgdir name="12"><int name="x1" value="-1102"/><int name="y1" value="122"/><int name="x2" value="-923"/><int name="y2" value="122"/><int name="prev" value="0"/><int name="next" value="0"/></imgdir></imgdir><imgdir name="47"><imgdir name="13"><int name="x1" value="-484"/><int name="y1" value="212"/><int name="x2" value="-360"/><int name="y2" value="212"/><int name="prev" value="0"/><int name="next" value="0"/></imgdir></imgdir><imgdir name="49"><imgdir name="14"><int name="x1" value="-154"/><int name="y1" value="201"/><int name="x2" value="25"/><int name="y2" value="201"/><int name="prev" value="0"/><int name="next" value="0"/></imgdir><imgdir name="15"><int name="x1" value="-152"/><int name="y1" value="161"/><int name="x2" value="27"/><int name="y2" value="161"/><int name="prev" value="0"/><int name="next" value="0"/></imgdir><imgdir name="16"><int name="x1" value="-153"/><int name="y1" value="122"/><int name="x2" value="26"/><int name="y2" value="122"/><int name="prev" value="0"/><int name="next" value="0"/></imgdir></imgdir><imgdir name="45"><imgdir name="17"><int name="x1" value="574"/><int name="y1" value="202"/><int name="x2" value="753"/><int name="y2" value="202"/><int name="prev" value="0"/><int name="next" value="0"/></imgdir><imgdir name="18"><int name="x1" value="576"/><int name="y1" value="162"/><int name="x2" value="755"/><int name="y2" value="162"/><int name="prev" value="0"/><int name="next" value="0"/></imgdir><imgdir name="19"><int name="x1" value="575"/><int name="y1" value="123"/><int name="x2" value="754"/><int name="y2" value="123"/><int name="prev" value="0"/><int name="next" value="0"/></imgdir></imgdir><imgdir name="52"><imgdir name="20"><int name="x1" value="-820"/><int name="y1" value="159"/><int name="x2" value="-616"/><int name="y2" value="159"/><int name="prev" value="0"/><int name="next" value="0"/></imgdir><imgdir name="21"><int name="x1" value="-817"/><int name="y1" value="219"/><int name="x2" value="-772"/><int name="y2" value="219"/><int name="prev" value="0"/><int name="next" value="0"/></imgdir><imgdir name="22"><int name="x1" value="-652"/><int name="y1" value="218"/><int name="x2" value="-607"/><int name="y2" value="218"/><int name="prev" value="0"/><int name="next" value="0"/></imgdir><imgdir name="26"><int name="x1" value="-611"/><int name="y1" value="100"/><int name="x2" value="-534"/><int name="y2" value="100"/><int name="prev" value="0"/><int name="next" value="0"/></imgdir></imgdir><imgdir name="24"><imgdir name="23"><int name="x1" value="-551"/><int name="y1" value="407"/><int name="x2" value="-521"/><int name="y2" value="408"/><int name="prev" value="0"/><int name="next" value="0"/></imgdir></imgdir><imgdir name="54"><imgdir name="24"><int name="x1" value="188"/><int name="y1" value="87"/><int name="x2" value="312"/><int name="y2" value="87"/><int name="prev" value="0"/><int name="next" value="0"/></imgdir></imgdir><imgdir name="21"><imgdir name="25"><int name="x1" value="-284"/><int name="y1" value="402"/><int name="x2" value="-207"/><int name="y2" value="402"/><int name="prev" value="0"/><int name="next" value="0"/></imgdir></imgdir><imgdir name="48"><imgdir name="27"><int name="x1" value="-1340"/><int name="y1" value="191"/><int name="x2" value="-1263"/><int name="y2" value="191"/><int name="prev" value="0"/><int name="next" value="0"/></imgdir></imgdir><imgdir name="53"><imgdir name="28"><int name="x1" value="807"/><int name="y1" value="224"/><int name="x2" value="884"/><int name="y2" value="224"/><int name="prev" value="0"/><int name="next" value="0"/></imgdir><imgdir name="29"><int name="x1" value="821"/><int name="y1" value="183"/><int name="x2" value="898"/><int name="y2" value="183"/><int name="prev" value="0"/><int name="next" value="0"/></imgdir></imgdir></imgdir><imgdir name="3"><imgdir name="42"><imgdir name="30"><int name="x1" value="112"/><int name="y1" value="147"/><int name="x2" value="316"/><int name="y2" value="147"/><int name="prev" value="0"/><int name="next" value="0"/></imgdir><imgdir name="31"><int name="x1" value="177"/><int name="y1" value="230"/><int name="x2" value="222"/><int name="y2" value="230"/><int name="prev" value="0"/><int name="next" value="0"/></imgdir><imgdir name="32"><int name="x1" value="264"/><int name="y1" value="196"/><int name="x2" value="309"/><int name="y2" value="196"/><int name="prev" value="0"/><int name="next" value="0"/></imgdir><imgdir name="33"><int name="x1" value="297"/><int name="y1" value="250"/><int name="x2" value="342"/><int name="y2" value="250"/><int name="prev" value="0"/><int name="next" value="0"/></imgdir></imgdir><imgdir name="14"><imgdir name="34"><int name="x1" value="-604"/><int name="y1" value="473"/><int name="x2" value="-400"/><int name="y2" value="473"/><int name="prev" value="0"/><int name="next" value="0"/></imgdir><imgdir name="35"><int name="x1" value="-532"/><int name="y1" value="490"/><int name="x2" value="-487"/><int name="y2" value="490"/><int name="prev" value="0"/><int name="next" value="0"/></imgdir><imgdir name="36"><int name="x1" value="-453"/><int name="y1" value="556"/><int name="x2" value="-408"/><int name="y2" value="556"/><int name="prev" value="0"/><int name="next" value="0"/></imgdir></imgdir><imgdir name="13"><imgdir name="37"><int name="x1" value="534"/><int name="y1" value="474"/><int name="x2" value="738"/><int name="y2" value="474"/><int name="prev" value="0"/><int name="next" value="0"/></imgdir></imgdir></imgdir><imgdir name="4"><imgdir name="16"><imgdir name="38"><int name="x1" value="-1177"/><int name="y1" value="531"/><int name="x2" value="-998"/><int name="y2" value="531"/><int name="prev" value="0"/><int name="next" value="0"/></imgdir><imgdir name="39"><int name="x1" value="-1175"/><int name="y1" value="491"/><int name="x2" value="-996"/><int name="y2" value="491"/><int name="prev" value="0"/><int name="next" value="0"/></imgdir><imgdir name="40"><int name="x1" value="-1176"/><int name="y1" value="452"/><int name="x2" value="-997"/><int name="y2" value="452"/><int name="prev" value="0"/><int name="next" value="0"/></imgdir></imgdir><imgdir name="41"><imgdir name="41"><int name="x1" value="333"/><int name="y1" value="286"/><int name="x2" value="395"/><int name="y2" value="286"/><int name="prev" value="0"/><int name="next" value="0"/></imgdir><imgdir name="42"><int name="x1" value="364"/><int name="y1" value="238"/><int name="x2" value="426"/><int name="y2" value="238"/><int name="prev" value="0"/><int name="next" value="0"/></imgdir><imgdir name="43"><int name="x1" value="394"/><int name="y1" value="192"/><int name="x2" value="456"/><int name="y2" value="192"/><int name="prev" value="0"/><int name="next" value="0"/></imgdir><imgdir name="44"><int name="x1" value="424"/><int name="y1" value="144"/><int name="x2" value="486"/><int name="y2" value="144"/><int name="prev" value="0"/><int name="next" value="0"/></imgdir><imgdir name="45"><int name="x1" value="457"/><int name="y1" value="97"/><int name="x2" value="519"/><int name="y2" value="97"/><int name="prev" value="0"/><int name="next" value="0"/></imgdir><imgdir name="46"><int name="x1" value="485"/><int name="y1" value="49"/><int name="x2" value="547"/><int name="y2" value="49"/><int name="prev" value="0"/><int name="next" value="0"/></imgdir></imgdir></imgdir><imgdir name="5"><imgdir name="7"><imgdir name="47"><int name="x1" value="-40"/><int name="y1" value="608"/><int name="x2" value="54"/><int name="y2" value="608"/><int name="prev" value="58"/><int name="next" value="48"/></imgdir><imgdir name="58"><int name="x1" value="-129"/><int name="y1" value="608"/><int name="x2" value="-40"/><int name="y2" value="608"/><int name="prev" value="59"/><int name="next" value="47"/></imgdir><imgdir name="59"><int name="x1" value="-218"/><int name="y1" value="608"/><int name="x2" value="-129"/><int name="y2" value="608"/><int name="prev" value="60"/><int name="next" value="58"/></imgdir><imgdir name="60"><int name="x1" value="-307"/><int name="y1" value="608"/><int name="x2" value="-218"/><int name="y2" value="608"/><int name="prev" value="61"/><int name="next" value="59"/></imgdir><imgdir name="61"><int name="x1" value="-396"/><int name="y1" value="608"/><int name="x2" value="-307"/><int name="y2" value="608"/><int name="prev" value="62"/><int name="next" value="60"/></imgdir></imgdir><imgdir name="1"><imgdir name="48"><int name="x1" value="54"/><int name="y1" value="608"/><int name="x2" value="144"/><int name="y2" value="608"/><int name="prev" value="47"/><int name="next" value="49"/></imgdir></imgdir><imgdir name="2"><imgdir name="49"><int name="x1" value="144"/><int name="y1" value="608"/><int name="x2" value="234"/><int name="y2" value="608"/><int name="prev" value="48"/><int name="next" value="50"/></imgdir></imgdir><imgdir name="3"><imgdir name="50"><int name="x1" value="234"/><int name="y1" value="608"/><int name="x2" value="324"/><int name="y2" value="608"/><int name="prev" value="49"/><int name="next" value="51"/></imgdir></imgdir><imgdir name="4"><imgdir name="51"><int name="x1" value="324"/><int name="y1" value="608"/><int name="x2" value="414"/><int name="y2" value="608"/><int name="prev" value="50"/><int name="next" value="52"/></imgdir></imgdir><imgdir name="5"><imgdir name="52"><int name="x1" value="414"/><int name="y1" value="608"/><int name="x2" value="504"/><int name="y2" value="608"/><int name="prev" value="51"/><int name="next" value="53"/></imgdir></imgdir><imgdir name="6"><imgdir name="53"><int name="x1" value="504"/><int name="y1" value="608"/><int name="x2" value="594"/><int name="y2" value="608"/><int name="prev" value="52"/><int name="next" value="54"/></imgdir></imgdir><imgdir name="0"><imgdir name="54"><int name="x1" value="594"/><int name="y1" value="608"/><int name="x2" value="684"/><int name="y2" value="608"/><int name="prev" value="53"/><int name="next" value="55"/></imgdir><imgdir name="55"><int name="x1" value="684"/><int name="y1" value="608"/><int name="x2" value="773"/><int name="y2" value="608"/><int name="prev" value="54"/><int name="next" value="56"/></imgdir><imgdir name="56"><int name="x1" value="773"/><int name="y1" value="608"/><int name="x2" value="859"/><int name="y2" value="608"/><int name="prev" value="55"/><int name="next" value="95"/></imgdir><imgdir name="94"><int name="x1" value="859"/><int name="y1" value="608"/><int name="x2" value="844"/><int name="y2" value="608"/><int name="prev" value="0"/><int name="next" value="0"/></imgdir><imgdir name="95"><int name="x1" value="859"/><int name="y1" value="608"/><int name="x2" value="859"/><int name="y2" value="277"/><int name="prev" value="56"/><int name="next" value="107"/></imgdir></imgdir><imgdir name="25"><imgdir name="57"><int name="x1" value="735"/><int name="y1" value="277"/><int name="x2" value="829"/><int name="y2" value="277"/><int name="prev" value="83"/><int name="next" value="106"/></imgdir></imgdir><imgdir name="8"><imgdir name="62"><int name="x1" value="-486"/><int name="y1" value="608"/><int name="x2" value="-396"/><int name="y2" value="608"/><int name="prev" value="63"/><int name="next" value="61"/></imgdir><imgdir name="63"><int name="x1" value="-575"/><int name="y1" value="608"/><int name="x2" value="-486"/><int name="y2" value="608"/><int name="prev" value="64"/><int name="next" value="62"/></imgdir><imgdir name="64"><int name="x1" value="-664"/><int name="y1" value="608"/><int name="x2" value="-575"/><int name="y2" value="608"/><int name="prev" value="65"/><int name="next" value="63"/></imgdir><imgdir name="65"><int name="x1" value="-753"/><int name="y1" value="608"/><int name="x2" value="-664"/><int name="y2" value="608"/><int name="prev" value="66"/><int name="next" value="64"/></imgdir><imgdir name="66"><int name="x1" value="-842"/><int name="y1" value="608"/><int name="x2" value="-753"/><int name="y2" value="608"/><int name="prev" value="67"/><int name="next" value="65"/></imgdir><imgdir name="109"><int name="x1" value="-1044"/><int name="y1" value="557"/><int name="x2" value="-982"/><int name="y2" value="557"/><int name="prev" value="0"/><int name="next" value="0"/></imgdir><imgdir name="110"><int name="x1" value="-1013"/><int name="y1" value="509"/><int name="x2" value="-951"/><int name="y2" value="509"/><int name="prev" value="0"/><int name="next" value="0"/></imgdir><imgdir name="111"><int name="x1" value="-983"/><int name="y1" value="463"/><int name="x2" value="-921"/><int name="y2" value="463"/><int name="prev" value="0"/><int name="next" value="0"/></imgdir><imgdir name="112"><int name="x1" value="-953"/><int name="y1" value="415"/><int name="x2" value="-891"/><int name="y2" value="415"/><int name="prev" value="0"/><int name="next" value="0"/></imgdir><imgdir name="113"><int name="x1" value="-920"/><int name="y1" value="368"/><int name="x2" value="-858"/><int name="y2" value="368"/><int name="prev" value="0"/><int name="next" value="0"/></imgdir><imgdir name="114"><int name="x1" value="-892"/><int name="y1" value="320"/><int name="x2" value="-830"/><int name="y2" value="320"/><int name="prev" value="0"/><int name="next" value="0"/></imgdir></imgdir><imgdir name="9"><imgdir name="67"><int name="x1" value="-932"/><int name="y1" value="608"/><int name="x2" value="-842"/><int name="y2" value="608"/><int name="prev" value="68"/><int name="next" value="66"/></imgdir><imgdir name="68"><int name="x1" value="-1020"/><int name="y1" value="608"/><int name="x2" value="-932"/><int name="y2" value="608"/><int name="prev" value="69"/><int name="next" value="67"/></imgdir></imgdir><imgdir name="10"><imgdir name="69"><int name="x1" value="-1110"/><int name="y1" value="608"/><int name="x2" value="-1020"/><int name="y2" value="608"/><int name="prev" value="70"/><int name="next" value="68"/></imgdir><imgdir name="70"><int name="x1" value="-1199"/><int name="y1" value="608"/><int name="x2" value="-1110"/><int name="y2" value="608"/><int name="prev" value="101"/><int name="next" value="69"/></imgdir><imgdir name="101"><int name="x1" value="-1287"/><int name="y1" value="608"/><int name="x2" value="-1199"/><int name="y2" value="608"/><int name="prev" value="103"/><int name="next" value="70"/></imgdir></imgdir><imgdir name="11"><imgdir name="71"><int name="x1" value="-1424"/><int name="y1" value="237"/><int name="x2" value="-1424"/><int name="y2" value="277"/><int name="prev" value="98"/><int name="next" value="99"/></imgdir><imgdir name="72"><int name="x1" value="-1424"/><int name="y1" value="608"/><int name="x2" value="-1424"/><int name="y2" value="609"/><int name="prev" value="100"/><int name="next" value="0"/></imgdir><imgdir name="73"><int name="x1" value="-1424"/><int name="y1" value="608"/><int name="x2" value="-1333"/><int name="y2" value="608"/><int name="prev" value="100"/><int name="next" value="103"/></imgdir><imgdir name="100"><int name="x1" value="-1424"/><int name="y1" value="277"/><int name="x2" value="-1424"/><int name="y2" value="608"/><int name="prev" value="71"/><int name="next" value="73"/></imgdir><imgdir name="103"><int name="x1" value="-1333"/><int name="y1" value="608"/><int name="x2" value="-1287"/><int name="y2" value="608"/><int name="prev" value="73"/><int name="next" value="101"/></imgdir></imgdir><imgdir name="26"><imgdir name="74"><int name="x1" value="-237"/><int name="y1" value="277"/><int name="x2" value="-143"/><int name="y2" value="277"/><int name="prev" value="75"/><int name="next" value="104"/></imgdir><imgdir name="75"><int name="x1" value="-326"/><int name="y1" value="277"/><int name="x2" value="-237"/><int name="y2" value="277"/><int name="prev" value="84"/><int name="next" value="74"/></imgdir><imgdir name="84"><int name="x1" value="-415"/><int name="y1" value="277"/><int name="x2" value="-326"/><int name="y2" value="277"/><int name="prev" value="85"/><int name="next" value="75"/></imgdir><imgdir name="85"><int name="x1" value="-503"/><int name="y1" value="277"/><int name="x2" value="-415"/><int name="y2" value="277"/><int name="prev" value="86"/><int name="next" value="84"/></imgdir></imgdir><imgdir name="27"><imgdir name="76"><int name="x1" value="20"/><int name="y1" value="277"/><int name="x2" value="114"/><int name="y2" value="277"/><int name="prev" value="105"/><int name="next" value="77"/></imgdir></imgdir><imgdir name="28"><imgdir name="77"><int name="x1" value="114"/><int name="y1" value="277"/><int name="x2" value="204"/><int name="y2" value="277"/><int name="prev" value="76"/><int name="next" value="78"/></imgdir><imgdir name="78"><int name="x1" value="204"/><int name="y1" value="277"/><int name="x2" value="293"/><int name="y2" value="277"/><int name="prev" value="77"/><int name="next" value="79"/></imgdir><imgdir name="79"><int name="x1" value="293"/><int name="y1" value="277"/><int name="x2" value="382"/><int name="y2" value="277"/><int name="prev" value="78"/><int name="next" value="80"/></imgdir><imgdir name="80"><int name="x1" value="382"/><int name="y1" value="277"/><int name="x2" value="471"/><int name="y2" value="277"/><int name="prev" value="79"/><int name="next" value="81"/></imgdir><imgdir name="81"><int name="x1" value="471"/><int name="y1" value="277"/><int name="x2" value="560"/><int name="y2" value="277"/><int name="prev" value="80"/><int name="next" value="82"/></imgdir><imgdir name="82"><int name="x1" value="560"/><int name="y1" value="277"/><int name="x2" value="649"/><int name="y2" value="277"/><int name="prev" value="81"/><int name="next" value="83"/></imgdir></imgdir><imgdir name="29"><imgdir name="83"><int name="x1" value="649"/><int name="y1" value="277"/><int name="x2" value="735"/><int name="y2" value="277"/><int name="prev" value="82"/><int name="next" value="57"/></imgdir></imgdir><imgdir name="30"><imgdir name="86"><int name="x1" value="-593"/><int name="y1" value="277"/><int name="x2" value="-503"/><int name="y2" value="277"/><int name="prev" value="87"/><int name="next" value="85"/></imgdir></imgdir><imgdir name="31"><imgdir name="87"><int name="x1" value="-683"/><int name="y1" value="277"/><int name="x2" value="-593"/><int name="y2" value="277"/><int name="prev" value="88"/><int name="next" value="86"/></imgdir></imgdir><imgdir name="32"><imgdir name="88"><int name="x1" value="-773"/><int name="y1" value="277"/><int name="x2" value="-683"/><int name="y2" value="277"/><int name="prev" value="90"/><int name="next" value="87"/></imgdir></imgdir><imgdir name="33"><imgdir name="89"><int name="x1" value="-937"/><int name="y1" value="277"/><int name="x2" value="-907"/><int name="y2" value="277"/><int name="prev" value="91"/><int name="next" value="0"/></imgdir><imgdir name="90"><int name="x1" value="-858"/><int name="y1" value="277"/><int name="x2" value="-773"/><int name="y2" value="277"/><int name="prev" value="0"/><int name="next" value="88"/></imgdir><imgdir name="91"><int name="x1" value="-1029"/><int name="y1" value="277"/><int name="x2" value="-937"/><int name="y2" value="277"/><int name="prev" value="92"/><int name="next" value="89"/></imgdir></imgdir><imgdir name="34"><imgdir name="92"><int name="x1" value="-1119"/><int name="y1" value="277"/><int name="x2" value="-1029"/><int name="y2" value="277"/><int name="prev" value="93"/><int name="next" value="91"/></imgdir></imgdir><imgdir name="35"><imgdir name="93"><int name="x1" value="-1209"/><int name="y1" value="277"/><int name="x2" value="-1119"/><int name="y2" value="277"/><int name="prev" value="102"/><int name="next" value="92"/></imgdir></imgdir><imgdir name="36"><imgdir name="96"><int name="x1" value="952"/><int name="y1" value="277"/><int name="x2" value="937"/><int name="y2" value="277"/><int name="prev" value="0"/><int name="next" value="0"/></imgdir><imgdir name="97"><int name="x1" value="952"/><int name="y1" value="277"/><int name="x2" value="952"/><int name="y2" value="-159"/><int name="prev" value="108"/><int name="next" value="0"/></imgdir><imgdir name="108"><int name="x1" value="919"/><int name="y1" value="277"/><int name="x2" value="952"/><int name="y2" value="277"/><int name="prev" value="107"/><int name="next" value="97"/></imgdir></imgdir><imgdir name="37"><imgdir name="98"><int name="x1" value="-1424"/><int name="y1" value="-95"/><int name="x2" value="-1424"/><int name="y2" value="237"/><int name="prev" value="0"/><int name="next" value="71"/></imgdir><imgdir name="99"><int name="x1" value="-1424"/><int name="y1" value="277"/><int name="x2" value="-1276"/><int name="y2" value="277"/><int name="prev" value="71"/><int name="next" value="102"/></imgdir></imgdir><imgdir name="38"><imgdir name="102"><int name="x1" value="-1276"/><int name="y1" value="277"/><int name="x2" value="-1209"/><int name="y2" value="277"/><int name="prev" value="99"/><int name="next" value="93"/></imgdir></imgdir><imgdir name="39"><imgdir name="104"><int name="x1" value="-143"/><int name="y1" value="277"/><int name="x2" value="-114"/><int name="y2" value="277"/><int name="prev" value="74"/><int name="next" value="0"/></imgdir><imgdir name="105"><int name="x1" value="-65"/><int name="y1" value="277"/><int name="x2" value="20"/><int name="y2" value="277"/><int name="prev" value="0"/><int name="next" value="76"/></imgdir></imgdir><imgdir name="40"><imgdir name="106"><int name="x1" value="829"/><int name="y1" value="277"/><int name="x2" value="859"/><int name="y2" value="277"/><int name="prev" value="57"/><int name="next" value="107"/></imgdir><imgdir name="107"><int name="x1" value="859"/><int name="y1" value="277"/><int name="x2" value="919"/><int name="y2" value="277"/><int name="prev" value="106"/><int name="next" value="108"/></imgdir></imgdir></imgdir></imgdir><imgdir name="ladderRope"></imgdir><imgdir name="miniMap"><canvas name="canvas" width="160" height="53"></canvas><int name="width" value="2566"/><int name="height" value="859"/><int name="centerX" value="1485"/><int name="centerY" value="137"/><int name="mag" value="4"/></imgdir><imgdir name="portal"><imgdir name="0"><string name="pn" value="sp"/><int name="pt" value="0"/><int name="x" value="-30"/><int name="y" value="481"/><int name="tm" value="999999999"/><string name="tn" value=""/></imgdir><imgdir name="1"><string name="pn" value="in00"/><int name="pt" value="2"/><int name="x" value="802"/><int name="y" value="611"/><int name="tm" value="702070100"/><string name="tn" value="out00"/></imgdir><imgdir name="2"><string name="pn" value="out00"/><int name="pt" value="2"/><int name="x" value="490"/><int name="y" value="97"/><int name="tm" value="702070300"/><string name="tn" value="in00"/></imgdir></imgdir></imgdir>