<?xml version="1.0" encoding="UTF-8" standalone="yes"?><imgdir name="709000605.img"><imgdir name="info"><int name="version" value="10"/><int name="cloud" value="0"/><int name="town" value="1"/><int name="returnMap" value="209000000"/><int name="forcedReturn" value="209000000"/><float name="mobRate" value="1.0"/><string name="bgm" value="Bgm04/WhiteChristmas"/><string name="mapMark" value="HappyVillage"/><int name="hideMinimap" value="1"/><int name="fieldLimit" value="197114"/><int name="swim" value="0"/><int name="VRTop" value="-2500"/><int name="VRLeft" value="-709"/><int name="VRBottom" value="-1270"/><int name="VRRight" value="428"/><int name="fly" value="0"/><int name="fieldType" value="6"/><int name="timeLimit" value="120"/><string name="onFirstUserEnter" value=""/><string name="onUserEnter" value=""/></imgdir><imgdir name="back"><imgdir name="0"><string name="bS" value="Christmas"/><int name="front" value="0"/><int name="ani" value="0"/><int name="no" value="2"/><int name="x" value="67"/><int name="y" value="-121"/><int name="rx" value="0"/><int name="ry" value="0"/><int name="type" value="1"/><int name="cx" value="0"/><int name="cy" value="0"/><int name="a" value="255"/><int name="f" value="0"/></imgdir><imgdir name="2"><string name="bS" value="Christmas"/><int name="front" value="0"/><int name="ani" value="1"/><int name="no" value="1"/><int name="f" value="0"/><int name="x" value="27"/><int name="y" value="-275"/><int name="rx" value="0"/><int name="ry" value="-90"/><int name="type" value="1"/><int name="cx" value="0"/><int name="cy" value="0"/><int name="a" value="255"/></imgdir><imgdir name="1"><string name="bS" value="Christmas"/><int name="front" value="0"/><int name="ani" value="1"/><int name="no" value="0"/><int name="f" value="0"/><int name="x" value="105"/><int name="y" value="-203"/><int name="rx" value="0"/><int name="ry" value="-95"/><int name="type" value="3"/><int name="cx" value="0"/><int name="cy" value="0"/><int name="a" value="255"/></imgdir><imgdir name="3"><string name="bS" value="EventCN"/><int name="front" value="0"/><int name="ani" value="0"/><int name="no" value="2"/><int name="f" value="0"/><int name="x" value="238"/><int name="y" value="-216"/><int name="rx" value="30"/><int name="ry" value="0"/><int name="type" value="0"/><int name="cx" value="0"/><int name="cy" value="0"/><int name="a" value="255"/></imgdir><imgdir name="4"><string name="bS" value="EventCN"/><int name="front" value="0"/><int name="ani" value="0"/><int name="no" value="3"/><int name="f" value="0"/><int name="x" value="15"/><int name="y" value="-110"/><int name="rx" value="-30"/><int name="ry" value="0"/><int name="type" value="1"/><int name="cx" value="0"/><int name="cy" value="0"/><int name="a" value="255"/></imgdir><imgdir name="5"><string name="bS" value="EventCN"/><int name="front" value="0"/><int name="ani" value="0"/><int name="no" value="6"/><int name="f" value="0"/><int name="x" value="-178"/><int name="y" value="-1575"/><int name="rx" value="-50"/><int name="ry" value="-100"/><int name="type" value="1"/><int name="cx" value="0"/><int name="cy" value="0"/><int name="a" value="255"/></imgdir><imgdir name="6"><string name="bS" value="EventCN"/><int name="front" value="0"/><int name="ani" value="1"/><int name="no" value="5"/><int name="f" value="0"/><int name="x" value="226"/><int name="y" value="-186"/><int name="rx" value="30"/><int name="ry" value="0"/><int name="type" value="0"/><int name="cx" value="20"/><int name="cy" value="0"/><int name="a" value="255"/></imgdir><imgdir name="7"><string name="bS" value="EventCN"/><int name="front" value="1"/><int name="ani" value="0"/><int name="no" value="11"/><int name="f" value="0"/><int name="x" value="-82"/><int name="y" value="-159"/><int name="rx" value="-100"/><int name="ry" value="6"/><int name="type" value="7"/><int name="cx" value="0"/><int name="cy" value="0"/><int name="a" value="255"/></imgdir></imgdir><imgdir name="life"><imgdir name="0"><string name="type" value="n"/><string name="id" value="9310083"/><int name="x" value="85"/><int name="y" value="-1448"/><int name="mobTime" value="0"/><int name="f" value="0"/><int name="hide" value="0"/><int name="fh" value="13"/><int name="cy" value="-1436"/><int name="rx0" value="35"/><int name="rx1" value="135"/><string name="limitedname" value="JumpEvent1"/></imgdir><imgdir name="1"><string name="type" value="n"/><string name="id" value="9310083"/><int name="x" value="85"/><int name="y" value="-1447"/><int name="mobTime" value="0"/><string name="limitedname" value="JumpEvent2"/><int name="f" value="0"/><int name="hide" value="0"/><int name="fh" value="13"/><int name="cy" value="-1436"/><int name="rx0" value="35"/><int name="rx1" value="135"/></imgdir><imgdir name="2"><string name="type" value="n"/><string name="id" value="9310083"/><int name="x" value="86"/><int name="y" value="-1447"/><int name="mobTime" value="0"/><string name="limitedname" value="JumpEvent3"/><int name="f" value="0"/><int name="hide" value="0"/><int name="fh" value="13"/><int name="cy" value="-1436"/><int name="rx0" value="36"/><int name="rx1" value="136"/></imgdir><imgdir name="3"><string name="type" value="n"/><string name="id" value="9310083"/><int name="x" value="85"/><int name="y" value="-1446"/><int name="mobTime" value="0"/><string name="limitedname" value="JumpEvent4"/><int name="f" value="0"/><int name="hide" value="0"/><int name="fh" value="13"/><int name="cy" value="-1436"/><int name="rx0" value="35"/><int name="rx1" value="135"/></imgdir><imgdir name="4"><string name="type" value="n"/><string name="id" value="9310058"/><int name="x" value="-291"/><int name="y" value="-1442"/><int name="mobTime" value="0"/><int name="f" value="0"/><int name="hide" value="0"/><string name="limitedname" value="2008xmas"/><int name="fh" value="24"/><int name="cy" value="-1436"/><int name="rx0" value="-341"/><int name="rx1" value="-241"/></imgdir></imgdir><imgdir name="0"><imgdir name="info"></imgdir><imgdir name="tile"></imgdir><imgdir name="obj"></imgdir></imgdir><imgdir name="1"><imgdir name="info"></imgdir><imgdir name="tile"></imgdir><imgdir name="obj"></imgdir></imgdir><imgdir name="2"><imgdir name="info"></imgdir><imgdir name="tile"></imgdir><imgdir name="obj"><imgdir name="6"><string name="oS" value="EventCN"/><string name="l0" value="JumpEvent"/><string name="l1" value="acc"/><string name="l2" value="10"/><int name="x" value="-199"/><int name="y" value="-1494"/><int name="z" value="9"/><int name="f" value="0"/><int name="zM" value="23"/><int name="r" value="0"/></imgdir><imgdir name="5"><string name="oS" value="EventCN"/><string name="l0" value="JumpEvent"/><string name="l1" value="acc"/><string name="l2" value="9"/><int name="x" value="-74"/><int name="y" value="-1513"/><int name="z" value="9"/><int name="f" value="0"/><int name="zM" value="24"/><int name="r" value="0"/></imgdir><imgdir name="3"><string name="oS" value="EventCN"/><string name="l0" value="JumpEvent"/><string name="l1" value="acc"/><string name="l2" value="9"/><int name="x" value="-553"/><int name="y" value="-1513"/><int name="z" value="9"/><int name="f" value="0"/><int name="zM" value="23"/><int name="r" value="0"/></imgdir><imgdir name="0"><string name="oS" value="EventCN"/><string name="l0" value="JumpEvent"/><string name="l1" value="acc"/><string name="l2" value="11"/><int name="x" value="-402"/><int name="y" value="-1477"/><int name="z" value="9"/><int name="f" value="0"/><int name="zM" value="23"/><int name="r" value="0"/></imgdir><imgdir name="2"><string name="oS" value="EventCN"/><string name="l0" value="JumpEvent"/><string name="l1" value="natuer"/><string name="l2" value="8"/><int name="x" value="-576"/><int name="y" value="-1554"/><int name="z" value="7"/><int name="f" value="0"/><int name="zM" value="23"/><int name="r" value="0"/></imgdir><imgdir name="1"><string name="oS" value="EventCN"/><string name="l0" value="JumpEvent"/><string name="l1" value="natuer"/><string name="l2" value="10"/><int name="x" value="-269"/><int name="y" value="-1563"/><int name="z" value="6"/><int name="f" value="0"/><int name="zM" value="23"/><int name="r" value="0"/></imgdir><imgdir name="4"><string name="oS" value="EventCN"/><string name="l0" value="JumpEvent"/><string name="l1" value="natuer"/><string name="l2" value="9"/><int name="x" value="-420"/><int name="y" value="-1559"/><int name="z" value="6"/><int name="f" value="0"/><int name="zM" value="23"/><int name="r" value="0"/></imgdir></imgdir></imgdir><imgdir name="3"><imgdir name="info"></imgdir><imgdir name="tile"></imgdir><imgdir name="obj"></imgdir></imgdir><imgdir name="4"><imgdir name="info"><string name="tS" value="christmas"/><int name="tSMag" value="1"/></imgdir><imgdir name="tile"><imgdir name="46"><int name="x" value="-675"/><int name="y" value="-1590"/><string name="u" value="enV1"/><int name="no" value="0"/><int name="zM" value="20"/></imgdir><imgdir name="11"><int name="x" value="-45"/><int name="y" value="-1410"/><string name="u" value="enH0"/><int name="no" value="0"/><int name="zM" value="20"/></imgdir><imgdir name="7"><int name="x" value="-135"/><int name="y" value="-1410"/><string name="u" value="enH0"/><int name="no" value="0"/><int name="zM" value="20"/></imgdir><imgdir name="21"><int name="x" value="-495"/><int name="y" value="-1410"/><string name="u" value="enH0"/><int name="no" value="1"/><int name="zM" value="20"/></imgdir><imgdir name="22"><int name="x" value="45"/><int name="y" value="-1410"/><string name="u" value="enH0"/><int name="no" value="2"/><int name="zM" value="20"/></imgdir><imgdir name="41"><int name="x" value="-225"/><int name="y" value="-1410"/><string name="u" value="enH0"/><int name="no" value="0"/><int name="zM" value="20"/></imgdir><imgdir name="36"><int name="x" value="-675"/><int name="y" value="-1650"/><string name="u" value="enV1"/><int name="no" value="0"/><int name="zM" value="20"/></imgdir><imgdir name="38"><int name="x" value="-315"/><int name="y" value="-1410"/><string name="u" value="enH0"/><int name="no" value="0"/><int name="zM" value="20"/></imgdir><imgdir name="18"><int name="x" value="-405"/><int name="y" value="-1410"/><string name="u" value="enH0"/><int name="no" value="1"/><int name="zM" value="20"/></imgdir><imgdir name="9"><int name="x" value="-675"/><int name="y" value="-1410"/><string name="u" value="enH0"/><int name="no" value="0"/><int name="zM" value="20"/></imgdir><imgdir name="6"><int name="x" value="-585"/><int name="y" value="-1410"/><string name="u" value="enH0"/><int name="no" value="2"/><int name="zM" value="20"/></imgdir><imgdir name="23"><int name="x" value="45"/><int name="y" value="-1410"/><string name="u" value="bsc"/><int name="no" value="3"/><int name="zM" value="20"/></imgdir><imgdir name="5"><int name="x" value="-135"/><int name="y" value="-1410"/><string name="u" value="bsc"/><int name="no" value="0"/><int name="zM" value="20"/></imgdir><imgdir name="8"><int name="x" value="-45"/><int name="y" value="-1410"/><string name="u" value="bsc"/><int name="no" value="3"/><int name="zM" value="20"/></imgdir><imgdir name="39"><int name="x" value="-315"/><int name="y" value="-1410"/><string name="u" value="bsc"/><int name="no" value="1"/><int name="zM" value="20"/></imgdir><imgdir name="40"><int name="x" value="-225"/><int name="y" value="-1410"/><string name="u" value="bsc"/><int name="no" value="2"/><int name="zM" value="20"/></imgdir><imgdir name="45"><int name="x" value="-585"/><int name="y" value="-1410"/><string name="u" value="bsc"/><int name="no" value="4"/><int name="zM" value="20"/></imgdir><imgdir name="20"><int name="x" value="-495"/><int name="y" value="-1410"/><string name="u" value="bsc"/><int name="no" value="3"/><int name="zM" value="20"/></imgdir><imgdir name="1"><int name="x" value="-675"/><int name="y" value="-1410"/><string name="u" value="bsc"/><int name="no" value="3"/><int name="zM" value="20"/></imgdir><imgdir name="12"><int name="x" value="-675"/><int name="y" value="-1350"/><string name="u" value="edD"/><int name="no" value="0"/><int name="zM" value="20"/></imgdir><imgdir name="37"><int name="x" value="-675"/><int name="y" value="-1710"/><string name="u" value="enV0"/><int name="no" value="1"/><int name="zM" value="20"/></imgdir><imgdir name="32"><int name="x" value="-675"/><int name="y" value="-1830"/><string name="u" value="enV1"/><int name="no" value="1"/><int name="zM" value="20"/></imgdir><imgdir name="31"><int name="x" value="-675"/><int name="y" value="-1890"/><string name="u" value="enV0"/><int name="no" value="0"/><int name="zM" value="20"/></imgdir><imgdir name="30"><int name="x" value="-675"/><int name="y" value="-1890"/><string name="u" value="enV1"/><int name="no" value="0"/><int name="zM" value="20"/></imgdir><imgdir name="27"><int name="x" value="-675"/><int name="y" value="-1950"/><string name="u" value="enV0"/><int name="no" value="0"/><int name="zM" value="20"/></imgdir><imgdir name="33"><int name="x" value="-675"/><int name="y" value="-1950"/><string name="u" value="enV1"/><int name="no" value="1"/><int name="zM" value="20"/></imgdir><imgdir name="34"><int name="x" value="-675"/><int name="y" value="-1770"/><string name="u" value="enV1"/><int name="no" value="0"/><int name="zM" value="20"/></imgdir><imgdir name="43"><int name="x" value="-675"/><int name="y" value="-1830"/><string name="u" value="enV0"/><int name="no" value="1"/><int name="zM" value="20"/></imgdir><imgdir name="44"><int name="x" value="-675"/><int name="y" value="-1770"/><string name="u" value="enV0"/><int name="no" value="0"/><int name="zM" value="20"/></imgdir><imgdir name="42"><int name="x" value="-675"/><int name="y" value="-1350"/><string name="u" value="enH1"/><int name="no" value="0"/><int name="zM" value="20"/></imgdir><imgdir name="25"><int name="x" value="-495"/><int name="y" value="-1350"/><string name="u" value="enH1"/><int name="no" value="1"/><int name="zM" value="20"/></imgdir><imgdir name="13"><int name="x" value="-45"/><int name="y" value="-1350"/><string name="u" value="enH1"/><int name="no" value="0"/><int name="zM" value="20"/></imgdir><imgdir name="15"><int name="x" value="-135"/><int name="y" value="-1350"/><string name="u" value="enH1"/><int name="no" value="1"/><int name="zM" value="20"/></imgdir><imgdir name="28"><int name="x" value="-315"/><int name="y" value="-1350"/><string name="u" value="enH1"/><int name="no" value="0"/><int name="zM" value="20"/></imgdir><imgdir name="2"><int name="x" value="-675"/><int name="y" value="-1410"/><string name="u" value="enV0"/><int name="no" value="0"/><int name="zM" value="20"/></imgdir><imgdir name="35"><int name="x" value="-585"/><int name="y" value="-1350"/><string name="u" value="enH1"/><int name="no" value="1"/><int name="zM" value="20"/></imgdir><imgdir name="29"><int name="x" value="-405"/><int name="y" value="-1410"/><string name="u" value="bsc"/><int name="no" value="1"/><int name="zM" value="20"/></imgdir><imgdir name="10"><int name="x" value="-675"/><int name="y" value="-1710"/><string name="u" value="enV1"/><int name="no" value="0"/><int name="zM" value="20"/></imgdir><imgdir name="19"><int name="x" value="45"/><int name="y" value="-1350"/><string name="u" value="enH1"/><int name="no" value="0"/><int name="zM" value="20"/></imgdir><imgdir name="3"><int name="x" value="-225"/><int name="y" value="-1350"/><string name="u" value="enH1"/><int name="no" value="0"/><int name="zM" value="20"/></imgdir><imgdir name="17"><int name="x" value="-405"/><int name="y" value="-1350"/><string name="u" value="enH1"/><int name="no" value="0"/><int name="zM" value="20"/></imgdir><imgdir name="24"><int name="x" value="-675"/><int name="y" value="-1470"/><string name="u" value="enV0"/><int name="no" value="0"/><int name="zM" value="20"/></imgdir><imgdir name="47"><int name="x" value="-675"/><int name="y" value="-1530"/><string name="u" value="enV0"/><int name="no" value="1"/><int name="zM" value="20"/></imgdir><imgdir name="14"><int name="x" value="-675"/><int name="y" value="-1590"/><string name="u" value="enV0"/><int name="no" value="0"/><int name="zM" value="20"/></imgdir><imgdir name="16"><int name="x" value="-675"/><int name="y" value="-1650"/><string name="u" value="enV0"/><int name="no" value="0"/><int name="zM" value="20"/></imgdir><imgdir name="4"><int name="x" value="-675"/><int name="y" value="-1470"/><string name="u" value="enV1"/><int name="no" value="1"/><int name="zM" value="20"/></imgdir><imgdir name="0"><int name="x" value="-675"/><int name="y" value="-1530"/><string name="u" value="enV1"/><int name="no" value="0"/><int name="zM" value="20"/></imgdir><imgdir name="52"><int name="x" value="225"/><int name="y" value="-1350"/><string name="u" value="edD"/><int name="no" value="0"/><int name="zM" value="20"/></imgdir><imgdir name="50"><int name="x" value="135"/><int name="y" value="-1350"/><string name="u" value="enH1"/><int name="no" value="0"/><int name="zM" value="20"/></imgdir><imgdir name="49"><int name="x" value="135"/><int name="y" value="-1410"/><string name="u" value="bsc"/><int name="no" value="2"/><int name="zM" value="20"/></imgdir><imgdir name="51"><int name="x" value="225"/><int name="y" value="-1410"/><string name="u" value="enV1"/><int name="no" value="1"/><int name="zM" value="20"/></imgdir><imgdir name="48"><int name="x" value="135"/><int name="y" value="-1410"/><string name="u" value="enH0"/><int name="no" value="2"/><int name="zM" value="20"/></imgdir><imgdir name="63"><int name="x" value="225"/><int name="y" value="-1710"/><string name="u" value="enV1"/><int name="no" value="1"/><int name="zM" value="20"/></imgdir><imgdir name="60"><int name="x" value="225"/><int name="y" value="-1710"/><string name="u" value="enV0"/><int name="no" value="0"/><int name="zM" value="20"/></imgdir><imgdir name="61"><int name="x" value="225"/><int name="y" value="-1650"/><string name="u" value="enV1"/><int name="no" value="0"/><int name="zM" value="20"/></imgdir><imgdir name="58"><int name="x" value="225"/><int name="y" value="-1650"/><string name="u" value="enV0"/><int name="no" value="1"/><int name="zM" value="20"/></imgdir><imgdir name="55"><int name="x" value="225"/><int name="y" value="-1470"/><string name="u" value="enV1"/><int name="no" value="1"/><int name="zM" value="20"/></imgdir><imgdir name="53"><int name="x" value="225"/><int name="y" value="-1470"/><string name="u" value="enV0"/><int name="no" value="1"/><int name="zM" value="20"/></imgdir><imgdir name="57"><int name="x" value="225"/><int name="y" value="-1530"/><string name="u" value="enV1"/><int name="no" value="0"/><int name="zM" value="20"/></imgdir><imgdir name="54"><int name="x" value="225"/><int name="y" value="-1530"/><string name="u" value="enV0"/><int name="no" value="0"/><int name="zM" value="20"/></imgdir><imgdir name="59"><int name="x" value="225"/><int name="y" value="-1590"/><string name="u" value="enV1"/><int name="no" value="0"/><int name="zM" value="20"/></imgdir><imgdir name="56"><int name="x" value="225"/><int name="y" value="-1590"/><string name="u" value="enV0"/><int name="no" value="1"/><int name="zM" value="20"/></imgdir><imgdir name="65"><int name="x" value="225"/><int name="y" value="-1830"/><string name="u" value="enV1"/><int name="no" value="1"/><int name="zM" value="20"/></imgdir><imgdir name="66"><int name="x" value="225"/><int name="y" value="-1830"/><string name="u" value="enV0"/><int name="no" value="0"/><int name="zM" value="20"/></imgdir><imgdir name="67"><int name="x" value="225"/><int name="y" value="-1770"/><string name="u" value="enV1"/><int name="no" value="1"/><int name="zM" value="20"/></imgdir><imgdir name="62"><int name="x" value="225"/><int name="y" value="-1770"/><string name="u" value="enV0"/><int name="no" value="1"/><int name="zM" value="20"/></imgdir><imgdir name="74"><int name="x" value="-675"/><int name="y" value="-2190"/><string name="u" value="edU"/><int name="no" value="0"/><int name="zM" value="20"/></imgdir><imgdir name="75"><int name="x" value="-675"/><int name="y" value="-2190"/><string name="u" value="enV1"/><int name="no" value="0"/><int name="zM" value="20"/></imgdir><imgdir name="72"><int name="x" value="-675"/><int name="y" value="-2190"/><string name="u" value="enV0"/><int name="no" value="0"/><int name="zM" value="20"/></imgdir><imgdir name="73"><int name="x" value="-675"/><int name="y" value="-2130"/><string name="u" value="enV1"/><int name="no" value="0"/><int name="zM" value="20"/></imgdir><imgdir name="70"><int name="x" value="-675"/><int name="y" value="-2130"/><string name="u" value="enV0"/><int name="no" value="0"/><int name="zM" value="20"/></imgdir><imgdir name="71"><int name="x" value="-675"/><int name="y" value="-2070"/><string name="u" value="enV1"/><int name="no" value="1"/><int name="zM" value="20"/></imgdir><imgdir name="68"><int name="x" value="-675"/><int name="y" value="-2070"/><string name="u" value="enV0"/><int name="no" value="1"/><int name="zM" value="20"/></imgdir><imgdir name="69"><int name="x" value="-675"/><int name="y" value="-2010"/><string name="u" value="enV1"/><int name="no" value="1"/><int name="zM" value="20"/></imgdir><imgdir name="26"><int name="x" value="-675"/><int name="y" value="-2010"/><string name="u" value="enV0"/><int name="no" value="0"/><int name="zM" value="20"/></imgdir><imgdir name="83"><int name="x" value="225"/><int name="y" value="-2070"/><string name="u" value="enV1"/><int name="no" value="1"/><int name="zM" value="20"/></imgdir><imgdir name="80"><int name="x" value="225"/><int name="y" value="-2070"/><string name="u" value="enV0"/><int name="no" value="1"/><int name="zM" value="20"/></imgdir><imgdir name="81"><int name="x" value="225"/><int name="y" value="-2010"/><string name="u" value="enV1"/><int name="no" value="0"/><int name="zM" value="20"/></imgdir><imgdir name="78"><int name="x" value="225"/><int name="y" value="-2010"/><string name="u" value="enV0"/><int name="no" value="0"/><int name="zM" value="20"/></imgdir><imgdir name="79"><int name="x" value="225"/><int name="y" value="-1950"/><string name="u" value="enV1"/><int name="no" value="0"/><int name="zM" value="20"/></imgdir><imgdir name="76"><int name="x" value="225"/><int name="y" value="-1950"/><string name="u" value="enV0"/><int name="no" value="1"/><int name="zM" value="20"/></imgdir><imgdir name="77"><int name="x" value="225"/><int name="y" value="-1890"/><string name="u" value="enV1"/><int name="no" value="0"/><int name="zM" value="20"/></imgdir><imgdir name="64"><int name="x" value="225"/><int name="y" value="-1890"/><string name="u" value="enV0"/><int name="no" value="0"/><int name="zM" value="20"/></imgdir><imgdir name="85"><int name="x" value="225"/><int name="y" value="-2130"/><string name="u" value="enV1"/><int name="no" value="0"/><int name="zM" value="20"/></imgdir><imgdir name="82"><int name="x" value="225"/><int name="y" value="-2130"/><string name="u" value="enV0"/><int name="no" value="1"/><int name="zM" value="20"/></imgdir><imgdir name="88"><int name="x" value="225"/><int name="y" value="-2250"/><string name="u" value="edU"/><int name="no" value="0"/><int name="zM" value="20"/></imgdir><imgdir name="89"><int name="x" value="225"/><int name="y" value="-2250"/><string name="u" value="enV1"/><int name="no" value="1"/><int name="zM" value="20"/></imgdir><imgdir name="86"><int name="x" value="225"/><int name="y" value="-2250"/><string name="u" value="enV0"/><int name="no" value="1"/><int name="zM" value="20"/></imgdir><imgdir name="87"><int name="x" value="225"/><int name="y" value="-2190"/><string name="u" value="enV1"/><int name="no" value="0"/><int name="zM" value="20"/></imgdir><imgdir name="84"><int name="x" value="225"/><int name="y" value="-2190"/><string name="u" value="enV0"/><int name="no" value="0"/><int name="zM" value="20"/></imgdir></imgdir><imgdir name="obj"><imgdir name="0"><string name="oS" value="trap"/><string name="l0" value="stone"/><string name="l1" value="stoneLF2"/><string name="l2" value="2"/><int name="x" value="-506"/><int name="y" value="-1249"/><int name="z" value="9"/><int name="f" value="0"/><int name="zM" value="21"/><int name="r" value="0"/></imgdir><imgdir name="1"><string name="oS" value="trap"/><string name="l0" value="stone"/><string name="l1" value="stoneLF2"/><string name="l2" value="2"/><int name="x" value="-44"/><int name="y" value="-1250"/><int name="z" value="9"/><int name="f" value="0"/><int name="zM" value="22"/><int name="r" value="0"/></imgdir></imgdir></imgdir><imgdir name="5"><imgdir name="info"></imgdir><imgdir name="tile"></imgdir><imgdir name="obj"><imgdir name="5"><string name="oS" value="EventCN"/><string name="l0" value="JumpEvent"/><string name="l1" value="bell"/><string name="l2" value="1"/><int name="x" value="-25"/><int name="y" value="-1222"/><int name="z" value="9"/><int name="f" value="0"/><int name="zM" value="11"/><int name="r" value="0"/></imgdir><imgdir name="1"><string name="oS" value="EventCN"/><string name="l0" value="JumpEvent"/><string name="l1" value="bell"/><string name="l2" value="1"/><int name="x" value="-281"/><int name="y" value="-1224"/><int name="z" value="9"/><int name="f" value="0"/><int name="zM" value="6"/><int name="r" value="0"/></imgdir><imgdir name="4"><string name="oS" value="EventCN"/><string name="l0" value="JumpEvent"/><string name="l1" value="bell"/><string name="l2" value="1"/><int name="x" value="-659"/><int name="y" value="-1286"/><int name="z" value="9"/><int name="f" value="0"/><int name="zM" value="7"/><int name="r" value="0"/></imgdir><imgdir name="3"><string name="oS" value="EventCN"/><string name="l0" value="JumpEvent"/><string name="l1" value="bell"/><string name="l2" value="1"/><int name="x" value="-549"/><int name="y" value="-1217"/><int name="z" value="9"/><int name="f" value="0"/><int name="zM" value="4"/><int name="r" value="0"/></imgdir><imgdir name="2"><string name="oS" value="EventCN"/><string name="l0" value="JumpEvent"/><string name="l1" value="bell"/><string name="l2" value="1"/><int name="x" value="-153"/><int name="y" value="-1277"/><int name="z" value="9"/><int name="f" value="0"/><int name="zM" value="8"/><int name="r" value="0"/></imgdir><imgdir name="0"><string name="oS" value="EventCN"/><string name="l0" value="JumpEvent"/><string name="l1" value="bell"/><string name="l2" value="1"/><int name="x" value="-424"/><int name="y" value="-1277"/><int name="z" value="9"/><int name="f" value="0"/><int name="zM" value="10"/><int name="r" value="0"/></imgdir><imgdir name="6"><string name="oS" value="EventCN"/><string name="l0" value="JumpEvent"/><string name="l1" value="bell"/><string name="l2" value="1"/><int name="x" value="114"/><int name="y" value="-1283"/><int name="z" value="9"/><int name="f" value="0"/><int name="zM" value="0"/><int name="r" value="0"/></imgdir><imgdir name="7"><string name="oS" value="EventCN"/><string name="l0" value="JumpEvent"/><string name="l1" value="bell"/><string name="l2" value="1"/><int name="x" value="-630"/><int name="y" value="-1814"/><int name="z" value="9"/><int name="f" value="0"/><int name="zM" value="0"/><int name="r" value="0"/></imgdir><imgdir name="8"><string name="oS" value="EventCN"/><string name="l0" value="JumpEvent"/><string name="l1" value="bell"/><string name="l2" value="1"/><int name="x" value="-497"/><int name="y" value="-1733"/><int name="z" value="9"/><int name="f" value="0"/><int name="zM" value="0"/><int name="r" value="0"/></imgdir><imgdir name="9"><string name="oS" value="EventCN"/><string name="l0" value="JumpEvent"/><string name="l1" value="bell"/><string name="l2" value="1"/><int name="x" value="-360"/><int name="y" value="-1814"/><int name="z" value="9"/><int name="f" value="0"/><int name="zM" value="0"/><int name="r" value="0"/></imgdir><imgdir name="10"><string name="oS" value="EventCN"/><string name="l0" value="JumpEvent"/><string name="l1" value="bell"/><string name="l2" value="1"/><int name="x" value="-212"/><int name="y" value="-1735"/><int name="z" value="9"/><int name="f" value="0"/><int name="zM" value="0"/><int name="r" value="0"/></imgdir><imgdir name="11"><string name="oS" value="EventCN"/><string name="l0" value="JumpEvent"/><string name="l1" value="bell"/><string name="l2" value="1"/><int name="x" value="-62"/><int name="y" value="-1818"/><int name="z" value="9"/><int name="f" value="0"/><int name="zM" value="0"/><int name="r" value="0"/></imgdir><imgdir name="12"><string name="oS" value="EventCN"/><string name="l0" value="JumpEvent"/><string name="l1" value="bell"/><string name="l2" value="1"/><int name="x" value="84"/><int name="y" value="-1736"/><int name="z" value="9"/><int name="f" value="0"/><int name="zM" value="0"/><int name="r" value="0"/></imgdir><imgdir name="13"><string name="oS" value="EventCN"/><string name="l0" value="JumpEvent"/><string name="l1" value="bell"/><string name="l2" value="1"/><int name="x" value="190"/><int name="y" value="-1815"/><int name="z" value="9"/><int name="f" value="0"/><int name="zM" value="0"/><int name="r" value="0"/></imgdir></imgdir></imgdir><imgdir name="6"><imgdir name="info"></imgdir><imgdir name="tile"></imgdir><imgdir name="obj"></imgdir></imgdir><imgdir name="7"><imgdir name="info"></imgdir><imgdir name="tile"></imgdir><imgdir name="obj"></imgdir></imgdir><imgdir name="reactor"></imgdir><imgdir name="foothold"><imgdir name="4"><imgdir name="20"><imgdir name="1"><int name="x1" value="-635"/><int name="y1" value="-1530"/><int name="x2" value="-635"/><int name="y2" value="-1470"/><int name="prev" value="28"/><int name="next" value="3"/></imgdir><imgdir name="2"><int name="x1" value="-715"/><int name="y1" value="-1350"/><int name="x2" value="-715"/><int name="y2" value="-1410"/><int name="prev" value="0"/><int name="next" value="14"/></imgdir><imgdir name="3"><int name="x1" value="-635"/><int name="y1" value="-1470"/><int name="x2" value="-635"/><int name="y2" value="-1436"/><int name="prev" value="1"/><int name="next" value="6"/></imgdir><imgdir name="4"><int name="x1" value="-585"/><int name="y1" value="-1436"/><int name="x2" value="-495"/><int name="y2" value="-1436"/><int name="prev" value="6"/><int name="next" value="12"/></imgdir><imgdir name="5"><int name="x1" value="-135"/><int name="y1" value="-1436"/><int name="x2" value="-45"/><int name="y2" value="-1436"/><int name="prev" value="25"/><int name="next" value="8"/></imgdir><imgdir name="6"><int name="x1" value="-635"/><int name="y1" value="-1436"/><int name="x2" value="-585"/><int name="y2" value="-1436"/><int name="prev" value="3"/><int name="next" value="4"/></imgdir><imgdir name="7"><int name="x1" value="-635"/><int name="y1" value="-1710"/><int name="x2" value="-635"/><int name="y2" value="-1650"/><int name="prev" value="21"/><int name="next" value="22"/></imgdir><imgdir name="8"><int name="x1" value="-45"/><int name="y1" value="-1436"/><int name="x2" value="45"/><int name="y2" value="-1436"/><int name="prev" value="5"/><int name="next" value="13"/></imgdir><imgdir name="9"><int name="x1" value="-715"/><int name="y1" value="-1530"/><int name="x2" value="-715"/><int name="y2" value="-1590"/><int name="prev" value="29"/><int name="next" value="10"/></imgdir><imgdir name="10"><int name="x1" value="-715"/><int name="y1" value="-1590"/><int name="x2" value="-715"/><int name="y2" value="-1650"/><int name="prev" value="9"/><int name="next" value="23"/></imgdir><imgdir name="11"><int name="x1" value="-405"/><int name="y1" value="-1436"/><int name="x2" value="-315"/><int name="y2" value="-1436"/><int name="prev" value="12"/><int name="next" value="24"/></imgdir><imgdir name="12"><int name="x1" value="-495"/><int name="y1" value="-1436"/><int name="x2" value="-405"/><int name="y2" value="-1436"/><int name="prev" value="4"/><int name="next" value="11"/></imgdir><imgdir name="13"><int name="x1" value="45"/><int name="y1" value="-1436"/><int name="x2" value="135"/><int name="y2" value="-1436"/><int name="prev" value="8"/><int name="next" value="30"/></imgdir><imgdir name="14"><int name="x1" value="-715"/><int name="y1" value="-1410"/><int name="x2" value="-715"/><int name="y2" value="-1470"/><int name="prev" value="2"/><int name="next" value="29"/></imgdir><imgdir name="15"><int name="x1" value="-715"/><int name="y1" value="-1950"/><int name="x2" value="-715"/><int name="y2" value="-2010"/><int name="prev" value="16"/><int name="next" value="47"/></imgdir><imgdir name="16"><int name="x1" value="-715"/><int name="y1" value="-1890"/><int name="x2" value="-715"/><int name="y2" value="-1950"/><int name="prev" value="18"/><int name="next" value="15"/></imgdir><imgdir name="17"><int name="x1" value="-635"/><int name="y1" value="-1890"/><int name="x2" value="-635"/><int name="y2" value="-1830"/><int name="prev" value="20"/><int name="next" value="19"/></imgdir><imgdir name="18"><int name="x1" value="-715"/><int name="y1" value="-1830"/><int name="x2" value="-715"/><int name="y2" value="-1890"/><int name="prev" value="26"/><int name="next" value="16"/></imgdir><imgdir name="19"><int name="x1" value="-635"/><int name="y1" value="-1830"/><int name="x2" value="-635"/><int name="y2" value="-1770"/><int name="prev" value="17"/><int name="next" value="21"/></imgdir><imgdir name="20"><int name="x1" value="-635"/><int name="y1" value="-1950"/><int name="x2" value="-635"/><int name="y2" value="-1890"/><int name="prev" value="48"/><int name="next" value="17"/></imgdir><imgdir name="21"><int name="x1" value="-635"/><int name="y1" value="-1770"/><int name="x2" value="-635"/><int name="y2" value="-1710"/><int name="prev" value="19"/><int name="next" value="7"/></imgdir><imgdir name="22"><int name="x1" value="-635"/><int name="y1" value="-1650"/><int name="x2" value="-635"/><int name="y2" value="-1590"/><int name="prev" value="7"/><int name="next" value="28"/></imgdir><imgdir name="23"><int name="x1" value="-715"/><int name="y1" value="-1650"/><int name="x2" value="-715"/><int name="y2" value="-1710"/><int name="prev" value="10"/><int name="next" value="27"/></imgdir><imgdir name="24"><int name="x1" value="-315"/><int name="y1" value="-1436"/><int name="x2" value="-225"/><int name="y2" value="-1436"/><int name="prev" value="11"/><int name="next" value="25"/></imgdir><imgdir name="25"><int name="x1" value="-225"/><int name="y1" value="-1436"/><int name="x2" value="-135"/><int name="y2" value="-1436"/><int name="prev" value="24"/><int name="next" value="5"/></imgdir><imgdir name="26"><int name="x1" value="-715"/><int name="y1" value="-1770"/><int name="x2" value="-715"/><int name="y2" value="-1830"/><int name="prev" value="27"/><int name="next" value="18"/></imgdir><imgdir name="27"><int name="x1" value="-715"/><int name="y1" value="-1710"/><int name="x2" value="-715"/><int name="y2" value="-1770"/><int name="prev" value="23"/><int name="next" value="26"/></imgdir><imgdir name="28"><int name="x1" value="-635"/><int name="y1" value="-1590"/><int name="x2" value="-635"/><int name="y2" value="-1530"/><int name="prev" value="22"/><int name="next" value="1"/></imgdir><imgdir name="29"><int name="x1" value="-715"/><int name="y1" value="-1470"/><int name="x2" value="-715"/><int name="y2" value="-1530"/><int name="prev" value="14"/><int name="next" value="9"/></imgdir><imgdir name="30"><int name="x1" value="135"/><int name="y1" value="-1436"/><int name="x2" value="185"/><int name="y2" value="-1436"/><int name="prev" value="13"/><int name="next" value="32"/></imgdir><imgdir name="31"><int name="x1" value="265"/><int name="y1" value="-1410"/><int name="x2" value="265"/><int name="y2" value="-1350"/><int name="prev" value="34"/><int name="next" value="0"/></imgdir><imgdir name="32"><int name="x1" value="185"/><int name="y1" value="-1436"/><int name="x2" value="185"/><int name="y2" value="-1470"/><int name="prev" value="30"/><int name="next" value="33"/></imgdir><imgdir name="33"><int name="x1" value="185"/><int name="y1" value="-1470"/><int name="x2" value="185"/><int name="y2" value="-1530"/><int name="prev" value="32"/><int name="next" value="35"/></imgdir><imgdir name="34"><int name="x1" value="265"/><int name="y1" value="-1470"/><int name="x2" value="265"/><int name="y2" value="-1410"/><int name="prev" value="36"/><int name="next" value="31"/></imgdir><imgdir name="35"><int name="x1" value="185"/><int name="y1" value="-1530"/><int name="x2" value="185"/><int name="y2" value="-1590"/><int name="prev" value="33"/><int name="next" value="37"/></imgdir><imgdir name="36"><int name="x1" value="265"/><int name="y1" value="-1530"/><int name="x2" value="265"/><int name="y2" value="-1470"/><int name="prev" value="38"/><int name="next" value="34"/></imgdir><imgdir name="37"><int name="x1" value="185"/><int name="y1" value="-1590"/><int name="x2" value="185"/><int name="y2" value="-1650"/><int name="prev" value="35"/><int name="next" value="39"/></imgdir><imgdir name="38"><int name="x1" value="265"/><int name="y1" value="-1590"/><int name="x2" value="265"/><int name="y2" value="-1530"/><int name="prev" value="40"/><int name="next" value="36"/></imgdir><imgdir name="39"><int name="x1" value="185"/><int name="y1" value="-1650"/><int name="x2" value="185"/><int name="y2" value="-1710"/><int name="prev" value="37"/><int name="next" value="41"/></imgdir><imgdir name="40"><int name="x1" value="265"/><int name="y1" value="-1650"/><int name="x2" value="265"/><int name="y2" value="-1590"/><int name="prev" value="42"/><int name="next" value="38"/></imgdir><imgdir name="41"><int name="x1" value="185"/><int name="y1" value="-1710"/><int name="x2" value="185"/><int name="y2" value="-1770"/><int name="prev" value="39"/><int name="next" value="45"/></imgdir><imgdir name="42"><int name="x1" value="265"/><int name="y1" value="-1710"/><int name="x2" value="265"/><int name="y2" value="-1650"/><int name="prev" value="46"/><int name="next" value="40"/></imgdir><imgdir name="43"><int name="x1" value="185"/><int name="y1" value="-1830"/><int name="x2" value="185"/><int name="y2" value="-1890"/><int name="prev" value="45"/><int name="next" value="57"/></imgdir><imgdir name="44"><int name="x1" value="265"/><int name="y1" value="-1830"/><int name="x2" value="265"/><int name="y2" value="-1770"/><int name="prev" value="58"/><int name="next" value="46"/></imgdir><imgdir name="45"><int name="x1" value="185"/><int name="y1" value="-1770"/><int name="x2" value="185"/><int name="y2" value="-1830"/><int name="prev" value="41"/><int name="next" value="43"/></imgdir><imgdir name="46"><int name="x1" value="265"/><int name="y1" value="-1770"/><int name="x2" value="265"/><int name="y2" value="-1710"/><int name="prev" value="44"/><int name="next" value="42"/></imgdir><imgdir name="47"><int name="x1" value="-715"/><int name="y1" value="-2010"/><int name="x2" value="-715"/><int name="y2" value="-2070"/><int name="prev" value="15"/><int name="next" value="49"/></imgdir><imgdir name="48"><int name="x1" value="-635"/><int name="y1" value="-2010"/><int name="x2" value="-635"/><int name="y2" value="-1950"/><int name="prev" value="50"/><int name="next" value="20"/></imgdir><imgdir name="49"><int name="x1" value="-715"/><int name="y1" value="-2070"/><int name="x2" value="-715"/><int name="y2" value="-2130"/><int name="prev" value="47"/><int name="next" value="51"/></imgdir><imgdir name="50"><int name="x1" value="-635"/><int name="y1" value="-2070"/><int name="x2" value="-635"/><int name="y2" value="-2010"/><int name="prev" value="52"/><int name="next" value="48"/></imgdir><imgdir name="51"><int name="x1" value="-715"/><int name="y1" value="-2130"/><int name="x2" value="-715"/><int name="y2" value="-2190"/><int name="prev" value="49"/><int name="next" value="53"/></imgdir><imgdir name="52"><int name="x1" value="-635"/><int name="y1" value="-2130"/><int name="x2" value="-635"/><int name="y2" value="-2070"/><int name="prev" value="56"/><int name="next" value="50"/></imgdir><imgdir name="53"><int name="x1" value="-715"/><int name="y1" value="-2190"/><int name="x2" value="-715"/><int name="y2" value="-2216"/><int name="prev" value="51"/><int name="next" value="54"/></imgdir><imgdir name="54"><int name="x1" value="-715"/><int name="y1" value="-2216"/><int name="x2" value="-635"/><int name="y2" value="-2216"/><int name="prev" value="53"/><int name="next" value="55"/></imgdir><imgdir name="55"><int name="x1" value="-635"/><int name="y1" value="-2216"/><int name="x2" value="-635"/><int name="y2" value="-2190"/><int name="prev" value="54"/><int name="next" value="56"/></imgdir><imgdir name="56"><int name="x1" value="-635"/><int name="y1" value="-2190"/><int name="x2" value="-635"/><int name="y2" value="-2130"/><int name="prev" value="55"/><int name="next" value="52"/></imgdir><imgdir name="57"><int name="x1" value="185"/><int name="y1" value="-1890"/><int name="x2" value="185"/><int name="y2" value="-1950"/><int name="prev" value="43"/><int name="next" value="59"/></imgdir><imgdir name="58"><int name="x1" value="265"/><int name="y1" value="-1890"/><int name="x2" value="265"/><int name="y2" value="-1830"/><int name="prev" value="60"/><int name="next" value="44"/></imgdir><imgdir name="59"><int name="x1" value="185"/><int name="y1" value="-1950"/><int name="x2" value="185"/><int name="y2" value="-2010"/><int name="prev" value="57"/><int name="next" value="61"/></imgdir><imgdir name="60"><int name="x1" value="265"/><int name="y1" value="-1950"/><int name="x2" value="265"/><int name="y2" value="-1890"/><int name="prev" value="62"/><int name="next" value="58"/></imgdir><imgdir name="61"><int name="x1" value="185"/><int name="y1" value="-2010"/><int name="x2" value="185"/><int name="y2" value="-2070"/><int name="prev" value="59"/><int name="next" value="63"/></imgdir><imgdir name="62"><int name="x1" value="265"/><int name="y1" value="-2010"/><int name="x2" value="265"/><int name="y2" value="-1950"/><int name="prev" value="64"/><int name="next" value="60"/></imgdir><imgdir name="63"><int name="x1" value="185"/><int name="y1" value="-2070"/><int name="x2" value="185"/><int name="y2" value="-2130"/><int name="prev" value="61"/><int name="next" value="65"/></imgdir><imgdir name="64"><int name="x1" value="265"/><int name="y1" value="-2070"/><int name="x2" value="265"/><int name="y2" value="-2010"/><int name="prev" value="66"/><int name="next" value="62"/></imgdir><imgdir name="65"><int name="x1" value="185"/><int name="y1" value="-2130"/><int name="x2" value="185"/><int name="y2" value="-2190"/><int name="prev" value="63"/><int name="next" value="67"/></imgdir><imgdir name="66"><int name="x1" value="265"/><int name="y1" value="-2130"/><int name="x2" value="265"/><int name="y2" value="-2070"/><int name="prev" value="68"/><int name="next" value="64"/></imgdir><imgdir name="67"><int name="x1" value="185"/><int name="y1" value="-2190"/><int name="x2" value="185"/><int name="y2" value="-2250"/><int name="prev" value="65"/><int name="next" value="69"/></imgdir><imgdir name="68"><int name="x1" value="265"/><int name="y1" value="-2190"/><int name="x2" value="265"/><int name="y2" value="-2130"/><int name="prev" value="72"/><int name="next" value="66"/></imgdir><imgdir name="69"><int name="x1" value="185"/><int name="y1" value="-2250"/><int name="x2" value="185"/><int name="y2" value="-2276"/><int name="prev" value="67"/><int name="next" value="70"/></imgdir><imgdir name="70"><int name="x1" value="185"/><int name="y1" value="-2276"/><int name="x2" value="265"/><int name="y2" value="-2276"/><int name="prev" value="69"/><int name="next" value="71"/></imgdir><imgdir name="71"><int name="x1" value="265"/><int name="y1" value="-2276"/><int name="x2" value="265"/><int name="y2" value="-2250"/><int name="prev" value="70"/><int name="next" value="72"/></imgdir><imgdir name="72"><int name="x1" value="265"/><int name="y1" value="-2250"/><int name="x2" value="265"/><int name="y2" value="-2190"/><int name="prev" value="71"/><int name="next" value="68"/></imgdir></imgdir></imgdir></imgdir><imgdir name="ladderRope"></imgdir><imgdir name="miniMap"><canvas name="canvas" width="68" height="82"></canvas><int name="width" value="1091"/><int name="height" value="1312"/><int name="centerX" value="773"/><int name="centerY" value="2434"/><int name="mag" value="4"/></imgdir><imgdir name="portal"><imgdir name="0"><string name="pn" value="sp"/><int name="pt" value="0"/><int name="x" value="-278"/><int name="y" value="-1625"/><int name="tm" value="999999999"/><string name="tn" value=""/></imgdir><imgdir name="1"><string name="pn" value="in00"/><int name="pt" value="1"/><int name="x" value="-133"/><int name="y" value="-1440"/><int name="tm" value="999999999"/><string name="tn" value="in00"/></imgdir><imgdir name="2"><string name="pn" value="out00"/><int name="pt" value="2"/><int name="x" value="-593"/><int name="y" value="-1441"/><int name="tm" value="209000000"/><string name="tn" value="in01"/></imgdir></imgdir></imgdir>