<?xml version="1.0" encoding="UTF-8" standalone="yes"?><imgdir name="740000100.img"><imgdir name="info"><int name="version" value="10"/><int name="cloud" value="0"/><int name="town" value="1"/><int name="returnMap" value="740000000"/><int name="forcedReturn" value="999999999"/><float name="mobRate" value="0.0"/><string name="bgm" value="BgmTW/YoTaipei"/><string name="mapMark" value="SeoMoonJungTW"/><int name="hideMinimap" value="0"/><int name="fieldLimit" value="0"/><int name="VRTop" value="-200"/><int name="VRLeft" value="-600"/><int name="VRBottom" value="380"/><int name="VRRight" value="593"/></imgdir><imgdir name="back"><imgdir name="0"><string name="bS" value="skyStation"/><int name="front" value="0"/><int name="ani" value="0"/><int name="no" value="0"/><int name="x" value="0"/><int name="y" value="0"/><int name="rx" value="0"/><int name="ry" value="0"/><int name="type" value="3"/><int name="cx" value="0"/><int name="cy" value="0"/><int name="a" value="255"/><int name="f" value="0"/></imgdir><imgdir name="1"><string name="bS" value="skyStation"/><int name="front" value="0"/><int name="ani" value="0"/><int name="no" value="1"/><int name="x" value="40"/><int name="y" value="20"/><int name="rx" value="0"/><int name="ry" value="-20"/><int name="type" value="1"/><int name="cx" value="0"/><int name="cy" value="0"/><int name="a" value="255"/><int name="f" value="0"/></imgdir><imgdir name="2"><string name="bS" value="skyStation"/><int name="front" value="0"/><int name="ani" value="0"/><int name="no" value="2"/><int name="x" value="-282"/><int name="y" value="100"/><int name="rx" value="2"/><int name="ry" value="-23"/><int name="type" value="4"/><int name="cx" value="900"/><int name="cy" value="0"/><int name="a" value="255"/><int name="f" value="0"/></imgdir><imgdir name="3"><string name="bS" value="skyStation"/><int name="front" value="0"/><int name="ani" value="0"/><int name="no" value="3"/><int name="x" value="118"/><int name="y" value="-220"/><int name="rx" value="3"/><int name="ry" value="-23"/><int name="type" value="4"/><int name="cx" value="1500"/><int name="cy" value="0"/><int name="a" value="255"/><int name="f" value="0"/></imgdir><imgdir name="4"><string name="bS" value="skyStation"/><int name="front" value="0"/><int name="ani" value="0"/><int name="no" value="4"/><int name="x" value="307"/><int name="y" value="-124"/><int name="rx" value="4"/><int name="ry" value="-24"/><int name="type" value="4"/><int name="cx" value="1300"/><int name="cy" value="0"/><int name="a" value="255"/><int name="f" value="0"/></imgdir><imgdir name="5"><string name="bS" value="skyStation"/><int name="front" value="0"/><int name="ani" value="0"/><int name="no" value="5"/><int name="x" value="-253"/><int name="y" value="-129"/><int name="rx" value="5"/><int name="ry" value="-25"/><int name="type" value="4"/><int name="cx" value="1100"/><int name="cy" value="0"/><int name="a" value="255"/><int name="f" value="0"/></imgdir><imgdir name="6"><string name="bS" value="skyStation"/><int name="front" value="0"/><int name="ani" value="0"/><int name="no" value="6"/><int name="x" value="41"/><int name="y" value="-194"/><int name="rx" value="6"/><int name="ry" value="-26"/><int name="type" value="4"/><int name="cx" value="1000"/><int name="cy" value="0"/><int name="a" value="255"/><int name="f" value="0"/></imgdir></imgdir><imgdir name="life"><imgdir name="0"><string name="type" value="n"/><string name="id" value="9330014"/><int name="x" value="-169"/><int name="y" value="232"/><int name="mobTime" value="0"/><int name="f" value="0"/><int name="hide" value="0"/><int name="fh" value="56"/><int name="cy" value="237"/><int name="rx0" value="-169"/><int name="rx1" value="-119"/></imgdir><imgdir name="1"><string name="type" value="n"/><string name="id" value="9330061"/><int name="x" value="-470"/><int name="y" value="233"/><int name="mobTime" value="0"/><int name="f" value="0"/><int name="hide" value="0"/><int name="fh" value="53"/><int name="cy" value="237"/><int name="rx0" value="-520"/><int name="rx1" value="-420"/></imgdir></imgdir><imgdir name="0"><imgdir name="info"></imgdir><imgdir name="tile"></imgdir><imgdir name="obj"></imgdir></imgdir><imgdir name="1"><imgdir name="info"></imgdir><imgdir name="tile"></imgdir><imgdir name="obj"><imgdir name="0"><string name="oS" value="houseSS"/><string name="l0" value="house9"/><string name="l1" value="acc"/><string name="l2" value="0"/><int name="x" value="1658"/><int name="y" value="-188"/><int name="z" value="5"/><int name="f" value="0"/><int name="zM" value="10"/></imgdir></imgdir></imgdir><imgdir name="2"><imgdir name="info"></imgdir><imgdir name="tile"></imgdir><imgdir name="obj"><imgdir name="0"><string name="oS" value="SeoMoonJungTW"/><string name="l0" value="Subway"/><string name="l1" value="wall"/><string name="l2" value="0"/><int name="x" value="-2"/><int name="y" value="88"/><int name="z" value="3"/><int name="f" value="0"/><int name="zM" value="0"/></imgdir></imgdir></imgdir><imgdir name="3"><imgdir name="info"></imgdir><imgdir name="tile"></imgdir><imgdir name="obj"><imgdir name="0"><string name="oS" value="SeoMoonJungTW"/><string name="l0" value="Subway"/><string name="l1" value="house"/><string name="l2" value="0"/><int name="x" value="-386"/><int name="y" value="96"/><int name="z" value="3"/><int name="f" value="0"/><int name="zM" value="7"/></imgdir></imgdir></imgdir><imgdir name="4"><imgdir name="info"></imgdir><imgdir name="tile"></imgdir><imgdir name="obj"><imgdir name="0"><string name="oS" value="SeoMoonJungTW"/><string name="l0" value="Subway"/><string name="l1" value="acc"/><string name="l2" value="1"/><int name="x" value="-146"/><int name="y" value="-54"/><int name="z" value="3"/><int name="f" value="0"/><int name="zM" value="8"/></imgdir><imgdir name="1"><string name="oS" value="SeoMoonJungTW"/><string name="l0" value="Subway"/><string name="l1" value="acc"/><string name="l2" value="0"/><int name="x" value="436"/><int name="y" value="-183"/><int name="z" value="3"/><int name="f" value="0"/><int name="zM" value="9"/></imgdir><imgdir name="2"><string name="oS" value="SeoMoonJungTW"/><string name="l0" value="Subway"/><string name="l1" value="ani"/><string name="l2" value="0"/><int name="x" value="-14"/><int name="y" value="-9"/><int name="z" value="3"/><int name="f" value="0"/><int name="zM" value="8"/></imgdir><imgdir name="3"><string name="oS" value="SeoMoonJungTW"/><string name="l0" value="Subway"/><string name="l1" value="ani"/><string name="l2" value="1"/><int name="x" value="-4"/><int name="y" value="-2"/><int name="z" value="3"/><int name="f" value="0"/><int name="zM" value="8"/></imgdir></imgdir></imgdir><imgdir name="5"><imgdir name="info"></imgdir><imgdir name="tile"></imgdir><imgdir name="obj"><imgdir name="2"><string name="oS" value="SeoMoonJungTW"/><string name="l0" value="Subway"/><string name="l1" value="foot"/><string name="l2" value="0"/><int name="x" value="-515"/><int name="y" value="277"/><int name="z" value="3"/><int name="f" value="0"/><int name="zM" value="2"/></imgdir><imgdir name="3"><string name="oS" value="SeoMoonJungTW"/><string name="l0" value="Subway"/><string name="l1" value="foot"/><string name="l2" value="0"/><int name="x" value="-435"/><int name="y" value="277"/><int name="z" value="3"/><int name="f" value="0"/><int name="zM" value="2"/></imgdir><imgdir name="4"><string name="oS" value="SeoMoonJungTW"/><string name="l0" value="Subway"/><string name="l1" value="foot"/><string name="l2" value="0"/><int name="x" value="-261"/><int name="y" value="277"/><int name="z" value="3"/><int name="f" value="0"/><int name="zM" value="3"/></imgdir><imgdir name="5"><string name="oS" value="SeoMoonJungTW"/><string name="l0" value="Subway"/><string name="l1" value="foot"/><string name="l2" value="0"/><int name="x" value="-87"/><int name="y" value="277"/><int name="z" value="3"/><int name="f" value="0"/><int name="zM" value="4"/></imgdir><imgdir name="6"><string name="oS" value="SeoMoonJungTW"/><string name="l0" value="Subway"/><string name="l1" value="foot"/><string name="l2" value="0"/><int name="x" value="87"/><int name="y" value="277"/><int name="z" value="3"/><int name="f" value="0"/><int name="zM" value="5"/></imgdir><imgdir name="7"><string name="oS" value="SeoMoonJungTW"/><string name="l0" value="Subway"/><string name="l1" value="foot"/><string name="l2" value="0"/><int name="x" value="261"/><int name="y" value="277"/><int name="z" value="3"/><int name="f" value="0"/><int name="zM" value="6"/></imgdir><imgdir name="0"><string name="oS" value="SeoMoonJungTW"/><string name="l0" value="Subway"/><string name="l1" value="foot"/><string name="l2" value="0"/><int name="x" value="511"/><int name="y" value="277"/><int name="z" value="3"/><int name="f" value="0"/><int name="zM" value="1"/></imgdir><imgdir name="1"><string name="oS" value="SeoMoonJungTW"/><string name="l0" value="Subway"/><string name="l1" value="foot"/><string name="l2" value="0"/><int name="x" value="435"/><int name="y" value="277"/><int name="z" value="3"/><int name="f" value="0"/><int name="zM" value="1"/></imgdir></imgdir></imgdir><imgdir name="6"><imgdir name="info"></imgdir><imgdir name="tile"></imgdir><imgdir name="obj"></imgdir></imgdir><imgdir name="7"><imgdir name="info"></imgdir><imgdir name="tile"></imgdir><imgdir name="obj"></imgdir></imgdir><imgdir name="reactor"></imgdir><imgdir name="ToolTip"><imgdir name="0"><int name="x1" value="335"/><int name="y1" value="-190"/><int name="x2" value="538"/><int name="y2" value="-151"/></imgdir></imgdir><imgdir name="foothold"><imgdir name="2"><imgdir name="0"><imgdir name="1"><int name="x1" value="255"/><int name="y1" value="207"/><int name="x2" value="385"/><int name="y2" value="207"/><int name="prev" value="0"/><int name="next" value="2"/></imgdir><imgdir name="2"><int name="x1" value="385"/><int name="y1" value="207"/><int name="x2" value="385"/><int name="y2" value="178"/><int name="prev" value="1"/><int name="next" value="0"/></imgdir><imgdir name="3"><int name="x1" value="279"/><int name="y1" value="176"/><int name="x2" value="408"/><int name="y2" value="176"/><int name="prev" value="0"/><int name="next" value="4"/></imgdir><imgdir name="4"><int name="x1" value="408"/><int name="y1" value="176"/><int name="x2" value="408"/><int name="y2" value="146"/><int name="prev" value="3"/><int name="next" value="0"/></imgdir><imgdir name="5"><int name="x1" value="303"/><int name="y1" value="145"/><int name="x2" value="433"/><int name="y2" value="145"/><int name="prev" value="0"/><int name="next" value="6"/></imgdir><imgdir name="6"><int name="x1" value="433"/><int name="y1" value="145"/><int name="x2" value="433"/><int name="y2" value="115"/><int name="prev" value="5"/><int name="next" value="0"/></imgdir><imgdir name="7"><int name="x1" value="327"/><int name="y1" value="114"/><int name="x2" value="457"/><int name="y2" value="114"/><int name="prev" value="0"/><int name="next" value="8"/></imgdir><imgdir name="8"><int name="x1" value="457"/><int name="y1" value="114"/><int name="x2" value="457"/><int name="y2" value="84"/><int name="prev" value="7"/><int name="next" value="0"/></imgdir><imgdir name="9"><int name="x1" value="351"/><int name="y1" value="83"/><int name="x2" value="482"/><int name="y2" value="83"/><int name="prev" value="0"/><int name="next" value="10"/></imgdir><imgdir name="10"><int name="x1" value="482"/><int name="y1" value="83"/><int name="x2" value="482"/><int name="y2" value="52"/><int name="prev" value="9"/><int name="next" value="12"/></imgdir><imgdir name="11"><int name="x1" value="374"/><int name="y1" value="52"/><int name="x2" value="482"/><int name="y2" value="52"/><int name="prev" value="0"/><int name="next" value="12"/></imgdir><imgdir name="12"><int name="x1" value="482"/><int name="y1" value="52"/><int name="x2" value="506"/><int name="y2" value="52"/><int name="prev" value="11"/><int name="next" value="13"/></imgdir><imgdir name="13"><int name="x1" value="506"/><int name="y1" value="52"/><int name="x2" value="506"/><int name="y2" value="21"/><int name="prev" value="12"/><int name="next" value="15"/></imgdir><imgdir name="14"><int name="x1" value="397"/><int name="y1" value="21"/><int name="x2" value="506"/><int name="y2" value="21"/><int name="prev" value="0"/><int name="next" value="15"/></imgdir><imgdir name="15"><int name="x1" value="506"/><int name="y1" value="21"/><int name="x2" value="529"/><int name="y2" value="21"/><int name="prev" value="14"/><int name="next" value="16"/></imgdir><imgdir name="16"><int name="x1" value="529"/><int name="y1" value="21"/><int name="x2" value="529"/><int name="y2" value="-8"/><int name="prev" value="15"/><int name="next" value="0"/></imgdir><imgdir name="17"><int name="x1" value="421"/><int name="y1" value="-10"/><int name="x2" value="554"/><int name="y2" value="-10"/><int name="prev" value="0"/><int name="next" value="18"/></imgdir><imgdir name="18"><int name="x1" value="554"/><int name="y1" value="-10"/><int name="x2" value="554"/><int name="y2" value="-136"/><int name="prev" value="17"/><int name="next" value="0"/></imgdir><imgdir name="19"><int name="x1" value="127"/><int name="y1" value="206"/><int name="x2" value="153"/><int name="y2" value="206"/><int name="prev" value="0"/><int name="next" value="20"/></imgdir><imgdir name="20"><int name="x1" value="153"/><int name="y1" value="206"/><int name="x2" value="153"/><int name="y2" value="176"/><int name="prev" value="19"/><int name="next" value="0"/></imgdir><imgdir name="21"><int name="x1" value="152"/><int name="y1" value="175"/><int name="x2" value="173"/><int name="y2" value="175"/><int name="prev" value="0"/><int name="next" value="22"/></imgdir><imgdir name="22"><int name="x1" value="173"/><int name="y1" value="175"/><int name="x2" value="173"/><int name="y2" value="145"/><int name="prev" value="21"/><int name="next" value="0"/></imgdir><imgdir name="23"><int name="x1" value="175"/><int name="y1" value="144"/><int name="x2" value="196"/><int name="y2" value="144"/><int name="prev" value="0"/><int name="next" value="24"/></imgdir><imgdir name="24"><int name="x1" value="196"/><int name="y1" value="144"/><int name="x2" value="196"/><int name="y2" value="114"/><int name="prev" value="23"/><int name="next" value="0"/></imgdir><imgdir name="25"><int name="x1" value="199"/><int name="y1" value="113"/><int name="x2" value="220"/><int name="y2" value="113"/><int name="prev" value="0"/><int name="next" value="26"/></imgdir><imgdir name="26"><int name="x1" value="220"/><int name="y1" value="113"/><int name="x2" value="220"/><int name="y2" value="83"/><int name="prev" value="25"/><int name="next" value="0"/></imgdir><imgdir name="27"><int name="x1" value="223"/><int name="y1" value="82"/><int name="x2" value="244"/><int name="y2" value="82"/><int name="prev" value="0"/><int name="next" value="28"/></imgdir><imgdir name="28"><int name="x1" value="244"/><int name="y1" value="82"/><int name="x2" value="244"/><int name="y2" value="52"/><int name="prev" value="27"/><int name="next" value="0"/></imgdir><imgdir name="29"><int name="x1" value="246"/><int name="y1" value="51"/><int name="x2" value="268"/><int name="y2" value="51"/><int name="prev" value="0"/><int name="next" value="30"/></imgdir><imgdir name="30"><int name="x1" value="268"/><int name="y1" value="51"/><int name="x2" value="268"/><int name="y2" value="21"/><int name="prev" value="29"/><int name="next" value="0"/></imgdir><imgdir name="31"><int name="x1" value="270"/><int name="y1" value="20"/><int name="x2" value="292"/><int name="y2" value="20"/><int name="prev" value="0"/><int name="next" value="32"/></imgdir><imgdir name="32"><int name="x1" value="292"/><int name="y1" value="20"/><int name="x2" value="292"/><int name="y2" value="-10"/><int name="prev" value="31"/><int name="next" value="0"/></imgdir><imgdir name="33"><int name="x1" value="294"/><int name="y1" value="-11"/><int name="x2" value="316"/><int name="y2" value="-11"/><int name="prev" value="0"/><int name="next" value="34"/></imgdir><imgdir name="34"><int name="x1" value="316"/><int name="y1" value="-11"/><int name="x2" value="316"/><int name="y2" value="-41"/><int name="prev" value="33"/><int name="next" value="0"/></imgdir><imgdir name="35"><int name="x1" value="318"/><int name="y1" value="-42"/><int name="x2" value="340"/><int name="y2" value="-42"/><int name="prev" value="0"/><int name="next" value="36"/></imgdir><imgdir name="36"><int name="x1" value="340"/><int name="y1" value="-42"/><int name="x2" value="340"/><int name="y2" value="-69"/><int name="prev" value="35"/><int name="next" value="0"/></imgdir><imgdir name="37"><int name="x1" value="201"/><int name="y1" value="198"/><int name="x2" value="411"/><int name="y2" value="-71"/><int name="prev" value="0"/><int name="next" value="38"/></imgdir><imgdir name="38"><int name="x1" value="411"/><int name="y1" value="-71"/><int name="x2" value="492"/><int name="y2" value="-71"/><int name="prev" value="37"/><int name="next" value="0"/></imgdir><imgdir name="39"><int name="x1" value="93"/><int name="y1" value="194"/><int name="x2" value="303"/><int name="y2" value="-75"/><int name="prev" value="0"/><int name="next" value="40"/></imgdir><imgdir name="40"><int name="x1" value="303"/><int name="y1" value="-75"/><int name="x2" value="325"/><int name="y2" value="-75"/><int name="prev" value="39"/><int name="next" value="0"/></imgdir><imgdir name="41"><int name="x1" value="456"/><int name="y1" value="174"/><int name="x2" value="555"/><int name="y2" value="174"/><int name="prev" value="0"/><int name="next" value="0"/></imgdir><imgdir name="42"><int name="x1" value="568"/><int name="y1" value="235"/><int name="x2" value="583"/><int name="y2" value="235"/><int name="prev" value="0"/><int name="next" value="43"/></imgdir><imgdir name="43"><int name="x1" value="583"/><int name="y1" value="235"/><int name="x2" value="583"/><int name="y2" value="-8"/><int name="prev" value="42"/><int name="next" value="0"/></imgdir></imgdir></imgdir><imgdir name="3"><imgdir name="7"><imgdir name="44"><int name="x1" value="-585"/><int name="y1" value="45"/><int name="x2" value="-585"/><int name="y2" value="176"/><int name="prev" value="0"/><int name="next" value="45"/></imgdir><imgdir name="45"><int name="x1" value="-585"/><int name="y1" value="176"/><int name="x2" value="-563"/><int name="y2" value="176"/><int name="prev" value="44"/><int name="next" value="0"/></imgdir><imgdir name="46"><int name="x1" value="-553"/><int name="y1" value="176"/><int name="x2" value="-479"/><int name="y2" value="176"/><int name="prev" value="0"/><int name="next" value="0"/></imgdir><imgdir name="47"><int name="x1" value="-469"/><int name="y1" value="176"/><int name="x2" value="-395"/><int name="y2" value="176"/><int name="prev" value="0"/><int name="next" value="0"/></imgdir><imgdir name="48"><int name="x1" value="-384"/><int name="y1" value="176"/><int name="x2" value="-310"/><int name="y2" value="176"/><int name="prev" value="0"/><int name="next" value="0"/></imgdir><imgdir name="49"><int name="x1" value="-585"/><int name="y1" value="180"/><int name="x2" value="-585"/><int name="y2" value="234"/><int name="prev" value="0"/><int name="next" value="50"/></imgdir><imgdir name="50"><int name="x1" value="-585"/><int name="y1" value="234"/><int name="x2" value="-576"/><int name="y2" value="234"/><int name="prev" value="49"/><int name="next" value="0"/></imgdir></imgdir></imgdir><imgdir name="5"><imgdir name="1"><imgdir name="51"><int name="x1" value="424"/><int name="y1" value="237"/><int name="x2" value="598"/><int name="y2" value="237"/><int name="prev" value="52"/><int name="next" value="0"/></imgdir><imgdir name="52"><int name="x1" value="348"/><int name="y1" value="237"/><int name="x2" value="424"/><int name="y2" value="237"/><int name="prev" value="58"/><int name="next" value="51"/></imgdir></imgdir><imgdir name="2"><imgdir name="53"><int name="x1" value="-602"/><int name="y1" value="237"/><int name="x2" value="-428"/><int name="y2" value="237"/><int name="prev" value="0"/><int name="next" value="54"/></imgdir><imgdir name="54"><int name="x1" value="-428"/><int name="y1" value="237"/><int name="x2" value="-348"/><int name="y2" value="237"/><int name="prev" value="53"/><int name="next" value="55"/></imgdir></imgdir><imgdir name="3"><imgdir name="55"><int name="x1" value="-348"/><int name="y1" value="237"/><int name="x2" value="-174"/><int name="y2" value="237"/><int name="prev" value="54"/><int name="next" value="56"/></imgdir></imgdir><imgdir name="4"><imgdir name="56"><int name="x1" value="-174"/><int name="y1" value="237"/><int name="x2" value="0"/><int name="y2" value="237"/><int name="prev" value="55"/><int name="next" value="57"/></imgdir></imgdir><imgdir name="5"><imgdir name="57"><int name="x1" value="0"/><int name="y1" value="237"/><int name="x2" value="174"/><int name="y2" value="237"/><int name="prev" value="56"/><int name="next" value="58"/></imgdir></imgdir><imgdir name="6"><imgdir name="58"><int name="x1" value="174"/><int name="y1" value="237"/><int name="x2" value="348"/><int name="y2" value="237"/><int name="prev" value="57"/><int name="next" value="52"/></imgdir></imgdir></imgdir></imgdir><imgdir name="ladderRope"></imgdir><imgdir name="miniMap"><canvas name="canvas" width="149" height="50"></canvas><int name="width" value="2395"/><int name="height" value="803"/><int name="centerX" value="650"/><int name="centerY" value="367"/><int name="mag" value="4"/></imgdir><imgdir name="portal"><imgdir name="0"><string name="pn" value="sp"/><int name="pt" value="0"/><int name="x" value="4"/><int name="y" value="37"/><int name="tm" value="999999999"/><string name="tn" value=""/></imgdir><imgdir name="1"><string name="pn" value="sp"/><int name="pt" value="0"/><int name="x" value="470"/><int name="y" value="-32"/><int name="tm" value="999999999"/><string name="tn" value=""/></imgdir><imgdir name="2"><string name="pn" value="sp"/><int name="pt" value="0"/><int name="x" value="-385"/><int name="y" value="29"/><int name="tm" value="999999999"/><string name="tn" value=""/></imgdir><imgdir name="3"><string name="pn" value="in00"/><int name="pt" value="2"/><int name="x" value="510"/><int name="y" value="-13"/><int name="tm" value="740000000"/><string name="tn" value="out00"/><string name="script" value=""/></imgdir></imgdir></imgdir>