<?xml version="1.0" encoding="UTF-8" standalone="yes"?><imgdir name="740000000.img"><imgdir name="info"><int name="version" value="10"/><int name="cloud" value="0"/><int name="town" value="1"/><int name="returnMap" value="740000000"/><int name="forcedReturn" value="999999999"/><float name="mobRate" value="1.0"/><string name="bgm" value="BgmTW/YoTaipei"/><string name="mapMark" value="SeoMoonJungTW"/><int name="hideMinimap" value="0"/><int name="fieldLimit" value="0"/><int name="VRTop" value="-1000"/><int name="VRLeft" value="-1420"/><int name="VRBottom" value="400"/><int name="VRRight" value="2133"/></imgdir><imgdir name="back"><imgdir name="0"><string name="bS" value="SeoMoonJung"/><int name="front" value="0"/><int name="ani" value="0"/><int name="no" value="0"/><int name="f" value="0"/><int name="x" value="-46"/><int name="y" value="-9"/><int name="rx" value="0"/><int name="ry" value="0"/><int name="type" value="3"/><int name="cx" value="0"/><int name="cy" value="0"/><int name="a" value="255"/></imgdir><imgdir name="1"><string name="bS" value=""/><int name="front" value="0"/><int name="ani" value="0"/><int name="no" value="0"/><int name="f" value="0"/><int name="x" value="0"/><int name="y" value="0"/><int name="rx" value="0"/><int name="ry" value="0"/><int name="type" value="0"/><int name="cx" value="0"/><int name="cy" value="0"/><int name="a" value="255"/></imgdir><imgdir name="2"><string name="bS" value=""/><int name="front" value="0"/><int name="ani" value="0"/><int name="no" value="0"/><int name="f" value="0"/><int name="x" value="0"/><int name="y" value="0"/><int name="rx" value="0"/><int name="ry" value="0"/><int name="type" value="0"/><int name="cx" value="0"/><int name="cy" value="0"/><int name="a" value="255"/></imgdir><imgdir name="3"><string name="bS" value=""/><int name="front" value="0"/><int name="ani" value="0"/><int name="no" value="0"/><int name="f" value="0"/><int name="x" value="0"/><int name="y" value="0"/><int name="rx" value="0"/><int name="ry" value="0"/><int name="type" value="0"/><int name="cx" value="0"/><int name="cy" value="0"/><int name="a" value="255"/></imgdir><imgdir name="4"><string name="bS" value="ShanghaiCN"/><int name="front" value="0"/><int name="ani" value="0"/><int name="no" value="1"/><int name="f" value="0"/><int name="x" value="0"/><int name="y" value="0"/><int name="rx" value="0"/><int name="ry" value="0"/><int name="type" value="1"/><int name="cx" value="0"/><int name="cy" value="0"/><int name="a" value="255"/></imgdir><imgdir name="5"><string name="bS" value="ShanghaiCN"/><int name="front" value="0"/><int name="ani" value="0"/><int name="no" value="2"/><int name="f" value="0"/><int name="x" value="204"/><int name="y" value="-40"/><int name="rx" value="-3"/><int name="ry" value="-15"/><int name="type" value="4"/><int name="cx" value="1000"/><int name="cy" value="0"/><int name="a" value="255"/></imgdir><imgdir name="6"><string name="bS" value="ShanghaiCN"/><int name="front" value="0"/><int name="ani" value="0"/><int name="no" value="3"/><int name="f" value="0"/><int name="x" value="-131"/><int name="y" value="-78"/><int name="rx" value="-3"/><int name="ry" value="-15"/><int name="type" value="4"/><int name="cx" value="1000"/><int name="cy" value="0"/><int name="a" value="255"/></imgdir><imgdir name="7"><string name="bS" value="ShanghaiCN"/><int name="front" value="0"/><int name="ani" value="0"/><int name="no" value="4"/><int name="f" value="0"/><int name="x" value="340"/><int name="y" value="-111"/><int name="rx" value="-3"/><int name="ry" value="-15"/><int name="type" value="4"/><int name="cx" value="1000"/><int name="cy" value="0"/><int name="a" value="255"/></imgdir><imgdir name="8"><string name="bS" value="ShanghaiCN"/><int name="front" value="0"/><int name="ani" value="0"/><int name="no" value="5"/><int name="f" value="0"/><int name="x" value="-917"/><int name="y" value="-30"/><int name="rx" value="-2"/><int name="ry" value="-15"/><int name="type" value="4"/><int name="cx" value="1000"/><int name="cy" value="0"/><int name="a" value="255"/></imgdir><imgdir name="9"><string name="bS" value="ShanghaiCN"/><int name="front" value="0"/><int name="ani" value="0"/><int name="no" value="6"/><int name="f" value="0"/><int name="x" value="-237"/><int name="y" value="-224"/><int name="rx" value="-2"/><int name="ry" value="-15"/><int name="type" value="4"/><int name="cx" value="1000"/><int name="cy" value="0"/><int name="a" value="255"/></imgdir><imgdir name="10"><string name="bS" value="ShanghaiCN"/><int name="front" value="0"/><int name="ani" value="0"/><int name="no" value="7"/><int name="f" value="0"/><int name="x" value="-66"/><int name="y" value="-97"/><int name="rx" value="-2"/><int name="ry" value="-15"/><int name="type" value="4"/><int name="cx" value="1000"/><int name="cy" value="0"/><int name="a" value="255"/></imgdir><imgdir name="11"><string name="bS" value="ShanghaiCN"/><int name="front" value="0"/><int name="ani" value="0"/><int name="no" value="8"/><int name="f" value="0"/><int name="x" value="-295"/><int name="y" value="-318"/><int name="rx" value="-1"/><int name="ry" value="-15"/><int name="type" value="4"/><int name="cx" value="1000"/><int name="cy" value="0"/><int name="a" value="255"/></imgdir><imgdir name="12"><string name="bS" value="ShanghaiCN"/><int name="front" value="0"/><int name="ani" value="0"/><int name="no" value="9"/><int name="f" value="0"/><int name="x" value="419"/><int name="y" value="-188"/><int name="rx" value="-1"/><int name="ry" value="-15"/><int name="type" value="4"/><int name="cx" value="1000"/><int name="cy" value="0"/><int name="a" value="255"/></imgdir><imgdir name="13"><string name="bS" value="ShanghaiCN"/><int name="front" value="0"/><int name="ani" value="0"/><int name="no" value="10"/><int name="f" value="0"/><int name="x" value="-391"/><int name="y" value="-361"/><int name="rx" value="-1"/><int name="ry" value="-15"/><int name="type" value="4"/><int name="cx" value="1000"/><int name="cy" value="0"/><int name="a" value="255"/></imgdir><imgdir name="14"><string name="bS" value="SeoMoonJung"/><int name="front" value="0"/><int name="ani" value="0"/><int name="no" value="4"/><int name="f" value="0"/><int name="x" value="167"/><int name="y" value="112"/><int name="rx" value="-80"/><int name="ry" value="-100"/><int name="type" value="0"/><int name="cx" value="0"/><int name="cy" value="0"/><int name="a" value="255"/></imgdir><imgdir name="15"><string name="bS" value="SeoMoonJung"/><int name="front" value="0"/><int name="ani" value="0"/><int name="no" value="2"/><int name="f" value="0"/><int name="x" value="130"/><int name="y" value="182"/><int name="rx" value="-70"/><int name="ry" value="-100"/><int name="type" value="0"/><int name="cx" value="0"/><int name="cy" value="0"/><int name="a" value="255"/></imgdir><imgdir name="17"><string name="bS" value="SeoMoonJung"/><int name="front" value="0"/><int name="ani" value="0"/><int name="no" value="17"/><int name="f" value="0"/><int name="x" value="575"/><int name="y" value="134"/><int name="rx" value="-70"/><int name="ry" value="-100"/><int name="type" value="0"/><int name="cx" value="0"/><int name="cy" value="0"/><int name="a" value="255"/></imgdir><imgdir name="19"><string name="bS" value="SeoMoonJung"/><int name="front" value="0"/><int name="ani" value="0"/><int name="no" value="0"/><int name="f" value="0"/><int name="x" value="-232"/><int name="y" value="-108"/><int name="rx" value="-80"/><int name="ry" value="-100"/><int name="type" value="0"/><int name="cx" value="0"/><int name="cy" value="0"/><int name="a" value="255"/></imgdir><imgdir name="21"><string name="bS" value="SeoMoonJung"/><int name="front" value="0"/><int name="ani" value="1"/><int name="no" value="1"/><int name="f" value="0"/><int name="x" value="-78"/><int name="y" value="45"/><int name="rx" value="-80"/><int name="ry" value="-100"/><int name="type" value="0"/><int name="cx" value="0"/><int name="cy" value="0"/><int name="a" value="255"/></imgdir><imgdir name="23"><string name="bS" value="SeoMoonJung"/><int name="front" value="0"/><int name="ani" value="0"/><int name="no" value="6"/><int name="f" value="0"/><int name="x" value="-1128"/><int name="y" value="105"/><int name="rx" value="-50"/><int name="ry" value="-100"/><int name="type" value="0"/><int name="cx" value="0"/><int name="cy" value="0"/><int name="a" value="255"/></imgdir><imgdir name="22"><string name="bS" value="SeoMoonJung"/><int name="front" value="0"/><int name="ani" value="0"/><int name="no" value="12"/><int name="f" value="0"/><int name="x" value="-1120"/><int name="y" value="37"/><int name="rx" value="-80"/><int name="ry" value="-100"/><int name="type" value="0"/><int name="cx" value="0"/><int name="cy" value="0"/><int name="a" value="255"/></imgdir><imgdir name="20"><string name="bS" value="SeoMoonJung"/><int name="front" value="0"/><int name="ani" value="1"/><int name="no" value="0"/><int name="f" value="0"/><int name="x" value="-152"/><int name="y" value="180"/><int name="rx" value="-80"/><int name="ry" value="-100"/><int name="type" value="0"/><int name="cx" value="0"/><int name="cy" value="0"/><int name="a" value="255"/></imgdir><imgdir name="16"><string name="bS" value="SeoMoonJung"/><int name="front" value="0"/><int name="ani" value="0"/><int name="no" value="3"/><int name="f" value="0"/><int name="x" value="512"/><int name="y" value="225"/><int name="rx" value="-70"/><int name="ry" value="-100"/><int name="type" value="0"/><int name="cx" value="0"/><int name="cy" value="0"/><int name="a" value="255"/></imgdir><imgdir name="18"><string name="bS" value="SeoMoonJung"/><int name="front" value="0"/><int name="ani" value="0"/><int name="no" value="1"/><int name="f" value="0"/><int name="x" value="350"/><int name="y" value="112"/><int name="rx" value="-75"/><int name="ry" value="-100"/><int name="type" value="0"/><int name="cx" value="0"/><int name="cy" value="0"/><int name="a" value="255"/></imgdir><imgdir name="24"><string name="bS" value="SeoMoonJung"/><int name="front" value="0"/><int name="ani" value="0"/><int name="no" value="7"/><int name="f" value="0"/><int name="x" value="1284"/><int name="y" value="-96"/><int name="rx" value="-80"/><int name="ry" value="-100"/><int name="type" value="0"/><int name="cx" value="0"/><int name="cy" value="0"/><int name="a" value="255"/></imgdir><imgdir name="25"><string name="bS" value="SeoMoonJung"/><int name="front" value="0"/><int name="ani" value="0"/><int name="no" value="19"/><int name="f" value="0"/><int name="x" value="1191"/><int name="y" value="81"/><int name="rx" value="-70"/><int name="ry" value="-100"/><int name="type" value="0"/><int name="cx" value="0"/><int name="cy" value="0"/><int name="a" value="255"/></imgdir></imgdir><imgdir name="life"><imgdir name="0"><string name="type" value="n"/><string name="id" value="9330000"/><int name="x" value="-663"/><int name="y" value="258"/><int name="mobTime" value="0"/><int name="f" value="0"/><int name="hide" value="0"/><int name="fh" value="13"/><int name="cy" value="261"/><int name="rx0" value="-713"/><int name="rx1" value="-613"/></imgdir><imgdir name="1"><string name="type" value="n"/><string name="id" value="9330001"/><int name="x" value="-1019"/><int name="y" value="254"/><int name="mobTime" value="0"/><int name="f" value="0"/><int name="hide" value="0"/><int name="fh" value="11"/><int name="cy" value="261"/><int name="rx0" value="-1069"/><int name="rx1" value="-969"/></imgdir><imgdir name="2"><string name="type" value="n"/><string name="id" value="9330002"/><int name="x" value="-821"/><int name="y" value="255"/><int name="mobTime" value="0"/><int name="f" value="0"/><int name="hide" value="0"/><int name="fh" value="9"/><int name="cy" value="261"/><int name="rx0" value="-871"/><int name="rx1" value="-771"/></imgdir><imgdir name="3"><string name="type" value="n"/><string name="id" value="9330012"/><int name="x" value="948"/><int name="y" value="255"/><int name="mobTime" value="0"/><int name="f" value="0"/><int name="hide" value="0"/><int name="fh" value="22"/><int name="cy" value="261"/><int name="rx0" value="898"/><int name="rx1" value="998"/></imgdir><imgdir name="5"><string name="type" value="n"/><string name="id" value="9330006"/><int name="x" value="-757"/><int name="y" value="-331"/><int name="mobTime" value="0"/><int name="f" value="0"/><int name="hide" value="0"/><int name="fh" value="78"/><int name="cy" value="-318"/><int name="rx0" value="-807"/><int name="rx1" value="-707"/></imgdir><imgdir name="4"><string name="type" value="n"/><string name="id" value="9330004"/><int name="x" value="1630"/><int name="y" value="256"/><int name="mobTime" value="0"/><int name="f" value="0"/><int name="hide" value="0"/><int name="fh" value="41"/><int name="cy" value="261"/><int name="rx0" value="1580"/><int name="rx1" value="1680"/></imgdir><imgdir name="6"><string name="type" value="n"/><string name="id" value="9330005"/><int name="x" value="468"/><int name="y" value="255"/><int name="mobTime" value="0"/><int name="f" value="1"/><int name="hide" value="0"/><int name="fh" value="16"/><int name="cy" value="261"/><int name="rx0" value="418"/><int name="rx1" value="518"/></imgdir><imgdir name="8"><string name="type" value="n"/><string name="id" value="9330042"/><int name="x" value="1104"/><int name="y" value="255"/><int name="mobTime" value="0"/><int name="f" value="0"/><int name="hide" value="0"/><int name="fh" value="23"/><int name="cy" value="261"/><int name="rx0" value="1054"/><int name="rx1" value="1154"/></imgdir><imgdir name="9"><string name="type" value="n"/><string name="id" value="9110000"/><int name="x" value="1468"/><int name="y" value="-135"/><int name="mobTime" value="0"/><int name="f" value="0"/><int name="hide" value="0"/><int name="fh" value="118"/><int name="cy" value="-121"/><int name="rx0" value="1418"/><int name="rx1" value="1518"/></imgdir><imgdir name="7"><string name="type" value="n"/><string name="id" value="9330041"/><int name="x" value="572"/><int name="y" value="258"/><int name="mobTime" value="0"/><int name="f" value="0"/><int name="hide" value="0"/><int name="fh" value="17"/><int name="cy" value="261"/><int name="rx0" value="522"/><int name="rx1" value="622"/></imgdir><imgdir name="10"><string name="type" value="n"/><string name="id" value="9330044"/><int name="x" value="-303"/><int name="y" value="254"/><int name="mobTime" value="0"/><int name="f" value="0"/><int name="hide" value="0"/><int name="fh" value="4"/><int name="cy" value="261"/><int name="rx0" value="-353"/><int name="rx1" value="-253"/></imgdir><imgdir name="11"><string name="type" value="n"/><string name="id" value="9010009"/><int name="x" value="239"/><int name="y" value="255"/><int name="mobTime" value="0"/><int name="f" value="0"/><int name="hide" value="0"/><int name="fh" value="8"/><int name="cy" value="261"/><int name="rx0" value="189"/><int name="rx1" value="289"/></imgdir><imgdir name="12"><string name="type" value="n"/><string name="id" value="9330045"/><int name="x" value="-1151"/><int name="y" value="255"/><int name="mobTime" value="0"/><int name="f" value="0"/><int name="hide" value="0"/><int name="fh" value="29"/><int name="cy" value="261"/><int name="rx0" value="-1201"/><int name="rx1" value="-1101"/></imgdir><imgdir name="13"><string name="type" value="n"/><string name="id" value="9000020"/><int name="x" value="101"/><int name="y" value="257"/><int name="mobTime" value="0"/><int name="f" value="0"/><int name="hide" value="0"/><int name="fh" value="6"/><int name="cy" value="261"/><int name="rx0" value="51"/><int name="rx1" value="151"/></imgdir><imgdir name="14"><string name="type" value="n"/><string name="id" value="9201023"/><int name="x" value="1074"/><int name="y" value="-32"/><int name="mobTime" value="0"/><int name="f" value="0"/><int name="hide" value="0"/><int name="fh" value="114"/><int name="cy" value="-24"/><int name="rx0" value="1024"/><int name="rx1" value="1124"/></imgdir><imgdir name="15"><string name="type" value="n"/><string name="id" value="9330072"/><int name="x" value="817"/><int name="y" value="256"/><int name="mobTime" value="0"/><int name="f" value="0"/><int name="hide" value="0"/><int name="fh" value="21"/><int name="cy" value="261"/><int name="rx0" value="767"/><int name="rx1" value="867"/></imgdir><imgdir name="16"><string name="type" value="n"/><string name="id" value="9330082"/><int name="x" value="927"/><int name="y" value="-31"/><int name="mobTime" value="0"/><int name="f" value="0"/><int name="hide" value="0"/><int name="fh" value="114"/><int name="cy" value="-24"/><int name="rx0" value="877"/><int name="rx1" value="977"/></imgdir><imgdir name="17"><string name="type" value="n"/><string name="id" value="9209000"/><int name="x" value="1381"/><int name="y" value="255"/><int name="mobTime" value="0"/><int name="f" value="0"/><int name="hide" value="0"/><int name="fh" value="33"/><int name="cy" value="261"/><int name="rx0" value="1331"/><int name="rx1" value="1431"/><string name="limitedname" value="dealerA"/></imgdir></imgdir><imgdir name="reactor"></imgdir><imgdir name="0"><imgdir name="info"></imgdir><imgdir name="tile"></imgdir><imgdir name="obj"></imgdir></imgdir><imgdir name="1"><imgdir name="info"></imgdir><imgdir name="tile"></imgdir><imgdir name="obj"></imgdir></imgdir><imgdir name="2"><imgdir name="info"></imgdir><imgdir name="tile"></imgdir><imgdir name="obj"></imgdir></imgdir><imgdir name="3"><imgdir name="info"></imgdir><imgdir name="tile"></imgdir><imgdir name="obj"><imgdir name="0"><string name="oS" value="SeoMoonJungTW"/><string name="l0" value="SeoMoonJung"/><string name="l1" value="house2"/><string name="l2" value="1"/><int name="x" value="-665"/><int name="y" value="40"/><int name="z" value="3"/><int name="f" value="0"/><int name="zM" value="6"/></imgdir></imgdir></imgdir><imgdir name="4"><imgdir name="info"></imgdir><imgdir name="tile"></imgdir><imgdir name="obj"><imgdir name="0"><string name="oS" value="SeoMoonJungTW"/><string name="l0" value="SeoMoonJung"/><string name="l1" value="house2"/><string name="l2" value="0"/><int name="x" value="-683"/><int name="y" value="-42"/><int name="z" value="0"/><int name="f" value="0"/><int name="zM" value="8"/></imgdir><imgdir name="2"><string name="oS" value="SeoMoonJungTW"/><string name="l0" value="SeoMoonJung"/><string name="l1" value="house0"/><string name="l2" value="1"/><int name="x" value="1149"/><int name="y" value="72"/><int name="z" value="3"/><int name="f" value="0"/><int name="zM" value="3"/></imgdir><imgdir name="1"><string name="oS" value="SeoMoonJungTW"/><string name="l0" value="SeoMoonJung"/><string name="l1" value="house3"/><string name="l2" value="0"/><int name="x" value="-1224"/><int name="y" value="16"/><int name="z" value="1"/><int name="f" value="0"/><int name="zM" value="2"/></imgdir><imgdir name="3"><string name="oS" value="SeoMoonJungTW"/><string name="l0" value="SeoMoonJung"/><string name="l1" value="acc"/><string name="l2" value="10"/><int name="x" value="455"/><int name="y" value="222"/><int name="z" value="3"/><int name="f" value="0"/><int name="zM" value="4"/></imgdir><imgdir name="4"><string name="oS" value="SeoMoonJungTW"/><string name="l0" value="SeoMoonJung"/><string name="l1" value="acc"/><string name="l2" value="8"/><int name="x" value="436"/><int name="y" value="64"/><int name="z" value="2"/><int name="f" value="0"/><int name="zM" value="4"/></imgdir><imgdir name="5"><string name="oS" value="SeoMoonJungTW"/><string name="l0" value="SeoMoonJung"/><string name="l1" value="ani"/><string name="l2" value="0"/><int name="x" value="436"/><int name="y" value="63"/><int name="z" value="3"/><int name="f" value="0"/><int name="zM" value="4"/></imgdir><imgdir name="6"><string name="oS" value="SeoMoonJungTW"/><string name="l0" value="SeoMoonJung"/><string name="l1" value="house3"/><string name="l2" value="1"/><int name="x" value="-960"/><int name="y" value="-382"/><int name="z" value="1"/><int name="f" value="0"/><int name="zM" value="8"/></imgdir><imgdir name="8"><string name="oS" value="SeoMoonJungTW"/><string name="l0" value="SeoMoonJung"/><string name="l1" value="acc"/><string name="l2" value="2"/><int name="x" value="-1085"/><int name="y" value="-286"/><int name="z" value="3"/><int name="f" value="0"/><int name="zM" value="8"/></imgdir><imgdir name="9"><string name="oS" value="guide"/><string name="l0" value="common"/><string name="l1" value="post"/><string name="l2" value="0"/><int name="x" value="284"/><int name="y" value="210"/><int name="z" value="9"/><int name="f" value="0"/><int name="zM" value="0"/></imgdir><imgdir name="7"><string name="oS" value="guide"/><string name="l0" value="common"/><string name="l1" value="tour"/><string name="l2" value="0"/><int name="x" value="52"/><int name="y" value="168"/><int name="z" value="9"/><int name="f" value="0"/><int name="zM" value="0"/></imgdir><imgdir name="10"><string name="oS" value="SeoMoonJungTW"/><string name="l0" value="SeoMoonJung"/><string name="l1" value="house3"/><string name="l2" value="5"/><int name="x" value="-946"/><int name="y" value="-426"/><int name="z" value="9"/><int name="f" value="0"/><int name="zM" value="0"/><int name="r" value="0"/></imgdir></imgdir></imgdir><imgdir name="5"><imgdir name="info"></imgdir><imgdir name="tile"></imgdir><imgdir name="obj"><imgdir name="1"><string name="oS" value="SeoMoonJungTW"/><string name="l0" value="SeoMoonJung"/><string name="l1" value="house1"/><string name="l2" value="1"/><int name="x" value="-966"/><int name="y" value="214"/><int name="z" value="3"/><int name="f" value="0"/><int name="zM" value="1"/></imgdir><imgdir name="0"><string name="oS" value="SeoMoonJungTW"/><string name="l0" value="SeoMoonJung"/><string name="l1" value="house0"/><string name="l2" value="0"/><int name="x" value="1146"/><int name="y" value="71"/><int name="z" value="3"/><int name="f" value="0"/><int name="zM" value="5"/></imgdir></imgdir></imgdir><imgdir name="6"><imgdir name="info"><string name="tS" value="SeoMoonJungTW"/><int name="tSMag" value="1"/></imgdir><imgdir name="tile"><imgdir name="4"><int name="x" value="-135"/><int name="y" value="270"/><string name="u" value="enH0"/><int name="no" value="0"/><int name="zM" value="0"/></imgdir><imgdir name="17"><int name="x" value="225"/><int name="y" value="270"/><string name="u" value="enH0"/><int name="no" value="1"/><int name="zM" value="0"/></imgdir><imgdir name="15"><int name="x" value="135"/><int name="y" value="270"/><string name="u" value="enH0"/><int name="no" value="0"/><int name="zM" value="0"/></imgdir><imgdir name="13"><int name="x" value="45"/><int name="y" value="270"/><string name="u" value="enH0"/><int name="no" value="2"/><int name="zM" value="0"/></imgdir><imgdir name="1"><int name="x" value="-45"/><int name="y" value="270"/><string name="u" value="enH0"/><int name="no" value="2"/><int name="zM" value="0"/></imgdir><imgdir name="11"><int name="x" value="315"/><int name="y" value="270"/><string name="u" value="enH0"/><int name="no" value="2"/><int name="zM" value="0"/></imgdir><imgdir name="3"><int name="x" value="-225"/><int name="y" value="270"/><string name="u" value="enH0"/><int name="no" value="2"/><int name="zM" value="0"/></imgdir><imgdir name="7"><int name="x" value="-315"/><int name="y" value="270"/><string name="u" value="enH0"/><int name="no" value="0"/><int name="zM" value="0"/></imgdir><imgdir name="6"><int name="x" value="-315"/><int name="y" value="270"/><string name="u" value="bsc"/><int name="no" value="3"/><int name="zM" value="0"/></imgdir><imgdir name="9"><int name="x" value="-315"/><int name="y" value="330"/><string name="u" value="bsc"/><int name="no" value="2"/><int name="zM" value="0"/></imgdir><imgdir name="23"><int name="x" value="-225"/><int name="y" value="330"/><string name="u" value="bsc"/><int name="no" value="3"/><int name="zM" value="0"/></imgdir><imgdir name="5"><int name="x" value="-135"/><int name="y" value="270"/><string name="u" value="bsc"/><int name="no" value="3"/><int name="zM" value="0"/></imgdir><imgdir name="2"><int name="x" value="-225"/><int name="y" value="270"/><string name="u" value="bsc"/><int name="no" value="3"/><int name="zM" value="0"/></imgdir><imgdir name="26"><int name="x" value="-135"/><int name="y" value="330"/><string name="u" value="bsc"/><int name="no" value="5"/><int name="zM" value="0"/></imgdir><imgdir name="0"><int name="x" value="-45"/><int name="y" value="270"/><string name="u" value="bsc"/><int name="no" value="4"/><int name="zM" value="0"/></imgdir><imgdir name="12"><int name="x" value="45"/><int name="y" value="270"/><string name="u" value="bsc"/><int name="no" value="5"/><int name="zM" value="0"/></imgdir><imgdir name="29"><int name="x" value="45"/><int name="y" value="330"/><string name="u" value="bsc"/><int name="no" value="3"/><int name="zM" value="0"/></imgdir><imgdir name="22"><int name="x" value="-45"/><int name="y" value="330"/><string name="u" value="bsc"/><int name="no" value="4"/><int name="zM" value="0"/></imgdir><imgdir name="34"><int name="x" value="135"/><int name="y" value="330"/><string name="u" value="bsc"/><int name="no" value="0"/><int name="zM" value="0"/></imgdir><imgdir name="14"><int name="x" value="135"/><int name="y" value="270"/><string name="u" value="bsc"/><int name="no" value="0"/><int name="zM" value="0"/></imgdir><imgdir name="33"><int name="x" value="225"/><int name="y" value="330"/><string name="u" value="bsc"/><int name="no" value="4"/><int name="zM" value="0"/></imgdir><imgdir name="16"><int name="x" value="225"/><int name="y" value="270"/><string name="u" value="bsc"/><int name="no" value="5"/><int name="zM" value="0"/></imgdir><imgdir name="10"><int name="x" value="315"/><int name="y" value="270"/><string name="u" value="bsc"/><int name="no" value="5"/><int name="zM" value="0"/></imgdir><imgdir name="19"><int name="x" value="315"/><int name="y" value="330"/><string name="u" value="bsc"/><int name="no" value="5"/><int name="zM" value="0"/></imgdir><imgdir name="45"><int name="x" value="-585"/><int name="y" value="270"/><string name="u" value="bsc"/><int name="no" value="4"/><int name="zM" value="0"/></imgdir><imgdir name="47"><int name="x" value="-585"/><int name="y" value="270"/><string name="u" value="enH0"/><int name="no" value="0"/><int name="zM" value="0"/></imgdir><imgdir name="48"><int name="x" value="-675"/><int name="y" value="270"/><string name="u" value="enH0"/><int name="no" value="2"/><int name="zM" value="0"/></imgdir><imgdir name="58"><int name="x" value="-675"/><int name="y" value="270"/><string name="u" value="bsc"/><int name="no" value="3"/><int name="zM" value="0"/></imgdir><imgdir name="59"><int name="x" value="-675"/><int name="y" value="330"/><string name="u" value="bsc"/><int name="no" value="0"/><int name="zM" value="0"/></imgdir><imgdir name="44"><int name="x" value="-585"/><int name="y" value="330"/><string name="u" value="bsc"/><int name="no" value="1"/><int name="zM" value="0"/></imgdir><imgdir name="54"><int name="x" value="-765"/><int name="y" value="270"/><string name="u" value="bsc"/><int name="no" value="0"/><int name="zM" value="0"/></imgdir><imgdir name="43"><int name="x" value="-495"/><int name="y" value="270"/><string name="u" value="bsc"/><int name="no" value="2"/><int name="zM" value="0"/></imgdir><imgdir name="50"><int name="x" value="-495"/><int name="y" value="270"/><string name="u" value="enH0"/><int name="no" value="0"/><int name="zM" value="0"/></imgdir><imgdir name="42"><int name="x" value="-495"/><int name="y" value="330"/><string name="u" value="bsc"/><int name="no" value="5"/><int name="zM" value="0"/></imgdir><imgdir name="41"><int name="x" value="-405"/><int name="y" value="270"/><string name="u" value="bsc"/><int name="no" value="5"/><int name="zM" value="0"/></imgdir><imgdir name="40"><int name="x" value="-405"/><int name="y" value="270"/><string name="u" value="enH0"/><int name="no" value="0"/><int name="zM" value="0"/></imgdir><imgdir name="20"><int name="x" value="-405"/><int name="y" value="330"/><string name="u" value="bsc"/><int name="no" value="0"/><int name="zM" value="0"/></imgdir><imgdir name="55"><int name="x" value="-765"/><int name="y" value="270"/><string name="u" value="enH0"/><int name="no" value="1"/><int name="zM" value="0"/></imgdir><imgdir name="24"><int name="x" value="-765"/><int name="y" value="330"/><string name="u" value="bsc"/><int name="no" value="5"/><int name="zM" value="0"/></imgdir><imgdir name="65"><int name="x" value="495"/><int name="y" value="270"/><string name="u" value="enH0"/><int name="no" value="1"/><int name="zM" value="0"/></imgdir><imgdir name="66"><int name="x" value="495"/><int name="y" value="330"/><string name="u" value="bsc"/><int name="no" value="2"/><int name="zM" value="0"/></imgdir><imgdir name="39"><int name="x" value="405"/><int name="y" value="270"/><string name="u" value="bsc"/><int name="no" value="3"/><int name="zM" value="0"/></imgdir><imgdir name="60"><int name="x" value="405"/><int name="y" value="270"/><string name="u" value="enH0"/><int name="no" value="1"/><int name="zM" value="0"/></imgdir><imgdir name="18"><int name="x" value="405"/><int name="y" value="330"/><string name="u" value="bsc"/><int name="no" value="4"/><int name="zM" value="0"/></imgdir><imgdir name="35"><int name="x" value="495"/><int name="y" value="270"/><string name="u" value="bsc"/><int name="no" value="2"/><int name="zM" value="0"/></imgdir><imgdir name="82"><int name="x" value="765"/><int name="y" value="270"/><string name="u" value="bsc"/><int name="no" value="2"/><int name="zM" value="0"/></imgdir><imgdir name="80"><int name="x" value="765"/><int name="y" value="270"/><string name="u" value="enH0"/><int name="no" value="2"/><int name="zM" value="0"/></imgdir><imgdir name="79"><int name="x" value="675"/><int name="y" value="330"/><string name="u" value="bsc"/><int name="no" value="0"/><int name="zM" value="0"/></imgdir><imgdir name="72"><int name="x" value="675"/><int name="y" value="270"/><string name="u" value="bsc"/><int name="no" value="1"/><int name="zM" value="0"/></imgdir><imgdir name="69"><int name="x" value="675"/><int name="y" value="270"/><string name="u" value="enH0"/><int name="no" value="2"/><int name="zM" value="0"/></imgdir><imgdir name="71"><int name="x" value="765"/><int name="y" value="330"/><string name="u" value="bsc"/><int name="no" value="0"/><int name="zM" value="0"/></imgdir><imgdir name="76"><int name="x" value="855"/><int name="y" value="330"/><string name="u" value="bsc"/><int name="no" value="4"/><int name="zM" value="0"/></imgdir><imgdir name="68"><int name="x" value="585"/><int name="y" value="270"/><string name="u" value="enH0"/><int name="no" value="1"/><int name="zM" value="0"/></imgdir><imgdir name="67"><int name="x" value="585"/><int name="y" value="330"/><string name="u" value="bsc"/><int name="no" value="5"/><int name="zM" value="0"/></imgdir><imgdir name="78"><int name="x" value="855"/><int name="y" value="270"/><string name="u" value="enH0"/><int name="no" value="2"/><int name="zM" value="0"/></imgdir><imgdir name="64"><int name="x" value="585"/><int name="y" value="270"/><string name="u" value="bsc"/><int name="no" value="2"/><int name="zM" value="0"/></imgdir><imgdir name="77"><int name="x" value="855"/><int name="y" value="270"/><string name="u" value="bsc"/><int name="no" value="3"/><int name="zM" value="0"/></imgdir><imgdir name="87"><int name="x" value="1035"/><int name="y" value="270"/><string name="u" value="enH0"/><int name="no" value="0"/><int name="zM" value="0"/></imgdir><imgdir name="88"><int name="x" value="1035"/><int name="y" value="330"/><string name="u" value="bsc"/><int name="no" value="4"/><int name="zM" value="0"/></imgdir><imgdir name="81"><int name="x" value="945"/><int name="y" value="270"/><string name="u" value="bsc"/><int name="no" value="5"/><int name="zM" value="0"/></imgdir><imgdir name="84"><int name="x" value="945"/><int name="y" value="270"/><string name="u" value="enH0"/><int name="no" value="2"/><int name="zM" value="0"/></imgdir><imgdir name="61"><int name="x" value="945"/><int name="y" value="330"/><string name="u" value="bsc"/><int name="no" value="4"/><int name="zM" value="0"/></imgdir><imgdir name="73"><int name="x" value="1035"/><int name="y" value="270"/><string name="u" value="bsc"/><int name="no" value="2"/><int name="zM" value="0"/></imgdir><imgdir name="85"><int name="x" value="1125"/><int name="y" value="270"/><string name="u" value="bsc"/><int name="no" value="4"/><int name="zM" value="0"/></imgdir><imgdir name="94"><int name="x" value="1125"/><int name="y" value="270"/><string name="u" value="enH0"/><int name="no" value="0"/><int name="zM" value="0"/></imgdir><imgdir name="93"><int name="x" value="1215"/><int name="y" value="270"/><string name="u" value="bsc"/><int name="no" value="1"/><int name="zM" value="0"/></imgdir><imgdir name="95"><int name="x" value="1215"/><int name="y" value="270"/><string name="u" value="enH0"/><int name="no" value="1"/><int name="zM" value="0"/></imgdir><imgdir name="92"><int name="x" value="1215"/><int name="y" value="330"/><string name="u" value="bsc"/><int name="no" value="1"/><int name="zM" value="0"/></imgdir><imgdir name="86"><int name="x" value="1125"/><int name="y" value="330"/><string name="u" value="bsc"/><int name="no" value="2"/><int name="zM" value="0"/></imgdir><imgdir name="104"><int name="x" value="-945"/><int name="y" value="270"/><string name="u" value="bsc"/><int name="no" value="5"/><int name="zM" value="0"/></imgdir><imgdir name="101"><int name="x" value="-945"/><int name="y" value="270"/><string name="u" value="enH0"/><int name="no" value="0"/><int name="zM" value="0"/></imgdir><imgdir name="102"><int name="x" value="-945"/><int name="y" value="330"/><string name="u" value="bsc"/><int name="no" value="3"/><int name="zM" value="0"/></imgdir><imgdir name="28"><int name="x" value="-855"/><int name="y" value="270"/><string name="u" value="enH0"/><int name="no" value="0"/><int name="zM" value="0"/></imgdir><imgdir name="100"><int name="x" value="-855"/><int name="y" value="330"/><string name="u" value="bsc"/><int name="no" value="0"/><int name="zM" value="0"/></imgdir><imgdir name="49"><int name="x" value="-855"/><int name="y" value="270"/><string name="u" value="bsc"/><int name="no" value="4"/><int name="zM" value="0"/></imgdir><imgdir name="123"><int name="x" value="-1305"/><int name="y" value="330"/><string name="u" value="bsc"/><int name="no" value="2"/><int name="zM" value="0"/></imgdir><imgdir name="120"><int name="x" value="-1215"/><int name="y" value="270"/><string name="u" value="bsc"/><int name="no" value="0"/><int name="zM" value="0"/></imgdir><imgdir name="116"><int name="x" value="-1215"/><int name="y" value="270"/><string name="u" value="enH0"/><int name="no" value="2"/><int name="zM" value="0"/></imgdir><imgdir name="122"><int name="x" value="-1215"/><int name="y" value="330"/><string name="u" value="bsc"/><int name="no" value="5"/><int name="zM" value="0"/></imgdir><imgdir name="115"><int name="x" value="-1125"/><int name="y" value="270"/><string name="u" value="bsc"/><int name="no" value="4"/><int name="zM" value="0"/></imgdir><imgdir name="113"><int name="x" value="-1125"/><int name="y" value="270"/><string name="u" value="enH0"/><int name="no" value="2"/><int name="zM" value="0"/></imgdir><imgdir name="114"><int name="x" value="-1035"/><int name="y" value="270"/><string name="u" value="bsc"/><int name="no" value="0"/><int name="zM" value="0"/></imgdir><imgdir name="106"><int name="x" value="-1305"/><int name="y" value="270"/><string name="u" value="bsc"/><int name="no" value="1"/><int name="zM" value="0"/></imgdir><imgdir name="46"><int name="x" value="-1035"/><int name="y" value="270"/><string name="u" value="enH0"/><int name="no" value="2"/><int name="zM" value="0"/></imgdir><imgdir name="112"><int name="x" value="-1035"/><int name="y" value="330"/><string name="u" value="bsc"/><int name="no" value="1"/><int name="zM" value="0"/></imgdir><imgdir name="103"><int name="x" value="-1125"/><int name="y" value="330"/><string name="u" value="bsc"/><int name="no" value="5"/><int name="zM" value="0"/></imgdir><imgdir name="105"><int name="x" value="-1305"/><int name="y" value="270"/><string name="u" value="enH0"/><int name="no" value="2"/><int name="zM" value="0"/></imgdir><imgdir name="108"><int name="x" value="-1305"/><int name="y" value="390"/><string name="u" value="bsc"/><int name="no" value="3"/><int name="zM" value="0"/></imgdir><imgdir name="121"><int name="x" value="-1305"/><int name="y" value="450"/><string name="u" value="bsc"/><int name="no" value="5"/><int name="zM" value="0"/></imgdir><imgdir name="125"><int name="x" value="-1305"/><int name="y" value="510"/><string name="u" value="enH1"/><int name="no" value="2"/><int name="zM" value="0"/></imgdir><imgdir name="56"><int name="x" value="-675"/><int name="y" value="390"/><string name="u" value="bsc"/><int name="no" value="4"/><int name="zM" value="0"/></imgdir><imgdir name="8"><int name="x" value="-765"/><int name="y" value="390"/><string name="u" value="bsc"/><int name="no" value="3"/><int name="zM" value="0"/></imgdir><imgdir name="140"><int name="x" value="-855"/><int name="y" value="510"/><string name="u" value="enH1"/><int name="no" value="2"/><int name="zM" value="0"/></imgdir><imgdir name="136"><int name="x" value="-945"/><int name="y" value="450"/><string name="u" value="bsc"/><int name="no" value="4"/><int name="zM" value="0"/></imgdir><imgdir name="142"><int name="x" value="-945"/><int name="y" value="510"/><string name="u" value="enH1"/><int name="no" value="1"/><int name="zM" value="0"/></imgdir><imgdir name="107"><int name="x" value="-945"/><int name="y" value="390"/><string name="u" value="bsc"/><int name="no" value="3"/><int name="zM" value="0"/></imgdir><imgdir name="109"><int name="x" value="-1035"/><int name="y" value="390"/><string name="u" value="bsc"/><int name="no" value="3"/><int name="zM" value="0"/></imgdir><imgdir name="52"><int name="x" value="-855"/><int name="y" value="390"/><string name="u" value="bsc"/><int name="no" value="1"/><int name="zM" value="0"/></imgdir><imgdir name="133"><int name="x" value="-1035"/><int name="y" value="450"/><string name="u" value="bsc"/><int name="no" value="1"/><int name="zM" value="0"/></imgdir><imgdir name="137"><int name="x" value="-675"/><int name="y" value="510"/><string name="u" value="enH1"/><int name="no" value="1"/><int name="zM" value="0"/></imgdir><imgdir name="134"><int name="x" value="-1035"/><int name="y" value="510"/><string name="u" value="enH1"/><int name="no" value="1"/><int name="zM" value="0"/></imgdir><imgdir name="138"><int name="x" value="-675"/><int name="y" value="450"/><string name="u" value="bsc"/><int name="no" value="3"/><int name="zM" value="0"/></imgdir><imgdir name="111"><int name="x" value="-1125"/><int name="y" value="390"/><string name="u" value="bsc"/><int name="no" value="4"/><int name="zM" value="0"/></imgdir><imgdir name="117"><int name="x" value="-1215"/><int name="y" value="390"/><string name="u" value="bsc"/><int name="no" value="2"/><int name="zM" value="0"/></imgdir><imgdir name="124"><int name="x" value="-765"/><int name="y" value="450"/><string name="u" value="bsc"/><int name="no" value="0"/><int name="zM" value="0"/></imgdir><imgdir name="132"><int name="x" value="-1215"/><int name="y" value="450"/><string name="u" value="bsc"/><int name="no" value="1"/><int name="zM" value="0"/></imgdir><imgdir name="128"><int name="x" value="-765"/><int name="y" value="510"/><string name="u" value="enH1"/><int name="no" value="1"/><int name="zM" value="0"/></imgdir><imgdir name="129"><int name="x" value="-1215"/><int name="y" value="510"/><string name="u" value="enH1"/><int name="no" value="2"/><int name="zM" value="0"/></imgdir><imgdir name="139"><int name="x" value="-1125"/><int name="y" value="450"/><string name="u" value="bsc"/><int name="no" value="4"/><int name="zM" value="0"/></imgdir><imgdir name="143"><int name="x" value="-1125"/><int name="y" value="510"/><string name="u" value="enH1"/><int name="no" value="1"/><int name="zM" value="0"/></imgdir><imgdir name="144"><int name="x" value="-855"/><int name="y" value="450"/><string name="u" value="bsc"/><int name="no" value="5"/><int name="zM" value="0"/></imgdir><imgdir name="21"><int name="x" value="-315"/><int name="y" value="390"/><string name="u" value="bsc"/><int name="no" value="4"/><int name="zM" value="0"/></imgdir><imgdir name="150"><int name="x" value="-405"/><int name="y" value="510"/><string name="u" value="enH1"/><int name="no" value="1"/><int name="zM" value="0"/></imgdir><imgdir name="53"><int name="x" value="-405"/><int name="y" value="390"/><string name="u" value="bsc"/><int name="no" value="3"/><int name="zM" value="0"/></imgdir><imgdir name="51"><int name="x" value="-495"/><int name="y" value="390"/><string name="u" value="bsc"/><int name="no" value="1"/><int name="zM" value="0"/></imgdir><imgdir name="57"><int name="x" value="-585"/><int name="y" value="390"/><string name="u" value="bsc"/><int name="no" value="1"/><int name="zM" value="0"/></imgdir><imgdir name="145"><int name="x" value="-405"/><int name="y" value="450"/><string name="u" value="bsc"/><int name="no" value="0"/><int name="zM" value="0"/></imgdir><imgdir name="146"><int name="x" value="-585"/><int name="y" value="450"/><string name="u" value="bsc"/><int name="no" value="0"/><int name="zM" value="0"/></imgdir><imgdir name="131"><int name="x" value="-585"/><int name="y" value="510"/><string name="u" value="enH1"/><int name="no" value="0"/><int name="zM" value="0"/></imgdir><imgdir name="149"><int name="x" value="-495"/><int name="y" value="450"/><string name="u" value="bsc"/><int name="no" value="0"/><int name="zM" value="0"/></imgdir><imgdir name="147"><int name="x" value="-315"/><int name="y" value="450"/><string name="u" value="bsc"/><int name="no" value="2"/><int name="zM" value="0"/></imgdir><imgdir name="141"><int name="x" value="-315"/><int name="y" value="510"/><string name="u" value="enH1"/><int name="no" value="1"/><int name="zM" value="0"/></imgdir><imgdir name="148"><int name="x" value="-495"/><int name="y" value="510"/><string name="u" value="enH1"/><int name="no" value="1"/><int name="zM" value="0"/></imgdir><imgdir name="31"><int name="x" value="45"/><int name="y" value="390"/><string name="u" value="bsc"/><int name="no" value="3"/><int name="zM" value="0"/></imgdir><imgdir name="32"><int name="x" value="-45"/><int name="y" value="390"/><string name="u" value="bsc"/><int name="no" value="1"/><int name="zM" value="0"/></imgdir><imgdir name="158"><int name="x" value="-45"/><int name="y" value="510"/><string name="u" value="enH1"/><int name="no" value="1"/><int name="zM" value="0"/></imgdir><imgdir name="159"><int name="x" value="-135"/><int name="y" value="450"/><string name="u" value="bsc"/><int name="no" value="0"/><int name="zM" value="0"/></imgdir><imgdir name="154"><int name="x" value="-135"/><int name="y" value="510"/><string name="u" value="enH1"/><int name="no" value="0"/><int name="zM" value="0"/></imgdir><imgdir name="27"><int name="x" value="-135"/><int name="y" value="390"/><string name="u" value="bsc"/><int name="no" value="2"/><int name="zM" value="0"/></imgdir><imgdir name="155"><int name="x" value="-45"/><int name="y" value="450"/><string name="u" value="bsc"/><int name="no" value="5"/><int name="zM" value="0"/></imgdir><imgdir name="25"><int name="x" value="-225"/><int name="y" value="390"/><string name="u" value="bsc"/><int name="no" value="0"/><int name="zM" value="0"/></imgdir><imgdir name="152"><int name="x" value="45"/><int name="y" value="450"/><string name="u" value="bsc"/><int name="no" value="1"/><int name="zM" value="0"/></imgdir><imgdir name="135"><int name="x" value="-225"/><int name="y" value="450"/><string name="u" value="bsc"/><int name="no" value="1"/><int name="zM" value="0"/></imgdir><imgdir name="160"><int name="x" value="45"/><int name="y" value="510"/><string name="u" value="enH1"/><int name="no" value="0"/><int name="zM" value="0"/></imgdir><imgdir name="151"><int name="x" value="-225"/><int name="y" value="510"/><string name="u" value="enH1"/><int name="no" value="2"/><int name="zM" value="0"/></imgdir><imgdir name="37"><int name="x" value="405"/><int name="y" value="390"/><string name="u" value="bsc"/><int name="no" value="2"/><int name="zM" value="0"/></imgdir><imgdir name="30"><int name="x" value="315"/><int name="y" value="390"/><string name="u" value="bsc"/><int name="no" value="0"/><int name="zM" value="0"/></imgdir><imgdir name="167"><int name="x" value="315"/><int name="y" value="450"/><string name="u" value="bsc"/><int name="no" value="1"/><int name="zM" value="0"/></imgdir><imgdir name="38"><int name="x" value="225"/><int name="y" value="390"/><string name="u" value="bsc"/><int name="no" value="0"/><int name="zM" value="0"/></imgdir><imgdir name="161"><int name="x" value="225"/><int name="y" value="450"/><string name="u" value="bsc"/><int name="no" value="5"/><int name="zM" value="0"/></imgdir><imgdir name="162"><int name="x" value="225"/><int name="y" value="510"/><string name="u" value="enH1"/><int name="no" value="1"/><int name="zM" value="0"/></imgdir><imgdir name="36"><int name="x" value="135"/><int name="y" value="390"/><string name="u" value="bsc"/><int name="no" value="3"/><int name="zM" value="0"/></imgdir><imgdir name="165"><int name="x" value="315"/><int name="y" value="510"/><string name="u" value="enH1"/><int name="no" value="0"/><int name="zM" value="0"/></imgdir><imgdir name="156"><int name="x" value="135"/><int name="y" value="450"/><string name="u" value="bsc"/><int name="no" value="2"/><int name="zM" value="0"/></imgdir><imgdir name="157"><int name="x" value="405"/><int name="y" value="450"/><string name="u" value="bsc"/><int name="no" value="3"/><int name="zM" value="0"/></imgdir><imgdir name="163"><int name="x" value="405"/><int name="y" value="510"/><string name="u" value="enH1"/><int name="no" value="0"/><int name="zM" value="0"/></imgdir><imgdir name="153"><int name="x" value="135"/><int name="y" value="510"/><string name="u" value="enH1"/><int name="no" value="2"/><int name="zM" value="0"/></imgdir><imgdir name="83"><int name="x" value="855"/><int name="y" value="390"/><string name="u" value="bsc"/><int name="no" value="3"/><int name="zM" value="0"/></imgdir><imgdir name="70"><int name="x" value="765"/><int name="y" value="390"/><string name="u" value="bsc"/><int name="no" value="3"/><int name="zM" value="0"/></imgdir><imgdir name="177"><int name="x" value="765"/><int name="y" value="450"/><string name="u" value="bsc"/><int name="no" value="4"/><int name="zM" value="0"/></imgdir><imgdir name="178"><int name="x" value="765"/><int name="y" value="510"/><string name="u" value="enH1"/><int name="no" value="2"/><int name="zM" value="0"/></imgdir><imgdir name="75"><int name="x" value="675"/><int name="y" value="390"/><string name="u" value="bsc"/><int name="no" value="5"/><int name="zM" value="0"/></imgdir><imgdir name="173"><int name="x" value="675"/><int name="y" value="450"/><string name="u" value="bsc"/><int name="no" value="3"/><int name="zM" value="0"/></imgdir><imgdir name="174"><int name="x" value="675"/><int name="y" value="510"/><string name="u" value="enH1"/><int name="no" value="1"/><int name="zM" value="0"/></imgdir><imgdir name="175"><int name="x" value="585"/><int name="y" value="450"/><string name="u" value="bsc"/><int name="no" value="3"/><int name="zM" value="0"/></imgdir><imgdir name="170"><int name="x" value="585"/><int name="y" value="510"/><string name="u" value="enH1"/><int name="no" value="1"/><int name="zM" value="0"/></imgdir><imgdir name="62"><int name="x" value="585"/><int name="y" value="390"/><string name="u" value="bsc"/><int name="no" value="0"/><int name="zM" value="0"/></imgdir><imgdir name="171"><int name="x" value="855"/><int name="y" value="450"/><string name="u" value="bsc"/><int name="no" value="0"/><int name="zM" value="0"/></imgdir><imgdir name="63"><int name="x" value="495"/><int name="y" value="390"/><string name="u" value="bsc"/><int name="no" value="5"/><int name="zM" value="0"/></imgdir><imgdir name="164"><int name="x" value="855"/><int name="y" value="510"/><string name="u" value="enH1"/><int name="no" value="0"/><int name="zM" value="0"/></imgdir><imgdir name="166"><int name="x" value="495"/><int name="y" value="450"/><string name="u" value="bsc"/><int name="no" value="1"/><int name="zM" value="0"/></imgdir><imgdir name="168"><int name="x" value="495"/><int name="y" value="510"/><string name="u" value="enH1"/><int name="no" value="1"/><int name="zM" value="0"/></imgdir><imgdir name="180"><int name="x" value="1035"/><int name="y" value="510"/><string name="u" value="enH1"/><int name="no" value="0"/><int name="zM" value="0"/></imgdir><imgdir name="91"><int name="x" value="1035"/><int name="y" value="390"/><string name="u" value="bsc"/><int name="no" value="3"/><int name="zM" value="0"/></imgdir><imgdir name="181"><int name="x" value="1035"/><int name="y" value="450"/><string name="u" value="bsc"/><int name="no" value="1"/><int name="zM" value="0"/></imgdir><imgdir name="74"><int name="x" value="945"/><int name="y" value="390"/><string name="u" value="bsc"/><int name="no" value="0"/><int name="zM" value="0"/></imgdir><imgdir name="172"><int name="x" value="945"/><int name="y" value="450"/><string name="u" value="bsc"/><int name="no" value="1"/><int name="zM" value="0"/></imgdir><imgdir name="176"><int name="x" value="945"/><int name="y" value="510"/><string name="u" value="enH1"/><int name="no" value="1"/><int name="zM" value="0"/></imgdir><imgdir name="184"><int name="x" value="1215"/><int name="y" value="510"/><string name="u" value="enH1"/><int name="no" value="1"/><int name="zM" value="0"/></imgdir><imgdir name="98"><int name="x" value="1215"/><int name="y" value="390"/><string name="u" value="bsc"/><int name="no" value="1"/><int name="zM" value="0"/></imgdir><imgdir name="90"><int name="x" value="1125"/><int name="y" value="390"/><string name="u" value="bsc"/><int name="no" value="2"/><int name="zM" value="0"/></imgdir><imgdir name="179"><int name="x" value="1215"/><int name="y" value="450"/><string name="u" value="bsc"/><int name="no" value="5"/><int name="zM" value="0"/></imgdir><imgdir name="182"><int name="x" value="1125"/><int name="y" value="450"/><string name="u" value="bsc"/><int name="no" value="5"/><int name="zM" value="0"/></imgdir><imgdir name="169"><int name="x" value="1125"/><int name="y" value="510"/><string name="u" value="enH1"/><int name="no" value="0"/><int name="zM" value="0"/></imgdir><imgdir name="99"><int name="x" value="1305"/><int name="y" value="330"/><string name="u" value="bsc"/><int name="no" value="3"/><int name="zM" value="0"/></imgdir><imgdir name="97"><int name="x" value="1305"/><int name="y" value="270"/><string name="u" value="bsc"/><int name="no" value="4"/><int name="zM" value="0"/></imgdir><imgdir name="187"><int name="x" value="1305"/><int name="y" value="270"/><string name="u" value="enH0"/><int name="no" value="1"/><int name="zM" value="0"/></imgdir><imgdir name="96"><int name="x" value="1395"/><int name="y" value="270"/><string name="u" value="bsc"/><int name="no" value="2"/><int name="zM" value="0"/></imgdir><imgdir name="189"><int name="x" value="1395"/><int name="y" value="270"/><string name="u" value="enH0"/><int name="no" value="2"/><int name="zM" value="0"/></imgdir><imgdir name="186"><int name="x" value="1395"/><int name="y" value="330"/><string name="u" value="bsc"/><int name="no" value="0"/><int name="zM" value="0"/></imgdir><imgdir name="185"><int name="x" value="1305"/><int name="y" value="450"/><string name="u" value="bsc"/><int name="no" value="3"/><int name="zM" value="0"/></imgdir><imgdir name="183"><int name="x" value="1395"/><int name="y" value="450"/><string name="u" value="bsc"/><int name="no" value="5"/><int name="zM" value="0"/></imgdir><imgdir name="197"><int name="x" value="1395"/><int name="y" value="390"/><string name="u" value="bsc"/><int name="no" value="4"/><int name="zM" value="0"/></imgdir><imgdir name="110"><int name="x" value="-1395"/><int name="y" value="270"/><string name="u" value="bsc"/><int name="no" value="5"/><int name="zM" value="0"/></imgdir><imgdir name="119"><int name="x" value="-1395"/><int name="y" value="270"/><string name="u" value="enH0"/><int name="no" value="1"/><int name="zM" value="0"/></imgdir><imgdir name="118"><int name="x" value="-1395"/><int name="y" value="510"/><string name="u" value="edD"/><int name="no" value="0"/><int name="zM" value="0"/></imgdir><imgdir name="126"><int name="x" value="-1395"/><int name="y" value="510"/><string name="u" value="enH1"/><int name="no" value="1"/><int name="zM" value="0"/></imgdir><imgdir name="130"><int name="x" value="-1395"/><int name="y" value="450"/><string name="u" value="enV0"/><int name="no" value="1"/><int name="zM" value="0"/></imgdir><imgdir name="127"><int name="x" value="-1395"/><int name="y" value="390"/><string name="u" value="enV0"/><int name="no" value="0"/><int name="zM" value="0"/></imgdir><imgdir name="196"><int name="x" value="-1395"/><int name="y" value="450"/><string name="u" value="bsc"/><int name="no" value="2"/><int name="zM" value="0"/></imgdir><imgdir name="191"><int name="x" value="-1395"/><int name="y" value="330"/><string name="u" value="enV0"/><int name="no" value="1"/><int name="zM" value="0"/></imgdir><imgdir name="190"><int name="x" value="-1395"/><int name="y" value="390"/><string name="u" value="bsc"/><int name="no" value="0"/><int name="zM" value="0"/></imgdir><imgdir name="194"><int name="x" value="-1395"/><int name="y" value="270"/><string name="u" value="enV0"/><int name="no" value="1"/><int name="zM" value="0"/></imgdir><imgdir name="89"><int name="x" value="1305"/><int name="y" value="510"/><string name="u" value="enH1"/><int name="no" value="2"/><int name="zM" value="0"/></imgdir><imgdir name="195"><int name="x" value="-1395"/><int name="y" value="270"/><string name="u" value="edU"/><int name="no" value="0"/><int name="zM" value="0"/></imgdir><imgdir name="193"><int name="x" value="-1395"/><int name="y" value="330"/><string name="u" value="bsc"/><int name="no" value="1"/><int name="zM" value="0"/></imgdir><imgdir name="188"><int name="x" value="1395"/><int name="y" value="510"/><string name="u" value="enH1"/><int name="no" value="0"/><int name="zM" value="0"/></imgdir><imgdir name="192"><int name="x" value="1305"/><int name="y" value="390"/><string name="u" value="bsc"/><int name="no" value="3"/><int name="zM" value="0"/></imgdir><imgdir name="206"><int name="x" value="1485"/><int name="y" value="270"/><string name="u" value="enH0"/><int name="no" value="0"/><int name="zM" value="0"/></imgdir><imgdir name="202"><int name="x" value="1485"/><int name="y" value="450"/><string name="u" value="bsc"/><int name="no" value="2"/><int name="zM" value="0"/></imgdir><imgdir name="203"><int name="x" value="1485"/><int name="y" value="390"/><string name="u" value="bsc"/><int name="no" value="1"/><int name="zM" value="0"/></imgdir><imgdir name="201"><int name="x" value="1485"/><int name="y" value="330"/><string name="u" value="bsc"/><int name="no" value="1"/><int name="zM" value="0"/></imgdir><imgdir name="198"><int name="x" value="1485"/><int name="y" value="270"/><string name="u" value="bsc"/><int name="no" value="5"/><int name="zM" value="0"/></imgdir><imgdir name="199"><int name="x" value="1485"/><int name="y" value="510"/><string name="u" value="enH1"/><int name="no" value="0"/><int name="zM" value="0"/></imgdir><imgdir name="205"><int name="x" value="1575"/><int name="y" value="270"/><string name="u" value="bsc"/><int name="no" value="5"/><int name="zM" value="0"/></imgdir><imgdir name="212"><int name="x" value="1575"/><int name="y" value="270"/><string name="u" value="enH0"/><int name="no" value="0"/><int name="zM" value="0"/></imgdir><imgdir name="211"><int name="x" value="1665"/><int name="y" value="270"/><string name="u" value="bsc"/><int name="no" value="5"/><int name="zM" value="0"/></imgdir><imgdir name="221"><int name="x" value="1665"/><int name="y" value="270"/><string name="u" value="enH0"/><int name="no" value="1"/><int name="zM" value="0"/></imgdir><imgdir name="210"><int name="x" value="1755"/><int name="y" value="270"/><string name="u" value="bsc"/><int name="no" value="0"/><int name="zM" value="0"/></imgdir><imgdir name="223"><int name="x" value="1755"/><int name="y" value="270"/><string name="u" value="enH0"/><int name="no" value="2"/><int name="zM" value="0"/></imgdir><imgdir name="204"><int name="x" value="1575"/><int name="y" value="330"/><string name="u" value="bsc"/><int name="no" value="1"/><int name="zM" value="0"/></imgdir><imgdir name="207"><int name="x" value="1575"/><int name="y" value="390"/><string name="u" value="bsc"/><int name="no" value="4"/><int name="zM" value="0"/></imgdir><imgdir name="216"><int name="x" value="1665"/><int name="y" value="390"/><string name="u" value="bsc"/><int name="no" value="4"/><int name="zM" value="0"/></imgdir><imgdir name="213"><int name="x" value="1665"/><int name="y" value="330"/><string name="u" value="bsc"/><int name="no" value="4"/><int name="zM" value="0"/></imgdir><imgdir name="220"><int name="x" value="1755"/><int name="y" value="330"/><string name="u" value="bsc"/><int name="no" value="5"/><int name="zM" value="0"/></imgdir><imgdir name="208"><int name="x" value="1755"/><int name="y" value="390"/><string name="u" value="bsc"/><int name="no" value="2"/><int name="zM" value="0"/></imgdir><imgdir name="226"><int name="x" value="1755"/><int name="y" value="450"/><string name="u" value="bsc"/><int name="no" value="4"/><int name="zM" value="0"/></imgdir><imgdir name="217"><int name="x" value="1755"/><int name="y" value="510"/><string name="u" value="enH1"/><int name="no" value="1"/><int name="zM" value="0"/></imgdir><imgdir name="215"><int name="x" value="1575"/><int name="y" value="450"/><string name="u" value="bsc"/><int name="no" value="3"/><int name="zM" value="0"/></imgdir><imgdir name="209"><int name="x" value="1575"/><int name="y" value="510"/><string name="u" value="enH1"/><int name="no" value="1"/><int name="zM" value="0"/></imgdir><imgdir name="224"><int name="x" value="1665"/><int name="y" value="450"/><string name="u" value="bsc"/><int name="no" value="2"/><int name="zM" value="0"/></imgdir><imgdir name="214"><int name="x" value="1665"/><int name="y" value="510"/><string name="u" value="enH1"/><int name="no" value="2"/><int name="zM" value="0"/></imgdir><imgdir name="219"><int name="x" value="1845"/><int name="y" value="270"/><string name="u" value="bsc"/><int name="no" value="0"/><int name="zM" value="0"/></imgdir><imgdir name="218"><int name="x" value="1845"/><int name="y" value="330"/><string name="u" value="bsc"/><int name="no" value="3"/><int name="zM" value="0"/></imgdir><imgdir name="200"><int name="x" value="1845"/><int name="y" value="450"/><string name="u" value="bsc"/><int name="no" value="3"/><int name="zM" value="0"/></imgdir><imgdir name="222"><int name="x" value="1845"/><int name="y" value="510"/><string name="u" value="enH1"/><int name="no" value="2"/><int name="zM" value="0"/></imgdir><imgdir name="227"><int name="x" value="1845"/><int name="y" value="390"/><string name="u" value="bsc"/><int name="no" value="4"/><int name="zM" value="0"/></imgdir><imgdir name="225"><int name="x" value="1845"/><int name="y" value="270"/><string name="u" value="enH0"/><int name="no" value="2"/><int name="zM" value="0"/></imgdir><imgdir name="241"><int name="x" value="2025"/><int name="y" value="510"/><string name="u" value="enH1"/><int name="no" value="2"/><int name="zM" value="0"/></imgdir><imgdir name="234"><int name="x" value="1935"/><int name="y" value="510"/><string name="u" value="enH1"/><int name="no" value="1"/><int name="zM" value="0"/></imgdir><imgdir name="240"><int name="x" value="2025"/><int name="y" value="450"/><string name="u" value="bsc"/><int name="no" value="1"/><int name="zM" value="0"/></imgdir><imgdir name="236"><int name="x" value="2115"/><int name="y" value="510"/><string name="u" value="edD"/><int name="no" value="0"/><int name="zM" value="0"/></imgdir><imgdir name="237"><int name="x" value="1935"/><int name="y" value="450"/><string name="u" value="bsc"/><int name="no" value="0"/><int name="zM" value="0"/></imgdir><imgdir name="239"><int name="x" value="2115"/><int name="y" value="450"/><string name="u" value="enV1"/><int name="no" value="1"/><int name="zM" value="0"/></imgdir><imgdir name="233"><int name="x" value="1935"/><int name="y" value="390"/><string name="u" value="bsc"/><int name="no" value="2"/><int name="zM" value="0"/></imgdir><imgdir name="230"><int name="x" value="1935"/><int name="y" value="330"/><string name="u" value="bsc"/><int name="no" value="2"/><int name="zM" value="0"/></imgdir><imgdir name="235"><int name="x" value="1935"/><int name="y" value="270"/><string name="u" value="bsc"/><int name="no" value="0"/><int name="zM" value="0"/></imgdir><imgdir name="229"><int name="x" value="1935"/><int name="y" value="270"/><string name="u" value="enH0"/><int name="no" value="0"/><int name="zM" value="0"/></imgdir><imgdir name="228"><int name="x" value="2025"/><int name="y" value="270"/><string name="u" value="bsc"/><int name="no" value="2"/><int name="zM" value="0"/></imgdir><imgdir name="244"><int name="x" value="2025"/><int name="y" value="270"/><string name="u" value="enH0"/><int name="no" value="0"/><int name="zM" value="0"/></imgdir><imgdir name="245"><int name="x" value="2115"/><int name="y" value="270"/><string name="u" value="enV1"/><int name="no" value="1"/><int name="zM" value="0"/></imgdir><imgdir name="231"><int name="x" value="2115"/><int name="y" value="330"/><string name="u" value="enV1"/><int name="no" value="0"/><int name="zM" value="0"/></imgdir><imgdir name="243"><int name="x" value="2115"/><int name="y" value="270"/><string name="u" value="edU"/><int name="no" value="0"/><int name="zM" value="0"/></imgdir><imgdir name="238"><int name="x" value="2025"/><int name="y" value="390"/><string name="u" value="bsc"/><int name="no" value="4"/><int name="zM" value="0"/></imgdir><imgdir name="242"><int name="x" value="2115"/><int name="y" value="390"/><string name="u" value="enV1"/><int name="no" value="0"/><int name="zM" value="0"/></imgdir><imgdir name="232"><int name="x" value="2025"/><int name="y" value="330"/><string name="u" value="bsc"/><int name="no" value="4"/><int name="zM" value="0"/></imgdir></imgdir><imgdir name="obj"><imgdir name="0"><string name="oS" value="SeoMoonJungTW"/><string name="l0" value="SeoMoonJung"/><string name="l1" value="house1"/><string name="l2" value="0"/><int name="x" value="-986"/><int name="y" value="-1"/><int name="z" value="3"/><int name="f" value="0"/><int name="zM" value="0"/></imgdir><imgdir name="1"><string name="oS" value="SeoMoonJungTW"/><string name="l0" value="SeoMoonJung"/><string name="l1" value="acc"/><string name="l2" value="1"/><int name="x" value="1025"/><int name="y" value="197"/><int name="z" value="3"/><int name="f" value="0"/><int name="zM" value="0"/></imgdir><imgdir name="2"><string name="oS" value="SeoMoonJungTW"/><string name="l0" value="SeoMoonJung"/><string name="l1" value="acc"/><string name="l2" value="19"/><int name="x" value="1794"/><int name="y" value="132"/><int name="z" value="3"/><int name="f" value="0"/><int name="zM" value="0"/></imgdir><imgdir name="3"><string name="oS" value="SeoMoonJungTW"/><string name="l0" value="SeoMoonJung"/><string name="l1" value="acc"/><string name="l2" value="3"/><int name="x" value="1538"/><int name="y" value="-65"/><int name="z" value="3"/><int name="f" value="0"/><int name="zM" value="9"/></imgdir><imgdir name="5"><string name="oS" value="SeoMoonJungTW"/><string name="l0" value="SeoMoonJung"/><string name="l1" value="acc"/><string name="l2" value="9"/><int name="x" value="1316"/><int name="y" value="222"/><int name="z" value="3"/><int name="f" value="0"/><int name="zM" value="0"/></imgdir><imgdir name="4"><string name="oS" value="SeoMoonJungTW"/><string name="l0" value="SeoMoonJung"/><string name="l1" value="acc"/><string name="l2" value="9"/><int name="x" value="-410"/><int name="y" value="221"/><int name="z" value="3"/><int name="f" value="0"/><int name="zM" value="0"/></imgdir><imgdir name="6"><string name="oS" value="SeoMoonJungTW"/><string name="l0" value="SeoMoonJung"/><string name="l1" value="acc"/><string name="l2" value="13"/><int name="x" value="-500"/><int name="y" value="220"/><int name="z" value="3"/><int name="f" value="0"/><int name="zM" value="0"/></imgdir></imgdir></imgdir><imgdir name="7"><imgdir name="info"></imgdir><imgdir name="tile"></imgdir><imgdir name="obj"><imgdir name="0"><string name="oS" value="SeoMoonJungTW"/><string name="l0" value="SeoMoonJung"/><string name="l1" value="acc"/><string name="l2" value="0"/><int name="x" value="1200"/><int name="y" value="42"/><int name="z" value="3"/><int name="f" value="0"/><int name="zM" value="7"/></imgdir></imgdir></imgdir><imgdir name="ToolTip"><imgdir name="0"><int name="x1" value="-1102"/><int name="y1" value="114"/><int name="x2" value="-1045"/><int name="y2" value="166"/></imgdir><imgdir name="1"><int name="x1" value="-899"/><int name="y1" value="109"/><int name="x2" value="-839"/><int name="y2" value="166"/></imgdir><imgdir name="2"><int name="x1" value="-740"/><int name="y1" value="111"/><int name="x2" value="-575"/><int name="y2" value="163"/></imgdir><imgdir name="3"><int name="x1" value="415"/><int name="y1" value="-133"/><int name="x2" value="486"/><int name="y2" value="-78"/></imgdir><imgdir name="4"><int name="x1" value="739"/><int name="y1" value="-21"/><int name="x2" value="895"/><int name="y2" value="40"/></imgdir><imgdir name="5"><int name="x1" value="-28"/><int name="y1" value="73"/><int name="x2" value="121"/><int name="y2" value="130"/></imgdir></imgdir><imgdir name="foothold"><imgdir name="6"><imgdir name="0"><imgdir name="1"><int name="x1" value="-45"/><int name="y1" value="261"/><int name="x2" value="45"/><int name="y2" value="261"/><int name="prev" value="3"/><int name="next" value="6"/></imgdir><imgdir name="2"><int name="x1" value="-225"/><int name="y1" value="261"/><int name="x2" value="-135"/><int name="y2" value="261"/><int name="prev" value="4"/><int name="next" value="3"/></imgdir><imgdir name="3"><int name="x1" value="-135"/><int name="y1" value="261"/><int name="x2" value="-45"/><int name="y2" value="261"/><int name="prev" value="2"/><int name="next" value="1"/></imgdir><imgdir name="4"><int name="x1" value="-315"/><int name="y1" value="261"/><int name="x2" value="-225"/><int name="y2" value="261"/><int name="prev" value="10"/><int name="next" value="2"/></imgdir><imgdir name="5"><int name="x1" value="315"/><int name="y1" value="261"/><int name="x2" value="405"/><int name="y2" value="261"/><int name="prev" value="8"/><int name="next" value="16"/></imgdir><imgdir name="6"><int name="x1" value="45"/><int name="y1" value="261"/><int name="x2" value="135"/><int name="y2" value="261"/><int name="prev" value="1"/><int name="next" value="7"/></imgdir><imgdir name="7"><int name="x1" value="135"/><int name="y1" value="261"/><int name="x2" value="225"/><int name="y2" value="261"/><int name="prev" value="6"/><int name="next" value="8"/></imgdir><imgdir name="8"><int name="x1" value="225"/><int name="y1" value="261"/><int name="x2" value="315"/><int name="y2" value="261"/><int name="prev" value="7"/><int name="next" value="5"/></imgdir><imgdir name="9"><int name="x1" value="-855"/><int name="y1" value="261"/><int name="x2" value="-765"/><int name="y2" value="261"/><int name="prev" value="26"/><int name="next" value="15"/></imgdir><imgdir name="10"><int name="x1" value="-405"/><int name="y1" value="261"/><int name="x2" value="-315"/><int name="y2" value="261"/><int name="prev" value="14"/><int name="next" value="4"/></imgdir><imgdir name="11"><int name="x1" value="-1035"/><int name="y1" value="261"/><int name="x2" value="-945"/><int name="y2" value="261"/><int name="prev" value="28"/><int name="next" value="26"/></imgdir><imgdir name="12"><int name="x1" value="-585"/><int name="y1" value="261"/><int name="x2" value="-495"/><int name="y2" value="261"/><int name="prev" value="13"/><int name="next" value="14"/></imgdir><imgdir name="13"><int name="x1" value="-675"/><int name="y1" value="261"/><int name="x2" value="-585"/><int name="y2" value="261"/><int name="prev" value="15"/><int name="next" value="12"/></imgdir><imgdir name="14"><int name="x1" value="-495"/><int name="y1" value="261"/><int name="x2" value="-405"/><int name="y2" value="261"/><int name="prev" value="12"/><int name="next" value="10"/></imgdir><imgdir name="15"><int name="x1" value="-765"/><int name="y1" value="261"/><int name="x2" value="-675"/><int name="y2" value="261"/><int name="prev" value="9"/><int name="next" value="13"/></imgdir><imgdir name="16"><int name="x1" value="405"/><int name="y1" value="261"/><int name="x2" value="495"/><int name="y2" value="261"/><int name="prev" value="5"/><int name="next" value="17"/></imgdir><imgdir name="17"><int name="x1" value="495"/><int name="y1" value="261"/><int name="x2" value="585"/><int name="y2" value="261"/><int name="prev" value="16"/><int name="next" value="18"/></imgdir><imgdir name="18"><int name="x1" value="585"/><int name="y1" value="261"/><int name="x2" value="675"/><int name="y2" value="261"/><int name="prev" value="17"/><int name="next" value="19"/></imgdir><imgdir name="19"><int name="x1" value="675"/><int name="y1" value="261"/><int name="x2" value="765"/><int name="y2" value="261"/><int name="prev" value="18"/><int name="next" value="21"/></imgdir><imgdir name="20"><int name="x1" value="855"/><int name="y1" value="261"/><int name="x2" value="945"/><int name="y2" value="261"/><int name="prev" value="21"/><int name="next" value="22"/></imgdir><imgdir name="21"><int name="x1" value="765"/><int name="y1" value="261"/><int name="x2" value="855"/><int name="y2" value="261"/><int name="prev" value="19"/><int name="next" value="20"/></imgdir><imgdir name="22"><int name="x1" value="945"/><int name="y1" value="261"/><int name="x2" value="1035"/><int name="y2" value="261"/><int name="prev" value="20"/><int name="next" value="23"/></imgdir><imgdir name="23"><int name="x1" value="1035"/><int name="y1" value="261"/><int name="x2" value="1125"/><int name="y2" value="261"/><int name="prev" value="22"/><int name="next" value="24"/></imgdir><imgdir name="24"><int name="x1" value="1125"/><int name="y1" value="261"/><int name="x2" value="1215"/><int name="y2" value="261"/><int name="prev" value="23"/><int name="next" value="25"/></imgdir><imgdir name="25"><int name="x1" value="1215"/><int name="y1" value="261"/><int name="x2" value="1305"/><int name="y2" value="261"/><int name="prev" value="24"/><int name="next" value="33"/></imgdir><imgdir name="26"><int name="x1" value="-945"/><int name="y1" value="261"/><int name="x2" value="-855"/><int name="y2" value="261"/><int name="prev" value="11"/><int name="next" value="9"/></imgdir><imgdir name="27"><int name="x1" value="-1305"/><int name="y1" value="261"/><int name="x2" value="-1215"/><int name="y2" value="261"/><int name="prev" value="39"/><int name="next" value="29"/></imgdir><imgdir name="28"><int name="x1" value="-1125"/><int name="y1" value="261"/><int name="x2" value="-1035"/><int name="y2" value="261"/><int name="prev" value="29"/><int name="next" value="11"/></imgdir><imgdir name="29"><int name="x1" value="-1215"/><int name="y1" value="261"/><int name="x2" value="-1125"/><int name="y2" value="261"/><int name="prev" value="27"/><int name="next" value="28"/></imgdir><imgdir name="30"><int name="x1" value="-1395"/><int name="y1" value="261"/><int name="x2" value="-1365"/><int name="y2" value="261"/><int name="prev" value="38"/><int name="next" value="39"/></imgdir><imgdir name="31"><int name="x1" value="-1427"/><int name="y1" value="450"/><int name="x2" value="-1427"/><int name="y2" value="390"/><int name="prev" value="32"/><int name="next" value="35"/></imgdir><imgdir name="32"><int name="x1" value="-1427"/><int name="y1" value="510"/><int name="x2" value="-1427"/><int name="y2" value="450"/><int name="prev" value="0"/><int name="next" value="31"/></imgdir><imgdir name="33"><int name="x1" value="1305"/><int name="y1" value="261"/><int name="x2" value="1395"/><int name="y2" value="261"/><int name="prev" value="25"/><int name="next" value="34"/></imgdir><imgdir name="34"><int name="x1" value="1395"/><int name="y1" value="261"/><int name="x2" value="1485"/><int name="y2" value="261"/><int name="prev" value="33"/><int name="next" value="40"/></imgdir><imgdir name="35"><int name="x1" value="-1427"/><int name="y1" value="390"/><int name="x2" value="-1427"/><int name="y2" value="330"/><int name="prev" value="31"/><int name="next" value="36"/></imgdir><imgdir name="36"><int name="x1" value="-1427"/><int name="y1" value="330"/><int name="x2" value="-1427"/><int name="y2" value="270"/><int name="prev" value="35"/><int name="next" value="37"/></imgdir><imgdir name="37"><int name="x1" value="-1427"/><int name="y1" value="270"/><int name="x2" value="-1427"/><int name="y2" value="261"/><int name="prev" value="36"/><int name="next" value="38"/></imgdir><imgdir name="38"><int name="x1" value="-1427"/><int name="y1" value="261"/><int name="x2" value="-1395"/><int name="y2" value="261"/><int name="prev" value="37"/><int name="next" value="30"/></imgdir><imgdir name="39"><int name="x1" value="-1365"/><int name="y1" value="261"/><int name="x2" value="-1305"/><int name="y2" value="261"/><int name="prev" value="30"/><int name="next" value="27"/></imgdir><imgdir name="40"><int name="x1" value="1485"/><int name="y1" value="261"/><int name="x2" value="1575"/><int name="y2" value="261"/><int name="prev" value="34"/><int name="next" value="41"/></imgdir><imgdir name="41"><int name="x1" value="1575"/><int name="y1" value="261"/><int name="x2" value="1665"/><int name="y2" value="261"/><int name="prev" value="40"/><int name="next" value="42"/></imgdir><imgdir name="42"><int name="x1" value="1665"/><int name="y1" value="261"/><int name="x2" value="1755"/><int name="y2" value="261"/><int name="prev" value="41"/><int name="next" value="43"/></imgdir><imgdir name="43"><int name="x1" value="1755"/><int name="y1" value="261"/><int name="x2" value="1845"/><int name="y2" value="261"/><int name="prev" value="42"/><int name="next" value="44"/></imgdir><imgdir name="44"><int name="x1" value="1845"/><int name="y1" value="261"/><int name="x2" value="1935"/><int name="y2" value="261"/><int name="prev" value="43"/><int name="next" value="45"/></imgdir><imgdir name="45"><int name="x1" value="1935"/><int name="y1" value="261"/><int name="x2" value="2025"/><int name="y2" value="261"/><int name="prev" value="44"/><int name="next" value="51"/></imgdir><imgdir name="46"><int name="x1" value="2145"/><int name="y1" value="330"/><int name="x2" value="2145"/><int name="y2" value="390"/><int name="prev" value="52"/><int name="next" value="48"/></imgdir><imgdir name="47"><int name="x1" value="2145"/><int name="y1" value="450"/><int name="x2" value="2145"/><int name="y2" value="510"/><int name="prev" value="48"/><int name="next" value="0"/></imgdir><imgdir name="48"><int name="x1" value="2145"/><int name="y1" value="390"/><int name="x2" value="2145"/><int name="y2" value="450"/><int name="prev" value="46"/><int name="next" value="47"/></imgdir><imgdir name="49"><int name="x1" value="2083"/><int name="y1" value="261"/><int name="x2" value="2145"/><int name="y2" value="261"/><int name="prev" value="51"/><int name="next" value="50"/></imgdir><imgdir name="50"><int name="x1" value="2145"/><int name="y1" value="261"/><int name="x2" value="2145"/><int name="y2" value="270"/><int name="prev" value="49"/><int name="next" value="52"/></imgdir><imgdir name="51"><int name="x1" value="2025"/><int name="y1" value="261"/><int name="x2" value="2083"/><int name="y2" value="261"/><int name="prev" value="45"/><int name="next" value="49"/></imgdir><imgdir name="52"><int name="x1" value="2145"/><int name="y1" value="270"/><int name="x2" value="2145"/><int name="y2" value="330"/><int name="prev" value="50"/><int name="next" value="46"/></imgdir><imgdir name="53"><int name="x1" value="-1152"/><int name="y1" value="111"/><int name="x2" value="-979"/><int name="y2" value="105"/><int name="prev" value="0"/><int name="next" value="54"/></imgdir><imgdir name="54"><int name="x1" value="-979"/><int name="y1" value="105"/><int name="x2" value="-775"/><int name="y2" value="110"/><int name="prev" value="53"/><int name="next" value="0"/></imgdir><imgdir name="55"><int name="x1" value="-1189"/><int name="y1" value="-146"/><int name="x2" value="-1158"/><int name="y2" value="-146"/><int name="prev" value="0"/><int name="next" value="0"/></imgdir><imgdir name="56"><int name="x1" value="-782"/><int name="y1" value="109"/><int name="x2" value="-773"/><int name="y2" value="109"/><int name="prev" value="0"/><int name="next" value="57"/></imgdir><imgdir name="57"><int name="x1" value="-773"/><int name="y1" value="109"/><int name="x2" value="-773"/><int name="y2" value="-24"/><int name="prev" value="56"/><int name="next" value="0"/></imgdir><imgdir name="58"><int name="x1" value="1530"/><int name="y1" value="16"/><int name="x2" value="2103"/><int name="y2" value="16"/><int name="prev" value="0"/><int name="next" value="0"/></imgdir><imgdir name="59"><int name="x1" value="1653"/><int name="y1" value="15"/><int name="x2" value="1672"/><int name="y2" value="3"/><int name="prev" value="0"/><int name="next" value="60"/></imgdir><imgdir name="60"><int name="x1" value="1672"/><int name="y1" value="3"/><int name="x2" value="1797"/><int name="y2" value="3"/><int name="prev" value="59"/><int name="next" value="61"/></imgdir><imgdir name="61"><int name="x1" value="1797"/><int name="y1" value="3"/><int name="x2" value="1797"/><int name="y2" value="15"/><int name="prev" value="60"/><int name="next" value="0"/></imgdir><imgdir name="62"><int name="x1" value="1946"/><int name="y1" value="15"/><int name="x2" value="1949"/><int name="y2" value="7"/><int name="prev" value="0"/><int name="next" value="63"/></imgdir><imgdir name="63"><int name="x1" value="1949"/><int name="y1" value="7"/><int name="x2" value="2025"/><int name="y2" value="7"/><int name="prev" value="62"/><int name="next" value="64"/></imgdir><imgdir name="64"><int name="x1" value="2025"/><int name="y1" value="7"/><int name="x2" value="2028"/><int name="y2" value="15"/><int name="prev" value="63"/><int name="next" value="0"/></imgdir><imgdir name="65"><int name="x1" value="1925"/><int name="y1" value="243"/><int name="x2" value="1984"/><int name="y2" value="243"/><int name="prev" value="0"/><int name="next" value="0"/></imgdir><imgdir name="66"><int name="x1" value="1487"/><int name="y1" value="214"/><int name="x2" value="1631"/><int name="y2" value="214"/><int name="prev" value="0"/><int name="next" value="0"/></imgdir><imgdir name="67"><int name="x1" value="1648"/><int name="y1" value="239"/><int name="x2" value="1672"/><int name="y2" value="244"/><int name="prev" value="0"/><int name="next" value="68"/></imgdir><imgdir name="68"><int name="x1" value="1672"/><int name="y1" value="244"/><int name="x2" value="1701"/><int name="y2" value="244"/><int name="prev" value="67"/><int name="next" value="0"/></imgdir><imgdir name="69"><int name="x1" value="-459"/><int name="y1" value="203"/><int name="x2" value="-360"/><int name="y2" value="203"/><int name="prev" value="0"/><int name="next" value="0"/></imgdir><imgdir name="70"><int name="x1" value="-530"/><int name="y1" value="179"/><int name="x2" value="-470"/><int name="y2" value="179"/><int name="prev" value="0"/><int name="next" value="0"/></imgdir></imgdir></imgdir><imgdir name="3"><imgdir name="6"><imgdir name="71"><int name="x1" value="-744"/><int name="y1" value="-303"/><int name="x2" value="-744"/><int name="y2" value="-114"/><int name="prev" value="0"/><int name="next" value="72"/></imgdir><imgdir name="72"><int name="x1" value="-744"/><int name="y1" value="-114"/><int name="x2" value="-620"/><int name="y2" value="-104"/><int name="prev" value="71"/><int name="next" value="0"/></imgdir><imgdir name="73"><int name="x1" value="-640"/><int name="y1" value="-4"/><int name="x2" value="-597"/><int name="y2" value="-2"/><int name="prev" value="0"/><int name="next" value="74"/></imgdir><imgdir name="74"><int name="x1" value="-597"/><int name="y1" value="-2"/><int name="x2" value="-597"/><int name="y2" value="-180"/><int name="prev" value="73"/><int name="next" value="0"/></imgdir><imgdir name="75"><int name="x1" value="-744"/><int name="y1" value="-110"/><int name="x2" value="-744"/><int name="y2" value="91"/><int name="prev" value="0"/><int name="next" value="76"/></imgdir><imgdir name="76"><int name="x1" value="-744"/><int name="y1" value="91"/><int name="x2" value="-597"/><int name="y2" value="98"/><int name="prev" value="75"/><int name="next" value="77"/></imgdir><imgdir name="77"><int name="x1" value="-597"/><int name="y1" value="98"/><int name="x2" value="-597"/><int name="y2" value="7"/><int name="prev" value="76"/><int name="next" value="0"/></imgdir></imgdir></imgdir><imgdir name="4"><imgdir name="8"><imgdir name="78"><int name="x1" value="-793"/><int name="y1" value="-304"/><int name="x2" value="-697"/><int name="y2" value="-343"/><int name="prev" value="0"/><int name="next" value="79"/></imgdir><imgdir name="79"><int name="x1" value="-697"/><int name="y1" value="-343"/><int name="x2" value="-649"/><int name="y2" value="-343"/><int name="prev" value="78"/><int name="next" value="80"/></imgdir><imgdir name="80"><int name="x1" value="-649"/><int name="y1" value="-343"/><int name="x2" value="-631"/><int name="y2" value="-339"/><int name="prev" value="79"/><int name="next" value="81"/></imgdir><imgdir name="81"><int name="x1" value="-631"/><int name="y1" value="-339"/><int name="x2" value="-595"/><int name="y2" value="-318"/><int name="prev" value="80"/><int name="next" value="82"/></imgdir><imgdir name="82"><int name="x1" value="-595"/><int name="y1" value="-318"/><int name="x2" value="-573"/><int name="y2" value="-290"/><int name="prev" value="81"/><int name="next" value="83"/></imgdir><imgdir name="83"><int name="x1" value="-573"/><int name="y1" value="-290"/><int name="x2" value="-564"/><int name="y2" value="-266"/><int name="prev" value="82"/><int name="next" value="0"/></imgdir><imgdir name="84"><int name="x1" value="-618"/><int name="y1" value="112"/><int name="x2" value="-762"/><int name="y2" value="112"/><int name="prev" value="0"/><int name="next" value="85"/></imgdir><imgdir name="85"><int name="x1" value="-762"/><int name="y1" value="112"/><int name="x2" value="-762"/><int name="y2" value="-229"/><int name="prev" value="84"/><int name="next" value="0"/></imgdir><imgdir name="86"><int name="x1" value="-975"/><int name="y1" value="-248"/><int name="x2" value="-800"/><int name="y2" value="-235"/><int name="prev" value="96"/><int name="next" value="87"/></imgdir><imgdir name="87"><int name="x1" value="-800"/><int name="y1" value="-235"/><int name="x2" value="-800"/><int name="y2" value="-289"/><int name="prev" value="86"/><int name="next" value="88"/></imgdir><imgdir name="88"><int name="x1" value="-800"/><int name="y1" value="-289"/><int name="x2" value="-794"/><int name="y2" value="-296"/><int name="prev" value="87"/><int name="next" value="89"/></imgdir><imgdir name="89"><int name="x1" value="-794"/><int name="y1" value="-296"/><int name="x2" value="-794"/><int name="y2" value="-304"/><int name="prev" value="88"/><int name="next" value="0"/></imgdir><imgdir name="90"><int name="x1" value="-1132"/><int name="y1" value="-324"/><int name="x2" value="-1041"/><int name="y2" value="-343"/><int name="prev" value="0"/><int name="next" value="91"/></imgdir><imgdir name="91"><int name="x1" value="-1041"/><int name="y1" value="-343"/><int name="x2" value="-952"/><int name="y2" value="-343"/><int name="prev" value="90"/><int name="next" value="92"/></imgdir><imgdir name="92"><int name="x1" value="-952"/><int name="y1" value="-343"/><int name="x2" value="-943"/><int name="y2" value="-336"/><int name="prev" value="91"/><int name="next" value="93"/></imgdir><imgdir name="93"><int name="x1" value="-943"/><int name="y1" value="-336"/><int name="x2" value="-798"/><int name="y2" value="-331"/><int name="prev" value="92"/><int name="next" value="0"/></imgdir><imgdir name="94"><int name="x1" value="-1148"/><int name="y1" value="-245"/><int name="x2" value="-1114"/><int name="y2" value="-249"/><int name="prev" value="0"/><int name="next" value="95"/></imgdir><imgdir name="95"><int name="x1" value="-1114"/><int name="y1" value="-249"/><int name="x2" value="-1114"/><int name="y2" value="-229"/><int name="prev" value="94"/><int name="next" value="96"/></imgdir><imgdir name="96"><int name="x1" value="-1114"/><int name="y1" value="-229"/><int name="x2" value="-975"/><int name="y2" value="-248"/><int name="prev" value="95"/><int name="next" value="86"/></imgdir></imgdir><imgdir name="3"><imgdir name="97"><int name="x1" value="647"/><int name="y1" value="244"/><int name="x2" value="814"/><int name="y2" value="244"/><int name="prev" value="0"/><int name="next" value="98"/></imgdir><imgdir name="98"><int name="x1" value="814"/><int name="y1" value="244"/><int name="x2" value="814"/><int name="y2" value="225"/><int name="prev" value="97"/><int name="next" value="0"/></imgdir><imgdir name="99"><int name="x1" value="667"/><int name="y1" value="224"/><int name="x2" value="834"/><int name="y2" value="224"/><int name="prev" value="0"/><int name="next" value="100"/></imgdir><imgdir name="100"><int name="x1" value="834"/><int name="y1" value="224"/><int name="x2" value="834"/><int name="y2" value="205"/><int name="prev" value="99"/><int name="next" value="0"/></imgdir><imgdir name="101"><int name="x1" value="687"/><int name="y1" value="204"/><int name="x2" value="854"/><int name="y2" value="204"/><int name="prev" value="0"/><int name="next" value="102"/></imgdir><imgdir name="102"><int name="x1" value="854"/><int name="y1" value="204"/><int name="x2" value="854"/><int name="y2" value="185"/><int name="prev" value="101"/><int name="next" value="104"/></imgdir><imgdir name="103"><int name="x1" value="737"/><int name="y1" value="185"/><int name="x2" value="854"/><int name="y2" value="185"/><int name="prev" value="0"/><int name="next" value="104"/></imgdir><imgdir name="104"><int name="x1" value="854"/><int name="y1" value="185"/><int name="x2" value="904"/><int name="y2" value="185"/><int name="prev" value="103"/><int name="next" value="105"/></imgdir><imgdir name="105"><int name="x1" value="904"/><int name="y1" value="185"/><int name="x2" value="904"/><int name="y2" value="166"/><int name="prev" value="104"/><int name="next" value="0"/></imgdir><imgdir name="106"><int name="x1" value="757"/><int name="y1" value="164"/><int name="x2" value="998"/><int name="y2" value="164"/><int name="prev" value="0"/><int name="next" value="107"/></imgdir><imgdir name="107"><int name="x1" value="998"/><int name="y1" value="164"/><int name="x2" value="998"/><int name="y2" value="5"/><int name="prev" value="106"/><int name="next" value="0"/></imgdir><imgdir name="108"><int name="x1" value="706"/><int name="y1" value="153"/><int name="x2" value="744"/><int name="y2" value="153"/><int name="prev" value="0"/><int name="next" value="0"/></imgdir><imgdir name="109"><int name="x1" value="596"/><int name="y1" value="210"/><int name="x2" value="620"/><int name="y2" value="210"/><int name="prev" value="0"/><int name="next" value="110"/></imgdir><imgdir name="110"><int name="x1" value="620"/><int name="y1" value="210"/><int name="x2" value="674"/><int name="y2" value="156"/><int name="prev" value="109"/><int name="next" value="0"/></imgdir><imgdir name="111"><int name="x1" value="675"/><int name="y1" value="156"/><int name="x2" value="704"/><int name="y2" value="156"/><int name="prev" value="0"/><int name="next" value="112"/></imgdir><imgdir name="112"><int name="x1" value="704"/><int name="y1" value="156"/><int name="x2" value="704"/><int name="y2" value="153"/><int name="prev" value="111"/><int name="next" value="0"/></imgdir></imgdir><imgdir name="4"><imgdir name="113"><int name="x1" value="406"/><int name="y1" value="204"/><int name="x2" value="505"/><int name="y2" value="204"/><int name="prev" value="0"/><int name="next" value="0"/></imgdir></imgdir></imgdir><imgdir name="5"><imgdir name="5"><imgdir name="114"><int name="x1" value="739"/><int name="y1" value="-24"/><int name="x2" value="1280"/><int name="y2" value="-24"/><int name="prev" value="0"/><int name="next" value="115"/></imgdir><imgdir name="115"><int name="x1" value="1280"/><int name="y1" value="-24"/><int name="x2" value="1292"/><int name="y2" value="-22"/><int name="prev" value="114"/><int name="next" value="116"/></imgdir><imgdir name="116"><int name="x1" value="1292"/><int name="y1" value="-22"/><int name="x2" value="1302"/><int name="y2" value="-18"/><int name="prev" value="115"/><int name="next" value="117"/></imgdir><imgdir name="117"><int name="x1" value="1302"/><int name="y1" value="-18"/><int name="x2" value="1309"/><int name="y2" value="-13"/><int name="prev" value="116"/><int name="next" value="0"/></imgdir><imgdir name="118"><int name="x1" value="1281"/><int name="y1" value="-121"/><int name="x2" value="1577"/><int name="y2" value="-121"/><int name="prev" value="0"/><int name="next" value="0"/></imgdir></imgdir></imgdir><imgdir name="7"><imgdir name="7"><imgdir name="119"><int name="x1" value="1148"/><int name="y1" value="-177"/><int name="x2" value="1253"/><int name="y2" value="-177"/><int name="prev" value="0"/><int name="next" value="0"/></imgdir></imgdir></imgdir></imgdir><imgdir name="ladderRope"><imgdir name="1"><int name="l" value="1"/><int name="uf" value="1"/><int name="x" value="-1087"/><int name="y1" value="-331"/><int name="y2" value="-252"/><int name="page" value="4"/></imgdir><imgdir name="2"><int name="l" value="1"/><int name="uf" value="1"/><int name="x" value="1540"/><int name="y1" value="-119"/><int name="y2" value="-10"/><int name="page" value="6"/></imgdir></imgdir><imgdir name="miniMap"><canvas name="canvas" width="228" height="79"></canvas><int name="width" value="3651"/><int name="height" value="1277"/><int name="centerX" value="1468"/><int name="centerY" value="686"/><int name="mag" value="4"/></imgdir><imgdir name="portal"><imgdir name="0"><string name="pn" value="sp"/><int name="pt" value="0"/><int name="x" value="1032"/><int name="y" value="126"/><int name="tm" value="999999999"/><string name="tn" value=""/></imgdir><imgdir name="1"><string name="pn" value="sp"/><int name="pt" value="0"/><int name="x" value="-824"/><int name="y" value="225"/><int name="tm" value="999999999"/><string name="tn" value=""/></imgdir><imgdir name="2"><string name="pn" value="sp"/><int name="pt" value="0"/><int name="x" value="-4"/><int name="y" value="173"/><int name="tm" value="999999999"/><string name="tn" value=""/></imgdir><imgdir name="3"><string name="pn" value="sp"/><int name="pt" value="0"/><int name="x" value="1765"/><int name="y" value="247"/><int name="tm" value="999999999"/><string name="tn" value=""/></imgdir><imgdir name="4"><string name="pn" value="out00"/><int name="pt" value="1"/><int name="x" value="945"/><int name="y" value="161"/><int name="tm" value="740000100"/><string name="tn" value="in00"/><string name="script" value=""/></imgdir><imgdir name="5"><string name="pn" value="move00"/><int name="pt" value="1"/><int name="x" value="-1210"/><int name="y" value="258"/><int name="tm" value="740000000"/><string name="tn" value="move01"/><string name="script" value=""/></imgdir><imgdir name="6"><string name="pn" value="move01"/><int name="pt" value="1"/><int name="x" value="-854"/><int name="y" value="-336"/><int name="tm" value="740000000"/><string name="tn" value="move00"/><string name="script" value=""/></imgdir><imgdir name="7"><string name="pn" value="move02"/><int name="pt" value="1"/><int name="x" value="-606"/><int name="y" value="259"/><int name="tm" value="740000000"/><string name="tn" value="move03"/><string name="script" value=""/></imgdir><imgdir name="8"><string name="pn" value="move03"/><int name="pt" value="1"/><int name="x" value="-691"/><int name="y" value="89"/><int name="tm" value="740000000"/><string name="tn" value="move04"/><string name="script" value=""/></imgdir><imgdir name="9"><string name="pn" value="move04"/><int name="pt" value="1"/><int name="x" value="-692"/><int name="y" value="-116"/><int name="tm" value="740000000"/><string name="tn" value="move02"/><string name="script" value=""/></imgdir><imgdir name="10"><string name="pn" value="move05"/><int name="pt" value="1"/><int name="x" value="1953"/><int name="y" value="241"/><int name="tm" value="740000000"/><string name="tn" value="move06"/></imgdir><imgdir name="11"><string name="pn" value="move06"/><int name="pt" value="1"/><int name="x" value="1990"/><int name="y" value="6"/><int name="tm" value="740000000"/><string name="tn" value="move05"/></imgdir><imgdir name="12"><string name="pn" value="jp00"/><int name="pt" value="1"/><int name="x" value="1352"/><int name="y" value="-134"/><int name="tm" value="999999999"/><string name="tn" value="N/A"/></imgdir><imgdir name="13"><string name="pn" value="st00"/><int name="pt" value="1"/><int name="x" value="-931"/><int name="y" value="258"/><int name="tm" value="999999999"/><string name="tn" value=""/></imgdir><imgdir name="14"><string name="pn" value="west00"/><int name="pt" value="2"/><int name="x" value="-1352"/><int name="y" value="257"/><int name="tm" value="740010000"/><string name="tn" value="east00"/></imgdir><imgdir name="15"><string name="pn" value="tp"/><int name="pt" value="6"/><int name="x" value="-510"/><int name="y" value="254"/><int name="tm" value="999999999"/><string name="tn" value=""/></imgdir><imgdir name="16"><string name="pn" value="tp"/><int name="pt" value="6"/><int name="x" value="-414"/><int name="y" value="255"/><int name="tm" value="999999999"/><string name="tn" value=""/></imgdir><imgdir name="17"><string name="pn" value="tp"/><int name="pt" value="6"/><int name="x" value="-312"/><int name="y" value="255"/><int name="tm" value="999999999"/><string name="tn" value=""/></imgdir><imgdir name="18"><string name="pn" value="tp"/><int name="pt" value="6"/><int name="x" value="-210"/><int name="y" value="256"/><int name="tm" value="999999999"/><string name="tn" value=""/></imgdir><imgdir name="19"><string name="pn" value="tp"/><int name="pt" value="6"/><int name="x" value="-109"/><int name="y" value="255"/><int name="tm" value="999999999"/><string name="tn" value=""/></imgdir><imgdir name="20"><string name="pn" value="tp"/><int name="pt" value="6"/><int name="x" value="-10"/><int name="y" value="255"/><int name="tm" value="999999999"/><string name="tn" value=""/></imgdir></imgdir></imgdir>