<?xml version="1.0" encoding="UTF-8" standalone="yes"?><imgdir name="741000200.img"><imgdir name="info"><int name="version" value="10"/><int name="cloud" value="0"/><int name="town" value="0"/><int name="swim" value="0"/><int name="returnMap" value="100000000"/><int name="forcedReturn" value="999999999"/><float name="mobRate" value="1.2"/><string name="mapMark" value="None"/><int name="hideMinimap" value="0"/><int name="fieldLimit" value="510"/><int name="VRTop" value="-300"/><int name="VRLeft" value="-1000"/><int name="VRBottom" value="590"/><int name="VRRight" value="2070"/><int name="fieldType" value="75"/><string name="bgm" value="Bgm01/CavaBien"/></imgdir><imgdir name="back"><imgdir name="0"><string name="bS" value="minar"/><int name="front" value="0"/><int name="ani" value="0"/><int name="no" value="0"/><int name="f" value="0"/><int name="x" value="0"/><int name="y" value="0"/><int name="rx" value="0"/><int name="ry" value="0"/><int name="type" value="3"/><int name="cx" value="0"/><int name="cy" value="0"/><int name="a" value="255"/></imgdir><imgdir name="1"><string name="bS" value="minar"/><int name="front" value="0"/><int name="ani" value="0"/><int name="no" value="1"/><int name="f" value="0"/><int name="x" value="113"/><int name="y" value="-125"/><int name="rx" value="-5"/><int name="ry" value="-40"/><int name="type" value="1"/><int name="cx" value="0"/><int name="cy" value="0"/><int name="a" value="255"/></imgdir><imgdir name="2"><string name="bS" value="minar"/><int name="front" value="0"/><int name="ani" value="0"/><int name="no" value="2"/><int name="f" value="0"/><int name="x" value="-262"/><int name="y" value="-512"/><int name="rx" value="5"/><int name="ry" value="-50"/><int name="type" value="4"/><int name="cx" value="800"/><int name="cy" value="0"/><int name="a" value="255"/></imgdir><imgdir name="3"><string name="bS" value="minar"/><int name="front" value="0"/><int name="ani" value="0"/><int name="no" value="3"/><int name="f" value="0"/><int name="x" value="-5"/><int name="y" value="-165"/><int name="rx" value="7"/><int name="ry" value="-50"/><int name="type" value="4"/><int name="cx" value="900"/><int name="cy" value="0"/><int name="a" value="255"/></imgdir><imgdir name="4"><string name="bS" value="minar"/><int name="front" value="0"/><int name="ani" value="0"/><int name="no" value="4"/><int name="f" value="0"/><int name="x" value="218"/><int name="y" value="-248"/><int name="rx" value="10"/><int name="ry" value="-50"/><int name="type" value="4"/><int name="cx" value="1200"/><int name="cy" value="0"/><int name="a" value="255"/></imgdir><imgdir name="5"><string name="bS" value="minar"/><int name="front" value="0"/><int name="ani" value="0"/><int name="no" value="5"/><int name="f" value="0"/><int name="x" value="189"/><int name="y" value="-295"/><int name="rx" value="7"/><int name="ry" value="-50"/><int name="type" value="4"/><int name="cx" value="930"/><int name="cy" value="0"/><int name="a" value="255"/></imgdir><imgdir name="6"><string name="bS" value="minar"/><int name="front" value="0"/><int name="ani" value="0"/><int name="no" value="6"/><int name="f" value="0"/><int name="x" value="-1"/><int name="y" value="64"/><int name="rx" value="-30"/><int name="ry" value="-40"/><int name="type" value="1"/><int name="cx" value="0"/><int name="cy" value="0"/><int name="a" value="255"/></imgdir><imgdir name="8"><string name="bS" value="minar"/><int name="front" value="0"/><int name="ani" value="0"/><int name="no" value="9"/><int name="f" value="0"/><int name="x" value="1123"/><int name="y" value="97"/><int name="rx" value="-50"/><int name="ry" value="-50"/><int name="type" value="1"/><int name="cx" value="1346"/><int name="cy" value="0"/><int name="a" value="255"/></imgdir><imgdir name="7"><string name="bS" value="minar"/><int name="front" value="0"/><int name="ani" value="0"/><int name="no" value="8"/><int name="f" value="0"/><int name="x" value="450"/><int name="y" value="130"/><int name="rx" value="-50"/><int name="ry" value="-50"/><int name="type" value="1"/><int name="cx" value="1346"/><int name="cy" value="0"/><int name="a" value="255"/></imgdir><imgdir name="10"><string name="bS" value="thai"/><int name="front" value="1"/><int name="ani" value="0"/><int name="no" value="18"/><int name="f" value="0"/><int name="x" value="-18"/><int name="y" value="537"/><int name="rx" value="6"/><int name="ry" value="-100"/><int name="type" value="4"/><int name="cx" value="0"/><int name="cy" value="0"/><int name="a" value="255"/></imgdir><imgdir name="11"><string name="bS" value="thai"/><int name="front" value="1"/><int name="ani" value="0"/><int name="no" value="19"/><int name="f" value="0"/><int name="x" value="74"/><int name="y" value="485"/><int name="rx" value="2"/><int name="ry" value="-100"/><int name="type" value="4"/><int name="cx" value="0"/><int name="cy" value="0"/><int name="a" value="255"/></imgdir><imgdir name="9"><string name="bS" value="minar"/><int name="front" value="0"/><int name="ani" value="0"/><int name="no" value="11"/><int name="f" value="0"/><int name="x" value="848"/><int name="y" value="195"/><int name="rx" value="-70"/><int name="ry" value="-70"/><int name="type" value="1"/><int name="cx" value="818"/><int name="cy" value="0"/><int name="a" value="255"/></imgdir></imgdir><imgdir name="life"><imgdir name="0"><string name="type" value="n"/><string name="id" value="9330046"/><int name="x" value="363"/><int name="y" value="186"/><int name="mobTime" value="0"/><int name="f" value="0"/><int name="hide" value="0"/><int name="fh" value="10"/><int name="cy" value="191"/><int name="rx0" value="313"/><int name="rx1" value="413"/></imgdir></imgdir><imgdir name="reactor"></imgdir><imgdir name="0"><imgdir name="info"></imgdir><imgdir name="tile"></imgdir><imgdir name="obj"></imgdir></imgdir><imgdir name="1"><imgdir name="info"></imgdir><imgdir name="tile"></imgdir><imgdir name="obj"></imgdir></imgdir><imgdir name="2"><imgdir name="info"></imgdir><imgdir name="tile"></imgdir><imgdir name="obj"><imgdir name="3"><string name="oS" value="acc6"/><string name="l0" value="minar"/><string name="l1" value="nature2"/><string name="l2" value="17"/><int name="x" value="-984"/><int name="y" value="370"/><int name="z" value="6"/><int name="f" value="0"/><int name="zM" value="35"/></imgdir><imgdir name="4"><string name="oS" value="acc6"/><string name="l0" value="minar"/><string name="l1" value="nature2"/><string name="l2" value="17"/><int name="x" value="-690"/><int name="y" value="369"/><int name="z" value="6"/><int name="f" value="0"/><int name="zM" value="35"/></imgdir><imgdir name="5"><string name="oS" value="acc6"/><string name="l0" value="minar"/><string name="l1" value="nature2"/><string name="l2" value="16"/><int name="x" value="-971"/><int name="y" value="372"/><int name="z" value="9"/><int name="f" value="0"/><int name="zM" value="35"/></imgdir><imgdir name="6"><string name="oS" value="acc6"/><string name="l0" value="minar"/><string name="l1" value="nature2"/><string name="l2" value="16"/><int name="x" value="-593"/><int name="y" value="368"/><int name="z" value="9"/><int name="f" value="0"/><int name="zM" value="41"/></imgdir><imgdir name="7"><string name="oS" value="acc6"/><string name="l0" value="minar"/><string name="l1" value="nature2"/><string name="l2" value="16"/><int name="x" value="-636"/><int name="y" value="371"/><int name="z" value="5"/><int name="f" value="0"/><int name="zM" value="35"/></imgdir><imgdir name="9"><string name="oS" value="acc6"/><string name="l0" value="minar"/><string name="l1" value="nature2"/><string name="l2" value="17"/><int name="x" value="-438"/><int name="y" value="371"/><int name="z" value="9"/><int name="f" value="0"/><int name="zM" value="46"/></imgdir><imgdir name="12"><string name="oS" value="acc6"/><string name="l0" value="minar"/><string name="l1" value="nature2"/><string name="l2" value="16"/><int name="x" value="-321"/><int name="y" value="369"/><int name="z" value="10"/><int name="f" value="0"/><int name="zM" value="38"/></imgdir><imgdir name="13"><string name="oS" value="acc6"/><string name="l0" value="minar"/><string name="l1" value="nature2"/><string name="l2" value="16"/><int name="x" value="359"/><int name="y" value="371"/><int name="z" value="9"/><int name="f" value="0"/><int name="zM" value="39"/></imgdir><imgdir name="14"><string name="oS" value="acc6"/><string name="l0" value="minar"/><string name="l1" value="nature2"/><string name="l2" value="16"/><int name="x" value="25"/><int name="y" value="371"/><int name="z" value="9"/><int name="f" value="0"/><int name="zM" value="47"/></imgdir><imgdir name="15"><string name="oS" value="acc6"/><string name="l0" value="minar"/><string name="l1" value="nature2"/><string name="l2" value="17"/><int name="x" value="1671"/><int name="y" value="370"/><int name="z" value="9"/><int name="f" value="0"/><int name="zM" value="49"/></imgdir><imgdir name="16"><string name="oS" value="acc6"/><string name="l0" value="minar"/><string name="l1" value="nature2"/><string name="l2" value="17"/><int name="x" value="-495"/><int name="y" value="370"/><int name="z" value="9"/><int name="f" value="0"/><int name="zM" value="46"/></imgdir><imgdir name="17"><string name="oS" value="acc6"/><string name="l0" value="minar"/><string name="l1" value="nature2"/><string name="l2" value="17"/><int name="x" value="-113"/><int name="y" value="370"/><int name="z" value="10"/><int name="f" value="0"/><int name="zM" value="38"/></imgdir><imgdir name="18"><string name="oS" value="acc6"/><string name="l0" value="minar"/><string name="l1" value="nature2"/><string name="l2" value="17"/><int name="x" value="870"/><int name="y" value="373"/><int name="z" value="6"/><int name="f" value="0"/><int name="zM" value="42"/></imgdir><imgdir name="19"><string name="oS" value="acc6"/><string name="l0" value="minar"/><string name="l1" value="nature2"/><string name="l2" value="17"/><int name="x" value="-38"/><int name="y" value="370"/><int name="z" value="9"/><int name="f" value="0"/><int name="zM" value="38"/></imgdir><imgdir name="20"><string name="oS" value="acc6"/><string name="l0" value="minar"/><string name="l1" value="nature2"/><string name="l2" value="17"/><int name="x" value="1606"/><int name="y" value="370"/><int name="z" value="7"/><int name="f" value="0"/><int name="zM" value="49"/></imgdir><imgdir name="21"><string name="oS" value="acc6"/><string name="l0" value="minar"/><string name="l1" value="nature2"/><string name="l2" value="17"/><int name="x" value="252"/><int name="y" value="369"/><int name="z" value="4"/><int name="f" value="0"/><int name="zM" value="50"/></imgdir><imgdir name="22"><string name="oS" value="acc6"/><string name="l0" value="minar"/><string name="l1" value="nature2"/><string name="l2" value="17"/><int name="x" value="500"/><int name="y" value="370"/><int name="z" value="9"/><int name="f" value="0"/><int name="zM" value="48"/></imgdir><imgdir name="30"><string name="oS" value="acc6"/><string name="l0" value="minar"/><string name="l1" value="nature2"/><string name="l2" value="17"/><int name="x" value="317"/><int name="y" value="371"/><int name="z" value="14"/><int name="f" value="0"/><int name="zM" value="39"/></imgdir><imgdir name="31"><string name="oS" value="acc6"/><string name="l0" value="minar"/><string name="l1" value="nature2"/><string name="l2" value="16"/><int name="x" value="1020"/><int name="y" value="360"/><int name="z" value="3"/><int name="f" value="0"/><int name="zM" value="34"/></imgdir><imgdir name="32"><string name="oS" value="acc6"/><string name="l0" value="minar"/><string name="l1" value="nature2"/><string name="l2" value="16"/><int name="x" value="787"/><int name="y" value="367"/><int name="z" value="10"/><int name="f" value="0"/><int name="zM" value="51"/></imgdir><imgdir name="34"><string name="oS" value="acc6"/><string name="l0" value="minar"/><string name="l1" value="nature2"/><string name="l2" value="17"/><int name="x" value="1104"/><int name="y" value="372"/><int name="z" value="9"/><int name="f" value="0"/><int name="zM" value="44"/></imgdir><imgdir name="35"><string name="oS" value="acc6"/><string name="l0" value="minar"/><string name="l1" value="nature2"/><string name="l2" value="17"/><int name="x" value="1175"/><int name="y" value="370"/><int name="z" value="9"/><int name="f" value="0"/><int name="zM" value="44"/></imgdir><imgdir name="40"><string name="oS" value="acc6"/><string name="l0" value="minar"/><string name="l1" value="nature2"/><string name="l2" value="17"/><int name="x" value="2044"/><int name="y" value="373"/><int name="z" value="10"/><int name="f" value="0"/><int name="zM" value="43"/></imgdir><imgdir name="26"><string name="oS" value="acc6"/><string name="l0" value="minar"/><string name="l1" value="nature2"/><string name="l2" value="6"/><int name="x" value="452"/><int name="y" value="351"/><int name="z" value="3"/><int name="f" value="0"/><int name="zM" value="39"/></imgdir><imgdir name="44"><string name="oS" value="acc6"/><string name="l0" value="minar"/><string name="l1" value="nature2"/><string name="l2" value="8"/><int name="x" value="2008"/><int name="y" value="351"/><int name="z" value="6"/><int name="f" value="0"/><int name="zM" value="36"/></imgdir><imgdir name="45"><string name="oS" value="acc6"/><string name="l0" value="minar"/><string name="l1" value="nature2"/><string name="l2" value="6"/><int name="x" value="923"/><int name="y" value="353"/><int name="z" value="9"/><int name="f" value="0"/><int name="zM" value="34"/></imgdir><imgdir name="43"><string name="oS" value="acc6"/><string name="l0" value="minar"/><string name="l1" value="nature2"/><string name="l2" value="5"/><int name="x" value="1871"/><int name="y" value="322"/><int name="z" value="9"/><int name="f" value="0"/><int name="zM" value="36"/></imgdir><imgdir name="36"><string name="oS" value="acc6"/><string name="l0" value="minar"/><string name="l1" value="nature2"/><string name="l2" value="9"/><int name="x" value="1921"/><int name="y" value="373"/><int name="z" value="10"/><int name="f" value="0"/><int name="zM" value="36"/></imgdir><imgdir name="1"><string name="oS" value="acc6"/><string name="l0" value="minar"/><string name="l1" value="nature2"/><string name="l2" value="3"/><int name="x" value="-843"/><int name="y" value="321"/><int name="z" value="7"/><int name="f" value="0"/><int name="zM" value="35"/></imgdir><imgdir name="42"><string name="oS" value="acc6"/><string name="l0" value="minar"/><string name="l1" value="nature2"/><string name="l2" value="5"/><int name="x" value="1143"/><int name="y" value="316"/><int name="z" value="8"/><int name="f" value="0"/><int name="zM" value="34"/></imgdir><imgdir name="24"><string name="oS" value="acc6"/><string name="l0" value="minar"/><string name="l1" value="nature2"/><string name="l2" value="5"/><int name="x" value="-455"/><int name="y" value="313"/><int name="z" value="1"/><int name="f" value="0"/><int name="zM" value="41"/></imgdir><imgdir name="41"><string name="oS" value="acc6"/><string name="l0" value="minar"/><string name="l1" value="nature2"/><string name="l2" value="16"/><int name="x" value="1411"/><int name="y" value="372"/><int name="z" value="9"/><int name="f" value="0"/><int name="zM" value="37"/></imgdir><imgdir name="23"><string name="oS" value="acc6"/><string name="l0" value="minar"/><string name="l1" value="nature2"/><string name="l2" value="17"/><int name="x" value="1785"/><int name="y" value="371"/><int name="z" value="11"/><int name="f" value="0"/><int name="zM" value="36"/></imgdir><imgdir name="0"><string name="oS" value="acc6"/><string name="l0" value="minar"/><string name="l1" value="nature2"/><string name="l2" value="17"/><int name="x" value="1857"/><int name="y" value="370"/><int name="z" value="11"/><int name="f" value="0"/><int name="zM" value="36"/></imgdir><imgdir name="25"><string name="oS" value="acc6"/><string name="l0" value="minar"/><string name="l1" value="nature2"/><string name="l2" value="16"/><int name="x" value="-876"/><int name="y" value="367"/><int name="z" value="9"/><int name="f" value="0"/><int name="zM" value="35"/></imgdir><imgdir name="2"><string name="oS" value="acc6"/><string name="l0" value="minar"/><string name="l1" value="nature2"/><string name="l2" value="17"/><int name="x" value="999"/><int name="y" value="371"/><int name="z" value="5"/><int name="f" value="0"/><int name="zM" value="34"/></imgdir><imgdir name="46"><string name="oS" value="acc6"/><string name="l0" value="minar"/><string name="l1" value="nature2"/><string name="l2" value="23"/><int name="x" value="702"/><int name="y" value="366"/><int name="z" value="6"/><int name="f" value="0"/><int name="zM" value="40"/></imgdir><imgdir name="38"><string name="oS" value="acc6"/><string name="l0" value="minar"/><string name="l1" value="nature2"/><string name="l2" value="22"/><int name="x" value="1754"/><int name="y" value="358"/><int name="z" value="6"/><int name="f" value="0"/><int name="zM" value="36"/></imgdir><imgdir name="27"><string name="oS" value="acc6"/><string name="l0" value="minar"/><string name="l1" value="nature2"/><string name="l2" value="22"/><int name="x" value="622"/><int name="y" value="375"/><int name="z" value="5"/><int name="f" value="0"/><int name="zM" value="40"/></imgdir><imgdir name="39"><string name="oS" value="acc6"/><string name="l0" value="minar"/><string name="l1" value="nature2"/><string name="l2" value="22"/><int name="x" value="-324"/><int name="y" value="374"/><int name="z" value="7"/><int name="f" value="0"/><int name="zM" value="41"/></imgdir><imgdir name="10"><string name="oS" value="acc6"/><string name="l0" value="minar"/><string name="l1" value="nature2"/><string name="l2" value="23"/><int name="x" value="-243"/><int name="y" value="364"/><int name="z" value="8"/><int name="f" value="0"/><int name="zM" value="38"/></imgdir><imgdir name="11"><string name="oS" value="acc6"/><string name="l0" value="minar"/><string name="l1" value="nature2"/><string name="l2" value="17"/><int name="x" value="1473"/><int name="y" value="370"/><int name="z" value="9"/><int name="f" value="0"/><int name="zM" value="37"/></imgdir><imgdir name="29"><string name="oS" value="acc6"/><string name="l0" value="minar"/><string name="l1" value="nature2"/><string name="l2" value="16"/><int name="x" value="1727"/><int name="y" value="371"/><int name="z" value="9"/><int name="f" value="0"/><int name="zM" value="36"/></imgdir><imgdir name="8"><string name="oS" value="acc6"/><string name="l0" value="minar"/><string name="l1" value="nature2"/><string name="l2" value="16"/><int name="x" value="1980"/><int name="y" value="373"/><int name="z" value="8"/><int name="f" value="0"/><int name="zM" value="43"/></imgdir><imgdir name="28"><string name="oS" value="acc6"/><string name="l0" value="minar"/><string name="l1" value="nature2"/><string name="l2" value="2"/><int name="x" value="60"/><int name="y" value="331"/><int name="z" value="7"/><int name="f" value="0"/><int name="zM" value="38"/></imgdir><imgdir name="33"><string name="oS" value="acc6"/><string name="l0" value="minar"/><string name="l1" value="nature2"/><string name="l2" value="17"/><int name="x" value="1348"/><int name="y" value="371"/><int name="z" value="9"/><int name="f" value="0"/><int name="zM" value="45"/></imgdir><imgdir name="37"><string name="oS" value="acc6"/><string name="l0" value="minar"/><string name="l1" value="nature2"/><string name="l2" value="11"/><int name="x" value="1469"/><int name="y" value="341"/><int name="z" value="8"/><int name="f" value="0"/><int name="zM" value="37"/></imgdir><imgdir name="47"><string name="oS" value="acc6"/><string name="l0" value="minar"/><string name="l1" value="nature2"/><string name="l2" value="4"/><int name="x" value="827"/><int name="y" value="288"/><int name="z" value="4"/><int name="f" value="0"/><int name="zM" value="34"/></imgdir><imgdir name="48"><string name="oS" value="acc6"/><string name="l0" value="minar"/><string name="l1" value="nature2"/><string name="l2" value="17"/><int name="x" value="-926"/><int name="y" value="368"/><int name="z" value="8"/><int name="f" value="0"/><int name="zM" value="35"/></imgdir><imgdir name="49"><string name="oS" value="acc6"/><string name="l0" value="minar"/><string name="l1" value="nature2"/><string name="l2" value="17"/><int name="x" value="-587"/><int name="y" value="368"/><int name="z" value="0"/><int name="f" value="0"/><int name="zM" value="35"/></imgdir><imgdir name="50"><string name="oS" value="acc6"/><string name="l0" value="minar"/><string name="l1" value="nature2"/><string name="l2" value="16"/><int name="x" value="-716"/><int name="y" value="368"/><int name="z" value="10"/><int name="f" value="0"/><int name="zM" value="35"/></imgdir></imgdir></imgdir><imgdir name="3"><imgdir name="info"></imgdir><imgdir name="tile"></imgdir><imgdir name="obj"><imgdir name="0"><string name="oS" value="signboard"/><string name="l0" value="market"/><string name="l1" value="potal0"/><string name="l2" value="0"/><int name="x" value="572"/><int name="y" value="315"/><int name="z" value="9"/><int name="f" value="0"/><int name="zM" value="0"/></imgdir><imgdir name="1"><string name="oS" value="guide"/><string name="l0" value="milepost"/><string name="l1" value="common"/><string name="l2" value="0"/><int name="x" value="665"/><int name="y" value="376"/><int name="z" value="9"/><int name="f" value="0"/><int name="zM" value="0"/></imgdir><imgdir name="2"><string name="oS" value="guide"/><string name="l0" value="milepost"/><string name="l1" value="common"/><string name="l2" value="1"/><int name="x" value="664"/><int name="y" value="335"/><int name="z" value="9"/><int name="f" value="0"/><int name="zM" value="0"/></imgdir><imgdir name="3"><string name="oS" value="guide"/><string name="l0" value="milepost"/><string name="l1" value="common"/><string name="l2" value="2"/><int name="x" value="662"/><int name="y" value="224"/><int name="z" value="6"/><int name="f" value="0"/><int name="zM" value="0"/></imgdir><imgdir name="4"><string name="oS" value="guide"/><string name="l0" value="milepost"/><string name="l1" value="common"/><string name="l2" value="1"/><int name="x" value="664"/><int name="y" value="275"/><int name="z" value="6"/><int name="f" value="0"/><int name="zM" value="0"/></imgdir><imgdir name="5"><string name="oS" value="guide"/><string name="l0" value="milepost"/><string name="l1" value="common"/><string name="l2" value="7"/><int name="x" value="657"/><int name="y" value="273"/><int name="z" value="9"/><int name="f" value="0"/><int name="zM" value="0"/></imgdir></imgdir></imgdir><imgdir name="4"><imgdir name="info"></imgdir><imgdir name="tile"></imgdir><imgdir name="obj"><imgdir name="0"><string name="oS" value="thai"/><string name="l0" value="field"/><string name="l1" value="ani"/><string name="l2" value="3"/><int name="x" value="-122"/><int name="y" value="533"/><int name="z" value="9"/><int name="f" value="0"/><int name="zM" value="0"/></imgdir><imgdir name="1"><string name="oS" value="thai"/><string name="l0" value="field"/><string name="l1" value="ani"/><string name="l2" value="4"/><int name="x" value="21"/><int name="y" value="514"/><int name="z" value="9"/><int name="f" value="0"/><int name="zM" value="16"/></imgdir><imgdir name="2"><string name="oS" value="thai"/><string name="l0" value="field"/><string name="l1" value="ani"/><string name="l2" value="3"/><int name="x" value="1004"/><int name="y" value="542"/><int name="z" value="9"/><int name="f" value="1"/><int name="zM" value="1"/></imgdir><imgdir name="3"><string name="oS" value="thai"/><string name="l0" value="field"/><string name="l1" value="ani"/><string name="l2" value="0"/><int name="x" value="-264"/><int name="y" value="561"/><int name="z" value="9"/><int name="f" value="1"/><int name="zM" value="2"/></imgdir><imgdir name="4"><string name="oS" value="thai"/><string name="l0" value="field"/><string name="l1" value="ani"/><string name="l2" value="1"/><int name="x" value="1263"/><int name="y" value="541"/><int name="z" value="9"/><int name="f" value="0"/><int name="zM" value="3"/></imgdir><imgdir name="5"><string name="oS" value="thai"/><string name="l0" value="field"/><string name="l1" value="ani"/><string name="l2" value="2"/><int name="x" value="1443"/><int name="y" value="519"/><int name="z" value="9"/><int name="f" value="1"/><int name="zM" value="4"/></imgdir><imgdir name="6"><string name="oS" value="thai"/><string name="l0" value="field"/><string name="l1" value="ani"/><string name="l2" value="2"/><int name="x" value="2063"/><int name="y" value="550"/><int name="z" value="9"/><int name="f" value="0"/><int name="zM" value="5"/></imgdir><imgdir name="8"><string name="oS" value="thai"/><string name="l0" value="field"/><string name="l1" value="ani"/><string name="l2" value="4"/><int name="x" value="1963"/><int name="y" value="527"/><int name="z" value="9"/><int name="f" value="0"/><int name="zM" value="15"/></imgdir><imgdir name="9"><string name="oS" value="thai"/><string name="l0" value="field"/><string name="l1" value="ani"/><string name="l2" value="4"/><int name="x" value="1580"/><int name="y" value="538"/><int name="z" value="9"/><int name="f" value="0"/><int name="zM" value="13"/></imgdir><imgdir name="10"><string name="oS" value="thai"/><string name="l0" value="field"/><string name="l1" value="ani"/><string name="l2" value="3"/><int name="x" value="682"/><int name="y" value="520"/><int name="z" value="9"/><int name="f" value="0"/><int name="zM" value="7"/></imgdir><imgdir name="11"><string name="oS" value="thai"/><string name="l0" value="field"/><string name="l1" value="ani"/><string name="l2" value="2"/><int name="x" value="188"/><int name="y" value="549"/><int name="z" value="9"/><int name="f" value="1"/><int name="zM" value="11"/></imgdir><imgdir name="12"><string name="oS" value="thai"/><string name="l0" value="field"/><string name="l1" value="ani"/><string name="l2" value="4"/><int name="x" value="440"/><int name="y" value="529"/><int name="z" value="9"/><int name="f" value="1"/><int name="zM" value="14"/></imgdir><imgdir name="13"><string name="oS" value="thai"/><string name="l0" value="field"/><string name="l1" value="ani"/><string name="l2" value="2"/><int name="x" value="-366"/><int name="y" value="535"/><int name="z" value="9"/><int name="f" value="1"/><int name="zM" value="12"/></imgdir><imgdir name="14"><string name="oS" value="thai"/><string name="l0" value="field"/><string name="l1" value="ani"/><string name="l2" value="4"/><int name="x" value="-695"/><int name="y" value="539"/><int name="z" value="9"/><int name="f" value="1"/><int name="zM" value="8"/></imgdir><imgdir name="16"><string name="oS" value="thai"/><string name="l0" value="field"/><string name="l1" value="ani"/><string name="l2" value="3"/><int name="x" value="-518"/><int name="y" value="522"/><int name="z" value="9"/><int name="f" value="0"/><int name="zM" value="9"/></imgdir><imgdir name="17"><string name="oS" value="thai"/><string name="l0" value="field"/><string name="l1" value="ani"/><string name="l2" value="3"/><int name="x" value="-935"/><int name="y" value="497"/><int name="z" value="9"/><int name="f" value="1"/><int name="zM" value="10"/></imgdir><imgdir name="7"><string name="oS" value="thai"/><string name="l0" value="field"/><string name="l1" value="ani"/><string name="l2" value="3"/><int name="x" value="310"/><int name="y" value="522"/><int name="z" value="9"/><int name="f" value="1"/><int name="zM" value="6"/></imgdir><imgdir name="18"><string name="oS" value="thai"/><string name="l0" value="field"/><string name="l1" value="ani"/><string name="l2" value="3"/><int name="x" value="1777"/><int name="y" value="516"/><int name="z" value="9"/><int name="f" value="1"/><int name="zM" value="5"/></imgdir><imgdir name="19"><string name="oS" value="acc7"/><string name="l0" value="backchoTW"/><string name="l1" value="foot"/><string name="l2" value="10"/><int name="x" value="2076"/><int name="y" value="427"/><int name="z" value="9"/><int name="f" value="0"/><int name="zM" value="5"/></imgdir><imgdir name="15"><string name="oS" value="acc7"/><string name="l0" value="backchoTW"/><string name="l1" value="foot"/><string name="l2" value="17"/><int name="x" value="1907"/><int name="y" value="483"/><int name="z" value="9"/><int name="f" value="0"/><int name="zM" value="5"/></imgdir><imgdir name="20"><string name="oS" value="acc7"/><string name="l0" value="backchoTW"/><string name="l1" value="foot"/><string name="l2" value="17"/><int name="x" value="1589"/><int name="y" value="483"/><int name="z" value="9"/><int name="f" value="0"/><int name="zM" value="4"/></imgdir><imgdir name="21"><string name="oS" value="acc7"/><string name="l0" value="backchoTW"/><string name="l1" value="foot"/><string name="l2" value="17"/><int name="x" value="1271"/><int name="y" value="483"/><int name="z" value="9"/><int name="f" value="0"/><int name="zM" value="3"/></imgdir><imgdir name="22"><string name="oS" value="acc7"/><string name="l0" value="backchoTW"/><string name="l1" value="foot"/><string name="l2" value="17"/><int name="x" value="953"/><int name="y" value="483"/><int name="z" value="9"/><int name="f" value="0"/><int name="zM" value="1"/></imgdir><imgdir name="23"><string name="oS" value="acc7"/><string name="l0" value="backchoTW"/><string name="l1" value="foot"/><string name="l2" value="17"/><int name="x" value="635"/><int name="y" value="483"/><int name="z" value="9"/><int name="f" value="0"/><int name="zM" value="7"/></imgdir><imgdir name="24"><string name="oS" value="acc7"/><string name="l0" value="backchoTW"/><string name="l1" value="foot"/><string name="l2" value="17"/><int name="x" value="317"/><int name="y" value="483"/><int name="z" value="9"/><int name="f" value="0"/><int name="zM" value="6"/></imgdir><imgdir name="25"><string name="oS" value="acc7"/><string name="l0" value="backchoTW"/><string name="l1" value="foot"/><string name="l2" value="17"/><int name="x" value="-1"/><int name="y" value="483"/><int name="z" value="9"/><int name="f" value="0"/><int name="zM" value="0"/></imgdir><imgdir name="26"><string name="oS" value="acc7"/><string name="l0" value="backchoTW"/><string name="l1" value="foot"/><string name="l2" value="17"/><int name="x" value="-319"/><int name="y" value="483"/><int name="z" value="9"/><int name="f" value="0"/><int name="zM" value="2"/></imgdir><imgdir name="27"><string name="oS" value="acc7"/><string name="l0" value="backchoTW"/><string name="l1" value="foot"/><string name="l2" value="16"/><int name="x" value="-531"/><int name="y" value="483"/><int name="z" value="9"/><int name="f" value="0"/><int name="zM" value="9"/></imgdir><imgdir name="28"><string name="oS" value="acc7"/><string name="l0" value="backchoTW"/><string name="l1" value="foot"/><string name="l2" value="9"/><int name="x" value="-955"/><int name="y" value="483"/><int name="z" value="9"/><int name="f" value="0"/><int name="zM" value="10"/></imgdir><imgdir name="29"><string name="oS" value="acc7"/><string name="l0" value="backchoTW"/><string name="l1" value="foot"/><string name="l2" value="17"/><int name="x" value="-743"/><int name="y" value="483"/><int name="z" value="9"/><int name="f" value="0"/><int name="zM" value="8"/></imgdir><imgdir name="30"><string name="oS" value="acc7"/><string name="l0" value="backchoTW"/><string name="l1" value="foot"/><string name="l2" value="10"/><int name="x" value="459"/><int name="y" value="232"/><int name="z" value="5"/><int name="f" value="0"/><int name="zM" value="52"/></imgdir><imgdir name="31"><string name="oS" value="acc7"/><string name="l0" value="backchoTW"/><string name="l1" value="foot"/><string name="l2" value="9"/><int name="x" value="291"/><int name="y" value="288"/><int name="z" value="5"/><int name="f" value="0"/><int name="zM" value="6"/></imgdir><imgdir name="32"><string name="oS" value="acc7"/><string name="l0" value="backchoTW"/><string name="l1" value="foot"/><string name="l2" value="15"/><int name="x" value="397"/><int name="y" value="288"/><int name="z" value="5"/><int name="f" value="0"/><int name="zM" value="6"/></imgdir></imgdir></imgdir><imgdir name="5"><imgdir name="info"></imgdir><imgdir name="tile"></imgdir><imgdir name="obj"><imgdir name="0"><string name="oS" value="thai"/><string name="l0" value="field"/><string name="l1" value="ani"/><string name="l2" value="2"/><int name="x" value="-821"/><int name="y" value="508"/><int name="z" value="9"/><int name="f" value="0"/><int name="zM" value="18"/></imgdir><imgdir name="1"><string name="oS" value="thai"/><string name="l0" value="field"/><string name="l1" value="ani"/><string name="l2" value="4"/><int name="x" value="-650"/><int name="y" value="490"/><int name="z" value="9"/><int name="f" value="1"/><int name="zM" value="28"/></imgdir><imgdir name="2"><string name="oS" value="thai"/><string name="l0" value="field"/><string name="l1" value="ani"/><string name="l2" value="3"/><int name="x" value="-413"/><int name="y" value="512"/><int name="z" value="9"/><int name="f" value="0"/><int name="zM" value="17"/></imgdir><imgdir name="3"><string name="oS" value="thai"/><string name="l0" value="field"/><string name="l1" value="ani"/><string name="l2" value="2"/><int name="x" value="-255"/><int name="y" value="489"/><int name="z" value="9"/><int name="f" value="1"/><int name="zM" value="27"/></imgdir><imgdir name="4"><string name="oS" value="thai"/><string name="l0" value="field"/><string name="l1" value="ani"/><string name="l2" value="3"/><int name="x" value="210"/><int name="y" value="487"/><int name="z" value="9"/><int name="f" value="0"/><int name="zM" value="30"/></imgdir><imgdir name="5"><string name="oS" value="thai"/><string name="l0" value="field"/><string name="l1" value="ani"/><string name="l2" value="2"/><int name="x" value="393"/><int name="y" value="486"/><int name="z" value="9"/><int name="f" value="1"/><int name="zM" value="29"/></imgdir><imgdir name="6"><string name="oS" value="thai"/><string name="l0" value="field"/><string name="l1" value="ani"/><string name="l2" value="4"/><int name="x" value="558"/><int name="y" value="496"/><int name="z" value="9"/><int name="f" value="0"/><int name="zM" value="23"/></imgdir><imgdir name="7"><string name="oS" value="thai"/><string name="l0" value="field"/><string name="l1" value="ani"/><string name="l2" value="3"/><int name="x" value="777"/><int name="y" value="484"/><int name="z" value="9"/><int name="f" value="1"/><int name="zM" value="33"/></imgdir><imgdir name="8"><string name="oS" value="thai"/><string name="l0" value="field"/><string name="l1" value="ani"/><string name="l2" value="2"/><int name="x" value="903"/><int name="y" value="497"/><int name="z" value="9"/><int name="f" value="0"/><int name="zM" value="21"/></imgdir><imgdir name="9"><string name="oS" value="thai"/><string name="l0" value="field"/><string name="l1" value="ani"/><string name="l2" value="4"/><int name="x" value="1092"/><int name="y" value="487"/><int name="z" value="9"/><int name="f" value="0"/><int name="zM" value="31"/></imgdir><imgdir name="10"><string name="oS" value="thai"/><string name="l0" value="field"/><string name="l1" value="ani"/><string name="l2" value="4"/><int name="x" value="1148"/><int name="y" value="500"/><int name="z" value="9"/><int name="f" value="1"/><int name="zM" value="22"/></imgdir><imgdir name="11"><string name="oS" value="thai"/><string name="l0" value="field"/><string name="l1" value="ani"/><string name="l2" value="2"/><int name="x" value="1400"/><int name="y" value="491"/><int name="z" value="9"/><int name="f" value="0"/><int name="zM" value="24"/></imgdir><imgdir name="12"><string name="oS" value="thai"/><string name="l0" value="field"/><string name="l1" value="ani"/><string name="l2" value="3"/><int name="x" value="1690"/><int name="y" value="492"/><int name="z" value="9"/><int name="f" value="0"/><int name="zM" value="26"/></imgdir><imgdir name="13"><string name="oS" value="thai"/><string name="l0" value="field"/><string name="l1" value="ani"/><string name="l2" value="4"/><int name="x" value="1648"/><int name="y" value="501"/><int name="z" value="9"/><int name="f" value="0"/><int name="zM" value="19"/></imgdir><imgdir name="14"><string name="oS" value="thai"/><string name="l0" value="field"/><string name="l1" value="ani"/><string name="l2" value="2"/><int name="x" value="1894"/><int name="y" value="483"/><int name="z" value="9"/><int name="f" value="1"/><int name="zM" value="32"/></imgdir><imgdir name="15"><string name="oS" value="thai"/><string name="l0" value="field"/><string name="l1" value="ani"/><string name="l2" value="2"/><int name="x" value="1930"/><int name="y" value="498"/><int name="z" value="9"/><int name="f" value="0"/><int name="zM" value="20"/></imgdir><imgdir name="16"><string name="oS" value="thai"/><string name="l0" value="field"/><string name="l1" value="ani"/><string name="l2" value="2"/><int name="x" value="1859"/><int name="y" value="491"/><int name="z" value="9"/><int name="f" value="0"/><int name="zM" value="25"/></imgdir></imgdir></imgdir><imgdir name="6"><imgdir name="info"></imgdir><imgdir name="tile"></imgdir><imgdir name="obj"></imgdir></imgdir><imgdir name="7"><imgdir name="info"></imgdir><imgdir name="tile"></imgdir><imgdir name="obj"></imgdir></imgdir><imgdir name="foothold"><imgdir name="4"><imgdir name="5"><imgdir name="1"><int name="x1" value="1747"/><int name="y1" value="386"/><int name="x2" value="2067"/><int name="y2" value="386"/><int name="prev" value="3"/><int name="next" value="2"/></imgdir><imgdir name="2"><int name="x1" value="2067"/><int name="y1" value="386"/><int name="x2" value="2084"/><int name="y2" value="386"/><int name="prev" value="1"/><int name="next" value="0"/></imgdir></imgdir><imgdir name="4"><imgdir name="3"><int name="x1" value="1429"/><int name="y1" value="386"/><int name="x2" value="1747"/><int name="y2" value="386"/><int name="prev" value="4"/><int name="next" value="1"/></imgdir></imgdir><imgdir name="3"><imgdir name="4"><int name="x1" value="1111"/><int name="y1" value="386"/><int name="x2" value="1429"/><int name="y2" value="386"/><int name="prev" value="5"/><int name="next" value="3"/></imgdir></imgdir><imgdir name="1"><imgdir name="5"><int name="x1" value="793"/><int name="y1" value="386"/><int name="x2" value="1111"/><int name="y2" value="386"/><int name="prev" value="6"/><int name="next" value="4"/></imgdir></imgdir><imgdir name="7"><imgdir name="6"><int name="x1" value="475"/><int name="y1" value="386"/><int name="x2" value="793"/><int name="y2" value="386"/><int name="prev" value="7"/><int name="next" value="5"/></imgdir></imgdir><imgdir name="6"><imgdir name="7"><int name="x1" value="157"/><int name="y1" value="386"/><int name="x2" value="475"/><int name="y2" value="386"/><int name="prev" value="11"/><int name="next" value="6"/></imgdir><imgdir name="8"><int name="x1" value="241"/><int name="y1" value="194"/><int name="x2" value="313"/><int name="y2" value="191"/><int name="prev" value="0"/><int name="next" value="9"/></imgdir><imgdir name="9"><int name="x1" value="313"/><int name="y1" value="191"/><int name="x2" value="345"/><int name="y2" value="191"/><int name="prev" value="8"/><int name="next" value="10"/></imgdir><imgdir name="10"><int name="x1" value="345"/><int name="y1" value="191"/><int name="x2" value="448"/><int name="y2" value="191"/><int name="prev" value="9"/><int name="next" value="17"/></imgdir></imgdir><imgdir name="0"><imgdir name="11"><int name="x1" value="-161"/><int name="y1" value="386"/><int name="x2" value="157"/><int name="y2" value="386"/><int name="prev" value="12"/><int name="next" value="7"/></imgdir></imgdir><imgdir name="2"><imgdir name="12"><int name="x1" value="-479"/><int name="y1" value="386"/><int name="x2" value="-161"/><int name="y2" value="386"/><int name="prev" value="13"/><int name="next" value="11"/></imgdir></imgdir><imgdir name="9"><imgdir name="13"><int name="x1" value="-585"/><int name="y1" value="386"/><int name="x2" value="-479"/><int name="y2" value="386"/><int name="prev" value="16"/><int name="next" value="12"/></imgdir></imgdir><imgdir name="10"><imgdir name="14"><int name="x1" value="-1005"/><int name="y1" value="389"/><int name="x2" value="-933"/><int name="y2" value="386"/><int name="prev" value="0"/><int name="next" value="15"/></imgdir><imgdir name="15"><int name="x1" value="-933"/><int name="y1" value="386"/><int name="x2" value="-901"/><int name="y2" value="386"/><int name="prev" value="14"/><int name="next" value="16"/></imgdir></imgdir><imgdir name="8"><imgdir name="16"><int name="x1" value="-901"/><int name="y1" value="386"/><int name="x2" value="-585"/><int name="y2" value="386"/><int name="prev" value="15"/><int name="next" value="13"/></imgdir></imgdir><imgdir name="52"><imgdir name="17"><int name="x1" value="448"/><int name="y1" value="191"/><int name="x2" value="467"/><int name="y2" value="191"/><int name="prev" value="10"/><int name="next" value="0"/></imgdir></imgdir></imgdir></imgdir><imgdir name="ladderRope"></imgdir><imgdir name="miniMap"><canvas name="canvas" width="201" height="40"></canvas><int name="width" value="3221"/><int name="height" value="640"/><int name="centerX" value="1080"/><int name="centerY" value="7"/><int name="mag" value="4"/></imgdir><imgdir name="portal"><imgdir name="0"><string name="pn" value="sp"/><int name="pt" value="0"/><int name="x" value="418"/><int name="y" value="218"/><int name="tm" value="999999999"/><string name="tn" value=""/></imgdir><imgdir name="1"><string name="pn" value="sp"/><int name="pt" value="0"/><int name="x" value="4"/><int name="y" value="219"/><int name="tm" value="999999999"/><string name="tn" value=""/></imgdir><imgdir name="2"><string name="pn" value="sp"/><int name="pt" value="0"/><int name="x" value="-393"/><int name="y" value="220"/><int name="tm" value="999999999"/><string name="tn" value=""/></imgdir><imgdir name="3"><string name="pn" value="sp"/><int name="pt" value="0"/><int name="x" value="-794"/><int name="y" value="219"/><int name="tm" value="999999999"/><string name="tn" value=""/></imgdir><imgdir name="4"><string name="pn" value="sp"/><int name="pt" value="0"/><int name="x" value="824"/><int name="y" value="219"/><int name="tm" value="999999999"/><string name="tn" value=""/></imgdir><imgdir name="5"><string name="pn" value="sp"/><int name="pt" value="0"/><int name="x" value="1227"/><int name="y" value="219"/><int name="tm" value="999999999"/><string name="tn" value=""/></imgdir><imgdir name="6"><string name="pn" value="sp"/><int name="pt" value="0"/><int name="x" value="1610"/><int name="y" value="219"/><int name="tm" value="999999999"/><string name="tn" value=""/></imgdir><imgdir name="7"><string name="pn" value="sp"/><int name="pt" value="0"/><int name="x" value="1997"/><int name="y" value="220"/><int name="tm" value="999999999"/><string name="tn" value=""/></imgdir><imgdir name="8"><string name="pn" value="out00"/><int name="pt" value="7"/><int name="x" value="571"/><int name="y" value="379"/><int name="tm" value="999999999"/><string name="tn" value=""/><string name="script" value="fishing_out"/></imgdir></imgdir></imgdir>