<?xml version="1.0" encoding="UTF-8" standalone="yes"?><imgdir name="741000001.img"><imgdir name="info"><int name="version" value="10"/><int name="cloud" value="0"/><int name="town" value="1"/><float name="mobRate" value="1.0"/><string name="bgm" value="BgmTW/NightMarket"/><int name="returnMap" value="741000000"/><int name="VRTop" value="-300"/><int name="VRLeft" value="-400"/><int name="VRBottom" value="300"/><int name="VRRight" value="400"/><string name="mapDesc" value=""/><int name="forcedReturn" value="999999999"/><int name="hideMinimap" value="0"/><int name="moveLimit" value="0"/><string name="mapMark" value="NightMarketTW"/><int name="fieldLimit" value="0"/></imgdir><imgdir name="back"><imgdir name="0"><string name="bS" value=""/><int name="no" value="0"/><int name="x" value="0"/><int name="y" value="0"/><int name="rx" value="0"/><int name="ry" value="0"/><int name="type" value="0"/><int name="cx" value="0"/><int name="cy" value="0"/><int name="a" value="255"/><int name="front" value="0"/><int name="ani" value="0"/><int name="f" value="0"/></imgdir><imgdir name="1"><string name="bS" value="NightMarketTW"/><int name="front" value="0"/><int name="ani" value="0"/><int name="no" value="2"/><int name="f" value="0"/><int name="x" value="0"/><int name="y" value="0"/><int name="rx" value="0"/><int name="ry" value="0"/><int name="type" value="1"/><int name="cx" value="0"/><int name="cy" value="0"/><int name="a" value="255"/></imgdir><imgdir name="2"><string name="bS" value="NightMarketTW"/><int name="front" value="0"/><int name="ani" value="0"/><int name="no" value="11"/><int name="f" value="0"/><int name="x" value="-1"/><int name="y" value="-1"/><int name="rx" value="-80"/><int name="ry" value="-100"/><int name="type" value="0"/><int name="cx" value="0"/><int name="cy" value="0"/><int name="a" value="255"/></imgdir><imgdir name="3"><string name="bS" value="NightMarketTW"/><int name="front" value="0"/><int name="ani" value="1"/><int name="no" value="0"/><int name="f" value="0"/><int name="x" value="352"/><int name="y" value="-55"/><int name="rx" value="-80"/><int name="ry" value="-100"/><int name="type" value="0"/><int name="cx" value="0"/><int name="cy" value="0"/><int name="a" value="255"/></imgdir><imgdir name="4"><string name="bS" value="NightMarketTW"/><int name="front" value="0"/><int name="ani" value="1"/><int name="no" value="1"/><int name="f" value="0"/><int name="x" value="-37"/><int name="y" value="-233"/><int name="rx" value="-80"/><int name="ry" value="-100"/><int name="type" value="0"/><int name="cx" value="0"/><int name="cy" value="0"/><int name="a" value="255"/></imgdir></imgdir><imgdir name="life"><imgdir name="0"><string name="type" value="n"/><string name="id" value="9330023"/><int name="x" value="-102"/><int name="y" value="214"/><int name="mobTime" value="0"/><int name="f" value="0"/><int name="hide" value="0"/><int name="fh" value="19"/><int name="cy" value="231"/><int name="rx0" value="-152"/><int name="rx1" value="-52"/></imgdir><imgdir name="1"><string name="type" value="n"/><string name="id" value="9330024"/><int name="x" value="142"/><int name="y" value="209"/><int name="mobTime" value="0"/><int name="f" value="0"/><int name="hide" value="0"/><int name="fh" value="19"/><int name="cy" value="231"/><int name="rx0" value="92"/><int name="rx1" value="192"/></imgdir><imgdir name="2"><string name="type" value="n"/><string name="id" value="9330025"/><int name="x" value="-87"/><int name="y" value="-46"/><int name="mobTime" value="0"/><int name="f" value="0"/><int name="hide" value="0"/><int name="fh" value="15"/><int name="cy" value="-43"/><int name="rx0" value="-137"/><int name="rx1" value="-37"/></imgdir></imgdir><imgdir name="0"><imgdir name="info"></imgdir><imgdir name="tile"></imgdir><imgdir name="obj"></imgdir></imgdir><imgdir name="1"><imgdir name="info"></imgdir><imgdir name="tile"></imgdir><imgdir name="obj"><imgdir name="0"><string name="oS" value="NightMarketTW"/><string name="l0" value="NightMarket"/><string name="l1" value="house3"/><string name="l2" value="1"/><int name="x" value="8"/><int name="y" value="-33"/><int name="z" value="2"/><int name="f" value="0"/><int name="zM" value="1"/></imgdir><imgdir name="1"><string name="oS" value="NightMarketTW"/><string name="l0" value="NightMarket"/><string name="l1" value="house3"/><string name="l2" value="5"/><int name="x" value="200"/><int name="y" value="216"/><int name="z" value="3"/><int name="f" value="0"/><int name="zM" value="1"/></imgdir><imgdir name="2"><string name="oS" value="NightMarketTW"/><string name="l0" value="NightMarket"/><string name="l1" value="house3"/><string name="l2" value="5"/><int name="x" value="75"/><int name="y" value="216"/><int name="z" value="3"/><int name="f" value="0"/><int name="zM" value="1"/></imgdir></imgdir></imgdir><imgdir name="2"><imgdir name="info"></imgdir><imgdir name="tile"></imgdir><imgdir name="obj"><imgdir name="0"><string name="oS" value="NightMarketTW"/><string name="l0" value="NightMarket"/><string name="l1" value="house3"/><string name="l2" value="2"/><int name="x" value="140"/><int name="y" value="-63"/><int name="z" value="3"/><int name="f" value="0"/><int name="zM" value="4"/></imgdir><imgdir name="1"><string name="oS" value="NightMarketTW"/><string name="l0" value="NightMarket"/><string name="l1" value="house3"/><string name="l2" value="3"/><int name="x" value="324"/><int name="y" value="162"/><int name="z" value="3"/><int name="f" value="0"/><int name="zM" value="2"/></imgdir><imgdir name="2"><string name="oS" value="NightMarketTW"/><string name="l0" value="NightMarket"/><string name="l1" value="house3"/><string name="l2" value="4"/><int name="x" value="-340"/><int name="y" value="-81"/><int name="z" value="3"/><int name="f" value="0"/><int name="zM" value="3"/></imgdir></imgdir></imgdir><imgdir name="3"><imgdir name="info"></imgdir><imgdir name="tile"></imgdir><imgdir name="obj"><imgdir name="0"><string name="oS" value="NightMarketTW"/><string name="l0" value="NightMarket"/><string name="l1" value="house3"/><string name="l2" value="0"/><int name="x" value="0"/><int name="y" value="0"/><int name="z" value="3"/><int name="f" value="0"/><int name="zM" value="0"/></imgdir></imgdir></imgdir><imgdir name="4"><imgdir name="info"></imgdir><imgdir name="tile"></imgdir><imgdir name="obj"></imgdir></imgdir><imgdir name="5"><imgdir name="info"></imgdir><imgdir name="tile"></imgdir><imgdir name="obj"></imgdir></imgdir><imgdir name="6"><imgdir name="info"></imgdir><imgdir name="tile"></imgdir><imgdir name="obj"></imgdir></imgdir><imgdir name="7"><imgdir name="info"></imgdir><imgdir name="tile"></imgdir><imgdir name="obj"></imgdir></imgdir><imgdir name="reactor"></imgdir><imgdir name="foothold"><imgdir name="1"><imgdir name="1"><imgdir name="1"><int name="x1" value="-175"/><int name="y1" value="190"/><int name="x2" value="-4"/><int name="y2" value="190"/><int name="prev" value="0"/><int name="next" value="0"/></imgdir><imgdir name="2"><int name="x1" value="260"/><int name="y1" value="206"/><int name="x2" value="377"/><int name="y2" value="206"/><int name="prev" value="0"/><int name="next" value="21"/></imgdir><imgdir name="3"><int name="x1" value="285"/><int name="y1" value="177"/><int name="x2" value="371"/><int name="y2" value="177"/><int name="prev" value="0"/><int name="next" value="0"/></imgdir><imgdir name="4"><int name="x1" value="-346"/><int name="y1" value="214"/><int name="x2" value="-294"/><int name="y2" value="214"/><int name="prev" value="0"/><int name="next" value="0"/></imgdir><imgdir name="5"><int name="x1" value="-362"/><int name="y1" value="126"/><int name="x2" value="-362"/><int name="y2" value="197"/><int name="prev" value="0"/><int name="next" value="6"/></imgdir><imgdir name="6"><int name="x1" value="-362"/><int name="y1" value="197"/><int name="x2" value="-326"/><int name="y2" value="197"/><int name="prev" value="5"/><int name="next" value="0"/></imgdir><imgdir name="7"><int name="x1" value="-157"/><int name="y1" value="-68"/><int name="x2" value="-42"/><int name="y2" value="-68"/><int name="prev" value="0"/><int name="next" value="0"/></imgdir><imgdir name="8"><int name="x1" value="-152"/><int name="y1" value="-104"/><int name="x2" value="-116"/><int name="y2" value="-104"/><int name="prev" value="0"/><int name="next" value="0"/></imgdir><imgdir name="9"><int name="x1" value="-101"/><int name="y1" value="-157"/><int name="x2" value="-31"/><int name="y2" value="-157"/><int name="prev" value="0"/><int name="next" value="0"/></imgdir><imgdir name="10"><int name="x1" value="-9"/><int name="y1" value="-132"/><int name="x2" value="35"/><int name="y2" value="-132"/><int name="prev" value="0"/><int name="next" value="0"/></imgdir><imgdir name="11"><int name="x1" value="-32"/><int name="y1" value="-77"/><int name="x2" value="72"/><int name="y2" value="-77"/><int name="prev" value="0"/><int name="next" value="0"/></imgdir><imgdir name="12"><int name="x1" value="218"/><int name="y1" value="-84"/><int name="x2" value="293"/><int name="y2" value="-84"/><int name="prev" value="0"/><int name="next" value="0"/></imgdir><imgdir name="13"><int name="x1" value="298"/><int name="y1" value="-84"/><int name="x2" value="377"/><int name="y2" value="-84"/><int name="prev" value="0"/><int name="next" value="17"/></imgdir><imgdir name="14"><int name="x1" value="-374"/><int name="y1" value="-257"/><int name="x2" value="-374"/><int name="y2" value="-43"/><int name="prev" value="0"/><int name="next" value="15"/></imgdir><imgdir name="15"><int name="x1" value="-374"/><int name="y1" value="-43"/><int name="x2" value="377"/><int name="y2" value="-43"/><int name="prev" value="14"/><int name="next" value="16"/></imgdir><imgdir name="16"><int name="x1" value="377"/><int name="y1" value="-43"/><int name="x2" value="377"/><int name="y2" value="-84"/><int name="prev" value="15"/><int name="next" value="17"/></imgdir><imgdir name="17"><int name="x1" value="377"/><int name="y1" value="-84"/><int name="x2" value="377"/><int name="y2" value="-260"/><int name="prev" value="13"/><int name="next" value="0"/></imgdir><imgdir name="18"><int name="x1" value="-373"/><int name="y1" value="17"/><int name="x2" value="-373"/><int name="y2" value="231"/><int name="prev" value="0"/><int name="next" value="19"/></imgdir><imgdir name="19"><int name="x1" value="-373"/><int name="y1" value="231"/><int name="x2" value="377"/><int name="y2" value="231"/><int name="prev" value="18"/><int name="next" value="20"/></imgdir><imgdir name="20"><int name="x1" value="377"/><int name="y1" value="231"/><int name="x2" value="377"/><int name="y2" value="206"/><int name="prev" value="19"/><int name="next" value="21"/></imgdir><imgdir name="21"><int name="x1" value="377"/><int name="y1" value="206"/><int name="x2" value="377"/><int name="y2" value="14"/><int name="prev" value="2"/><int name="next" value="0"/></imgdir><imgdir name="22"><int name="x1" value="180"/><int name="y1" value="201"/><int name="x2" value="220"/><int name="y2" value="201"/><int name="prev" value="0"/><int name="next" value="0"/></imgdir><imgdir name="23"><int name="x1" value="55"/><int name="y1" value="201"/><int name="x2" value="95"/><int name="y2" value="201"/><int name="prev" value="0"/><int name="next" value="0"/></imgdir></imgdir></imgdir><imgdir name="2"><imgdir name="4"><imgdir name="24"><int name="x1" value="78"/><int name="y1" value="-84"/><int name="x2" value="201"/><int name="y2" value="-84"/><int name="prev" value="0"/><int name="next" value="0"/></imgdir></imgdir><imgdir name="3"><imgdir name="25"><int name="x1" value="-362"/><int name="y1" value="-120"/><int name="x2" value="-318"/><int name="y2" value="-120"/><int name="prev" value="0"/><int name="next" value="0"/></imgdir></imgdir></imgdir></imgdir><imgdir name="ladderRope"></imgdir><imgdir name="portal"><imgdir name="0"><string name="pn" value="sp"/><int name="pt" value="0"/><int name="x" value="7"/><int name="y" value="192"/><int name="tm" value="999999999"/><string name="tn" value=""/></imgdir><imgdir name="1"><string name="pn" value="Move00"/><int name="pt" value="1"/><int name="x" value="-320"/><int name="y" value="205"/><int name="tm" value="741000001"/><string name="tn" value="Move01"/></imgdir><imgdir name="2"><string name="pn" value="Move01"/><int name="pt" value="1"/><int name="x" value="-239"/><int name="y" value="-46"/><int name="tm" value="741000001"/><string name="tn" value="Move00"/></imgdir><imgdir name="3"><string name="pn" value="in00"/><int name="pt" value="1"/><int name="x" value="-236"/><int name="y" value="227"/><int name="tm" value="741000000"/><string name="tn" value="out00"/><string name="script" value=""/></imgdir></imgdir></imgdir>