<?xml version="1.0" encoding="UTF-8" standalone="yes"?><imgdir name="742000000.img"><imgdir name="info"><int name="version" value="10"/><int name="cloud" value="0"/><int name="town" value="1"/><int name="swim" value="0"/><int name="returnMap" value="742000000"/><int name="forcedReturn" value="999999999"/><float name="mobRate" value="1.0"/><string name="bgm" value="BgmTW/101Building"/><string name="mapMark" value="101BuildingTW"/><int name="hideMinimap" value="0"/><int name="fieldLimit" value="0"/><int name="VRTop" value="-420"/><int name="VRLeft" value="-1420"/><int name="VRBottom" value="485"/><int name="VRRight" value="1910"/></imgdir><imgdir name="back"><imgdir name="0"><string name="bS" value="NightMarketTW"/><int name="front" value="0"/><int name="ani" value="0"/><int name="no" value="2"/><int name="f" value="0"/><int name="x" value="0"/><int name="y" value="0"/><int name="rx" value="0"/><int name="ry" value="0"/><int name="type" value="1"/><int name="cx" value="0"/><int name="cy" value="0"/><int name="a" value="255"/></imgdir><imgdir name="1"><string name="bS" value="NightMarketTW"/><int name="front" value="0"/><int name="ani" value="1"/><int name="no" value="0"/><int name="f" value="0"/><int name="x" value="-26"/><int name="y" value="-120"/><int name="rx" value="-80"/><int name="ry" value="-100"/><int name="type" value="3"/><int name="cx" value="800"/><int name="cy" value="0"/><int name="a" value="255"/></imgdir><imgdir name="2"><string name="bS" value="NightMarketTW"/><int name="front" value="0"/><int name="ani" value="1"/><int name="no" value="0"/><int name="f" value="0"/><int name="x" value="-377"/><int name="y" value="-74"/><int name="rx" value="-80"/><int name="ry" value="-100"/><int name="type" value="3"/><int name="cx" value="800"/><int name="cy" value="0"/><int name="a" value="255"/></imgdir><imgdir name="3"><string name="bS" value="101BuildingTW"/><int name="front" value="0"/><int name="ani" value="0"/><int name="no" value="1"/><int name="f" value="0"/><int name="x" value="27"/><int name="y" value="-213"/><int name="rx" value="-5"/><int name="ry" value="-80"/><int name="type" value="0"/><int name="cx" value="0"/><int name="cy" value="0"/><int name="a" value="255"/></imgdir><imgdir name="4"><string name="bS" value="101BuildingTW"/><int name="front" value="0"/><int name="ani" value="0"/><int name="no" value="0"/><int name="f" value="0"/><int name="x" value="27"/><int name="y" value="94"/><int name="rx" value="-5"/><int name="ry" value="-100"/><int name="type" value="0"/><int name="cx" value="0"/><int name="cy" value="0"/><int name="a" value="255"/></imgdir></imgdir><imgdir name="life"><imgdir name="0"><string name="type" value="n"/><string name="id" value="9330050"/><int name="x" value="1318"/><int name="y" value="2"/><int name="mobTime" value="0"/><int name="f" value="0"/><int name="hide" value="0"/><int name="fh" value="59"/><int name="cy" value="8"/><int name="rx0" value="1273"/><int name="rx1" value="1368"/></imgdir><imgdir name="1"><string name="type" value="n"/><string name="id" value="9330051"/><int name="x" value="1388"/><int name="y" value="3"/><int name="mobTime" value="0"/><int name="f" value="0"/><int name="hide" value="0"/><int name="fh" value="59"/><int name="cy" value="8"/><int name="rx0" value="1338"/><int name="rx1" value="1400"/></imgdir><imgdir name="2"><string name="type" value="n"/><string name="id" value="9330047"/><int name="x" value="596"/><int name="y" value="2"/><int name="mobTime" value="0"/><int name="f" value="0"/><int name="hide" value="0"/><int name="fh" value="12"/><int name="cy" value="8"/><int name="rx0" value="596"/><int name="rx1" value="646"/></imgdir><imgdir name="3"><string name="type" value="n"/><string name="id" value="9330048"/><int name="x" value="409"/><int name="y" value="4"/><int name="mobTime" value="0"/><int name="f" value="0"/><int name="hide" value="0"/><int name="fh" value="14"/><int name="cy" value="8"/><int name="rx0" value="359"/><int name="rx1" value="409"/></imgdir><imgdir name="4"><string name="type" value="n"/><string name="id" value="9330053"/><int name="x" value="913"/><int name="y" value="3"/><int name="mobTime" value="0"/><int name="f" value="0"/><int name="hide" value="0"/><int name="fh" value="11"/><int name="cy" value="8"/><int name="rx0" value="863"/><int name="rx1" value="913"/></imgdir><imgdir name="5"><string name="type" value="n"/><string name="id" value="9330049"/><int name="x" value="-668"/><int name="y" value="4"/><int name="mobTime" value="0"/><int name="f" value="0"/><int name="hide" value="0"/><int name="fh" value="20"/><int name="cy" value="8"/><int name="rx0" value="-718"/><int name="rx1" value="-618"/></imgdir><imgdir name="6"><string name="type" value="n"/><string name="id" value="9330052"/><int name="x" value="-270"/><int name="y" value="2"/><int name="mobTime" value="0"/><int name="f" value="0"/><int name="hide" value="0"/><int name="fh" value="18"/><int name="cy" value="8"/><int name="rx0" value="-320"/><int name="rx1" value="-270"/></imgdir><imgdir name="7"><string name="type" value="n"/><string name="id" value="9330054"/><int name="x" value="-484"/><int name="y" value="334"/><int name="mobTime" value="0"/><int name="f" value="0"/><int name="hide" value="0"/><int name="fh" value="25"/><int name="cy" value="337"/><int name="rx0" value="-534"/><int name="rx1" value="-437"/></imgdir><imgdir name="8"><string name="type" value="n"/><string name="id" value="9330055"/><int name="x" value="-338"/><int name="y" value="334"/><int name="mobTime" value="0"/><int name="f" value="0"/><int name="hide" value="0"/><int name="fh" value="26"/><int name="cy" value="337"/><int name="rx0" value="-388"/><int name="rx1" value="-288"/></imgdir><imgdir name="9"><string name="type" value="n"/><string name="id" value="9330056"/><int name="x" value="-117"/><int name="y" value="1"/><int name="mobTime" value="0"/><int name="f" value="0"/><int name="hide" value="0"/><int name="fh" value="17"/><int name="cy" value="8"/><int name="rx0" value="-167"/><int name="rx1" value="-103"/></imgdir><imgdir name="10"><string name="type" value="n"/><string name="id" value="9330057"/><int name="x" value="235"/><int name="y" value="335"/><int name="mobTime" value="0"/><int name="f" value="0"/><int name="hide" value="0"/><int name="fh" value="29"/><int name="cy" value="337"/><int name="rx0" value="185"/><int name="rx1" value="235"/></imgdir><imgdir name="11"><string name="type" value="n"/><string name="id" value="9330058"/><int name="x" value="-1091"/><int name="y" value="334"/><int name="mobTime" value="0"/><int name="f" value="0"/><int name="hide" value="0"/><int name="fh" value="40"/><int name="cy" value="337"/><int name="rx0" value="-1141"/><int name="rx1" value="-1091"/></imgdir><imgdir name="12"><string name="type" value="n"/><string name="id" value="9330059"/><int name="x" value="108"/><int name="y" value="334"/><int name="mobTime" value="0"/><int name="f" value="0"/><int name="hide" value="0"/><int name="fh" value="29"/><int name="cy" value="337"/><int name="rx0" value="104"/><int name="rx1" value="158"/></imgdir><imgdir name="13"><string name="type" value="n"/><string name="id" value="9330060"/><int name="x" value="907"/><int name="y" value="335"/><int name="mobTime" value="0"/><int name="f" value="0"/><int name="hide" value="0"/><int name="fh" value="33"/><int name="cy" value="337"/><int name="rx0" value="857"/><int name="rx1" value="907"/></imgdir><imgdir name="14"><string name="type" value="n"/><string name="id" value="9000020"/><int name="x" value="-157"/><int name="y" value="333"/><int name="mobTime" value="0"/><int name="f" value="0"/><int name="hide" value="0"/><int name="fh" value="27"/><int name="cy" value="337"/><int name="rx0" value="-207"/><int name="rx1" value="-107"/></imgdir><imgdir name="15"><string name="type" value="n"/><string name="id" value="9330074"/><int name="x" value="-1358"/><int name="y" value="333"/><int name="mobTime" value="0"/><int name="f" value="0"/><int name="hide" value="0"/><int name="fh" value="41"/><int name="cy" value="337"/><int name="rx0" value="-1399"/><int name="rx1" value="-1308"/></imgdir><imgdir name="16"><string name="type" value="n"/><string name="id" value="9330075"/><int name="x" value="1219"/><int name="y" value="3"/><int name="mobTime" value="0"/><int name="f" value="0"/><int name="hide" value="0"/><int name="fh" value="9"/><int name="cy" value="8"/><int name="rx0" value="1169"/><int name="rx1" value="1233"/></imgdir><imgdir name="17"><string name="type" value="n"/><string name="id" value="9330072"/><int name="x" value="1669"/><int name="y" value="332"/><int name="mobTime" value="0"/><int name="f" value="0"/><int name="hide" value="0"/><int name="fh" value="64"/><int name="cy" value="337"/><int name="rx0" value="1619"/><int name="rx1" value="1719"/></imgdir><imgdir name="18"><string name="type" value="n"/><string name="id" value="9310057"/><int name="x" value="104"/><int name="y" value="2"/><int name="mobTime" value="0"/><int name="f" value="0"/><int name="hide" value="0"/><int name="fh" value="15"/><int name="cy" value="8"/><int name="rx0" value="104"/><int name="rx1" value="154"/></imgdir></imgdir><imgdir name="reactor"></imgdir><imgdir name="0"><imgdir name="info"></imgdir><imgdir name="tile"></imgdir><imgdir name="obj"><imgdir name="1"><string name="oS" value="101BuildingTW"/><string name="l0" value="101Building"/><string name="l1" value="tile"/><string name="l2" value="9"/><int name="x" value="1112"/><int name="y" value="86"/><int name="z" value="9"/><int name="f" value="0"/><int name="zM" value="69"/></imgdir><imgdir name="2"><string name="oS" value="101BuildingTW"/><string name="l0" value="101Building"/><string name="l1" value="tile"/><string name="l2" value="9"/><int name="x" value="945"/><int name="y" value="86"/><int name="z" value="10"/><int name="f" value="0"/><int name="zM" value="56"/></imgdir><imgdir name="4"><string name="oS" value="101BuildingTW"/><string name="l0" value="101Building"/><string name="l1" value="tile"/><string name="l2" value="8"/><int name="x" value="668"/><int name="y" value="113"/><int name="z" value="9"/><int name="f" value="0"/><int name="zM" value="57"/></imgdir><imgdir name="5"><string name="oS" value="101BuildingTW"/><string name="l0" value="101Building"/><string name="l1" value="tile"/><string name="l2" value="8"/><int name="x" value="501"/><int name="y" value="113"/><int name="z" value="9"/><int name="f" value="0"/><int name="zM" value="58"/></imgdir><imgdir name="6"><string name="oS" value="101BuildingTW"/><string name="l0" value="101Building"/><string name="l1" value="tile"/><string name="l2" value="8"/><int name="x" value="334"/><int name="y" value="113"/><int name="z" value="9"/><int name="f" value="0"/><int name="zM" value="59"/></imgdir><imgdir name="7"><string name="oS" value="101BuildingTW"/><string name="l0" value="101Building"/><string name="l1" value="tile"/><string name="l2" value="8"/><int name="x" value="167"/><int name="y" value="113"/><int name="z" value="9"/><int name="f" value="0"/><int name="zM" value="60"/></imgdir><imgdir name="8"><string name="oS" value="101BuildingTW"/><string name="l0" value="101Building"/><string name="l1" value="tile"/><string name="l2" value="8"/><int name="x" value="0"/><int name="y" value="113"/><int name="z" value="9"/><int name="f" value="0"/><int name="zM" value="61"/></imgdir><imgdir name="9"><string name="oS" value="101BuildingTW"/><string name="l0" value="101Building"/><string name="l1" value="tile"/><string name="l2" value="8"/><int name="x" value="-167"/><int name="y" value="113"/><int name="z" value="9"/><int name="f" value="0"/><int name="zM" value="62"/></imgdir><imgdir name="10"><string name="oS" value="101BuildingTW"/><string name="l0" value="101Building"/><string name="l1" value="tile"/><string name="l2" value="8"/><int name="x" value="-254"/><int name="y" value="113"/><int name="z" value="9"/><int name="f" value="0"/><int name="zM" value="62"/></imgdir><imgdir name="13"><string name="oS" value="101BuildingTW"/><string name="l0" value="101Building"/><string name="l1" value="tile"/><string name="l2" value="9"/><int name="x" value="-755"/><int name="y" value="86"/><int name="z" value="9"/><int name="f" value="0"/><int name="zM" value="64"/></imgdir><imgdir name="15"><string name="oS" value="101BuildingTW"/><string name="l0" value="101Building"/><string name="l1" value="tile"/><string name="l2" value="9"/><int name="x" value="1446"/><int name="y" value="86"/><int name="z" value="9"/><int name="f" value="0"/><int name="zM" value="67"/></imgdir><imgdir name="16"><string name="oS" value="101BuildingTW"/><string name="l0" value="101Building"/><string name="l1" value="tile"/><string name="l2" value="9"/><int name="x" value="1279"/><int name="y" value="86"/><int name="z" value="5"/><int name="f" value="0"/><int name="zM" value="68"/></imgdir><imgdir name="19"><string name="oS" value="101BuildingTW"/><string name="l0" value="101Building"/><string name="l1" value="tile"/><string name="l2" value="9"/><int name="x" value="672"/><int name="y" value="-241"/><int name="z" value="9"/><int name="f" value="0"/><int name="zM" value="117"/></imgdir><imgdir name="20"><string name="oS" value="101BuildingTW"/><string name="l0" value="101Building"/><string name="l1" value="tile"/><string name="l2" value="9"/><int name="x" value="505"/><int name="y" value="-241"/><int name="z" value="9"/><int name="f" value="0"/><int name="zM" value="109"/></imgdir><imgdir name="25"><string name="oS" value="101BuildingTW"/><string name="l0" value="101Building"/><string name="l1" value="tile"/><string name="l2" value="8"/><int name="x" value="104"/><int name="y" value="-214"/><int name="z" value="9"/><int name="f" value="0"/><int name="zM" value="113"/></imgdir><imgdir name="14"><string name="oS" value="101BuildingTW"/><string name="l0" value="101Building"/><string name="l1" value="tile"/><string name="l2" value="8"/><int name="x" value="-1336"/><int name="y" value="-214"/><int name="z" value="7"/><int name="f" value="0"/><int name="zM" value="112"/></imgdir><imgdir name="29"><string name="oS" value="101BuildingTW"/><string name="l0" value="101Building"/><string name="l1" value="tile"/><string name="l2" value="8"/><int name="x" value="1325"/><int name="y" value="-214"/><int name="z" value="9"/><int name="f" value="0"/><int name="zM" value="107"/></imgdir><imgdir name="30"><string name="oS" value="101BuildingTW"/><string name="l0" value="101Building"/><string name="l1" value="tile"/><string name="l2" value="9"/><int name="x" value="1336"/><int name="y" value="415"/><int name="z" value="9"/><int name="f" value="0"/><int name="zM" value="1"/></imgdir><imgdir name="31"><string name="oS" value="101BuildingTW"/><string name="l0" value="101Building"/><string name="l1" value="tile"/><string name="l2" value="9"/><int name="x" value="1169"/><int name="y" value="415"/><int name="z" value="9"/><int name="f" value="0"/><int name="zM" value="2"/></imgdir><imgdir name="32"><string name="oS" value="101BuildingTW"/><string name="l0" value="101Building"/><string name="l1" value="tile"/><string name="l2" value="9"/><int name="x" value="1002"/><int name="y" value="415"/><int name="z" value="9"/><int name="f" value="0"/><int name="zM" value="3"/></imgdir><imgdir name="33"><string name="oS" value="101BuildingTW"/><string name="l0" value="101Building"/><string name="l1" value="tile"/><string name="l2" value="9"/><int name="x" value="835"/><int name="y" value="415"/><int name="z" value="9"/><int name="f" value="0"/><int name="zM" value="4"/></imgdir><imgdir name="34"><string name="oS" value="101BuildingTW"/><string name="l0" value="101Building"/><string name="l1" value="tile"/><string name="l2" value="9"/><int name="x" value="668"/><int name="y" value="415"/><int name="z" value="9"/><int name="f" value="0"/><int name="zM" value="5"/></imgdir><imgdir name="35"><string name="oS" value="101BuildingTW"/><string name="l0" value="101Building"/><string name="l1" value="tile"/><string name="l2" value="9"/><int name="x" value="501"/><int name="y" value="415"/><int name="z" value="9"/><int name="f" value="0"/><int name="zM" value="6"/></imgdir><imgdir name="36"><string name="oS" value="101BuildingTW"/><string name="l0" value="101Building"/><string name="l1" value="tile"/><string name="l2" value="9"/><int name="x" value="334"/><int name="y" value="415"/><int name="z" value="9"/><int name="f" value="0"/><int name="zM" value="7"/></imgdir><imgdir name="37"><string name="oS" value="101BuildingTW"/><string name="l0" value="101Building"/><string name="l1" value="tile"/><string name="l2" value="9"/><int name="x" value="167"/><int name="y" value="415"/><int name="z" value="9"/><int name="f" value="0"/><int name="zM" value="8"/></imgdir><imgdir name="38"><string name="oS" value="101BuildingTW"/><string name="l0" value="101Building"/><string name="l1" value="tile"/><string name="l2" value="9"/><int name="x" value="0"/><int name="y" value="415"/><int name="z" value="9"/><int name="f" value="0"/><int name="zM" value="9"/></imgdir><imgdir name="39"><string name="oS" value="101BuildingTW"/><string name="l0" value="101Building"/><string name="l1" value="tile"/><string name="l2" value="9"/><int name="x" value="-167"/><int name="y" value="415"/><int name="z" value="9"/><int name="f" value="0"/><int name="zM" value="10"/></imgdir><imgdir name="40"><string name="oS" value="101BuildingTW"/><string name="l0" value="101Building"/><string name="l1" value="tile"/><string name="l2" value="9"/><int name="x" value="-334"/><int name="y" value="415"/><int name="z" value="9"/><int name="f" value="0"/><int name="zM" value="11"/></imgdir><imgdir name="41"><string name="oS" value="101BuildingTW"/><string name="l0" value="101Building"/><string name="l1" value="tile"/><string name="l2" value="9"/><int name="x" value="-501"/><int name="y" value="415"/><int name="z" value="9"/><int name="f" value="0"/><int name="zM" value="12"/></imgdir><imgdir name="42"><string name="oS" value="101BuildingTW"/><string name="l0" value="101Building"/><string name="l1" value="tile"/><string name="l2" value="9"/><int name="x" value="-668"/><int name="y" value="415"/><int name="z" value="9"/><int name="f" value="0"/><int name="zM" value="13"/></imgdir><imgdir name="43"><string name="oS" value="101BuildingTW"/><string name="l0" value="101Building"/><string name="l1" value="tile"/><string name="l2" value="9"/><int name="x" value="-835"/><int name="y" value="415"/><int name="z" value="9"/><int name="f" value="0"/><int name="zM" value="14"/></imgdir><imgdir name="44"><string name="oS" value="101BuildingTW"/><string name="l0" value="101Building"/><string name="l1" value="tile"/><string name="l2" value="9"/><int name="x" value="-1002"/><int name="y" value="415"/><int name="z" value="9"/><int name="f" value="0"/><int name="zM" value="15"/></imgdir><imgdir name="45"><string name="oS" value="101BuildingTW"/><string name="l0" value="101Building"/><string name="l1" value="tile"/><string name="l2" value="9"/><int name="x" value="-1169"/><int name="y" value="415"/><int name="z" value="9"/><int name="f" value="0"/><int name="zM" value="16"/></imgdir><imgdir name="28"><string name="oS" value="101BuildingTW"/><string name="l0" value="101Building"/><string name="l1" value="tile"/><string name="l2" value="9"/><int name="x" value="-1336"/><int name="y" value="415"/><int name="z" value="9"/><int name="f" value="0"/><int name="zM" value="0"/></imgdir><imgdir name="46"><string name="oS" value="101BuildingTW"/><string name="l0" value="101Building"/><string name="l1" value="tile"/><string name="l2" value="9"/><int name="x" value="-1229"/><int name="y" value="-241"/><int name="z" value="9"/><int name="f" value="0"/><int name="zM" value="112"/></imgdir><imgdir name="26"><string name="oS" value="101BuildingTW"/><string name="l0" value="101Building"/><string name="l1" value="tile"/><string name="l2" value="9"/><int name="x" value="-1062"/><int name="y" value="-241"/><int name="z" value="9"/><int name="f" value="0"/><int name="zM" value="111"/></imgdir><imgdir name="0"><string name="oS" value="101BuildingTW"/><string name="l0" value="101Building"/><string name="l1" value="tile"/><string name="l2" value="9"/><int name="x" value="-397"/><int name="y" value="-241"/><int name="z" value="9"/><int name="f" value="0"/><int name="zM" value="115"/></imgdir><imgdir name="47"><string name="oS" value="101BuildingTW"/><string name="l0" value="101Building"/><string name="l1" value="tile"/><string name="l2" value="9"/><int name="x" value="-922"/><int name="y" value="86"/><int name="z" value="9"/><int name="f" value="0"/><int name="zM" value="65"/></imgdir><imgdir name="17"><string name="oS" value="101BuildingTW"/><string name="l0" value="101Building"/><string name="l1" value="tile"/><string name="l2" value="9"/><int name="x" value="-1336"/><int name="y" value="86"/><int name="z" value="9"/><int name="f" value="0"/><int name="zM" value="63"/></imgdir><imgdir name="48"><string name="oS" value="101BuildingTW"/><string name="l0" value="101Building"/><string name="l1" value="tile"/><string name="l2" value="9"/><int name="x" value="-1336"/><int name="y" value="90"/><int name="z" value="10"/><int name="f" value="0"/><int name="zM" value="63"/></imgdir><imgdir name="49"><string name="oS" value="101BuildingTW"/><string name="l0" value="101Building"/><string name="l1" value="hallway1"/><string name="l2" value="7"/><int name="x" value="-691"/><int name="y" value="-45"/><int name="z" value="8"/><int name="f" value="0"/><int name="zM" value="98"/></imgdir><imgdir name="50"><string name="oS" value="101BuildingTW"/><string name="l0" value="101Building"/><string name="l1" value="hallway1"/><string name="l2" value="7"/><int name="x" value="-788"/><int name="y" value="-45"/><int name="z" value="7"/><int name="f" value="0"/><int name="zM" value="98"/></imgdir><imgdir name="51"><string name="oS" value="101BuildingTW"/><string name="l0" value="101Building"/><string name="l1" value="hallway1"/><string name="l2" value="8"/><int name="x" value="-750"/><int name="y" value="-27"/><int name="z" value="9"/><int name="f" value="0"/><int name="zM" value="98"/></imgdir><imgdir name="52"><string name="oS" value="101BuildingTW"/><string name="l0" value="101Building"/><string name="l1" value="hallway1"/><string name="l2" value="8"/><int name="x" value="-848"/><int name="y" value="-27"/><int name="z" value="9"/><int name="f" value="0"/><int name="zM" value="98"/></imgdir><imgdir name="53"><string name="oS" value="101BuildingTW"/><string name="l0" value="101Building"/><string name="l1" value="hallway1"/><string name="l2" value="7"/><int name="x" value="-886"/><int name="y" value="-45"/><int name="z" value="5"/><int name="f" value="0"/><int name="zM" value="98"/></imgdir><imgdir name="54"><string name="oS" value="101BuildingTW"/><string name="l0" value="101Building"/><string name="l1" value="shop8"/><string name="l2" value="59"/><int name="x" value="-801"/><int name="y" value="-69"/><int name="z" value="3"/><int name="f" value="0"/><int name="zM" value="98"/></imgdir><imgdir name="18"><string name="oS" value="101BuildingTW"/><string name="l0" value="101Building"/><string name="l1" value="tile"/><string name="l2" value="9"/><int name="x" value="1006"/><int name="y" value="-241"/><int name="z" value="9"/><int name="f" value="0"/><int name="zM" value="116"/></imgdir><imgdir name="27"><string name="oS" value="101BuildingTW"/><string name="l0" value="101Building"/><string name="l1" value="tile"/><string name="l2" value="9"/><int name="x" value="1173"/><int name="y" value="-241"/><int name="z" value="9"/><int name="f" value="0"/><int name="zM" value="107"/></imgdir><imgdir name="23"><string name="oS" value="101BuildingTW"/><string name="l0" value="101Building"/><string name="l1" value="tile"/><string name="l2" value="8"/><int name="x" value="-940"/><int name="y" value="-214"/><int name="z" value="9"/><int name="f" value="0"/><int name="zM" value="111"/></imgdir><imgdir name="22"><string name="oS" value="101BuildingTW"/><string name="l0" value="101Building"/><string name="l1" value="tile"/><string name="l2" value="8"/><int name="x" value="-773"/><int name="y" value="-214"/><int name="z" value="9"/><int name="f" value="0"/><int name="zM" value="110"/></imgdir><imgdir name="21"><string name="oS" value="101BuildingTW"/><string name="l0" value="101Building"/><string name="l1" value="tile"/><string name="l2" value="9"/><int name="x" value="839"/><int name="y" value="-241"/><int name="z" value="9"/><int name="f" value="0"/><int name="zM" value="118"/></imgdir><imgdir name="24"><string name="oS" value="101BuildingTW"/><string name="l0" value="101Building"/><string name="l1" value="shop8"/><string name="l2" value="62"/><int name="x" value="-738"/><int name="y" value="-69"/><int name="z" value="5"/><int name="f" value="0"/><int name="zM" value="98"/></imgdir><imgdir name="55"><string name="oS" value="101BuildingTW"/><string name="l0" value="101Building"/><string name="l1" value="tile"/><string name="l2" value="8"/><int name="x" value="-63"/><int name="y" value="-214"/><int name="z" value="9"/><int name="f" value="0"/><int name="zM" value="108"/></imgdir><imgdir name="56"><string name="oS" value="101BuildingTW"/><string name="l0" value="101Building"/><string name="l1" value="tile"/><string name="l2" value="8"/><int name="x" value="271"/><int name="y" value="-214"/><int name="z" value="9"/><int name="f" value="0"/><int name="zM" value="109"/></imgdir><imgdir name="3"><string name="oS" value="101BuildingTW"/><string name="l0" value="101Building"/><string name="l1" value="tile"/><string name="l2" value="8"/><int name="x" value="835"/><int name="y" value="113"/><int name="z" value="9"/><int name="f" value="0"/><int name="zM" value="56"/></imgdir><imgdir name="11"><string name="oS" value="101BuildingTW"/><string name="l0" value="101Building"/><string name="l1" value="tile"/><string name="l2" value="9"/><int name="x" value="429"/><int name="y" value="-241"/><int name="z" value="9"/><int name="f" value="0"/><int name="zM" value="109"/></imgdir><imgdir name="12"><string name="oS" value="101BuildingTW"/><string name="l0" value="101Building"/><string name="l1" value="tile"/><string name="l2" value="8"/><int name="x" value="-421"/><int name="y" value="113"/><int name="z" value="9"/><int name="f" value="0"/><int name="zM" value="55"/></imgdir><imgdir name="57"><string name="oS" value="101BuildingTW"/><string name="l0" value="101Building"/><string name="l1" value="tile"/><string name="l2" value="9"/><int name="x" value="-588"/><int name="y" value="86"/><int name="z" value="9"/><int name="f" value="0"/><int name="zM" value="66"/></imgdir><imgdir name="58"><string name="oS" value="101BuildingTW"/><string name="l0" value="101Building"/><string name="l1" value="tile"/><string name="l2" value="9"/><int name="x" value="1836"/><int name="y" value="-242"/><int name="z" value="9"/><int name="f" value="0"/><int name="zM" value="120"/><int name="r" value="0"/></imgdir><imgdir name="59"><string name="oS" value="101BuildingTW"/><string name="l0" value="101Building"/><string name="l1" value="tile"/><string name="l2" value="9"/><int name="x" value="1669"/><int name="y" value="-242"/><int name="z" value="9"/><int name="f" value="0"/><int name="zM" value="119"/><int name="r" value="0"/></imgdir><imgdir name="60"><string name="oS" value="101BuildingTW"/><string name="l0" value="101Building"/><string name="l1" value="tile"/><string name="l2" value="9"/><int name="x" value="1503"/><int name="y" value="415"/><int name="z" value="9"/><int name="f" value="0"/><int name="zM" value="17"/><int name="r" value="0"/></imgdir><imgdir name="61"><string name="oS" value="101BuildingTW"/><string name="l0" value="101Building"/><string name="l1" value="tile"/><string name="l2" value="9"/><int name="x" value="1670"/><int name="y" value="415"/><int name="z" value="9"/><int name="f" value="0"/><int name="zM" value="18"/><int name="r" value="0"/></imgdir><imgdir name="62"><string name="oS" value="101BuildingTW"/><string name="l0" value="101Building"/><string name="l1" value="tile"/><string name="l2" value="9"/><int name="x" value="1837"/><int name="y" value="415"/><int name="z" value="9"/><int name="f" value="0"/><int name="zM" value="19"/><int name="r" value="0"/></imgdir><imgdir name="63"><string name="oS" value="101BuildingTW"/><string name="l0" value="101Building"/><string name="l1" value="tile"/><string name="l2" value="9"/><int name="x" value="1837"/><int name="y" value="86"/><int name="z" value="9"/><int name="f" value="0"/><int name="zM" value="70"/><int name="r" value="0"/></imgdir></imgdir></imgdir><imgdir name="1"><imgdir name="info"></imgdir><imgdir name="tile"></imgdir><imgdir name="obj"><imgdir name="0"><string name="oS" value="101BuildingTW"/><string name="l0" value="101Building"/><string name="l1" value="house3"/><string name="l2" value="0"/><int name="x" value="-450"/><int name="y" value="-117"/><int name="z" value="10"/><int name="f" value="0"/><int name="zM" value="93"/></imgdir><imgdir name="1"><string name="oS" value="101BuildingTW"/><string name="l0" value="101Building"/><string name="l1" value="house0"/><string name="l2" value="0"/><int name="x" value="1531"/><int name="y" value="-120"/><int name="z" value="11"/><int name="f" value="0"/><int name="zM" value="96"/></imgdir><imgdir name="2"><string name="oS" value="101BuildingTW"/><string name="l0" value="101Building"/><string name="l1" value="acc"/><string name="l2" value="1"/><int name="x" value="217"/><int name="y" value="222"/><int name="z" value="7"/><int name="f" value="0"/><int name="zM" value="41"/></imgdir><imgdir name="3"><string name="oS" value="101BuildingTW"/><string name="l0" value="101Building"/><string name="l1" value="ani"/><string name="l2" value="9"/><int name="x" value="226"/><int name="y" value="337"/><int name="z" value="9"/><int name="f" value="0"/><int name="zM" value="41"/></imgdir><imgdir name="4"><string name="oS" value="101BuildingTW"/><string name="l0" value="101Building"/><string name="l1" value="house1"/><string name="l2" value="0"/><int name="x" value="612"/><int name="y" value="-115"/><int name="z" value="1"/><int name="f" value="0"/><int name="zM" value="91"/></imgdir><imgdir name="5"><string name="oS" value="101BuildingTW"/><string name="l0" value="101Building"/><string name="l1" value="house2"/><string name="l2" value="0"/><int name="x" value="1004"/><int name="y" value="-119"/><int name="z" value="9"/><int name="f" value="0"/><int name="zM" value="96"/></imgdir><imgdir name="6"><string name="oS" value="101BuildingTW"/><string name="l0" value="101Building"/><string name="l1" value="house3"/><string name="l2" value="1"/><int name="x" value="-573"/><int name="y" value="-85"/><int name="z" value="11"/><int name="f" value="0"/><int name="zM" value="93"/></imgdir><imgdir name="7"><string name="oS" value="101BuildingTW"/><string name="l0" value="101Building"/><string name="l1" value="ani"/><string name="l2" value="6"/><int name="x" value="-419"/><int name="y" value="-213"/><int name="z" value="9"/><int name="f" value="0"/><int name="zM" value="93"/></imgdir><imgdir name="8"><string name="oS" value="101BuildingTW"/><string name="l0" value="101Building"/><string name="l1" value="ani"/><string name="l2" value="7"/><int name="x" value="-179"/><int name="y" value="-88"/><int name="z" value="12"/><int name="f" value="0"/><int name="zM" value="93"/></imgdir><imgdir name="15"><string name="oS" value="101BuildingTW"/><string name="l0" value="101Building"/><string name="l1" value="house4"/><string name="l2" value="0"/><int name="x" value="-1127"/><int name="y" value="211"/><int name="z" value="4"/><int name="f" value="0"/><int name="zM" value="51"/></imgdir><imgdir name="18"><string name="oS" value="101BuildingTW"/><string name="l0" value="101Building"/><string name="l1" value="house4"/><string name="l2" value="1"/><int name="x" value="-1112"/><int name="y" value="235"/><int name="z" value="2"/><int name="f" value="0"/><int name="zM" value="51"/></imgdir><imgdir name="19"><string name="oS" value="101BuildingTW"/><string name="l0" value="101Building"/><string name="l1" value="ani"/><string name="l2" value="8"/><int name="x" value="-620"/><int name="y" value="196"/><int name="z" value="8"/><int name="f" value="0"/><int name="zM" value="51"/></imgdir><imgdir name="14"><string name="oS" value="101BuildingTW"/><string name="l0" value="101Building"/><string name="l1" value="shop0"/><string name="l2" value="0"/><int name="x" value="-1274"/><int name="y" value="-124"/><int name="z" value="11"/><int name="f" value="0"/><int name="zM" value="103"/></imgdir><imgdir name="13"><string name="oS" value="101BuildingTW"/><string name="l0" value="101Building"/><string name="l1" value="shop0"/><string name="l2" value="1"/><int name="x" value="-1135"/><int name="y" value="-217"/><int name="z" value="11"/><int name="f" value="0"/><int name="zM" value="114"/></imgdir><imgdir name="12"><string name="oS" value="101BuildingTW"/><string name="l0" value="101Building"/><string name="l1" value="shop0"/><string name="l2" value="2"/><int name="x" value="-1134"/><int name="y" value="-215"/><int name="z" value="9"/><int name="f" value="0"/><int name="zM" value="114"/></imgdir><imgdir name="16"><string name="oS" value="101BuildingTW"/><string name="l0" value="101Building"/><string name="l1" value="house4"/><string name="l2" value="1"/><int name="x" value="-710"/><int name="y" value="242"/><int name="z" value="7"/><int name="f" value="0"/><int name="zM" value="51"/></imgdir><imgdir name="25"><string name="oS" value="101BuildingTW"/><string name="l0" value="101Building"/><string name="l1" value="house4"/><string name="l2" value="0"/><int name="x" value="-742"/><int name="y" value="211"/><int name="z" value="10"/><int name="f" value="0"/><int name="zM" value="51"/></imgdir><imgdir name="24"><string name="oS" value="101BuildingTW"/><string name="l0" value="101Building"/><string name="l1" value="shop0"/><string name="l2" value="11"/><int name="x" value="-1131"/><int name="y" value="-79"/><int name="z" value="1"/><int name="f" value="0"/><int name="zM" value="92"/></imgdir><imgdir name="26"><string name="oS" value="101BuildingTW"/><string name="l0" value="101Building"/><string name="l1" value="shop0"/><string name="l2" value="10"/><int name="x" value="-1296"/><int name="y" value="-67"/><int name="z" value="2"/><int name="f" value="0"/><int name="zM" value="92"/></imgdir><imgdir name="27"><string name="oS" value="101BuildingTW"/><string name="l0" value="101Building"/><string name="l1" value="shop0"/><string name="l2" value="9"/><int name="x" value="-1155"/><int name="y" value="-93"/><int name="z" value="2"/><int name="f" value="0"/><int name="zM" value="92"/></imgdir><imgdir name="10"><string name="oS" value="101BuildingTW"/><string name="l0" value="101Building"/><string name="l1" value="shop0"/><string name="l2" value="7"/><int name="x" value="-956"/><int name="y" value="-94"/><int name="z" value="2"/><int name="f" value="0"/><int name="zM" value="92"/></imgdir><imgdir name="11"><string name="oS" value="101BuildingTW"/><string name="l0" value="101Building"/><string name="l1" value="shop0"/><string name="l2" value="6"/><int name="x" value="-960"/><int name="y" value="-118"/><int name="z" value="4"/><int name="f" value="0"/><int name="zM" value="92"/></imgdir><imgdir name="9"><string name="oS" value="101BuildingTW"/><string name="l0" value="101Building"/><string name="l1" value="acc"/><string name="l2" value="6"/><int name="x" value="301"/><int name="y" value="281"/><int name="z" value="4"/><int name="f" value="0"/><int name="zM" value="41"/></imgdir><imgdir name="23"><string name="oS" value="101BuildingTW"/><string name="l0" value="101Building"/><string name="l1" value="acc"/><string name="l2" value="7"/><int name="x" value="134"/><int name="y" value="280"/><int name="z" value="4"/><int name="f" value="0"/><int name="zM" value="41"/></imgdir><imgdir name="22"><string name="oS" value="101BuildingTW"/><string name="l0" value="101Building"/><string name="l1" value="shop0"/><string name="l2" value="4"/><int name="x" value="-1134"/><int name="y" value="-117"/><int name="z" value="5"/><int name="f" value="0"/><int name="zM" value="92"/></imgdir><imgdir name="21"><string name="oS" value="101BuildingTW"/><string name="l0" value="101Building"/><string name="l1" value="shop0"/><string name="l2" value="3"/><int name="x" value="-1138"/><int name="y" value="-194"/><int name="z" value="7"/><int name="f" value="0"/><int name="zM" value="92"/></imgdir><imgdir name="17"><string name="oS" value="101BuildingTW"/><string name="l0" value="101Building"/><string name="l1" value="shop0"/><string name="l2" value="5"/><int name="x" value="-1310"/><int name="y" value="-115"/><int name="z" value="4"/><int name="f" value="0"/><int name="zM" value="103"/></imgdir><imgdir name="20"><string name="oS" value="101BuildingTW"/><string name="l0" value="101Building"/><string name="l1" value="shop0"/><string name="l2" value="8"/><int name="x" value="-1159"/><int name="y" value="-67"/><int name="z" value="4"/><int name="f" value="0"/><int name="zM" value="97"/></imgdir><imgdir name="28"><string name="oS" value="101BuildingTW"/><string name="l0" value="101Building"/><string name="l1" value="shop5"/><string name="l2" value="1"/><int name="x" value="-112"/><int name="y" value="-446"/><int name="z" value="10"/><int name="f" value="0"/><int name="zM" value="142"/></imgdir><imgdir name="29"><string name="oS" value="101BuildingTW"/><string name="l0" value="101Building"/><string name="l1" value="shop5"/><string name="l2" value="2"/><int name="x" value="1507"/><int name="y" value="-449"/><int name="z" value="7"/><int name="f" value="0"/><int name="zM" value="143"/></imgdir><imgdir name="30"><string name="oS" value="101BuildingTW"/><string name="l0" value="101Building"/><string name="l1" value="shop4"/><string name="l2" value="4"/><int name="x" value="976"/><int name="y" value="-440"/><int name="z" value="9"/><int name="f" value="0"/><int name="zM" value="141"/></imgdir><imgdir name="31"><string name="oS" value="101BuildingTW"/><string name="l0" value="101Building"/><string name="l1" value="shop4"/><string name="l2" value="2"/><int name="x" value="-1062"/><int name="y" value="-445"/><int name="z" value="5"/><int name="f" value="0"/><int name="zM" value="144"/></imgdir><imgdir name="32"><string name="oS" value="101BuildingTW"/><string name="l0" value="101Building"/><string name="l1" value="shop5"/><string name="l2" value="6"/><int name="x" value="-567"/><int name="y" value="-448"/><int name="z" value="9"/><int name="f" value="0"/><int name="zM" value="142"/></imgdir><imgdir name="33"><string name="oS" value="101BuildingTW"/><string name="l0" value="101Building"/><string name="l1" value="ani"/><string name="l2" value="13"/><int name="x" value="-686"/><int name="y" value="-548"/><int name="z" value="9"/><int name="f" value="0"/><int name="zM" value="142"/></imgdir><imgdir name="34"><string name="oS" value="101BuildingTW"/><string name="l0" value="101Building"/><string name="l1" value="shop9"/><string name="l2" value="0"/><int name="x" value="1112"/><int name="y" value="210"/><int name="z" value="7"/><int name="f" value="0"/><int name="zM" value="50"/><int name="r" value="0"/></imgdir><imgdir name="35"><string name="oS" value="101BuildingTW"/><string name="l0" value="101Building"/><string name="l1" value="ani"/><string name="l2" value="17"/><int name="x" value="1198"/><int name="y" value="234"/><int name="z" value="5"/><int name="f" value="0"/><int name="zM" value="50"/><int name="r" value="0"/></imgdir><imgdir name="36"><string name="oS" value="101BuildingTW"/><string name="l0" value="101Building"/><string name="l1" value="ani"/><string name="l2" value="18"/><int name="x" value="984"/><int name="y" value="197"/><int name="z" value="9"/><int name="f" value="0"/><int name="zM" value="50"/><int name="r" value="0"/></imgdir><imgdir name="37"><string name="oS" value="101BuildingTW"/><string name="l0" value="101Building"/><string name="l1" value="ani"/><string name="l2" value="19"/><int name="x" value="1205"/><int name="y" value="322"/><int name="z" value="9"/><int name="f" value="0"/><int name="zM" value="50"/><int name="r" value="0"/></imgdir><imgdir name="38"><string name="oS" value="101BuildingTW"/><string name="l0" value="101Building"/><string name="l1" value="shop10"/><string name="l2" value="0"/><int name="x" value="776"/><int name="y" value="212"/><int name="z" value="5"/><int name="f" value="0"/><int name="zM" value="50"/><int name="r" value="0"/></imgdir></imgdir></imgdir><imgdir name="2"><imgdir name="info"></imgdir><imgdir name="tile"></imgdir><imgdir name="obj"><imgdir name="0"><string name="oS" value="101BuildingTW"/><string name="l0" value="101Building"/><string name="l1" value="acc"/><string name="l2" value="2"/><int name="x" value="248"/><int name="y" value="2"/><int name="z" value="9"/><int name="f" value="0"/><int name="zM" value="99"/></imgdir><imgdir name="1"><string name="oS" value="101BuildingTW"/><string name="l0" value="101Building"/><string name="l1" value="acc"/><string name="l2" value="10"/><int name="x" value="342"/><int name="y" value="-50"/><int name="z" value="9"/><int name="f" value="0"/><int name="zM" value="100"/></imgdir><imgdir name="2"><string name="oS" value="101BuildingTW"/><string name="l0" value="101Building"/><string name="l1" value="acc"/><string name="l2" value="11"/><int name="x" value="-75"/><int name="y" value="-50"/><int name="z" value="9"/><int name="f" value="0"/><int name="zM" value="101"/></imgdir><imgdir name="3"><string name="oS" value="101BuildingTW"/><string name="l0" value="101Building"/><string name="l1" value="acc"/><string name="l2" value="8"/><int name="x" value="-928"/><int name="y" value="-50"/><int name="z" value="9"/><int name="f" value="0"/><int name="zM" value="94"/></imgdir><imgdir name="4"><string name="oS" value="101BuildingTW"/><string name="l0" value="101Building"/><string name="l1" value="acc"/><string name="l2" value="9"/><int name="x" value="-680"/><int name="y" value="277"/><int name="z" value="9"/><int name="f" value="0"/><int name="zM" value="49"/></imgdir><imgdir name="5"><string name="oS" value="101BuildingTW"/><string name="l0" value="101Building"/><string name="l1" value="ani"/><string name="l2" value="0"/><int name="x" value="1666"/><int name="y" value="-155"/><int name="z" value="9"/><int name="f" value="0"/><int name="zM" value="106"/></imgdir><imgdir name="6"><string name="oS" value="101BuildingTW"/><string name="l0" value="101Building"/><string name="l1" value="acc"/><string name="l2" value="3"/><int name="x" value="21"/><int name="y" value="1"/><int name="z" value="9"/><int name="f" value="0"/><int name="zM" value="102"/></imgdir><imgdir name="7"><string name="oS" value="signboard"/><string name="l0" value="market"/><string name="l1" value="potal0"/><string name="l2" value="1"/><int name="x" value="748"/><int name="y" value="271"/><int name="z" value="7"/><int name="f" value="0"/><int name="zM" value="40"/><int name="r" value="0"/></imgdir><imgdir name="8"><string name="oS" value="signboard"/><string name="l0" value="market"/><string name="l1" value="potal0"/><string name="l2" value="0"/><int name="x" value="746"/><int name="y" value="271"/><int name="z" value="9"/><int name="f" value="0"/><int name="zM" value="40"/><int name="r" value="0"/></imgdir></imgdir></imgdir><imgdir name="3"><imgdir name="info"></imgdir><imgdir name="tile"></imgdir><imgdir name="obj"><imgdir name="0"><string name="oS" value="101BuildingTW"/><string name="l0" value="101Building"/><string name="l1" value="ani"/><string name="l2" value="1"/><int name="x" value="-1076"/><int name="y" value="183"/><int name="z" value="7"/><int name="f" value="0"/><int name="zM" value="42"/></imgdir><imgdir name="1"><string name="oS" value="101BuildingTW"/><string name="l0" value="101Building"/><string name="l1" value="ani"/><string name="l2" value="2"/><int name="x" value="-933"/><int name="y" value="184"/><int name="z" value="3"/><int name="f" value="0"/><int name="zM" value="42"/></imgdir><imgdir name="2"><string name="oS" value="101BuildingTW"/><string name="l0" value="101Building"/><string name="l1" value="escalator"/><string name="l2" value="1"/><int name="x" value="-857"/><int name="y" value="140"/><int name="z" value="1"/><int name="f" value="0"/><int name="zM" value="42"/></imgdir><imgdir name="3"><string name="oS" value="101BuildingTW"/><string name="l0" value="101Building"/><string name="l1" value="escalator"/><string name="l2" value="1"/><int name="x" value="-1009"/><int name="y" value="140"/><int name="z" value="5"/><int name="f" value="0"/><int name="zM" value="42"/></imgdir><imgdir name="4"><string name="oS" value="101BuildingTW"/><string name="l0" value="101Building"/><string name="l1" value="escalator"/><string name="l2" value="0"/><int name="x" value="-1162"/><int name="y" value="140"/><int name="z" value="9"/><int name="f" value="0"/><int name="zM" value="42"/></imgdir><imgdir name="5"><string name="oS" value="101BuildingTW"/><string name="l0" value="101Building"/><string name="l1" value="escalator"/><string name="l2" value="2"/><int name="x" value="1664"/><int name="y" value="140"/><int name="z" value="9"/><int name="f" value="0"/><int name="zM" value="46"/><int name="r" value="0"/></imgdir><imgdir name="6"><string name="oS" value="101BuildingTW"/><string name="l0" value="101Building"/><string name="l1" value="escalator"/><string name="l2" value="3"/><int name="x" value="1359"/><int name="y" value="140"/><int name="z" value="5"/><int name="f" value="0"/><int name="zM" value="46"/><int name="r" value="0"/></imgdir><imgdir name="8"><string name="oS" value="101BuildingTW"/><string name="l0" value="101Building"/><string name="l1" value="escalator"/><string name="l2" value="3"/><int name="x" value="1514"/><int name="y" value="140"/><int name="z" value="7"/><int name="f" value="0"/><int name="zM" value="46"/><int name="r" value="0"/></imgdir><imgdir name="9"><string name="oS" value="101BuildingTW"/><string name="l0" value="101Building"/><string name="l1" value="ani"/><string name="l2" value="3"/><int name="x" value="1435"/><int name="y" value="173"/><int name="z" value="6"/><int name="f" value="0"/><int name="zM" value="46"/><int name="r" value="0"/></imgdir><imgdir name="7"><string name="oS" value="101BuildingTW"/><string name="l0" value="101Building"/><string name="l1" value="ani"/><string name="l2" value="4"/><int name="x" value="1598"/><int name="y" value="173"/><int name="z" value="8"/><int name="f" value="0"/><int name="zM" value="46"/><int name="r" value="0"/></imgdir></imgdir></imgdir><imgdir name="4"><imgdir name="info"></imgdir><imgdir name="tile"></imgdir><imgdir name="obj"><imgdir name="3"><string name="oS" value="101BuildingTW"/><string name="l0" value="101Building"/><string name="l1" value="acc"/><string name="l2" value="6"/><int name="x" value="442"/><int name="y" value="277"/><int name="z" value="9"/><int name="f" value="0"/><int name="zM" value="44"/></imgdir><imgdir name="0"><string name="oS" value="101BuildingTW"/><string name="l0" value="101Building"/><string name="l1" value="acc"/><string name="l2" value="7"/><int name="x" value="-8"/><int name="y" value="277"/><int name="z" value="9"/><int name="f" value="0"/><int name="zM" value="43"/></imgdir><imgdir name="5"><string name="oS" value="101BuildingTW"/><string name="l0" value="101Building"/><string name="l1" value="acc"/><string name="l2" value="9"/><int name="x" value="-1120"/><int name="y" value="277"/><int name="z" value="9"/><int name="f" value="0"/><int name="zM" value="48"/></imgdir><imgdir name="10"><string name="oS" value="101BuildingTW"/><string name="l0" value="101Building"/><string name="l1" value="acc"/><string name="l2" value="9"/><int name="x" value="-1350"/><int name="y" value="-52"/><int name="z" value="9"/><int name="f" value="0"/><int name="zM" value="95"/></imgdir><imgdir name="11"><string name="oS" value="101BuildingTW"/><string name="l0" value="101Building"/><string name="l1" value="shop5"/><string name="l2" value="8"/><int name="x" value="1791"/><int name="y" value="294"/><int name="z" value="8"/><int name="f" value="0"/><int name="zM" value="52"/></imgdir><imgdir name="1"><string name="oS" value="101BuildingTW"/><string name="l0" value="101Building"/><string name="l1" value="acc"/><string name="l2" value="7"/><int name="x" value="-145"/><int name="y" value="274"/><int name="z" value="9"/><int name="f" value="0"/><int name="zM" value="47"/></imgdir><imgdir name="2"><string name="oS" value="101BuildingTW"/><string name="l0" value="101Building"/><string name="l1" value="acc"/><string name="l2" value="6"/><int name="x" value="587"/><int name="y" value="276"/><int name="z" value="9"/><int name="f" value="0"/><int name="zM" value="45"/></imgdir><imgdir name="4"><string name="oS" value="101BuildingTW"/><string name="l0" value="101Building"/><string name="l1" value="acc"/><string name="l2" value="2"/><int name="x" value="371"/><int name="y" value="330"/><int name="z" value="9"/><int name="f" value="0"/><int name="zM" value="44"/></imgdir><imgdir name="9"><string name="oS" value="101BuildingTW"/><string name="l0" value="101Building"/><string name="l1" value="acc"/><string name="l2" value="3"/><int name="x" value="65"/><int name="y" value="330"/><int name="z" value="9"/><int name="f" value="0"/><int name="zM" value="43"/></imgdir><imgdir name="13"><string name="oS" value="guide"/><string name="l0" value="common"/><string name="l1" value="tour"/><string name="l2" value="0"/><int name="x" value="-153"/><int name="y" value="242"/><int name="z" value="11"/><int name="f" value="0"/><int name="zM" value="43"/><int name="r" value="0"/></imgdir><imgdir name="12"><string name="oS" value="signboard"/><string name="l0" value="market"/><string name="l1" value="arrow"/><string name="l2" value="1"/><int name="x" value="-1010"/><int name="y" value="-48"/><int name="z" value="9"/><int name="f" value="0"/><int name="zM" value="105"/></imgdir><imgdir name="8"><string name="oS" value="signboard"/><string name="l0" value="market"/><string name="l1" value="arrow"/><string name="l2" value="1"/><int name="x" value="1684"/><int name="y" value="-48"/><int name="z" value="9"/><int name="f" value="0"/><int name="zM" value="104"/><int name="r" value="0"/></imgdir><imgdir name="7"><string name="oS" value="signboard"/><string name="l0" value="market"/><string name="l1" value="arrow"/><string name="l2" value="0"/><int name="x" value="1202"/><int name="y" value="306"/><int name="z" value="9"/><int name="f" value="0"/><int name="zM" value="53"/><int name="r" value="0"/></imgdir><imgdir name="14"><string name="oS" value="101BuildingTW"/><string name="l0" value="101Building"/><string name="l1" value="shop5"/><string name="l2" value="8"/><int name="x" value="1721"/><int name="y" value="294"/><int name="z" value="6"/><int name="f" value="0"/><int name="zM" value="52"/><int name="r" value="0"/></imgdir><imgdir name="6"><string name="oS" value="signboard"/><string name="l0" value="market"/><string name="l1" value="arrow"/><string name="l2" value="0"/><int name="x" value="-843"/><int name="y" value="306"/><int name="z" value="9"/><int name="f" value="0"/><int name="zM" value="54"/></imgdir></imgdir></imgdir><imgdir name="5"><imgdir name="info"></imgdir><imgdir name="tile"></imgdir><imgdir name="obj"><imgdir name="0"><string name="oS" value="101BuildingTW"/><string name="l0" value="101Building"/><string name="l1" value="tile"/><string name="l2" value="3"/><int name="x" value="1837"/><int name="y" value="44"/><int name="z" value="9"/><int name="f" value="0"/><int name="zM" value="84"/></imgdir><imgdir name="1"><string name="oS" value="101BuildingTW"/><string name="l0" value="101Building"/><string name="l1" value="tile"/><string name="l2" value="1"/><int name="x" value="1169"/><int name="y" value="43"/><int name="z" value="9"/><int name="f" value="0"/><int name="zM" value="75"/></imgdir><imgdir name="2"><string name="oS" value="101BuildingTW"/><string name="l0" value="101Building"/><string name="l1" value="tile"/><string name="l2" value="2"/><int name="x" value="1002"/><int name="y" value="36"/><int name="z" value="9"/><int name="f" value="0"/><int name="zM" value="80"/></imgdir><imgdir name="3"><string name="oS" value="101BuildingTW"/><string name="l0" value="101Building"/><string name="l1" value="tile"/><string name="l2" value="1"/><int name="x" value="835"/><int name="y" value="43"/><int name="z" value="9"/><int name="f" value="0"/><int name="zM" value="76"/></imgdir><imgdir name="4"><string name="oS" value="101BuildingTW"/><string name="l0" value="101Building"/><string name="l1" value="tile"/><string name="l2" value="2"/><int name="x" value="668"/><int name="y" value="36"/><int name="z" value="9"/><int name="f" value="0"/><int name="zM" value="88"/></imgdir><imgdir name="5"><string name="oS" value="101BuildingTW"/><string name="l0" value="101Building"/><string name="l1" value="tile"/><string name="l2" value="1"/><int name="x" value="501"/><int name="y" value="43"/><int name="z" value="9"/><int name="f" value="0"/><int name="zM" value="78"/></imgdir><imgdir name="6"><string name="oS" value="101BuildingTW"/><string name="l0" value="101Building"/><string name="l1" value="tile"/><string name="l2" value="2"/><int name="x" value="334"/><int name="y" value="36"/><int name="z" value="9"/><int name="f" value="0"/><int name="zM" value="82"/></imgdir><imgdir name="7"><string name="oS" value="101BuildingTW"/><string name="l0" value="101Building"/><string name="l1" value="tile"/><string name="l2" value="1"/><int name="x" value="167"/><int name="y" value="43"/><int name="z" value="9"/><int name="f" value="0"/><int name="zM" value="79"/></imgdir><imgdir name="8"><string name="oS" value="101BuildingTW"/><string name="l0" value="101Building"/><string name="l1" value="tile"/><string name="l2" value="2"/><int name="x" value="0"/><int name="y" value="36"/><int name="z" value="9"/><int name="f" value="0"/><int name="zM" value="87"/></imgdir><imgdir name="9"><string name="oS" value="101BuildingTW"/><string name="l0" value="101Building"/><string name="l1" value="tile"/><string name="l2" value="1"/><int name="x" value="-167"/><int name="y" value="43"/><int name="z" value="9"/><int name="f" value="0"/><int name="zM" value="71"/></imgdir><imgdir name="10"><string name="oS" value="101BuildingTW"/><string name="l0" value="101Building"/><string name="l1" value="tile"/><string name="l2" value="2"/><int name="x" value="-334"/><int name="y" value="36"/><int name="z" value="9"/><int name="f" value="0"/><int name="zM" value="90"/></imgdir><imgdir name="11"><string name="oS" value="101BuildingTW"/><string name="l0" value="101Building"/><string name="l1" value="tile"/><string name="l2" value="1"/><int name="x" value="-501"/><int name="y" value="43"/><int name="z" value="9"/><int name="f" value="0"/><int name="zM" value="72"/></imgdir><imgdir name="12"><string name="oS" value="101BuildingTW"/><string name="l0" value="101Building"/><string name="l1" value="tile"/><string name="l2" value="2"/><int name="x" value="-668"/><int name="y" value="36"/><int name="z" value="9"/><int name="f" value="0"/><int name="zM" value="81"/></imgdir><imgdir name="13"><string name="oS" value="101BuildingTW"/><string name="l0" value="101Building"/><string name="l1" value="tile"/><string name="l2" value="1"/><int name="x" value="-835"/><int name="y" value="43"/><int name="z" value="9"/><int name="f" value="0"/><int name="zM" value="73"/></imgdir><imgdir name="14"><string name="oS" value="101BuildingTW"/><string name="l0" value="101Building"/><string name="l1" value="tile"/><string name="l2" value="2"/><int name="x" value="-1002"/><int name="y" value="36"/><int name="z" value="9"/><int name="f" value="0"/><int name="zM" value="83"/></imgdir><imgdir name="15"><string name="oS" value="101BuildingTW"/><string name="l0" value="101Building"/><string name="l1" value="tile"/><string name="l2" value="1"/><int name="x" value="-1169"/><int name="y" value="43"/><int name="z" value="9"/><int name="f" value="0"/><int name="zM" value="74"/></imgdir><imgdir name="16"><string name="oS" value="101BuildingTW"/><string name="l0" value="101Building"/><string name="l1" value="tile"/><string name="l2" value="3"/><int name="x" value="-1336"/><int name="y" value="44"/><int name="z" value="9"/><int name="f" value="0"/><int name="zM" value="86"/></imgdir><imgdir name="17"><string name="oS" value="101BuildingTW"/><string name="l0" value="101Building"/><string name="l1" value="tile"/><string name="l2" value="1"/><int name="x" value="-501"/><int name="y" value="372"/><int name="z" value="9"/><int name="f" value="0"/><int name="zM" value="20"/></imgdir><imgdir name="18"><string name="oS" value="101BuildingTW"/><string name="l0" value="101Building"/><string name="l1" value="tile"/><string name="l2" value="2"/><int name="x" value="-334"/><int name="y" value="365"/><int name="z" value="9"/><int name="f" value="0"/><int name="zM" value="38"/></imgdir><imgdir name="19"><string name="oS" value="101BuildingTW"/><string name="l0" value="101Building"/><string name="l1" value="tile"/><string name="l2" value="1"/><int name="x" value="-167"/><int name="y" value="372"/><int name="z" value="9"/><int name="f" value="0"/><int name="zM" value="21"/></imgdir><imgdir name="20"><string name="oS" value="101BuildingTW"/><string name="l0" value="101Building"/><string name="l1" value="tile"/><string name="l2" value="2"/><int name="x" value="0"/><int name="y" value="365"/><int name="z" value="9"/><int name="f" value="0"/><int name="zM" value="33"/></imgdir><imgdir name="21"><string name="oS" value="101BuildingTW"/><string name="l0" value="101Building"/><string name="l1" value="tile"/><string name="l2" value="1"/><int name="x" value="167"/><int name="y" value="372"/><int name="z" value="9"/><int name="f" value="0"/><int name="zM" value="22"/></imgdir><imgdir name="22"><string name="oS" value="101BuildingTW"/><string name="l0" value="101Building"/><string name="l1" value="tile"/><string name="l2" value="2"/><int name="x" value="334"/><int name="y" value="365"/><int name="z" value="9"/><int name="f" value="0"/><int name="zM" value="30"/></imgdir><imgdir name="23"><string name="oS" value="101BuildingTW"/><string name="l0" value="101Building"/><string name="l1" value="tile"/><string name="l2" value="1"/><int name="x" value="501"/><int name="y" value="372"/><int name="z" value="9"/><int name="f" value="0"/><int name="zM" value="23"/></imgdir><imgdir name="24"><string name="oS" value="101BuildingTW"/><string name="l0" value="101Building"/><string name="l1" value="tile"/><string name="l2" value="2"/><int name="x" value="668"/><int name="y" value="365"/><int name="z" value="9"/><int name="f" value="0"/><int name="zM" value="35"/></imgdir><imgdir name="25"><string name="oS" value="101BuildingTW"/><string name="l0" value="101Building"/><string name="l1" value="tile"/><string name="l2" value="1"/><int name="x" value="835"/><int name="y" value="372"/><int name="z" value="9"/><int name="f" value="0"/><int name="zM" value="24"/></imgdir><imgdir name="26"><string name="oS" value="101BuildingTW"/><string name="l0" value="101Building"/><string name="l1" value="tile"/><string name="l2" value="2"/><int name="x" value="1002"/><int name="y" value="365"/><int name="z" value="9"/><int name="f" value="0"/><int name="zM" value="29"/></imgdir><imgdir name="27"><string name="oS" value="101BuildingTW"/><string name="l0" value="101Building"/><string name="l1" value="tile"/><string name="l2" value="1"/><int name="x" value="1169"/><int name="y" value="372"/><int name="z" value="9"/><int name="f" value="0"/><int name="zM" value="25"/></imgdir><imgdir name="28"><string name="oS" value="101BuildingTW"/><string name="l0" value="101Building"/><string name="l1" value="tile"/><string name="l2" value="3"/><int name="x" value="1837"/><int name="y" value="373"/><int name="z" value="9"/><int name="f" value="0"/><int name="zM" value="31"/></imgdir><imgdir name="29"><string name="oS" value="101BuildingTW"/><string name="l0" value="101Building"/><string name="l1" value="tile"/><string name="l2" value="2"/><int name="x" value="-668"/><int name="y" value="365"/><int name="z" value="9"/><int name="f" value="0"/><int name="zM" value="32"/></imgdir><imgdir name="30"><string name="oS" value="101BuildingTW"/><string name="l0" value="101Building"/><string name="l1" value="tile"/><string name="l2" value="1"/><int name="x" value="-835"/><int name="y" value="372"/><int name="z" value="9"/><int name="f" value="0"/><int name="zM" value="26"/></imgdir><imgdir name="31"><string name="oS" value="101BuildingTW"/><string name="l0" value="101Building"/><string name="l1" value="tile"/><string name="l2" value="2"/><int name="x" value="-1002"/><int name="y" value="365"/><int name="z" value="9"/><int name="f" value="0"/><int name="zM" value="34"/></imgdir><imgdir name="32"><string name="oS" value="101BuildingTW"/><string name="l0" value="101Building"/><string name="l1" value="tile"/><string name="l2" value="1"/><int name="x" value="-1169"/><int name="y" value="372"/><int name="z" value="9"/><int name="f" value="0"/><int name="zM" value="27"/></imgdir><imgdir name="33"><string name="oS" value="101BuildingTW"/><string name="l0" value="101Building"/><string name="l1" value="tile"/><string name="l2" value="3"/><int name="x" value="-1336"/><int name="y" value="373"/><int name="z" value="9"/><int name="f" value="0"/><int name="zM" value="36"/></imgdir><imgdir name="34"><string name="oS" value="101BuildingTW"/><string name="l0" value="101Building"/><string name="l1" value="tile"/><string name="l2" value="3"/><int name="x" value="1837"/><int name="y" value="-283"/><int name="z" value="9"/><int name="f" value="0"/><int name="zM" value="130"/></imgdir><imgdir name="35"><string name="oS" value="101BuildingTW"/><string name="l0" value="101Building"/><string name="l1" value="tile"/><string name="l2" value="1"/><int name="x" value="1169"/><int name="y" value="-284"/><int name="z" value="9"/><int name="f" value="0"/><int name="zM" value="123"/></imgdir><imgdir name="36"><string name="oS" value="101BuildingTW"/><string name="l0" value="101Building"/><string name="l1" value="tile"/><string name="l2" value="2"/><int name="x" value="1002"/><int name="y" value="-291"/><int name="z" value="9"/><int name="f" value="0"/><int name="zM" value="135"/></imgdir><imgdir name="37"><string name="oS" value="101BuildingTW"/><string name="l0" value="101Building"/><string name="l1" value="tile"/><string name="l2" value="1"/><int name="x" value="835"/><int name="y" value="-284"/><int name="z" value="9"/><int name="f" value="0"/><int name="zM" value="124"/></imgdir><imgdir name="38"><string name="oS" value="101BuildingTW"/><string name="l0" value="101Building"/><string name="l1" value="tile"/><string name="l2" value="2"/><int name="x" value="668"/><int name="y" value="-291"/><int name="z" value="9"/><int name="f" value="0"/><int name="zM" value="133"/></imgdir><imgdir name="39"><string name="oS" value="101BuildingTW"/><string name="l0" value="101Building"/><string name="l1" value="tile"/><string name="l2" value="1"/><int name="x" value="501"/><int name="y" value="-284"/><int name="z" value="9"/><int name="f" value="0"/><int name="zM" value="125"/></imgdir><imgdir name="40"><string name="oS" value="101BuildingTW"/><string name="l0" value="101Building"/><string name="l1" value="tile"/><string name="l2" value="2"/><int name="x" value="334"/><int name="y" value="-291"/><int name="z" value="9"/><int name="f" value="0"/><int name="zM" value="137"/></imgdir><imgdir name="41"><string name="oS" value="101BuildingTW"/><string name="l0" value="101Building"/><string name="l1" value="tile"/><string name="l2" value="1"/><int name="x" value="167"/><int name="y" value="-284"/><int name="z" value="9"/><int name="f" value="0"/><int name="zM" value="126"/></imgdir><imgdir name="42"><string name="oS" value="101BuildingTW"/><string name="l0" value="101Building"/><string name="l1" value="tile"/><string name="l2" value="2"/><int name="x" value="0"/><int name="y" value="-291"/><int name="z" value="9"/><int name="f" value="0"/><int name="zM" value="132"/></imgdir><imgdir name="43"><string name="oS" value="101BuildingTW"/><string name="l0" value="101Building"/><string name="l1" value="tile"/><string name="l2" value="1"/><int name="x" value="-167"/><int name="y" value="-284"/><int name="z" value="9"/><int name="f" value="0"/><int name="zM" value="127"/></imgdir><imgdir name="44"><string name="oS" value="101BuildingTW"/><string name="l0" value="101Building"/><string name="l1" value="tile"/><string name="l2" value="2"/><int name="x" value="-334"/><int name="y" value="-291"/><int name="z" value="9"/><int name="f" value="0"/><int name="zM" value="134"/></imgdir><imgdir name="45"><string name="oS" value="101BuildingTW"/><string name="l0" value="101Building"/><string name="l1" value="tile"/><string name="l2" value="1"/><int name="x" value="-501"/><int name="y" value="-284"/><int name="z" value="9"/><int name="f" value="0"/><int name="zM" value="128"/></imgdir><imgdir name="46"><string name="oS" value="101BuildingTW"/><string name="l0" value="101Building"/><string name="l1" value="tile"/><string name="l2" value="2"/><int name="x" value="-668"/><int name="y" value="-291"/><int name="z" value="9"/><int name="f" value="0"/><int name="zM" value="136"/></imgdir><imgdir name="47"><string name="oS" value="101BuildingTW"/><string name="l0" value="101Building"/><string name="l1" value="tile"/><string name="l2" value="1"/><int name="x" value="-835"/><int name="y" value="-284"/><int name="z" value="9"/><int name="f" value="0"/><int name="zM" value="121"/></imgdir><imgdir name="48"><string name="oS" value="101BuildingTW"/><string name="l0" value="101Building"/><string name="l1" value="tile"/><string name="l2" value="2"/><int name="x" value="-1002"/><int name="y" value="-291"/><int name="z" value="9"/><int name="f" value="0"/><int name="zM" value="139"/></imgdir><imgdir name="49"><string name="oS" value="101BuildingTW"/><string name="l0" value="101Building"/><string name="l1" value="tile"/><string name="l2" value="1"/><int name="x" value="-1169"/><int name="y" value="-284"/><int name="z" value="9"/><int name="f" value="0"/><int name="zM" value="122"/></imgdir><imgdir name="50"><string name="oS" value="101BuildingTW"/><string name="l0" value="101Building"/><string name="l1" value="tile"/><string name="l2" value="3"/><int name="x" value="-1336"/><int name="y" value="-283"/><int name="z" value="9"/><int name="f" value="0"/><int name="zM" value="131"/></imgdir><imgdir name="51"><string name="oS" value="101BuildingTW"/><string name="l0" value="101Building"/><string name="l1" value="tile"/><string name="l2" value="2"/><int name="x" value="1336"/><int name="y" value="36"/><int name="z" value="9"/><int name="f" value="0"/><int name="zM" value="85"/><int name="r" value="0"/></imgdir><imgdir name="52"><string name="oS" value="101BuildingTW"/><string name="l0" value="101Building"/><string name="l1" value="tile"/><string name="l2" value="2"/><int name="x" value="1336"/><int name="y" value="365"/><int name="z" value="9"/><int name="f" value="0"/><int name="zM" value="37"/><int name="r" value="0"/></imgdir><imgdir name="53"><string name="oS" value="101BuildingTW"/><string name="l0" value="101Building"/><string name="l1" value="tile"/><string name="l2" value="1"/><int name="x" value="1503"/><int name="y" value="43"/><int name="z" value="9"/><int name="f" value="0"/><int name="zM" value="77"/><int name="r" value="0"/></imgdir><imgdir name="54"><string name="oS" value="101BuildingTW"/><string name="l0" value="101Building"/><string name="l1" value="tile"/><string name="l2" value="1"/><int name="x" value="1503"/><int name="y" value="372"/><int name="z" value="9"/><int name="f" value="0"/><int name="zM" value="28"/><int name="r" value="0"/></imgdir><imgdir name="55"><string name="oS" value="101BuildingTW"/><string name="l0" value="101Building"/><string name="l1" value="tile"/><string name="l2" value="2"/><int name="x" value="1670"/><int name="y" value="36"/><int name="z" value="9"/><int name="f" value="0"/><int name="zM" value="89"/><int name="r" value="0"/></imgdir><imgdir name="56"><string name="oS" value="101BuildingTW"/><string name="l0" value="101Building"/><string name="l1" value="tile"/><string name="l2" value="2"/><int name="x" value="1670"/><int name="y" value="365"/><int name="z" value="9"/><int name="f" value="0"/><int name="zM" value="39"/><int name="r" value="0"/></imgdir><imgdir name="57"><string name="oS" value="101BuildingTW"/><string name="l0" value="101Building"/><string name="l1" value="tile"/><string name="l2" value="2"/><int name="x" value="1336"/><int name="y" value="-291"/><int name="z" value="9"/><int name="f" value="0"/><int name="zM" value="138"/><int name="r" value="0"/></imgdir><imgdir name="58"><string name="oS" value="101BuildingTW"/><string name="l0" value="101Building"/><string name="l1" value="tile"/><string name="l2" value="1"/><int name="x" value="1503"/><int name="y" value="-284"/><int name="z" value="9"/><int name="f" value="0"/><int name="zM" value="129"/><int name="r" value="0"/></imgdir><imgdir name="59"><string name="oS" value="101BuildingTW"/><string name="l0" value="101Building"/><string name="l1" value="tile"/><string name="l2" value="2"/><int name="x" value="1670"/><int name="y" value="-291"/><int name="z" value="9"/><int name="f" value="0"/><int name="zM" value="140"/><int name="r" value="0"/></imgdir></imgdir></imgdir><imgdir name="6"><imgdir name="info"></imgdir><imgdir name="tile"></imgdir><imgdir name="obj"></imgdir></imgdir><imgdir name="7"><imgdir name="info"></imgdir><imgdir name="tile"></imgdir><imgdir name="obj"></imgdir></imgdir><imgdir name="foothold"><imgdir name="0"><imgdir name="98"><imgdir name="1"><int name="x1" value="-743"/><int name="y1" value="-50"/><int name="x2" value="-639"/><int name="y2" value="-50"/><int name="prev" value="2"/><int name="next" value="0"/></imgdir><imgdir name="2"><int name="x1" value="-840"/><int name="y1" value="-50"/><int name="x2" value="-743"/><int name="y2" value="-50"/><int name="prev" value="3"/><int name="next" value="1"/></imgdir><imgdir name="3"><int name="x1" value="-938"/><int name="y1" value="-50"/><int name="x2" value="-840"/><int name="y2" value="-50"/><int name="prev" value="0"/><int name="next" value="2"/></imgdir></imgdir></imgdir><imgdir name="2"><imgdir name="99"><imgdir name="4"><int name="x1" value="219"/><int name="y1" value="-5"/><int name="x2" value="280"/><int name="y2" value="-5"/><int name="prev" value="0"/><int name="next" value="0"/></imgdir></imgdir><imgdir name="102"><imgdir name="5"><int name="x1" value="-10"/><int name="y1" value="-6"/><int name="x2" value="51"/><int name="y2" value="-6"/><int name="prev" value="0"/><int name="next" value="0"/></imgdir></imgdir></imgdir><imgdir name="4"><imgdir name="44"><imgdir name="6"><int name="x1" value="342"/><int name="y1" value="323"/><int name="x2" value="403"/><int name="y2" value="323"/><int name="prev" value="0"/><int name="next" value="0"/></imgdir></imgdir><imgdir name="43"><imgdir name="7"><int name="x1" value="34"/><int name="y1" value="323"/><int name="x2" value="95"/><int name="y2" value="323"/><int name="prev" value="0"/><int name="next" value="0"/></imgdir></imgdir></imgdir><imgdir name="5"><imgdir name="84"><imgdir name="8"><int name="x1" value="1754"/><int name="y1" value="8"/><int name="x2" value="1921"/><int name="y2" value="8"/><int name="prev" value="63"/><int name="next" value="0"/></imgdir></imgdir><imgdir name="75"><imgdir name="9"><int name="x1" value="1086"/><int name="y1" value="8"/><int name="x2" value="1253"/><int name="y2" value="8"/><int name="prev" value="10"/><int name="next" value="59"/></imgdir></imgdir><imgdir name="80"><imgdir name="10"><int name="x1" value="919"/><int name="y1" value="8"/><int name="x2" value="1086"/><int name="y2" value="8"/><int name="prev" value="11"/><int name="next" value="9"/></imgdir></imgdir><imgdir name="76"><imgdir name="11"><int name="x1" value="752"/><int name="y1" value="8"/><int name="x2" value="919"/><int name="y2" value="8"/><int name="prev" value="12"/><int name="next" value="10"/></imgdir></imgdir><imgdir name="88"><imgdir name="12"><int name="x1" value="585"/><int name="y1" value="8"/><int name="x2" value="752"/><int name="y2" value="8"/><int name="prev" value="13"/><int name="next" value="11"/></imgdir></imgdir><imgdir name="78"><imgdir name="13"><int name="x1" value="418"/><int name="y1" value="8"/><int name="x2" value="585"/><int name="y2" value="8"/><int name="prev" value="14"/><int name="next" value="12"/></imgdir></imgdir><imgdir name="82"><imgdir name="14"><int name="x1" value="251"/><int name="y1" value="8"/><int name="x2" value="418"/><int name="y2" value="8"/><int name="prev" value="15"/><int name="next" value="13"/></imgdir></imgdir><imgdir name="79"><imgdir name="15"><int name="x1" value="84"/><int name="y1" value="8"/><int name="x2" value="251"/><int name="y2" value="8"/><int name="prev" value="16"/><int name="next" value="14"/></imgdir></imgdir><imgdir name="87"><imgdir name="16"><int name="x1" value="-83"/><int name="y1" value="8"/><int name="x2" value="84"/><int name="y2" value="8"/><int name="prev" value="17"/><int name="next" value="15"/></imgdir></imgdir><imgdir name="71"><imgdir name="17"><int name="x1" value="-250"/><int name="y1" value="8"/><int name="x2" value="-83"/><int name="y2" value="8"/><int name="prev" value="18"/><int name="next" value="16"/></imgdir></imgdir><imgdir name="90"><imgdir name="18"><int name="x1" value="-417"/><int name="y1" value="8"/><int name="x2" value="-250"/><int name="y2" value="8"/><int name="prev" value="19"/><int name="next" value="17"/></imgdir></imgdir><imgdir name="72"><imgdir name="19"><int name="x1" value="-584"/><int name="y1" value="8"/><int name="x2" value="-417"/><int name="y2" value="8"/><int name="prev" value="20"/><int name="next" value="18"/></imgdir></imgdir><imgdir name="81"><imgdir name="20"><int name="x1" value="-751"/><int name="y1" value="8"/><int name="x2" value="-584"/><int name="y2" value="8"/><int name="prev" value="21"/><int name="next" value="19"/></imgdir></imgdir><imgdir name="73"><imgdir name="21"><int name="x1" value="-918"/><int name="y1" value="8"/><int name="x2" value="-751"/><int name="y2" value="8"/><int name="prev" value="22"/><int name="next" value="20"/></imgdir></imgdir><imgdir name="83"><imgdir name="22"><int name="x1" value="-1085"/><int name="y1" value="8"/><int name="x2" value="-918"/><int name="y2" value="8"/><int name="prev" value="23"/><int name="next" value="21"/></imgdir></imgdir><imgdir name="74"><imgdir name="23"><int name="x1" value="-1252"/><int name="y1" value="8"/><int name="x2" value="-1085"/><int name="y2" value="8"/><int name="prev" value="24"/><int name="next" value="22"/></imgdir></imgdir><imgdir name="86"><imgdir name="24"><int name="x1" value="-1419"/><int name="y1" value="8"/><int name="x2" value="-1252"/><int name="y2" value="8"/><int name="prev" value="0"/><int name="next" value="23"/></imgdir></imgdir><imgdir name="20"><imgdir name="25"><int name="x1" value="-584"/><int name="y1" value="337"/><int name="x2" value="-417"/><int name="y2" value="337"/><int name="prev" value="37"/><int name="next" value="26"/></imgdir></imgdir><imgdir name="38"><imgdir name="26"><int name="x1" value="-417"/><int name="y1" value="337"/><int name="x2" value="-250"/><int name="y2" value="337"/><int name="prev" value="25"/><int name="next" value="27"/></imgdir></imgdir><imgdir name="21"><imgdir name="27"><int name="x1" value="-250"/><int name="y1" value="337"/><int name="x2" value="-83"/><int name="y2" value="337"/><int name="prev" value="26"/><int name="next" value="28"/></imgdir></imgdir><imgdir name="33"><imgdir name="28"><int name="x1" value="-83"/><int name="y1" value="337"/><int name="x2" value="84"/><int name="y2" value="337"/><int name="prev" value="27"/><int name="next" value="29"/></imgdir></imgdir><imgdir name="22"><imgdir name="29"><int name="x1" value="84"/><int name="y1" value="337"/><int name="x2" value="251"/><int name="y2" value="337"/><int name="prev" value="28"/><int name="next" value="30"/></imgdir></imgdir><imgdir name="30"><imgdir name="30"><int name="x1" value="251"/><int name="y1" value="337"/><int name="x2" value="418"/><int name="y2" value="337"/><int name="prev" value="29"/><int name="next" value="31"/></imgdir></imgdir><imgdir name="23"><imgdir name="31"><int name="x1" value="418"/><int name="y1" value="337"/><int name="x2" value="585"/><int name="y2" value="337"/><int name="prev" value="30"/><int name="next" value="32"/></imgdir></imgdir><imgdir name="35"><imgdir name="32"><int name="x1" value="585"/><int name="y1" value="337"/><int name="x2" value="752"/><int name="y2" value="337"/><int name="prev" value="31"/><int name="next" value="33"/></imgdir></imgdir><imgdir name="24"><imgdir name="33"><int name="x1" value="752"/><int name="y1" value="337"/><int name="x2" value="919"/><int name="y2" value="337"/><int name="prev" value="32"/><int name="next" value="34"/></imgdir></imgdir><imgdir name="29"><imgdir name="34"><int name="x1" value="919"/><int name="y1" value="337"/><int name="x2" value="1086"/><int name="y2" value="337"/><int name="prev" value="33"/><int name="next" value="35"/></imgdir></imgdir><imgdir name="25"><imgdir name="35"><int name="x1" value="1086"/><int name="y1" value="337"/><int name="x2" value="1253"/><int name="y2" value="337"/><int name="prev" value="34"/><int name="next" value="60"/></imgdir></imgdir><imgdir name="31"><imgdir name="36"><int name="x1" value="1754"/><int name="y1" value="337"/><int name="x2" value="1921"/><int name="y2" value="337"/><int name="prev" value="64"/><int name="next" value="0"/></imgdir></imgdir><imgdir name="32"><imgdir name="37"><int name="x1" value="-751"/><int name="y1" value="337"/><int name="x2" value="-584"/><int name="y2" value="337"/><int name="prev" value="38"/><int name="next" value="25"/></imgdir></imgdir><imgdir name="26"><imgdir name="38"><int name="x1" value="-918"/><int name="y1" value="337"/><int name="x2" value="-751"/><int name="y2" value="337"/><int name="prev" value="39"/><int name="next" value="37"/></imgdir></imgdir><imgdir name="34"><imgdir name="39"><int name="x1" value="-1085"/><int name="y1" value="337"/><int name="x2" value="-918"/><int name="y2" value="337"/><int name="prev" value="40"/><int name="next" value="38"/></imgdir></imgdir><imgdir name="27"><imgdir name="40"><int name="x1" value="-1252"/><int name="y1" value="337"/><int name="x2" value="-1085"/><int name="y2" value="337"/><int name="prev" value="41"/><int name="next" value="39"/></imgdir></imgdir><imgdir name="36"><imgdir name="41"><int name="x1" value="-1419"/><int name="y1" value="337"/><int name="x2" value="-1252"/><int name="y2" value="337"/><int name="prev" value="0"/><int name="next" value="40"/></imgdir></imgdir><imgdir name="130"><imgdir name="42"><int name="x1" value="1754"/><int name="y1" value="-319"/><int name="x2" value="1921"/><int name="y2" value="-319"/><int name="prev" value="67"/><int name="next" value="0"/></imgdir></imgdir><imgdir name="123"><imgdir name="43"><int name="x1" value="1086"/><int name="y1" value="-319"/><int name="x2" value="1253"/><int name="y2" value="-319"/><int name="prev" value="44"/><int name="next" value="65"/></imgdir></imgdir><imgdir name="135"><imgdir name="44"><int name="x1" value="919"/><int name="y1" value="-319"/><int name="x2" value="1086"/><int name="y2" value="-319"/><int name="prev" value="45"/><int name="next" value="43"/></imgdir></imgdir><imgdir name="124"><imgdir name="45"><int name="x1" value="752"/><int name="y1" value="-319"/><int name="x2" value="919"/><int name="y2" value="-319"/><int name="prev" value="46"/><int name="next" value="44"/></imgdir></imgdir><imgdir name="133"><imgdir name="46"><int name="x1" value="585"/><int name="y1" value="-319"/><int name="x2" value="752"/><int name="y2" value="-319"/><int name="prev" value="47"/><int name="next" value="45"/></imgdir></imgdir><imgdir name="125"><imgdir name="47"><int name="x1" value="418"/><int name="y1" value="-319"/><int name="x2" value="585"/><int name="y2" value="-319"/><int name="prev" value="48"/><int name="next" value="46"/></imgdir></imgdir><imgdir name="137"><imgdir name="48"><int name="x1" value="251"/><int name="y1" value="-319"/><int name="x2" value="418"/><int name="y2" value="-319"/><int name="prev" value="49"/><int name="next" value="47"/></imgdir></imgdir><imgdir name="126"><imgdir name="49"><int name="x1" value="84"/><int name="y1" value="-319"/><int name="x2" value="251"/><int name="y2" value="-319"/><int name="prev" value="50"/><int name="next" value="48"/></imgdir></imgdir><imgdir name="132"><imgdir name="50"><int name="x1" value="-83"/><int name="y1" value="-319"/><int name="x2" value="84"/><int name="y2" value="-319"/><int name="prev" value="51"/><int name="next" value="49"/></imgdir></imgdir><imgdir name="127"><imgdir name="51"><int name="x1" value="-250"/><int name="y1" value="-319"/><int name="x2" value="-83"/><int name="y2" value="-319"/><int name="prev" value="52"/><int name="next" value="50"/></imgdir></imgdir><imgdir name="134"><imgdir name="52"><int name="x1" value="-417"/><int name="y1" value="-319"/><int name="x2" value="-250"/><int name="y2" value="-319"/><int name="prev" value="53"/><int name="next" value="51"/></imgdir></imgdir><imgdir name="128"><imgdir name="53"><int name="x1" value="-584"/><int name="y1" value="-319"/><int name="x2" value="-417"/><int name="y2" value="-319"/><int name="prev" value="54"/><int name="next" value="52"/></imgdir></imgdir><imgdir name="136"><imgdir name="54"><int name="x1" value="-751"/><int name="y1" value="-319"/><int name="x2" value="-584"/><int name="y2" value="-319"/><int name="prev" value="55"/><int name="next" value="53"/></imgdir></imgdir><imgdir name="121"><imgdir name="55"><int name="x1" value="-918"/><int name="y1" value="-319"/><int name="x2" value="-751"/><int name="y2" value="-319"/><int name="prev" value="56"/><int name="next" value="54"/></imgdir></imgdir><imgdir name="139"><imgdir name="56"><int name="x1" value="-1085"/><int name="y1" value="-319"/><int name="x2" value="-918"/><int name="y2" value="-319"/><int name="prev" value="57"/><int name="next" value="55"/></imgdir></imgdir><imgdir name="122"><imgdir name="57"><int name="x1" value="-1252"/><int name="y1" value="-319"/><int name="x2" value="-1085"/><int name="y2" value="-319"/><int name="prev" value="58"/><int name="next" value="56"/></imgdir></imgdir><imgdir name="131"><imgdir name="58"><int name="x1" value="-1419"/><int name="y1" value="-319"/><int name="x2" value="-1252"/><int name="y2" value="-319"/><int name="prev" value="0"/><int name="next" value="57"/></imgdir></imgdir><imgdir name="85"><imgdir name="59"><int name="x1" value="1253"/><int name="y1" value="8"/><int name="x2" value="1420"/><int name="y2" value="8"/><int name="prev" value="9"/><int name="next" value="61"/></imgdir></imgdir><imgdir name="37"><imgdir name="60"><int name="x1" value="1253"/><int name="y1" value="337"/><int name="x2" value="1420"/><int name="y2" value="337"/><int name="prev" value="35"/><int name="next" value="62"/></imgdir></imgdir><imgdir name="77"><imgdir name="61"><int name="x1" value="1420"/><int name="y1" value="8"/><int name="x2" value="1587"/><int name="y2" value="8"/><int name="prev" value="59"/><int name="next" value="63"/></imgdir></imgdir><imgdir name="28"><imgdir name="62"><int name="x1" value="1420"/><int name="y1" value="337"/><int name="x2" value="1587"/><int name="y2" value="337"/><int name="prev" value="60"/><int name="next" value="64"/></imgdir></imgdir><imgdir name="89"><imgdir name="63"><int name="x1" value="1587"/><int name="y1" value="8"/><int name="x2" value="1754"/><int name="y2" value="8"/><int name="prev" value="61"/><int name="next" value="8"/></imgdir></imgdir><imgdir name="39"><imgdir name="64"><int name="x1" value="1587"/><int name="y1" value="337"/><int name="x2" value="1754"/><int name="y2" value="337"/><int name="prev" value="62"/><int name="next" value="36"/></imgdir></imgdir><imgdir name="138"><imgdir name="65"><int name="x1" value="1253"/><int name="y1" value="-319"/><int name="x2" value="1420"/><int name="y2" value="-319"/><int name="prev" value="43"/><int name="next" value="66"/></imgdir></imgdir><imgdir name="129"><imgdir name="66"><int name="x1" value="1420"/><int name="y1" value="-319"/><int name="x2" value="1587"/><int name="y2" value="-319"/><int name="prev" value="65"/><int name="next" value="67"/></imgdir></imgdir><imgdir name="140"><imgdir name="67"><int name="x1" value="1587"/><int name="y1" value="-319"/><int name="x2" value="1754"/><int name="y2" value="-319"/><int name="prev" value="66"/><int name="next" value="42"/></imgdir></imgdir></imgdir></imgdir><imgdir name="ladderRope"></imgdir><imgdir name="miniMap"><canvas name="canvas" width="217" height="75"></canvas><int name="width" value="3482"/><int name="height" value="1200"/><int name="centerX" value="1513"/><int name="centerY" value="730"/><int name="mag" value="4"/></imgdir><imgdir name="portal"><imgdir name="0"><string name="pn" value="sp"/><int name="pt" value="0"/><int name="x" value="382"/><int name="y" value="240"/><int name="tm" value="999999999"/><string name="tn" value=""/></imgdir><imgdir name="1"><string name="pn" value="sp"/><int name="pt" value="0"/><int name="x" value="-1018"/><int name="y" value="197"/><int name="tm" value="999999999"/><string name="tn" value=""/></imgdir><imgdir name="2"><string name="pn" value="sp"/><int name="pt" value="0"/><int name="x" value="-169"/><int name="y" value="232"/><int name="tm" value="999999999"/><string name="tn" value=""/></imgdir><imgdir name="3"><string name="pn" value="sp"/><int name="pt" value="0"/><int name="x" value="-912"/><int name="y" value="-104"/><int name="tm" value="999999999"/><string name="tn" value=""/></imgdir><imgdir name="4"><string name="pn" value="sp"/><int name="pt" value="0"/><int name="x" value="1052"/><int name="y" value="-108"/><int name="tm" value="999999999"/><string name="tn" value=""/></imgdir><imgdir name="5"><string name="pn" value="sp"/><int name="pt" value="0"/><int name="x" value="141"/><int name="y" value="-102"/><int name="tm" value="999999999"/><string name="tn" value=""/></imgdir><imgdir name="6"><string name="pn" value="move00"/><int name="pt" value="1"/><int name="x" value="-841"/><int name="y" value="335"/><int name="tm" value="742000000"/><string name="tn" value="move01"/></imgdir><imgdir name="7"><string name="pn" value="move01"/><int name="pt" value="1"/><int name="x" value="-1151"/><int name="y" value="6"/><int name="tm" value="742000000"/><string name="tn" value="move10"/><string name="script" value=""/><int name="hideTooltip" value="0"/><int name="delay" value="0"/></imgdir><imgdir name="8"><string name="pn" value="move02"/><int name="pt" value="1"/><int name="x" value="-999"/><int name="y" value="5"/><int name="tm" value="742000000"/><string name="tn" value="move03"/></imgdir><imgdir name="9"><string name="pn" value="move03"/><int name="pt" value="1"/><int name="x" value="-687"/><int name="y" value="335"/><int name="tm" value="742000000"/><string name="tn" value="move10"/></imgdir><imgdir name="10"><string name="pn" value="st00"/><int name="pt" value="1"/><int name="x" value="7"/><int name="y" value="336"/><int name="tm" value="999999999"/><string name="tn" value=""/></imgdir><imgdir name="11"><string name="pn" value="move04"/><int name="pt" value="1"/><int name="x" value="1202"/><int name="y" value="335"/><int name="tm" value="742000000"/><string name="tn" value="move05"/></imgdir><imgdir name="12"><string name="pn" value="move05"/><int name="pt" value="1"/><int name="x" value="1505"/><int name="y" value="6"/><int name="tm" value="742000000"/><string name="tn" value="move10"/></imgdir><imgdir name="13"><string name="pn" value="move06"/><int name="pt" value="1"/><int name="x" value="1658"/><int name="y" value="6"/><int name="tm" value="742000000"/><string name="tn" value="move07"/></imgdir><imgdir name="14"><string name="pn" value="move07"/><int name="pt" value="1"/><int name="x" value="1354"/><int name="y" value="335"/><int name="tm" value="742000000"/><string name="tn" value="move10"/></imgdir><imgdir name="15"><string name="pn" value="st01"/><int name="pt" value="1"/><int name="x" value="987"/><int name="y" value="337"/><int name="tm" value="999999999"/><string name="tn" value=""/></imgdir><imgdir name="16"><string name="pn" value="st02"/><int name="pt" value="1"/><int name="x" value="861"/><int name="y" value="332"/><int name="tm" value="999999999"/><string name="tn" value=""/></imgdir><imgdir name="17"><string name="pn" value="out00"/><int name="pt" value="2"/><int name="x" value="1849"/><int name="y" value="335"/><int name="tm" value="742000100"/><string name="tn" value="in00"/></imgdir><imgdir name="18"><string name="pn" value="east00"/><int name="pt" value="2"/><int name="x" value="1849"/><int name="y" value="5"/><int name="tm" value="742010000"/><string name="tn" value="bottom00"/><string name="script" value=""/><int name="hideTooltip" value="0"/><int name="delay" value="0"/></imgdir><imgdir name="19"><string name="pn" value="in00"/><int name="pt" value="7"/><int name="x" value="985"/><int name="y" value="334"/><int name="tm" value="999999999"/><string name="tn" value=""/><string name="script" value="pachinko03"/></imgdir><imgdir name="20"><string name="pn" value="market00"/><int name="pt" value="7"/><int name="x" value="745"/><int name="y" value="332"/><int name="tm" value="999999999"/><string name="tn" value=""/><string name="script" value="market15"/><int name="hideTooltip" value="0"/><int name="delay" value="0"/></imgdir><imgdir name="21"><string name="pn" value="tp"/><int name="pt" value="6"/><int name="x" value="138"/><int name="y" value="331"/><int name="tm" value="999999999"/><string name="tn" value=""/></imgdir><imgdir name="22"><string name="pn" value="tp"/><int name="pt" value="6"/><int name="x" value="284"/><int name="y" value="312"/><int name="tm" value="999999999"/><string name="tn" value=""/></imgdir><imgdir name="23"><string name="pn" value="tp"/><int name="pt" value="6"/><int name="x" value="-262"/><int name="y" value="331"/><int name="tm" value="999999999"/><string name="tn" value=""/></imgdir><imgdir name="24"><string name="pn" value="tp"/><int name="pt" value="6"/><int name="x" value="-165"/><int name="y" value="331"/><int name="tm" value="999999999"/><string name="tn" value=""/></imgdir><imgdir name="25"><string name="pn" value="tp"/><int name="pt" value="6"/><int name="x" value="-66"/><int name="y" value="331"/><int name="tm" value="999999999"/><string name="tn" value=""/></imgdir><imgdir name="26"><string name="pn" value="tp"/><int name="pt" value="6"/><int name="x" value="33"/><int name="y" value="331"/><int name="tm" value="999999999"/><string name="tn" value=""/></imgdir></imgdir></imgdir>