<?xml version="1.0" encoding="UTF-8" standalone="yes"?><imgdir name="742010200.img"><imgdir name="info"><int name="version" value="10"/><int name="cloud" value="0"/><int name="town" value="0"/><int name="swim" value="0"/><int name="returnMap" value="742000000"/><int name="forcedReturn" value="999999999"/><float name="mobRate" value="1.0"/><string name="bgm" value="BgmTW/101BuildingField"/><string name="mapMark" value="101BuildingTW"/><int name="hideMinimap" value="0"/><int name="fieldLimit" value="0"/><int name="VRTop" value="-560"/><int name="VRLeft" value="-1080"/><int name="VRBottom" value="550"/><int name="VRRight" value="1080"/></imgdir><imgdir name="back"><imgdir name="0"><string name="bS" value="NightMarketTW"/><int name="front" value="0"/><int name="ani" value="0"/><int name="no" value="2"/><int name="f" value="0"/><int name="x" value="0"/><int name="y" value="0"/><int name="rx" value="0"/><int name="ry" value="0"/><int name="type" value="1"/><int name="cx" value="0"/><int name="cy" value="0"/><int name="a" value="255"/></imgdir><imgdir name="1"><string name="bS" value="NightMarketTW"/><int name="front" value="0"/><int name="ani" value="1"/><int name="no" value="0"/><int name="f" value="0"/><int name="x" value="16"/><int name="y" value="-283"/><int name="rx" value="-80"/><int name="ry" value="-100"/><int name="type" value="3"/><int name="cx" value="800"/><int name="cy" value="0"/><int name="a" value="255"/></imgdir><imgdir name="2"><string name="bS" value="NightMarketTW"/><int name="front" value="0"/><int name="ani" value="1"/><int name="no" value="0"/><int name="f" value="0"/><int name="x" value="-377"/><int name="y" value="-75"/><int name="rx" value="-80"/><int name="ry" value="-100"/><int name="type" value="3"/><int name="cx" value="800"/><int name="cy" value="0"/><int name="a" value="255"/></imgdir><imgdir name="3"><string name="bS" value="101BuildingTW"/><int name="front" value="0"/><int name="ani" value="0"/><int name="no" value="1"/><int name="f" value="0"/><int name="x" value="0"/><int name="y" value="-184"/><int name="rx" value="-8"/><int name="ry" value="-40"/><int name="type" value="0"/><int name="cx" value="0"/><int name="cy" value="0"/><int name="a" value="255"/></imgdir><imgdir name="4"><string name="bS" value="101BuildingTW"/><int name="front" value="0"/><int name="ani" value="0"/><int name="no" value="0"/><int name="f" value="0"/><int name="x" value="0"/><int name="y" value="134"/><int name="rx" value="-8"/><int name="ry" value="-50"/><int name="type" value="0"/><int name="cx" value="0"/><int name="cy" value="0"/><int name="a" value="255"/></imgdir></imgdir><imgdir name="life"><imgdir name="1"><string name="type" value="m"/><string name="id" value="9410028"/><int name="x" value="-687"/><int name="y" value="414"/><int name="mobTime" value="0"/><int name="f" value="0"/><int name="hide" value="0"/><int name="fh" value="32"/><int name="cy" value="421"/><int name="rx0" value="-732"/><int name="rx1" value="-605"/></imgdir><imgdir name="2"><string name="type" value="m"/><string name="id" value="9410028"/><int name="x" value="-306"/><int name="y" value="419"/><int name="mobTime" value="0"/><int name="f" value="0"/><int name="hide" value="0"/><int name="fh" value="30"/><int name="cy" value="421"/><int name="rx0" value="-398"/><int name="rx1" value="-271"/></imgdir><imgdir name="3"><string name="type" value="m"/><string name="id" value="9410028"/><int name="x" value="10"/><int name="y" value="414"/><int name="mobTime" value="0"/><int name="f" value="0"/><int name="hide" value="0"/><int name="fh" value="28"/><int name="cy" value="421"/><int name="rx0" value="-64"/><int name="rx1" value="63"/></imgdir><imgdir name="4"><string name="type" value="m"/><string name="id" value="9410028"/><int name="x" value="284"/><int name="y" value="418"/><int name="mobTime" value="0"/><int name="f" value="0"/><int name="hide" value="0"/><int name="fh" value="26"/><int name="cy" value="421"/><int name="rx0" value="270"/><int name="rx1" value="397"/></imgdir><imgdir name="5"><string name="type" value="m"/><string name="id" value="9410028"/><int name="x" value="647"/><int name="y" value="418"/><int name="mobTime" value="0"/><int name="f" value="0"/><int name="hide" value="0"/><int name="fh" value="24"/><int name="cy" value="421"/><int name="rx0" value="604"/><int name="rx1" value="731"/></imgdir><imgdir name="6"><string name="type" value="m"/><string name="id" value="9410028"/><int name="x" value="985"/><int name="y" value="418"/><int name="mobTime" value="0"/><int name="f" value="0"/><int name="hide" value="0"/><int name="fh" value="23"/><int name="cy" value="421"/><int name="rx0" value="938"/><int name="rx1" value="1065"/></imgdir><imgdir name="7"><string name="type" value="m"/><string name="id" value="9410028"/><int name="x" value="982"/><int name="y" value="88"/><int name="mobTime" value="0"/><int name="f" value="0"/><int name="hide" value="0"/><int name="fh" value="35"/><int name="cy" value="93"/><int name="rx0" value="938"/><int name="rx1" value="1065"/></imgdir><imgdir name="8"><string name="type" value="m"/><string name="id" value="9410028"/><int name="x" value="629"/><int name="y" value="89"/><int name="mobTime" value="0"/><int name="f" value="0"/><int name="hide" value="0"/><int name="fh" value="38"/><int name="cy" value="93"/><int name="rx0" value="604"/><int name="rx1" value="731"/></imgdir><imgdir name="10"><string name="type" value="m"/><string name="id" value="9410028"/><int name="x" value="80"/><int name="y" value="90"/><int name="mobTime" value="0"/><int name="f" value="0"/><int name="hide" value="0"/><int name="fh" value="42"/><int name="cy" value="93"/><int name="rx0" value="-64"/><int name="rx1" value="80"/></imgdir><imgdir name="11"><string name="type" value="m"/><string name="id" value="9410028"/><int name="x" value="-238"/><int name="y" value="86"/><int name="mobTime" value="0"/><int name="f" value="0"/><int name="hide" value="0"/><int name="fh" value="43"/><int name="cy" value="93"/><int name="rx0" value="-238"/><int name="rx1" value="-104"/></imgdir><imgdir name="12"><string name="type" value="m"/><string name="id" value="9410028"/><int name="x" value="-569"/><int name="y" value="87"/><int name="mobTime" value="0"/><int name="f" value="0"/><int name="hide" value="0"/><int name="fh" value="45"/><int name="cy" value="93"/><int name="rx0" value="-569"/><int name="rx1" value="-438"/></imgdir><imgdir name="13"><string name="type" value="m"/><string name="id" value="9410028"/><int name="x" value="-894"/><int name="y" value="88"/><int name="mobTime" value="0"/><int name="f" value="0"/><int name="hide" value="0"/><int name="fh" value="46"/><int name="cy" value="93"/><int name="rx0" value="-899"/><int name="rx1" value="-772"/></imgdir><imgdir name="14"><string name="type" value="m"/><string name="id" value="9410028"/><int name="x" value="-956"/><int name="y" value="-248"/><int name="mobTime" value="0"/><int name="f" value="0"/><int name="hide" value="0"/><int name="fh" value="48"/><int name="cy" value="-239"/><int name="rx0" value="-1066"/><int name="rx1" value="-939"/></imgdir><imgdir name="15"><string name="type" value="m"/><string name="id" value="9410028"/><int name="x" value="-685"/><int name="y" value="-245"/><int name="mobTime" value="0"/><int name="f" value="0"/><int name="hide" value="0"/><int name="fh" value="51"/><int name="cy" value="-239"/><int name="rx0" value="-732"/><int name="rx1" value="-605"/></imgdir><imgdir name="16"><string name="type" value="m"/><string name="id" value="9410028"/><int name="x" value="-369"/><int name="y" value="-246"/><int name="mobTime" value="0"/><int name="f" value="0"/><int name="hide" value="0"/><int name="fh" value="53"/><int name="cy" value="-239"/><int name="rx0" value="-398"/><int name="rx1" value="-271"/></imgdir><imgdir name="17"><string name="type" value="m"/><string name="id" value="9410028"/><int name="x" value="-66"/><int name="y" value="-249"/><int name="mobTime" value="0"/><int name="f" value="0"/><int name="hide" value="0"/><int name="fh" value="59"/><int name="cy" value="-239"/><int name="rx0" value="-66"/><int name="rx1" value="63"/></imgdir><imgdir name="18"><string name="type" value="m"/><string name="id" value="9410028"/><int name="x" value="231"/><int name="y" value="-250"/><int name="mobTime" value="0"/><int name="f" value="0"/><int name="hide" value="0"/><int name="fh" value="58"/><int name="cy" value="-239"/><int name="rx0" value="103"/><int name="rx1" value="231"/></imgdir><imgdir name="19"><string name="type" value="m"/><string name="id" value="9410028"/><int name="x" value="563"/><int name="y" value="-243"/><int name="mobTime" value="0"/><int name="f" value="0"/><int name="hide" value="0"/><int name="fh" value="56"/><int name="cy" value="-239"/><int name="rx0" value="437"/><int name="rx1" value="564"/></imgdir><imgdir name="9"><string name="type" value="m"/><string name="id" value="9410028"/><int name="x" value="-989"/><int name="y" value="416"/><int name="mobTime" value="0"/><int name="f" value="0"/><int name="hide" value="0"/><int name="fh" value="34"/><int name="cy" value="421"/><int name="rx0" value="-1066"/><int name="rx1" value="-939"/></imgdir><imgdir name="0"><string name="type" value="m"/><string name="id" value="9410028"/><int name="x" value="856"/><int name="y" value="-245"/><int name="mobTime" value="0"/><int name="f" value="0"/><int name="hide" value="0"/><int name="fh" value="54"/><int name="cy" value="-239"/><int name="rx0" value="771"/><int name="rx1" value="898"/></imgdir><imgdir name="20"><string name="type" value="m"/><string name="id" value="9410028"/><int name="x" value="348"/><int name="y" value="85"/><int name="mobTime" value="0"/><int name="f" value="0"/><int name="hide" value="0"/><int name="fh" value="40"/><int name="cy" value="93"/><int name="rx0" value="270"/><int name="rx1" value="397"/></imgdir></imgdir><imgdir name="reactor"><imgdir name="0"><string name="id" value="7422000"/><int name="x" value="-899"/><int name="y" value="405"/><int name="reactorTime" value="100"/><int name="f" value="0"/><string name="name" value=""/></imgdir><imgdir name="1"><string name="id" value="7422000"/><int name="x" value="46"/><int name="y" value="405"/><int name="reactorTime" value="100"/><int name="f" value="0"/><string name="name" value=""/></imgdir><imgdir name="2"><string name="id" value="7422000"/><int name="x" value="758"/><int name="y" value="405"/><int name="reactorTime" value="100"/><int name="f" value="0"/><string name="name" value=""/></imgdir><imgdir name="3"><string name="id" value="7422000"/><int name="x" value="531"/><int name="y" value="77"/><int name="reactorTime" value="100"/><int name="f" value="0"/><string name="name" value=""/></imgdir><imgdir name="4"><string name="id" value="7422000"/><int name="x" value="-410"/><int name="y" value="77"/><int name="reactorTime" value="100"/><int name="f" value="0"/><string name="name" value=""/></imgdir><imgdir name="5"><string name="id" value="7422000"/><int name="x" value="960"/><int name="y" value="-255"/><int name="reactorTime" value="100"/><int name="f" value="0"/><string name="name" value=""/></imgdir><imgdir name="6"><string name="id" value="7422000"/><int name="x" value="-256"/><int name="y" value="-255"/><int name="reactorTime" value="100"/><int name="f" value="0"/><string name="name" value=""/></imgdir></imgdir><imgdir name="0"><imgdir name="info"></imgdir><imgdir name="tile"></imgdir><imgdir name="obj"><imgdir name="3"><string name="oS" value="101BuildingTW"/><string name="l0" value="101Building"/><string name="l1" value="tile"/><string name="l2" value="9"/><int name="x" value="563"/><int name="y" value="-161"/><int name="z" value="9"/><int name="f" value="0"/><int name="zM" value="67"/></imgdir><imgdir name="7"><string name="oS" value="101BuildingTW"/><string name="l0" value="101Building"/><string name="l1" value="tile"/><string name="l2" value="9"/><int name="x" value="396"/><int name="y" value="-161"/><int name="z" value="9"/><int name="f" value="0"/><int name="zM" value="59"/></imgdir><imgdir name="9"><string name="oS" value="101BuildingTW"/><string name="l0" value="101Building"/><string name="l1" value="tile"/><string name="l2" value="9"/><int name="x" value="-502"/><int name="y" value="-161"/><int name="z" value="10"/><int name="f" value="0"/><int name="zM" value="68"/></imgdir><imgdir name="10"><string name="oS" value="101BuildingTW"/><string name="l0" value="101Building"/><string name="l1" value="tile"/><string name="l2" value="9"/><int name="x" value="-669"/><int name="y" value="-161"/><int name="z" value="9"/><int name="f" value="0"/><int name="zM" value="69"/></imgdir><imgdir name="11"><string name="oS" value="101BuildingTW"/><string name="l0" value="101Building"/><string name="l1" value="tile"/><string name="l2" value="9"/><int name="x" value="-836"/><int name="y" value="-161"/><int name="z" value="9"/><int name="f" value="0"/><int name="zM" value="64"/></imgdir><imgdir name="12"><string name="oS" value="101BuildingTW"/><string name="l0" value="101Building"/><string name="l1" value="tile"/><string name="l2" value="9"/><int name="x" value="-1003"/><int name="y" value="-161"/><int name="z" value="9"/><int name="f" value="0"/><int name="zM" value="65"/></imgdir><imgdir name="19"><string name="oS" value="101BuildingTW"/><string name="l0" value="101Building"/><string name="l1" value="tile"/><string name="l2" value="9"/><int name="x" value="-1003"/><int name="y" value="170"/><int name="z" value="9"/><int name="f" value="0"/><int name="zM" value="37"/></imgdir><imgdir name="20"><string name="oS" value="101BuildingTW"/><string name="l0" value="101Building"/><string name="l1" value="tile"/><string name="l2" value="9"/><int name="x" value="-168"/><int name="y" value="170"/><int name="z" value="9"/><int name="f" value="0"/><int name="zM" value="38"/></imgdir><imgdir name="21"><string name="oS" value="101BuildingTW"/><string name="l0" value="101Building"/><string name="l1" value="tile"/><string name="l2" value="9"/><int name="x" value="-836"/><int name="y" value="170"/><int name="z" value="9"/><int name="f" value="0"/><int name="zM" value="40"/></imgdir><imgdir name="22"><string name="oS" value="101BuildingTW"/><string name="l0" value="101Building"/><string name="l1" value="tile"/><string name="l2" value="9"/><int name="x" value="-669"/><int name="y" value="170"/><int name="z" value="9"/><int name="f" value="0"/><int name="zM" value="33"/></imgdir><imgdir name="23"><string name="oS" value="101BuildingTW"/><string name="l0" value="101Building"/><string name="l1" value="tile"/><string name="l2" value="9"/><int name="x" value="-502"/><int name="y" value="170"/><int name="z" value="9"/><int name="f" value="0"/><int name="zM" value="34"/></imgdir><imgdir name="16"><string name="oS" value="101BuildingTW"/><string name="l0" value="101Building"/><string name="l1" value="tile"/><string name="l2" value="9"/><int name="x" value="940"/><int name="y" value="170"/><int name="z" value="9"/><int name="f" value="0"/><int name="zM" value="32"/></imgdir><imgdir name="5"><string name="oS" value="101BuildingTW"/><string name="l0" value="101Building"/><string name="l1" value="tile"/><string name="l2" value="9"/><int name="x" value="773"/><int name="y" value="170"/><int name="z" value="9"/><int name="f" value="0"/><int name="zM" value="36"/></imgdir><imgdir name="6"><string name="oS" value="101BuildingTW"/><string name="l0" value="101Building"/><string name="l1" value="tile"/><string name="l2" value="9"/><int name="x" value="606"/><int name="y" value="170"/><int name="z" value="9"/><int name="f" value="0"/><int name="zM" value="30"/></imgdir><imgdir name="4"><string name="oS" value="101BuildingTW"/><string name="l0" value="101Building"/><string name="l1" value="tile"/><string name="l2" value="9"/><int name="x" value="1001"/><int name="y" value="173"/><int name="z" value="10"/><int name="f" value="0"/><int name="zM" value="32"/></imgdir><imgdir name="18"><string name="oS" value="101BuildingTW"/><string name="l0" value="101Building"/><string name="l1" value="tile"/><string name="l2" value="8"/><int name="x" value="298"/><int name="y" value="197"/><int name="z" value="9"/><int name="f" value="0"/><int name="zM" value="31"/></imgdir><imgdir name="17"><string name="oS" value="101BuildingTW"/><string name="l0" value="101Building"/><string name="l1" value="tile"/><string name="l2" value="9"/><int name="x" value="166"/><int name="y" value="170"/><int name="z" value="7"/><int name="f" value="0"/><int name="zM" value="31"/></imgdir><imgdir name="15"><string name="oS" value="101BuildingTW"/><string name="l0" value="101Building"/><string name="l1" value="tile"/><string name="l2" value="9"/><int name="x" value="1001"/><int name="y" value="170"/><int name="z" value="10"/><int name="f" value="0"/><int name="zM" value="32"/></imgdir><imgdir name="8"><string name="oS" value="101BuildingTW"/><string name="l0" value="101Building"/><string name="l1" value="tile"/><string name="l2" value="9"/><int name="x" value="-1"/><int name="y" value="170"/><int name="z" value="9"/><int name="f" value="0"/><int name="zM" value="35"/></imgdir><imgdir name="25"><string name="oS" value="101BuildingTW"/><string name="l0" value="101Building"/><string name="l1" value="tile"/><string name="l2" value="8"/><int name="x" value="115"/><int name="y" value="-134"/><int name="z" value="9"/><int name="f" value="0"/><int name="zM" value="61"/></imgdir><imgdir name="26"><string name="oS" value="101BuildingTW"/><string name="l0" value="101Building"/><string name="l1" value="tile"/><string name="l2" value="8"/><int name="x" value="-52"/><int name="y" value="-134"/><int name="z" value="9"/><int name="f" value="0"/><int name="zM" value="62"/></imgdir><imgdir name="24"><string name="oS" value="101BuildingTW"/><string name="l0" value="101Building"/><string name="l1" value="tile"/><string name="l2" value="8"/><int name="x" value="282"/><int name="y" value="-134"/><int name="z" value="8"/><int name="f" value="0"/><int name="zM" value="59"/></imgdir><imgdir name="28"><string name="oS" value="101BuildingTW"/><string name="l0" value="101Building"/><string name="l1" value="tile"/><string name="l2" value="9"/><int name="x" value="1001"/><int name="y" value="499"/><int name="z" value="9"/><int name="f" value="0"/><int name="zM" value="2"/></imgdir><imgdir name="29"><string name="oS" value="101BuildingTW"/><string name="l0" value="101Building"/><string name="l1" value="tile"/><string name="l2" value="9"/><int name="x" value="-1003"/><int name="y" value="499"/><int name="z" value="9"/><int name="f" value="0"/><int name="zM" value="3"/></imgdir><imgdir name="30"><string name="oS" value="101BuildingTW"/><string name="l0" value="101Building"/><string name="l1" value="tile"/><string name="l2" value="9"/><int name="x" value="-836"/><int name="y" value="499"/><int name="z" value="9"/><int name="f" value="0"/><int name="zM" value="4"/></imgdir><imgdir name="31"><string name="oS" value="101BuildingTW"/><string name="l0" value="101Building"/><string name="l1" value="tile"/><string name="l2" value="9"/><int name="x" value="-669"/><int name="y" value="499"/><int name="z" value="9"/><int name="f" value="0"/><int name="zM" value="5"/></imgdir><imgdir name="32"><string name="oS" value="101BuildingTW"/><string name="l0" value="101Building"/><string name="l1" value="tile"/><string name="l2" value="9"/><int name="x" value="-502"/><int name="y" value="499"/><int name="z" value="9"/><int name="f" value="0"/><int name="zM" value="6"/></imgdir><imgdir name="33"><string name="oS" value="101BuildingTW"/><string name="l0" value="101Building"/><string name="l1" value="tile"/><string name="l2" value="9"/><int name="x" value="-335"/><int name="y" value="499"/><int name="z" value="9"/><int name="f" value="0"/><int name="zM" value="7"/></imgdir><imgdir name="34"><string name="oS" value="101BuildingTW"/><string name="l0" value="101Building"/><string name="l1" value="tile"/><string name="l2" value="9"/><int name="x" value="-168"/><int name="y" value="499"/><int name="z" value="9"/><int name="f" value="0"/><int name="zM" value="8"/></imgdir><imgdir name="35"><string name="oS" value="101BuildingTW"/><string name="l0" value="101Building"/><string name="l1" value="tile"/><string name="l2" value="9"/><int name="x" value="-1"/><int name="y" value="499"/><int name="z" value="9"/><int name="f" value="0"/><int name="zM" value="9"/></imgdir><imgdir name="36"><string name="oS" value="101BuildingTW"/><string name="l0" value="101Building"/><string name="l1" value="tile"/><string name="l2" value="9"/><int name="x" value="166"/><int name="y" value="499"/><int name="z" value="9"/><int name="f" value="0"/><int name="zM" value="10"/></imgdir><imgdir name="37"><string name="oS" value="101BuildingTW"/><string name="l0" value="101Building"/><string name="l1" value="tile"/><string name="l2" value="9"/><int name="x" value="333"/><int name="y" value="499"/><int name="z" value="9"/><int name="f" value="0"/><int name="zM" value="11"/></imgdir><imgdir name="38"><string name="oS" value="101BuildingTW"/><string name="l0" value="101Building"/><string name="l1" value="tile"/><string name="l2" value="9"/><int name="x" value="500"/><int name="y" value="499"/><int name="z" value="9"/><int name="f" value="0"/><int name="zM" value="12"/></imgdir><imgdir name="13"><string name="oS" value="101BuildingTW"/><string name="l0" value="101Building"/><string name="l1" value="tile"/><string name="l2" value="9"/><int name="x" value="834"/><int name="y" value="499"/><int name="z" value="9"/><int name="f" value="0"/><int name="zM" value="0"/></imgdir><imgdir name="14"><string name="oS" value="101BuildingTW"/><string name="l0" value="101Building"/><string name="l1" value="tile"/><string name="l2" value="9"/><int name="x" value="667"/><int name="y" value="499"/><int name="z" value="9"/><int name="f" value="0"/><int name="zM" value="1"/></imgdir><imgdir name="39"><string name="oS" value="101BuildingTW"/><string name="l0" value="101Building"/><string name="l1" value="tile"/><string name="l2" value="9"/><int name="x" value="1001"/><int name="y" value="-490"/><int name="z" value="9"/><int name="f" value="0"/><int name="zM" value="90"/></imgdir><imgdir name="40"><string name="oS" value="101BuildingTW"/><string name="l0" value="101Building"/><string name="l1" value="tile"/><string name="l2" value="9"/><int name="x" value="834"/><int name="y" value="-490"/><int name="z" value="9"/><int name="f" value="0"/><int name="zM" value="91"/></imgdir><imgdir name="41"><string name="oS" value="101BuildingTW"/><string name="l0" value="101Building"/><string name="l1" value="tile"/><string name="l2" value="9"/><int name="x" value="280"/><int name="y" value="-490"/><int name="z" value="9"/><int name="f" value="0"/><int name="zM" value="89"/></imgdir><imgdir name="42"><string name="oS" value="101BuildingTW"/><string name="l0" value="101Building"/><string name="l1" value="tile"/><string name="l2" value="9"/><int name="x" value="113"/><int name="y" value="-489"/><int name="z" value="9"/><int name="f" value="0"/><int name="zM" value="88"/></imgdir><imgdir name="43"><string name="oS" value="101BuildingTW"/><string name="l0" value="101Building"/><string name="l1" value="tile"/><string name="l2" value="9"/><int name="x" value="-335"/><int name="y" value="170"/><int name="z" value="9"/><int name="f" value="0"/><int name="zM" value="39"/></imgdir><imgdir name="27"><string name="oS" value="101BuildingTW"/><string name="l0" value="101Building"/><string name="l1" value="tile"/><string name="l2" value="9"/><int name="x" value="-168"/><int name="y" value="-161"/><int name="z" value="8"/><int name="f" value="0"/><int name="zM" value="62"/></imgdir><imgdir name="0"><string name="oS" value="101BuildingTW"/><string name="l0" value="101Building"/><string name="l1" value="tile"/><string name="l2" value="9"/><int name="x" value="-335"/><int name="y" value="-161"/><int name="z" value="9"/><int name="f" value="0"/><int name="zM" value="66"/></imgdir><imgdir name="1"><string name="oS" value="101BuildingTW"/><string name="l0" value="101Building"/><string name="l1" value="tile"/><string name="l2" value="8"/><int name="x" value="1001"/><int name="y" value="-134"/><int name="z" value="9"/><int name="f" value="0"/><int name="zM" value="60"/></imgdir><imgdir name="2"><string name="oS" value="101BuildingTW"/><string name="l0" value="101Building"/><string name="l1" value="tile"/><string name="l2" value="8"/><int name="x" value="465"/><int name="y" value="197"/><int name="z" value="9"/><int name="f" value="0"/><int name="zM" value="30"/></imgdir><imgdir name="44"><string name="oS" value="101BuildingTW"/><string name="l0" value="101Building"/><string name="l1" value="tile"/><string name="l2" value="8"/><int name="x" value="834"/><int name="y" value="-134"/><int name="z" value="9"/><int name="f" value="0"/><int name="zM" value="63"/></imgdir></imgdir></imgdir><imgdir name="1"><imgdir name="info"></imgdir><imgdir name="tile"></imgdir><imgdir name="obj"><imgdir name="0"><string name="oS" value="101BuildingTW"/><string name="l0" value="101Building"/><string name="l1" value="hallway1"/><string name="l2" value="1"/><int name="x" value="-943"/><int name="y" value="-364"/><int name="z" value="0"/><int name="f" value="0"/><int name="zM" value="84"/></imgdir><imgdir name="1"><string name="oS" value="101BuildingTW"/><string name="l0" value="101Building"/><string name="l1" value="hallway1"/><string name="l2" value="4"/><int name="x" value="-306"/><int name="y" value="-368"/><int name="z" value="3"/><int name="f" value="0"/><int name="zM" value="83"/></imgdir><imgdir name="3"><string name="oS" value="101BuildingTW"/><string name="l0" value="101Building"/><string name="l1" value="hallway1"/><string name="l2" value="0"/><int name="x" value="-657"/><int name="y" value="-364"/><int name="z" value="0"/><int name="f" value="0"/><int name="zM" value="83"/></imgdir><imgdir name="4"><string name="oS" value="101BuildingTW"/><string name="l0" value="101Building"/><string name="l1" value="hallway1"/><string name="l2" value="1"/><int name="x" value="45"/><int name="y" value="-364"/><int name="z" value="0"/><int name="f" value="0"/><int name="zM" value="85"/></imgdir><imgdir name="5"><string name="oS" value="101BuildingTW"/><string name="l0" value="101Building"/><string name="l1" value="hallway1"/><string name="l2" value="6"/><int name="x" value="575"/><int name="y" value="-368"/><int name="z" value="3"/><int name="f" value="0"/><int name="zM" value="85"/></imgdir><imgdir name="6"><string name="oS" value="101BuildingTW"/><string name="l0" value="101Building"/><string name="l1" value="hallway1"/><string name="l2" value="5"/><int name="x" value="575"/><int name="y" value="-271"/><int name="z" value="7"/><int name="f" value="0"/><int name="zM" value="85"/></imgdir><imgdir name="7"><string name="oS" value="101BuildingTW"/><string name="l0" value="101Building"/><string name="l1" value="tile"/><string name="l2" value="8"/><int name="x" value="-15"/><int name="y" value="-462"/><int name="z" value="2"/><int name="f" value="0"/><int name="zM" value="85"/></imgdir><imgdir name="8"><string name="oS" value="101BuildingTW"/><string name="l0" value="101Building"/><string name="l1" value="tile"/><string name="l2" value="8"/><int name="x" value="-669"/><int name="y" value="-463"/><int name="z" value="9"/><int name="f" value="0"/><int name="zM" value="83"/></imgdir><imgdir name="2"><string name="oS" value="101BuildingTW"/><string name="l0" value="101Building"/><string name="l1" value="tile"/><string name="l2" value="8"/><int name="x" value="-502"/><int name="y" value="-463"/><int name="z" value="2"/><int name="f" value="0"/><int name="zM" value="83"/></imgdir><imgdir name="9"><string name="oS" value="101BuildingTW"/><string name="l0" value="101Building"/><string name="l1" value="tile"/><string name="l2" value="8"/><int name="x" value="-836"/><int name="y" value="-463"/><int name="z" value="9"/><int name="f" value="0"/><int name="zM" value="84"/></imgdir><imgdir name="10"><string name="oS" value="101BuildingTW"/><string name="l0" value="101Building"/><string name="l1" value="tile"/><string name="l2" value="8"/><int name="x" value="-1003"/><int name="y" value="-463"/><int name="z" value="9"/><int name="f" value="0"/><int name="zM" value="84"/></imgdir><imgdir name="12"><string name="oS" value="101BuildingTW"/><string name="l0" value="101Building"/><string name="l1" value="shop4"/><string name="l2" value="5"/><int name="x" value="-763"/><int name="y" value="-34"/><int name="z" value="0"/><int name="f" value="0"/><int name="zM" value="55"/></imgdir><imgdir name="13"><string name="oS" value="101BuildingTW"/><string name="l0" value="101Building"/><string name="l1" value="shop5"/><string name="l2" value="5"/><int name="x" value="-75"/><int name="y" value="293"/><int name="z" value="9"/><int name="f" value="0"/><int name="zM" value="26"/></imgdir><imgdir name="14"><string name="oS" value="101BuildingTW"/><string name="l0" value="101Building"/><string name="l1" value="shop6"/><string name="l2" value="0"/><int name="x" value="-348"/><int name="y" value="-4"/><int name="z" value="2"/><int name="f" value="0"/><int name="zM" value="55"/></imgdir><imgdir name="15"><string name="oS" value="101BuildingTW"/><string name="l0" value="101Building"/><string name="l1" value="shop6"/><string name="l2" value="1"/><int name="x" value="-366"/><int name="y" value="6"/><int name="z" value="4"/><int name="f" value="0"/><int name="zM" value="55"/></imgdir><imgdir name="16"><string name="oS" value="101BuildingTW"/><string name="l0" value="101Building"/><string name="l1" value="shop6"/><string name="l2" value="2"/><int name="x" value="-341"/><int name="y" value="-36"/><int name="z" value="6"/><int name="f" value="0"/><int name="zM" value="55"/></imgdir><imgdir name="17"><string name="oS" value="101BuildingTW"/><string name="l0" value="101Building"/><string name="l1" value="shop6"/><string name="l2" value="3"/><int name="x" value="-381"/><int name="y" value="-130"/><int name="z" value="8"/><int name="f" value="0"/><int name="zM" value="55"/></imgdir><imgdir name="18"><string name="oS" value="101BuildingTW"/><string name="l0" value="101Building"/><string name="l1" value="shop6"/><string name="l2" value="4"/><int name="x" value="-404"/><int name="y" value="-133"/><int name="z" value="9"/><int name="f" value="0"/><int name="zM" value="55"/></imgdir><imgdir name="19"><string name="oS" value="101BuildingTW"/><string name="l0" value="101Building"/><string name="l1" value="shop7"/><string name="l2" value="4"/><int name="x" value="508"/><int name="y" value="-33"/><int name="z" value="3"/><int name="f" value="0"/><int name="zM" value="54"/></imgdir><imgdir name="21"><string name="oS" value="101BuildingTW"/><string name="l0" value="101Building"/><string name="l1" value="shop7"/><string name="l2" value="7"/><int name="x" value="572"/><int name="y" value="-11"/><int name="z" value="0"/><int name="f" value="0"/><int name="zM" value="54"/></imgdir><imgdir name="23"><string name="oS" value="101BuildingTW"/><string name="l0" value="101Building"/><string name="l1" value="shop7"/><string name="l2" value="16"/><int name="x" value="497"/><int name="y" value="-120"/><int name="z" value="7"/><int name="f" value="0"/><int name="zM" value="54"/></imgdir><imgdir name="24"><string name="oS" value="101BuildingTW"/><string name="l0" value="101Building"/><string name="l1" value="shop7"/><string name="l2" value="34"/><int name="x" value="494"/><int name="y" value="-123"/><int name="z" value="9"/><int name="f" value="0"/><int name="zM" value="54"/></imgdir><imgdir name="20"><string name="oS" value="101BuildingTW"/><string name="l0" value="101Building"/><string name="l1" value="shop4"/><string name="l2" value="3"/><int name="x" value="764"/><int name="y" value="295"/><int name="z" value="9"/><int name="f" value="0"/><int name="zM" value="29"/></imgdir><imgdir name="29"><string name="oS" value="101BuildingTW"/><string name="l0" value="101Building"/><string name="l1" value="ani"/><string name="l2" value="12"/><int name="x" value="7"/><int name="y" value="215"/><int name="z" value="9"/><int name="f" value="0"/><int name="zM" value="26"/></imgdir><imgdir name="22"><string name="oS" value="101BuildingTW"/><string name="l0" value="101Building"/><string name="l1" value="shop2"/><string name="l2" value="1"/><int name="x" value="-458"/><int name="y" value="330"/><int name="z" value="0"/><int name="f" value="0"/><int name="zM" value="26"/></imgdir><imgdir name="27"><string name="oS" value="101BuildingTW"/><string name="l0" value="101Building"/><string name="l1" value="shop5"/><string name="l2" value="2"/><int name="x" value="-871"/><int name="y" value="291"/><int name="z" value="9"/><int name="f" value="0"/><int name="zM" value="26"/></imgdir><imgdir name="28"><string name="oS" value="101BuildingTW"/><string name="l0" value="101Building"/><string name="l1" value="shop7"/><string name="l2" value="114"/><int name="x" value="356"/><int name="y" value="33"/><int name="z" value="5"/><int name="f" value="0"/><int name="zM" value="54"/></imgdir><imgdir name="26"><string name="oS" value="101BuildingTW"/><string name="l0" value="101Building"/><string name="l1" value="shop2"/><string name="l2" value="0"/><int name="x" value="-454"/><int name="y" value="295"/><int name="z" value="3"/><int name="f" value="0"/><int name="zM" value="26"/></imgdir><imgdir name="25"><string name="oS" value="101BuildingTW"/><string name="l0" value="101Building"/><string name="l1" value="shop7"/><string name="l2" value="86"/><int name="x" value="525"/><int name="y" value="-11"/><int name="z" value="1"/><int name="f" value="0"/><int name="zM" value="54"/></imgdir><imgdir name="11"><string name="oS" value="101BuildingTW"/><string name="l0" value="101Building"/><string name="l1" value="shop7"/><string name="l2" value="68"/><int name="x" value="348"/><int name="y" value="-106"/><int name="z" value="5"/><int name="f" value="0"/><int name="zM" value="54"/></imgdir></imgdir></imgdir><imgdir name="2"><imgdir name="info"></imgdir><imgdir name="tile"></imgdir><imgdir name="obj"><imgdir name="0"><string name="oS" value="101BuildingTW"/><string name="l0" value="101Building"/><string name="l1" value="hallway1"/><string name="l2" value="3"/><int name="x" value="-67"/><int name="y" value="-321"/><int name="z" value="7"/><int name="f" value="0"/><int name="zM" value="86"/></imgdir><imgdir name="1"><string name="oS" value="101BuildingTW"/><string name="l0" value="101Building"/><string name="l1" value="hallway1"/><string name="l2" value="2"/><int name="x" value="16"/><int name="y" value="-322"/><int name="z" value="9"/><int name="f" value="0"/><int name="zM" value="86"/></imgdir><imgdir name="2"><string name="oS" value="101BuildingTW"/><string name="l0" value="101Building"/><string name="l1" value="hallway1"/><string name="l2" value="8"/><int name="x" value="-1017"/><int name="y" value="-275"/><int name="z" value="9"/><int name="f" value="0"/><int name="zM" value="87"/></imgdir><imgdir name="3"><string name="oS" value="101BuildingTW"/><string name="l0" value="101Building"/><string name="l1" value="hallway1"/><string name="l2" value="7"/><int name="x" value="-957"/><int name="y" value="-298"/><int name="z" value="9"/><int name="f" value="0"/><int name="zM" value="87"/></imgdir><imgdir name="4"><string name="oS" value="101BuildingTW"/><string name="l0" value="101Building"/><string name="l1" value="hallway1"/><string name="l2" value="7"/><int name="x" value="-1033"/><int name="y" value="-298"/><int name="z" value="5"/><int name="f" value="0"/><int name="zM" value="87"/></imgdir><imgdir name="5"><string name="oS" value="101BuildingTW"/><string name="l0" value="101Building"/><string name="l1" value="hallway1"/><string name="l2" value="8"/><int name="x" value="-899"/><int name="y" value="-275"/><int name="z" value="9"/><int name="f" value="0"/><int name="zM" value="87"/></imgdir><imgdir name="6"><string name="oS" value="101BuildingTW"/><string name="l0" value="101Building"/><string name="l1" value="hallway1"/><string name="l2" value="7"/><int name="x" value="-839"/><int name="y" value="-298"/><int name="z" value="9"/><int name="f" value="0"/><int name="zM" value="87"/></imgdir><imgdir name="7"><string name="oS" value="101BuildingTW"/><string name="l0" value="101Building"/><string name="l1" value="hallway1"/><string name="l2" value="8"/><int name="x" value="-781"/><int name="y" value="-275"/><int name="z" value="9"/><int name="f" value="0"/><int name="zM" value="87"/></imgdir><imgdir name="8"><string name="oS" value="101BuildingTW"/><string name="l0" value="101Building"/><string name="l1" value="hallway1"/><string name="l2" value="7"/><int name="x" value="-721"/><int name="y" value="-298"/><int name="z" value="9"/><int name="f" value="0"/><int name="zM" value="87"/></imgdir><imgdir name="9"><string name="oS" value="101BuildingTW"/><string name="l0" value="101Building"/><string name="l1" value="hallway1"/><string name="l2" value="8"/><int name="x" value="-663"/><int name="y" value="-275"/><int name="z" value="9"/><int name="f" value="0"/><int name="zM" value="87"/></imgdir><imgdir name="10"><string name="oS" value="101BuildingTW"/><string name="l0" value="101Building"/><string name="l1" value="hallway1"/><string name="l2" value="7"/><int name="x" value="-603"/><int name="y" value="-298"/><int name="z" value="9"/><int name="f" value="0"/><int name="zM" value="87"/></imgdir><imgdir name="11"><string name="oS" value="101BuildingTW"/><string name="l0" value="101Building"/><string name="l1" value="hallway1"/><string name="l2" value="8"/><int name="x" value="-545"/><int name="y" value="-275"/><int name="z" value="9"/><int name="f" value="0"/><int name="zM" value="87"/></imgdir><imgdir name="12"><string name="oS" value="101BuildingTW"/><string name="l0" value="101Building"/><string name="l1" value="acc"/><string name="l2" value="3"/><int name="x" value="-123"/><int name="y" value="86"/><int name="z" value="1"/><int name="f" value="0"/><int name="zM" value="58"/></imgdir><imgdir name="13"><string name="oS" value="101BuildingTW"/><string name="l0" value="101Building"/><string name="l1" value="acc"/><string name="l2" value="3"/><int name="x" value="-78"/><int name="y" value="86"/><int name="z" value="3"/><int name="f" value="0"/><int name="zM" value="58"/></imgdir><imgdir name="14"><string name="oS" value="101BuildingTW"/><string name="l0" value="101Building"/><string name="l1" value="acc"/><string name="l2" value="3"/><int name="x" value="-35"/><int name="y" value="86"/><int name="z" value="5"/><int name="f" value="0"/><int name="zM" value="58"/></imgdir><imgdir name="15"><string name="oS" value="101BuildingTW"/><string name="l0" value="101Building"/><string name="l1" value="acc"/><string name="l2" value="4"/><int name="x" value="53"/><int name="y" value="65"/><int name="z" value="9"/><int name="f" value="0"/><int name="zM" value="56"/></imgdir><imgdir name="16"><string name="oS" value="101BuildingTW"/><string name="l0" value="101Building"/><string name="l1" value="acc"/><string name="l2" value="2"/><int name="x" value="231"/><int name="y" value="86"/><int name="z" value="1"/><int name="f" value="0"/><int name="zM" value="57"/></imgdir><imgdir name="17"><string name="oS" value="101BuildingTW"/><string name="l0" value="101Building"/><string name="l1" value="acc"/><string name="l2" value="2"/><int name="x" value="185"/><int name="y" value="86"/><int name="z" value="3"/><int name="f" value="0"/><int name="zM" value="57"/></imgdir><imgdir name="18"><string name="oS" value="101BuildingTW"/><string name="l0" value="101Building"/><string name="l1" value="acc"/><string name="l2" value="2"/><int name="x" value="141"/><int name="y" value="86"/><int name="z" value="5"/><int name="f" value="0"/><int name="zM" value="57"/></imgdir></imgdir></imgdir><imgdir name="3"><imgdir name="info"></imgdir><imgdir name="tile"></imgdir><imgdir name="obj"><imgdir name="0"><string name="oS" value="101BuildingTW"/><string name="l0" value="101Building"/><string name="l1" value="escalator"/><string name="l2" value="0"/><int name="x" value="-713"/><int name="y" value="220"/><int name="z" value="9"/><int name="f" value="0"/><int name="zM" value="28"/></imgdir><imgdir name="1"><string name="oS" value="101BuildingTW"/><string name="l0" value="101Building"/><string name="l1" value="escalator"/><string name="l2" value="1"/><int name="x" value="-560"/><int name="y" value="220"/><int name="z" value="7"/><int name="f" value="0"/><int name="zM" value="28"/></imgdir><imgdir name="2"><string name="oS" value="101BuildingTW"/><string name="l0" value="101Building"/><string name="l1" value="ani"/><string name="l2" value="1"/><int name="x" value="-628"/><int name="y" value="257"/><int name="z" value="8"/><int name="f" value="0"/><int name="zM" value="28"/></imgdir><imgdir name="3"><string name="oS" value="101BuildingTW"/><string name="l0" value="101Building"/><string name="l1" value="escalator"/><string name="l2" value="2"/><int name="x" value="-676"/><int name="y" value="-110"/><int name="z" value="5"/><int name="f" value="0"/><int name="zM" value="28"/></imgdir><imgdir name="4"><string name="oS" value="101BuildingTW"/><string name="l0" value="101Building"/><string name="l1" value="escalator"/><string name="l2" value="3"/><int name="x" value="-829"/><int name="y" value="-110"/><int name="z" value="3"/><int name="f" value="0"/><int name="zM" value="28"/></imgdir><imgdir name="5"><string name="oS" value="101BuildingTW"/><string name="l0" value="101Building"/><string name="l1" value="ani"/><string name="l2" value="3"/><int name="x" value="-763"/><int name="y" value="-69"/><int name="z" value="4"/><int name="f" value="0"/><int name="zM" value="28"/></imgdir><imgdir name="6"><string name="oS" value="101BuildingTW"/><string name="l0" value="101Building"/><string name="l1" value="escalator"/><string name="l2" value="0"/><int name="x" value="674"/><int name="y" value="-110"/><int name="z" value="5"/><int name="f" value="0"/><int name="zM" value="27"/></imgdir><imgdir name="7"><string name="oS" value="101BuildingTW"/><string name="l0" value="101Building"/><string name="l1" value="escalator"/><string name="l2" value="1"/><int name="x" value="828"/><int name="y" value="-110"/><int name="z" value="3"/><int name="f" value="0"/><int name="zM" value="27"/></imgdir><imgdir name="8"><string name="oS" value="101BuildingTW"/><string name="l0" value="101Building"/><string name="l1" value="ani"/><string name="l2" value="2"/><int name="x" value="754"/><int name="y" value="-68"/><int name="z" value="4"/><int name="f" value="0"/><int name="zM" value="27"/></imgdir><imgdir name="9"><string name="oS" value="101BuildingTW"/><string name="l0" value="101Building"/><string name="l1" value="ani"/><string name="l2" value="4"/><int name="x" value="623"/><int name="y" value="258"/><int name="z" value="8"/><int name="f" value="0"/><int name="zM" value="27"/></imgdir><imgdir name="10"><string name="oS" value="101BuildingTW"/><string name="l0" value="101Building"/><string name="l1" value="escalator"/><string name="l2" value="2"/><int name="x" value="700"/><int name="y" value="220"/><int name="z" value="9"/><int name="f" value="0"/><int name="zM" value="27"/></imgdir><imgdir name="11"><string name="oS" value="101BuildingTW"/><string name="l0" value="101Building"/><string name="l1" value="escalator"/><string name="l2" value="3"/><int name="x" value="548"/><int name="y" value="218"/><int name="z" value="7"/><int name="f" value="0"/><int name="zM" value="27"/></imgdir></imgdir></imgdir><imgdir name="4"><imgdir name="info"></imgdir><imgdir name="tile"></imgdir><imgdir name="obj"><imgdir name="0"><string name="oS" value="signboard"/><string name="l0" value="market"/><string name="l1" value="arrow"/><string name="l2" value="0"/><int name="x" value="-397"/><int name="y" value="394"/><int name="z" value="9"/><int name="f" value="0"/><int name="zM" value="0"/></imgdir><imgdir name="1"><string name="oS" value="signboard"/><string name="l0" value="market"/><string name="l1" value="arrow"/><string name="l2" value="0"/><int name="x" value="-1002"/><int name="y" value="66"/><int name="z" value="9"/><int name="f" value="0"/><int name="zM" value="0"/></imgdir><imgdir name="2"><string name="oS" value="signboard"/><string name="l0" value="market"/><string name="l1" value="arrow"/><string name="l2" value="1"/><int name="x" value="675"/><int name="y" value="-301"/><int name="z" value="9"/><int name="f" value="0"/><int name="zM" value="0"/></imgdir><imgdir name="3"><string name="oS" value="signboard"/><string name="l0" value="market"/><string name="l1" value="arrow"/><string name="l2" value="1"/><int name="x" value="724"/><int name="y" value="25"/><int name="z" value="9"/><int name="f" value="0"/><int name="zM" value="0"/></imgdir></imgdir></imgdir><imgdir name="5"><imgdir name="info"></imgdir><imgdir name="tile"></imgdir><imgdir name="obj"><imgdir name="0"><string name="oS" value="101BuildingTW"/><string name="l0" value="101Building"/><string name="l1" value="tile"/><string name="l2" value="1"/><int name="x" value="834"/><int name="y" value="456"/><int name="z" value="9"/><int name="f" value="0"/><int name="zM" value="13"/></imgdir><imgdir name="1"><string name="oS" value="101BuildingTW"/><string name="l0" value="101Building"/><string name="l1" value="tile"/><string name="l2" value="3"/><int name="x" value="1001"/><int name="y" value="457"/><int name="z" value="9"/><int name="f" value="0"/><int name="zM" value="20"/></imgdir><imgdir name="2"><string name="oS" value="101BuildingTW"/><string name="l0" value="101Building"/><string name="l1" value="tile"/><string name="l2" value="2"/><int name="x" value="667"/><int name="y" value="449"/><int name="z" value="9"/><int name="f" value="0"/><int name="zM" value="24"/></imgdir><imgdir name="3"><string name="oS" value="101BuildingTW"/><string name="l0" value="101Building"/><string name="l1" value="tile"/><string name="l2" value="1"/><int name="x" value="500"/><int name="y" value="456"/><int name="z" value="9"/><int name="f" value="0"/><int name="zM" value="14"/></imgdir><imgdir name="4"><string name="oS" value="101BuildingTW"/><string name="l0" value="101Building"/><string name="l1" value="tile"/><string name="l2" value="2"/><int name="x" value="333"/><int name="y" value="449"/><int name="z" value="9"/><int name="f" value="0"/><int name="zM" value="22"/></imgdir><imgdir name="5"><string name="oS" value="101BuildingTW"/><string name="l0" value="101Building"/><string name="l1" value="tile"/><string name="l2" value="1"/><int name="x" value="166"/><int name="y" value="456"/><int name="z" value="9"/><int name="f" value="0"/><int name="zM" value="15"/></imgdir><imgdir name="6"><string name="oS" value="101BuildingTW"/><string name="l0" value="101Building"/><string name="l1" value="tile"/><string name="l2" value="2"/><int name="x" value="-1"/><int name="y" value="449"/><int name="z" value="9"/><int name="f" value="0"/><int name="zM" value="19"/></imgdir><imgdir name="7"><string name="oS" value="101BuildingTW"/><string name="l0" value="101Building"/><string name="l1" value="tile"/><string name="l2" value="1"/><int name="x" value="-168"/><int name="y" value="456"/><int name="z" value="9"/><int name="f" value="0"/><int name="zM" value="16"/></imgdir><imgdir name="8"><string name="oS" value="101BuildingTW"/><string name="l0" value="101Building"/><string name="l1" value="tile"/><string name="l2" value="2"/><int name="x" value="-335"/><int name="y" value="449"/><int name="z" value="9"/><int name="f" value="0"/><int name="zM" value="21"/></imgdir><imgdir name="9"><string name="oS" value="101BuildingTW"/><string name="l0" value="101Building"/><string name="l1" value="tile"/><string name="l2" value="1"/><int name="x" value="-502"/><int name="y" value="456"/><int name="z" value="9"/><int name="f" value="0"/><int name="zM" value="17"/></imgdir><imgdir name="10"><string name="oS" value="101BuildingTW"/><string name="l0" value="101Building"/><string name="l1" value="tile"/><string name="l2" value="2"/><int name="x" value="-669"/><int name="y" value="449"/><int name="z" value="9"/><int name="f" value="0"/><int name="zM" value="23"/></imgdir><imgdir name="11"><string name="oS" value="101BuildingTW"/><string name="l0" value="101Building"/><string name="l1" value="tile"/><string name="l2" value="1"/><int name="x" value="-836"/><int name="y" value="456"/><int name="z" value="9"/><int name="f" value="0"/><int name="zM" value="18"/></imgdir><imgdir name="12"><string name="oS" value="101BuildingTW"/><string name="l0" value="101Building"/><string name="l1" value="tile"/><string name="l2" value="3"/><int name="x" value="-1003"/><int name="y" value="457"/><int name="z" value="9"/><int name="f" value="0"/><int name="zM" value="25"/></imgdir><imgdir name="13"><string name="oS" value="101BuildingTW"/><string name="l0" value="101Building"/><string name="l1" value="tile"/><string name="l2" value="3"/><int name="x" value="1001"/><int name="y" value="129"/><int name="z" value="9"/><int name="f" value="0"/><int name="zM" value="47"/></imgdir><imgdir name="15"><string name="oS" value="101BuildingTW"/><string name="l0" value="101Building"/><string name="l1" value="tile"/><string name="l2" value="1"/><int name="x" value="834"/><int name="y" value="128"/><int name="z" value="9"/><int name="f" value="0"/><int name="zM" value="41"/></imgdir><imgdir name="16"><string name="oS" value="101BuildingTW"/><string name="l0" value="101Building"/><string name="l1" value="tile"/><string name="l2" value="2"/><int name="x" value="667"/><int name="y" value="121"/><int name="z" value="9"/><int name="f" value="0"/><int name="zM" value="49"/></imgdir><imgdir name="17"><string name="oS" value="101BuildingTW"/><string name="l0" value="101Building"/><string name="l1" value="tile"/><string name="l2" value="1"/><int name="x" value="500"/><int name="y" value="128"/><int name="z" value="9"/><int name="f" value="0"/><int name="zM" value="42"/></imgdir><imgdir name="18"><string name="oS" value="101BuildingTW"/><string name="l0" value="101Building"/><string name="l1" value="tile"/><string name="l2" value="2"/><int name="x" value="333"/><int name="y" value="121"/><int name="z" value="9"/><int name="f" value="0"/><int name="zM" value="52"/></imgdir><imgdir name="19"><string name="oS" value="101BuildingTW"/><string name="l0" value="101Building"/><string name="l1" value="tile"/><string name="l2" value="1"/><int name="x" value="166"/><int name="y" value="128"/><int name="z" value="9"/><int name="f" value="0"/><int name="zM" value="43"/></imgdir><imgdir name="20"><string name="oS" value="101BuildingTW"/><string name="l0" value="101Building"/><string name="l1" value="tile"/><string name="l2" value="2"/><int name="x" value="-1"/><int name="y" value="121"/><int name="z" value="9"/><int name="f" value="0"/><int name="zM" value="48"/></imgdir><imgdir name="21"><string name="oS" value="101BuildingTW"/><string name="l0" value="101Building"/><string name="l1" value="tile"/><string name="l2" value="1"/><int name="x" value="-168"/><int name="y" value="128"/><int name="z" value="9"/><int name="f" value="0"/><int name="zM" value="44"/></imgdir><imgdir name="22"><string name="oS" value="101BuildingTW"/><string name="l0" value="101Building"/><string name="l1" value="tile"/><string name="l2" value="2"/><int name="x" value="-335"/><int name="y" value="121"/><int name="z" value="9"/><int name="f" value="0"/><int name="zM" value="50"/></imgdir><imgdir name="23"><string name="oS" value="101BuildingTW"/><string name="l0" value="101Building"/><string name="l1" value="tile"/><string name="l2" value="1"/><int name="x" value="-502"/><int name="y" value="128"/><int name="z" value="9"/><int name="f" value="0"/><int name="zM" value="45"/></imgdir><imgdir name="24"><string name="oS" value="101BuildingTW"/><string name="l0" value="101Building"/><string name="l1" value="tile"/><string name="l2" value="1"/><int name="x" value="-836"/><int name="y" value="128"/><int name="z" value="9"/><int name="f" value="0"/><int name="zM" value="46"/></imgdir><imgdir name="25"><string name="oS" value="101BuildingTW"/><string name="l0" value="101Building"/><string name="l1" value="tile"/><string name="l2" value="2"/><int name="x" value="-669"/><int name="y" value="121"/><int name="z" value="9"/><int name="f" value="0"/><int name="zM" value="53"/></imgdir><imgdir name="14"><string name="oS" value="101BuildingTW"/><string name="l0" value="101Building"/><string name="l1" value="tile"/><string name="l2" value="3"/><int name="x" value="-1003"/><int name="y" value="129"/><int name="z" value="9"/><int name="f" value="0"/><int name="zM" value="51"/></imgdir><imgdir name="30"><string name="oS" value="101BuildingTW"/><string name="l0" value="101Building"/><string name="l1" value="tile"/><string name="l2" value="3"/><int name="x" value="1001"/><int name="y" value="-203"/><int name="z" value="9"/><int name="f" value="0"/><int name="zM" value="80"/></imgdir><imgdir name="32"><string name="oS" value="101BuildingTW"/><string name="l0" value="101Building"/><string name="l1" value="tile"/><string name="l2" value="1"/><int name="x" value="834"/><int name="y" value="-204"/><int name="z" value="9"/><int name="f" value="0"/><int name="zM" value="72"/></imgdir><imgdir name="33"><string name="oS" value="101BuildingTW"/><string name="l0" value="101Building"/><string name="l1" value="tile"/><string name="l2" value="2"/><int name="x" value="667"/><int name="y" value="-211"/><int name="z" value="9"/><int name="f" value="0"/><int name="zM" value="77"/></imgdir><imgdir name="34"><string name="oS" value="101BuildingTW"/><string name="l0" value="101Building"/><string name="l1" value="tile"/><string name="l2" value="1"/><int name="x" value="500"/><int name="y" value="-204"/><int name="z" value="9"/><int name="f" value="0"/><int name="zM" value="73"/></imgdir><imgdir name="35"><string name="oS" value="101BuildingTW"/><string name="l0" value="101Building"/><string name="l1" value="tile"/><string name="l2" value="2"/><int name="x" value="333"/><int name="y" value="-211"/><int name="z" value="9"/><int name="f" value="0"/><int name="zM" value="79"/></imgdir><imgdir name="36"><string name="oS" value="101BuildingTW"/><string name="l0" value="101Building"/><string name="l1" value="tile"/><string name="l2" value="1"/><int name="x" value="166"/><int name="y" value="-204"/><int name="z" value="9"/><int name="f" value="0"/><int name="zM" value="74"/></imgdir><imgdir name="37"><string name="oS" value="101BuildingTW"/><string name="l0" value="101Building"/><string name="l1" value="tile"/><string name="l2" value="2"/><int name="x" value="-1"/><int name="y" value="-211"/><int name="z" value="9"/><int name="f" value="0"/><int name="zM" value="81"/></imgdir><imgdir name="38"><string name="oS" value="101BuildingTW"/><string name="l0" value="101Building"/><string name="l1" value="tile"/><string name="l2" value="1"/><int name="x" value="-168"/><int name="y" value="-204"/><int name="z" value="9"/><int name="f" value="0"/><int name="zM" value="75"/></imgdir><imgdir name="26"><string name="oS" value="101BuildingTW"/><string name="l0" value="101Building"/><string name="l1" value="tile"/><string name="l2" value="3"/><int name="x" value="-1003"/><int name="y" value="-203"/><int name="z" value="9"/><int name="f" value="0"/><int name="zM" value="76"/></imgdir><imgdir name="28"><string name="oS" value="101BuildingTW"/><string name="l0" value="101Building"/><string name="l1" value="tile"/><string name="l2" value="1"/><int name="x" value="-836"/><int name="y" value="-204"/><int name="z" value="9"/><int name="f" value="0"/><int name="zM" value="71"/></imgdir><imgdir name="29"><string name="oS" value="101BuildingTW"/><string name="l0" value="101Building"/><string name="l1" value="tile"/><string name="l2" value="2"/><int name="x" value="-669"/><int name="y" value="-211"/><int name="z" value="9"/><int name="f" value="0"/><int name="zM" value="78"/></imgdir><imgdir name="27"><string name="oS" value="101BuildingTW"/><string name="l0" value="101Building"/><string name="l1" value="tile"/><string name="l2" value="1"/><int name="x" value="-502"/><int name="y" value="-204"/><int name="z" value="9"/><int name="f" value="0"/><int name="zM" value="70"/></imgdir><imgdir name="31"><string name="oS" value="101BuildingTW"/><string name="l0" value="101Building"/><string name="l1" value="tile"/><string name="l2" value="2"/><int name="x" value="-335"/><int name="y" value="-211"/><int name="z" value="9"/><int name="f" value="0"/><int name="zM" value="82"/></imgdir><imgdir name="39"><string name="oS" value="101BuildingTW"/><string name="l0" value="101Building"/><string name="l1" value="tile"/><string name="l2" value="3"/><int name="x" value="-1003"/><int name="y" value="-531"/><int name="z" value="9"/><int name="f" value="0"/><int name="zM" value="99"/></imgdir><imgdir name="40"><string name="oS" value="101BuildingTW"/><string name="l0" value="101Building"/><string name="l1" value="tile"/><string name="l2" value="1"/><int name="x" value="-836"/><int name="y" value="-532"/><int name="z" value="9"/><int name="f" value="0"/><int name="zM" value="92"/></imgdir><imgdir name="41"><string name="oS" value="101BuildingTW"/><string name="l0" value="101Building"/><string name="l1" value="tile"/><string name="l2" value="2"/><int name="x" value="-669"/><int name="y" value="-539"/><int name="z" value="9"/><int name="f" value="0"/><int name="zM" value="103"/></imgdir><imgdir name="42"><string name="oS" value="101BuildingTW"/><string name="l0" value="101Building"/><string name="l1" value="tile"/><string name="l2" value="1"/><int name="x" value="-502"/><int name="y" value="-532"/><int name="z" value="9"/><int name="f" value="0"/><int name="zM" value="93"/></imgdir><imgdir name="43"><string name="oS" value="101BuildingTW"/><string name="l0" value="101Building"/><string name="l1" value="tile"/><string name="l2" value="2"/><int name="x" value="-335"/><int name="y" value="-539"/><int name="z" value="9"/><int name="f" value="0"/><int name="zM" value="101"/></imgdir><imgdir name="44"><string name="oS" value="101BuildingTW"/><string name="l0" value="101Building"/><string name="l1" value="tile"/><string name="l2" value="1"/><int name="x" value="-168"/><int name="y" value="-532"/><int name="z" value="9"/><int name="f" value="0"/><int name="zM" value="94"/></imgdir><imgdir name="45"><string name="oS" value="101BuildingTW"/><string name="l0" value="101Building"/><string name="l1" value="tile"/><string name="l2" value="2"/><int name="x" value="-1"/><int name="y" value="-539"/><int name="z" value="9"/><int name="f" value="0"/><int name="zM" value="98"/></imgdir><imgdir name="46"><string name="oS" value="101BuildingTW"/><string name="l0" value="101Building"/><string name="l1" value="tile"/><string name="l2" value="1"/><int name="x" value="166"/><int name="y" value="-532"/><int name="z" value="9"/><int name="f" value="0"/><int name="zM" value="95"/></imgdir><imgdir name="47"><string name="oS" value="101BuildingTW"/><string name="l0" value="101Building"/><string name="l1" value="tile"/><string name="l2" value="2"/><int name="x" value="333"/><int name="y" value="-539"/><int name="z" value="9"/><int name="f" value="0"/><int name="zM" value="100"/></imgdir><imgdir name="48"><string name="oS" value="101BuildingTW"/><string name="l0" value="101Building"/><string name="l1" value="tile"/><string name="l2" value="1"/><int name="x" value="500"/><int name="y" value="-532"/><int name="z" value="9"/><int name="f" value="0"/><int name="zM" value="96"/></imgdir><imgdir name="49"><string name="oS" value="101BuildingTW"/><string name="l0" value="101Building"/><string name="l1" value="tile"/><string name="l2" value="2"/><int name="x" value="667"/><int name="y" value="-539"/><int name="z" value="9"/><int name="f" value="0"/><int name="zM" value="102"/></imgdir><imgdir name="50"><string name="oS" value="101BuildingTW"/><string name="l0" value="101Building"/><string name="l1" value="tile"/><string name="l2" value="1"/><int name="x" value="834"/><int name="y" value="-532"/><int name="z" value="9"/><int name="f" value="0"/><int name="zM" value="97"/></imgdir><imgdir name="51"><string name="oS" value="101BuildingTW"/><string name="l0" value="101Building"/><string name="l1" value="tile"/><string name="l2" value="3"/><int name="x" value="1001"/><int name="y" value="-531"/><int name="z" value="9"/><int name="f" value="0"/><int name="zM" value="104"/></imgdir></imgdir></imgdir><imgdir name="6"><imgdir name="info"></imgdir><imgdir name="tile"></imgdir><imgdir name="obj"></imgdir></imgdir><imgdir name="7"><imgdir name="info"></imgdir><imgdir name="tile"></imgdir><imgdir name="obj"></imgdir></imgdir><imgdir name="foothold"><imgdir name="1"><imgdir name="83"><imgdir name="1"><int name="x1" value="-450"/><int name="y1" value="-467"/><int name="x2" value="-450"/><int name="y2" value="-317"/><int name="prev" value="0"/><int name="next" value="2"/></imgdir><imgdir name="2"><int name="x1" value="-450"/><int name="y1" value="-317"/><int name="x2" value="-417"/><int name="y2" value="-317"/><int name="prev" value="1"/><int name="next" value="0"/></imgdir><imgdir name="3"><int name="x1" value="-243"/><int name="y1" value="-298"/><int name="x2" value="-196"/><int name="y2" value="-298"/><int name="prev" value="0"/><int name="next" value="4"/></imgdir><imgdir name="4"><int name="x1" value="-196"/><int name="y1" value="-298"/><int name="x2" value="-196"/><int name="y2" value="-317"/><int name="prev" value="3"/><int name="next" value="5"/></imgdir><imgdir name="5"><int name="x1" value="-196"/><int name="y1" value="-317"/><int name="x2" value="-133"/><int name="y2" value="-317"/><int name="prev" value="4"/><int name="next" value="6"/></imgdir><imgdir name="6"><int name="x1" value="-133"/><int name="y1" value="-317"/><int name="x2" value="-133"/><int name="y2" value="-474"/><int name="prev" value="5"/><int name="next" value="0"/></imgdir><imgdir name="7"><int name="x1" value="-390"/><int name="y1" value="-317"/><int name="x2" value="-326"/><int name="y2" value="-317"/><int name="prev" value="0"/><int name="next" value="8"/></imgdir><imgdir name="8"><int name="x1" value="-326"/><int name="y1" value="-317"/><int name="x2" value="-327"/><int name="y2" value="-299"/><int name="prev" value="7"/><int name="next" value="9"/></imgdir><imgdir name="9"><int name="x1" value="-327"/><int name="y1" value="-299"/><int name="x2" value="-285"/><int name="y2" value="-299"/><int name="prev" value="8"/><int name="next" value="0"/></imgdir></imgdir><imgdir name="85"><imgdir name="10"><int name="x1" value="99"/><int name="y1" value="-302"/><int name="x2" value="287"/><int name="y2" value="-302"/><int name="prev" value="0"/><int name="next" value="0"/></imgdir><imgdir name="11"><int name="x1" value="291"/><int name="y1" value="-302"/><int name="x2" value="857"/><int name="y2" value="-302"/><int name="prev" value="0"/><int name="next" value="0"/></imgdir><imgdir name="12"><int name="x1" value="863"/><int name="y1" value="-302"/><int name="x2" value="1051"/><int name="y2" value="-302"/><int name="prev" value="0"/><int name="next" value="0"/></imgdir></imgdir></imgdir><imgdir name="2"><imgdir name="87"><imgdir name="13"><int name="x1" value="-1009"/><int name="y1" value="-303"/><int name="x2" value="-905"/><int name="y2" value="-303"/><int name="prev" value="14"/><int name="next" value="0"/></imgdir><imgdir name="14"><int name="x1" value="-1085"/><int name="y1" value="-303"/><int name="x2" value="-1009"/><int name="y2" value="-303"/><int name="prev" value="0"/><int name="next" value="13"/></imgdir><imgdir name="15"><int name="x1" value="-891"/><int name="y1" value="-303"/><int name="x2" value="-787"/><int name="y2" value="-303"/><int name="prev" value="0"/><int name="next" value="0"/></imgdir></imgdir><imgdir name="58"><imgdir name="16"><int name="x1" value="-154"/><int name="y1" value="79"/><int name="x2" value="-93"/><int name="y2" value="79"/><int name="prev" value="0"/><int name="next" value="17"/></imgdir><imgdir name="17"><int name="x1" value="-93"/><int name="y1" value="79"/><int name="x2" value="-48"/><int name="y2" value="79"/><int name="prev" value="16"/><int name="next" value="18"/></imgdir><imgdir name="18"><int name="x1" value="-48"/><int name="y1" value="79"/><int name="x2" value="-5"/><int name="y2" value="79"/><int name="prev" value="17"/><int name="next" value="0"/></imgdir></imgdir><imgdir name="57"><imgdir name="19"><int name="x1" value="202"/><int name="y1" value="79"/><int name="x2" value="263"/><int name="y2" value="79"/><int name="prev" value="20"/><int name="next" value="0"/></imgdir><imgdir name="20"><int name="x1" value="156"/><int name="y1" value="79"/><int name="x2" value="202"/><int name="y2" value="79"/><int name="prev" value="21"/><int name="next" value="19"/></imgdir><imgdir name="21"><int name="x1" value="112"/><int name="y1" value="79"/><int name="x2" value="156"/><int name="y2" value="79"/><int name="prev" value="0"/><int name="next" value="20"/></imgdir></imgdir></imgdir><imgdir name="5"><imgdir name="13"><imgdir name="22"><int name="x1" value="751"/><int name="y1" value="421"/><int name="x2" value="918"/><int name="y2" value="421"/><int name="prev" value="24"/><int name="next" value="23"/></imgdir></imgdir><imgdir name="20"><imgdir name="23"><int name="x1" value="918"/><int name="y1" value="421"/><int name="x2" value="1085"/><int name="y2" value="421"/><int name="prev" value="22"/><int name="next" value="0"/></imgdir></imgdir><imgdir name="24"><imgdir name="24"><int name="x1" value="584"/><int name="y1" value="421"/><int name="x2" value="751"/><int name="y2" value="421"/><int name="prev" value="25"/><int name="next" value="22"/></imgdir></imgdir><imgdir name="14"><imgdir name="25"><int name="x1" value="417"/><int name="y1" value="421"/><int name="x2" value="584"/><int name="y2" value="421"/><int name="prev" value="26"/><int name="next" value="24"/></imgdir></imgdir><imgdir name="22"><imgdir name="26"><int name="x1" value="250"/><int name="y1" value="421"/><int name="x2" value="417"/><int name="y2" value="421"/><int name="prev" value="27"/><int name="next" value="25"/></imgdir></imgdir><imgdir name="15"><imgdir name="27"><int name="x1" value="83"/><int name="y1" value="421"/><int name="x2" value="250"/><int name="y2" value="421"/><int name="prev" value="28"/><int name="next" value="26"/></imgdir></imgdir><imgdir name="19"><imgdir name="28"><int name="x1" value="-84"/><int name="y1" value="421"/><int name="x2" value="83"/><int name="y2" value="421"/><int name="prev" value="29"/><int name="next" value="27"/></imgdir></imgdir><imgdir name="16"><imgdir name="29"><int name="x1" value="-251"/><int name="y1" value="421"/><int name="x2" value="-84"/><int name="y2" value="421"/><int name="prev" value="30"/><int name="next" value="28"/></imgdir></imgdir><imgdir name="21"><imgdir name="30"><int name="x1" value="-418"/><int name="y1" value="421"/><int name="x2" value="-251"/><int name="y2" value="421"/><int name="prev" value="31"/><int name="next" value="29"/></imgdir></imgdir><imgdir name="17"><imgdir name="31"><int name="x1" value="-585"/><int name="y1" value="421"/><int name="x2" value="-418"/><int name="y2" value="421"/><int name="prev" value="32"/><int name="next" value="30"/></imgdir></imgdir><imgdir name="23"><imgdir name="32"><int name="x1" value="-752"/><int name="y1" value="421"/><int name="x2" value="-585"/><int name="y2" value="421"/><int name="prev" value="33"/><int name="next" value="31"/></imgdir></imgdir><imgdir name="18"><imgdir name="33"><int name="x1" value="-919"/><int name="y1" value="421"/><int name="x2" value="-752"/><int name="y2" value="421"/><int name="prev" value="34"/><int name="next" value="32"/></imgdir></imgdir><imgdir name="25"><imgdir name="34"><int name="x1" value="-1086"/><int name="y1" value="421"/><int name="x2" value="-919"/><int name="y2" value="421"/><int name="prev" value="0"/><int name="next" value="33"/></imgdir></imgdir><imgdir name="47"><imgdir name="35"><int name="x1" value="918"/><int name="y1" value="93"/><int name="x2" value="1085"/><int name="y2" value="93"/><int name="prev" value="37"/><int name="next" value="0"/></imgdir></imgdir><imgdir name="51"><imgdir name="36"><int name="x1" value="-1086"/><int name="y1" value="93"/><int name="x2" value="-919"/><int name="y2" value="93"/><int name="prev" value="0"/><int name="next" value="46"/></imgdir></imgdir><imgdir name="41"><imgdir name="37"><int name="x1" value="751"/><int name="y1" value="93"/><int name="x2" value="918"/><int name="y2" value="93"/><int name="prev" value="38"/><int name="next" value="35"/></imgdir></imgdir><imgdir name="49"><imgdir name="38"><int name="x1" value="584"/><int name="y1" value="93"/><int name="x2" value="751"/><int name="y2" value="93"/><int name="prev" value="39"/><int name="next" value="37"/></imgdir></imgdir><imgdir name="42"><imgdir name="39"><int name="x1" value="417"/><int name="y1" value="93"/><int name="x2" value="584"/><int name="y2" value="93"/><int name="prev" value="40"/><int name="next" value="38"/></imgdir></imgdir><imgdir name="52"><imgdir name="40"><int name="x1" value="250"/><int name="y1" value="93"/><int name="x2" value="417"/><int name="y2" value="93"/><int name="prev" value="41"/><int name="next" value="39"/></imgdir></imgdir><imgdir name="43"><imgdir name="41"><int name="x1" value="83"/><int name="y1" value="93"/><int name="x2" value="250"/><int name="y2" value="93"/><int name="prev" value="42"/><int name="next" value="40"/></imgdir></imgdir><imgdir name="48"><imgdir name="42"><int name="x1" value="-84"/><int name="y1" value="93"/><int name="x2" value="83"/><int name="y2" value="93"/><int name="prev" value="43"/><int name="next" value="41"/></imgdir></imgdir><imgdir name="44"><imgdir name="43"><int name="x1" value="-251"/><int name="y1" value="93"/><int name="x2" value="-84"/><int name="y2" value="93"/><int name="prev" value="44"/><int name="next" value="42"/></imgdir></imgdir><imgdir name="50"><imgdir name="44"><int name="x1" value="-418"/><int name="y1" value="93"/><int name="x2" value="-251"/><int name="y2" value="93"/><int name="prev" value="45"/><int name="next" value="43"/></imgdir></imgdir><imgdir name="45"><imgdir name="45"><int name="x1" value="-585"/><int name="y1" value="93"/><int name="x2" value="-418"/><int name="y2" value="93"/><int name="prev" value="47"/><int name="next" value="44"/></imgdir></imgdir><imgdir name="46"><imgdir name="46"><int name="x1" value="-919"/><int name="y1" value="93"/><int name="x2" value="-752"/><int name="y2" value="93"/><int name="prev" value="36"/><int name="next" value="47"/></imgdir></imgdir><imgdir name="53"><imgdir name="47"><int name="x1" value="-752"/><int name="y1" value="93"/><int name="x2" value="-585"/><int name="y2" value="93"/><int name="prev" value="46"/><int name="next" value="45"/></imgdir></imgdir><imgdir name="76"><imgdir name="48"><int name="x1" value="-1086"/><int name="y1" value="-239"/><int name="x2" value="-919"/><int name="y2" value="-239"/><int name="prev" value="0"/><int name="next" value="50"/></imgdir></imgdir><imgdir name="70"><imgdir name="49"><int name="x1" value="-585"/><int name="y1" value="-239"/><int name="x2" value="-418"/><int name="y2" value="-239"/><int name="prev" value="51"/><int name="next" value="53"/></imgdir></imgdir><imgdir name="71"><imgdir name="50"><int name="x1" value="-919"/><int name="y1" value="-239"/><int name="x2" value="-752"/><int name="y2" value="-239"/><int name="prev" value="48"/><int name="next" value="51"/></imgdir></imgdir><imgdir name="78"><imgdir name="51"><int name="x1" value="-752"/><int name="y1" value="-239"/><int name="x2" value="-585"/><int name="y2" value="-239"/><int name="prev" value="50"/><int name="next" value="49"/></imgdir></imgdir><imgdir name="80"><imgdir name="52"><int name="x1" value="918"/><int name="y1" value="-239"/><int name="x2" value="1085"/><int name="y2" value="-239"/><int name="prev" value="54"/><int name="next" value="0"/></imgdir></imgdir><imgdir name="82"><imgdir name="53"><int name="x1" value="-418"/><int name="y1" value="-239"/><int name="x2" value="-251"/><int name="y2" value="-239"/><int name="prev" value="49"/><int name="next" value="60"/></imgdir></imgdir><imgdir name="72"><imgdir name="54"><int name="x1" value="751"/><int name="y1" value="-239"/><int name="x2" value="918"/><int name="y2" value="-239"/><int name="prev" value="55"/><int name="next" value="52"/></imgdir></imgdir><imgdir name="77"><imgdir name="55"><int name="x1" value="584"/><int name="y1" value="-239"/><int name="x2" value="751"/><int name="y2" value="-239"/><int name="prev" value="56"/><int name="next" value="54"/></imgdir></imgdir><imgdir name="73"><imgdir name="56"><int name="x1" value="417"/><int name="y1" value="-239"/><int name="x2" value="584"/><int name="y2" value="-239"/><int name="prev" value="57"/><int name="next" value="55"/></imgdir></imgdir><imgdir name="79"><imgdir name="57"><int name="x1" value="250"/><int name="y1" value="-239"/><int name="x2" value="417"/><int name="y2" value="-239"/><int name="prev" value="58"/><int name="next" value="56"/></imgdir></imgdir><imgdir name="74"><imgdir name="58"><int name="x1" value="83"/><int name="y1" value="-239"/><int name="x2" value="250"/><int name="y2" value="-239"/><int name="prev" value="59"/><int name="next" value="57"/></imgdir></imgdir><imgdir name="81"><imgdir name="59"><int name="x1" value="-84"/><int name="y1" value="-239"/><int name="x2" value="83"/><int name="y2" value="-239"/><int name="prev" value="60"/><int name="next" value="58"/></imgdir></imgdir><imgdir name="75"><imgdir name="60"><int name="x1" value="-251"/><int name="y1" value="-239"/><int name="x2" value="-84"/><int name="y2" value="-239"/><int name="prev" value="53"/><int name="next" value="59"/></imgdir></imgdir><imgdir name="99"><imgdir name="61"><int name="x1" value="-1086"/><int name="y1" value="-567"/><int name="x2" value="-919"/><int name="y2" value="-567"/><int name="prev" value="0"/><int name="next" value="62"/></imgdir></imgdir><imgdir name="92"><imgdir name="62"><int name="x1" value="-919"/><int name="y1" value="-567"/><int name="x2" value="-752"/><int name="y2" value="-567"/><int name="prev" value="61"/><int name="next" value="63"/></imgdir></imgdir><imgdir name="103"><imgdir name="63"><int name="x1" value="-752"/><int name="y1" value="-567"/><int name="x2" value="-585"/><int name="y2" value="-567"/><int name="prev" value="62"/><int name="next" value="64"/></imgdir></imgdir><imgdir name="93"><imgdir name="64"><int name="x1" value="-585"/><int name="y1" value="-567"/><int name="x2" value="-418"/><int name="y2" value="-567"/><int name="prev" value="63"/><int name="next" value="65"/></imgdir></imgdir><imgdir name="101"><imgdir name="65"><int name="x1" value="-418"/><int name="y1" value="-567"/><int name="x2" value="-251"/><int name="y2" value="-567"/><int name="prev" value="64"/><int name="next" value="66"/></imgdir></imgdir><imgdir name="94"><imgdir name="66"><int name="x1" value="-251"/><int name="y1" value="-567"/><int name="x2" value="-84"/><int name="y2" value="-567"/><int name="prev" value="65"/><int name="next" value="67"/></imgdir></imgdir><imgdir name="98"><imgdir name="67"><int name="x1" value="-84"/><int name="y1" value="-567"/><int name="x2" value="83"/><int name="y2" value="-567"/><int name="prev" value="66"/><int name="next" value="68"/></imgdir></imgdir><imgdir name="95"><imgdir name="68"><int name="x1" value="83"/><int name="y1" value="-567"/><int name="x2" value="250"/><int name="y2" value="-567"/><int name="prev" value="67"/><int name="next" value="69"/></imgdir></imgdir><imgdir name="100"><imgdir name="69"><int name="x1" value="250"/><int name="y1" value="-567"/><int name="x2" value="417"/><int name="y2" value="-567"/><int name="prev" value="68"/><int name="next" value="70"/></imgdir></imgdir><imgdir name="96"><imgdir name="70"><int name="x1" value="417"/><int name="y1" value="-567"/><int name="x2" value="584"/><int name="y2" value="-567"/><int name="prev" value="69"/><int name="next" value="71"/></imgdir></imgdir><imgdir name="102"><imgdir name="71"><int name="x1" value="584"/><int name="y1" value="-567"/><int name="x2" value="751"/><int name="y2" value="-567"/><int name="prev" value="70"/><int name="next" value="72"/></imgdir></imgdir><imgdir name="97"><imgdir name="72"><int name="x1" value="751"/><int name="y1" value="-567"/><int name="x2" value="918"/><int name="y2" value="-567"/><int name="prev" value="71"/><int name="next" value="73"/></imgdir></imgdir><imgdir name="104"><imgdir name="73"><int name="x1" value="918"/><int name="y1" value="-567"/><int name="x2" value="1085"/><int name="y2" value="-567"/><int name="prev" value="72"/><int name="next" value="0"/></imgdir></imgdir></imgdir></imgdir><imgdir name="ladderRope"></imgdir><imgdir name="miniMap"><canvas name="canvas" width="141" height="80"></canvas><int name="width" value="2269"/><int name="height" value="1287"/><int name="centerX" value="1134"/><int name="centerY" value="733"/><int name="mag" value="4"/></imgdir><imgdir name="portal"><imgdir name="0"><string name="pn" value="sp"/><int name="pt" value="0"/><int name="x" value="685"/><int name="y" value="-49"/><int name="tm" value="999999999"/><string name="tn" value=""/></imgdir><imgdir name="1"><string name="pn" value="sp"/><int name="pt" value="0"/><int name="x" value="-904"/><int name="y" value="293"/><int name="tm" value="999999999"/><string name="tn" value=""/></imgdir><imgdir name="2"><string name="pn" value="sp"/><int name="pt" value="0"/><int name="x" value="-650"/><int name="y" value="-49"/><int name="tm" value="999999999"/><string name="tn" value=""/></imgdir><imgdir name="3"><string name="pn" value="sp"/><int name="pt" value="0"/><int name="x" value="152"/><int name="y" value="-46"/><int name="tm" value="999999999"/><string name="tn" value=""/></imgdir><imgdir name="4"><string name="pn" value="sp"/><int name="pt" value="0"/><int name="x" value="101"/><int name="y" value="284"/><int name="tm" value="999999999"/><string name="tn" value=""/></imgdir><imgdir name="5"><string name="pn" value="sp"/><int name="pt" value="0"/><int name="x" value="815"/><int name="y" value="302"/><int name="tm" value="999999999"/><string name="tn" value=""/></imgdir><imgdir name="6"><string name="pn" value="move00"/><int name="pt" value="1"/><int name="x" value="-401"/><int name="y" value="418"/><int name="tm" value="742010200"/><string name="tn" value="move01"/></imgdir><imgdir name="7"><string name="pn" value="move01"/><int name="pt" value="1"/><int name="x" value="-980"/><int name="y" value="91"/><int name="tm" value="742010200"/><string name="tn" value="move02"/></imgdir><imgdir name="8"><string name="pn" value="move02"/><int name="pt" value="1"/><int name="x" value="-515"/><int name="y" value="-242"/><int name="tm" value="742010200"/><string name="tn" value="move10"/></imgdir><imgdir name="9"><string name="pn" value="move03"/><int name="pt" value="1"/><int name="x" value="687"/><int name="y" value="-241"/><int name="tm" value="742010200"/><string name="tn" value="move04"/></imgdir><imgdir name="10"><string name="pn" value="move04"/><int name="pt" value="1"/><int name="x" value="718"/><int name="y" value="91"/><int name="tm" value="742010200"/><string name="tn" value="move05"/></imgdir><imgdir name="11"><string name="pn" value="move05"/><int name="pt" value="1"/><int name="x" value="392"/><int name="y" value="418"/><int name="tm" value="742010200"/><string name="tn" value="move10"/></imgdir><imgdir name="12"><string name="pn" value="west00"/><int name="pt" value="2"/><int name="x" value="-1042"/><int name="y" value="-240"/><int name="tm" value="742010203"/><string name="tn" value="east00"/></imgdir><imgdir name="13"><string name="pn" value="east00"/><int name="pt" value="2"/><int name="x" value="1039"/><int name="y" value="420"/><int name="tm" value="742010201"/><string name="tn" value="west00"/></imgdir><imgdir name="14"><string name="pn" value="bottom00"/><int name="pt" value="2"/><int name="x" value="228"/><int name="y" value="421"/><int name="tm" value="742010100"/><string name="tn" value="top00"/></imgdir></imgdir></imgdir>