<?xml version="1.0" encoding="UTF-8" standalone="yes"?><imgdir name="742010000.img"><imgdir name="info"><int name="version" value="10"/><int name="cloud" value="0"/><int name="town" value="0"/><int name="swim" value="0"/><int name="returnMap" value="742000000"/><int name="forcedReturn" value="999999999"/><float name="mobRate" value="1.0"/><string name="bgm" value="BgmTW/101BuildingField"/><string name="mapMark" value="101BuildingTW"/><int name="hideMinimap" value="0"/><int name="fieldLimit" value="0"/><int name="VRTop" value="-233"/><int name="VRLeft" value="-1240"/><int name="VRBottom" value="540"/><int name="VRRight" value="1240"/></imgdir><imgdir name="back"><imgdir name="0"><string name="bS" value="NightMarketTW"/><int name="front" value="0"/><int name="ani" value="0"/><int name="no" value="2"/><int name="f" value="0"/><int name="x" value="0"/><int name="y" value="0"/><int name="rx" value="0"/><int name="ry" value="0"/><int name="type" value="1"/><int name="cx" value="0"/><int name="cy" value="0"/><int name="a" value="255"/></imgdir><imgdir name="1"><string name="bS" value="NightMarketTW"/><int name="front" value="0"/><int name="ani" value="1"/><int name="no" value="0"/><int name="f" value="0"/><int name="x" value="16"/><int name="y" value="-283"/><int name="rx" value="-80"/><int name="ry" value="-100"/><int name="type" value="3"/><int name="cx" value="800"/><int name="cy" value="0"/><int name="a" value="255"/></imgdir><imgdir name="2"><string name="bS" value="NightMarketTW"/><int name="front" value="0"/><int name="ani" value="1"/><int name="no" value="0"/><int name="f" value="0"/><int name="x" value="-377"/><int name="y" value="-75"/><int name="rx" value="-80"/><int name="ry" value="-100"/><int name="type" value="3"/><int name="cx" value="800"/><int name="cy" value="0"/><int name="a" value="255"/></imgdir><imgdir name="3"><string name="bS" value="101BuildingTW"/><int name="front" value="0"/><int name="ani" value="0"/><int name="no" value="1"/><int name="f" value="0"/><int name="x" value="0"/><int name="y" value="-134"/><int name="rx" value="-8"/><int name="ry" value="-80"/><int name="type" value="0"/><int name="cx" value="0"/><int name="cy" value="0"/><int name="a" value="255"/></imgdir><imgdir name="4"><string name="bS" value="101BuildingTW"/><int name="front" value="0"/><int name="ani" value="0"/><int name="no" value="0"/><int name="f" value="0"/><int name="x" value="0"/><int name="y" value="205"/><int name="rx" value="-8"/><int name="ry" value="-100"/><int name="type" value="0"/><int name="cx" value="0"/><int name="cy" value="0"/><int name="a" value="255"/></imgdir></imgdir><imgdir name="life"><imgdir name="0"><string name="type" value="m"/><string name="id" value="9410022"/><int name="x" value="-1063"/><int name="y" value="405"/><int name="mobTime" value="0"/><int name="f" value="0"/><int name="hide" value="0"/><int name="fh" value="31"/><int name="cy" value="421"/><int name="rx0" value="-1066"/><int name="rx1" value="-939"/></imgdir><imgdir name="1"><string name="type" value="m"/><string name="id" value="9410022"/><int name="x" value="-787"/><int name="y" value="413"/><int name="mobTime" value="0"/><int name="f" value="0"/><int name="hide" value="0"/><int name="fh" value="15"/><int name="cy" value="421"/><int name="rx0" value="-899"/><int name="rx1" value="-772"/></imgdir><imgdir name="2"><string name="type" value="m"/><string name="id" value="9410022"/><int name="x" value="-418"/><int name="y" value="400"/><int name="mobTime" value="0"/><int name="f" value="0"/><int name="hide" value="0"/><int name="fh" value="12"/><int name="cy" value="421"/><int name="rx0" value="-418"/><int name="rx1" value="-271"/></imgdir><imgdir name="3"><string name="type" value="m"/><string name="id" value="9410022"/><int name="x" value="-196"/><int name="y" value="400"/><int name="mobTime" value="0"/><int name="f" value="0"/><int name="hide" value="0"/><int name="fh" value="11"/><int name="cy" value="421"/><int name="rx0" value="-231"/><int name="rx1" value="-104"/></imgdir><imgdir name="4"><string name="type" value="m"/><string name="id" value="9410022"/><int name="x" value="29"/><int name="y" value="415"/><int name="mobTime" value="0"/><int name="f" value="0"/><int name="hide" value="0"/><int name="fh" value="10"/><int name="cy" value="421"/><int name="rx0" value="-64"/><int name="rx1" value="63"/></imgdir><imgdir name="5"><string name="type" value="m"/><string name="id" value="9410022"/><int name="x" value="288"/><int name="y" value="414"/><int name="mobTime" value="0"/><int name="f" value="0"/><int name="hide" value="0"/><int name="fh" value="8"/><int name="cy" value="421"/><int name="rx0" value="270"/><int name="rx1" value="397"/></imgdir><imgdir name="6"><string name="type" value="m"/><string name="id" value="9410022"/><int name="x" value="566"/><int name="y" value="405"/><int name="mobTime" value="0"/><int name="f" value="0"/><int name="hide" value="0"/><int name="fh" value="7"/><int name="cy" value="421"/><int name="rx0" value="437"/><int name="rx1" value="566"/></imgdir><imgdir name="7"><string name="type" value="m"/><string name="id" value="9410022"/><int name="x" value="911"/><int name="y" value="407"/><int name="mobTime" value="0"/><int name="f" value="0"/><int name="hide" value="0"/><int name="fh" value="4"/><int name="cy" value="421"/><int name="rx0" value="771"/><int name="rx1" value="911"/></imgdir><imgdir name="8"><string name="type" value="m"/><string name="id" value="9410022"/><int name="x" value="1179"/><int name="y" value="406"/><int name="mobTime" value="0"/><int name="f" value="0"/><int name="hide" value="0"/><int name="fh" value="5"/><int name="cy" value="421"/><int name="rx0" value="1105"/><int name="rx1" value="1232"/></imgdir><imgdir name="9"><string name="type" value="m"/><string name="id" value="9410022"/><int name="x" value="1126"/><int name="y" value="84"/><int name="mobTime" value="0"/><int name="f" value="0"/><int name="hide" value="0"/><int name="fh" value="17"/><int name="cy" value="93"/><int name="rx0" value="1105"/><int name="rx1" value="1232"/></imgdir><imgdir name="10"><string name="type" value="m"/><string name="id" value="9410022"/><int name="x" value="859"/><int name="y" value="80"/><int name="mobTime" value="0"/><int name="f" value="0"/><int name="hide" value="0"/><int name="fh" value="19"/><int name="cy" value="93"/><int name="rx0" value="771"/><int name="rx1" value="898"/></imgdir><imgdir name="11"><string name="type" value="m"/><string name="id" value="9410022"/><int name="x" value="569"/><int name="y" value="82"/><int name="mobTime" value="0"/><int name="f" value="0"/><int name="hide" value="0"/><int name="fh" value="21"/><int name="cy" value="93"/><int name="rx0" value="437"/><int name="rx1" value="569"/></imgdir><imgdir name="12"><string name="type" value="m"/><string name="id" value="9410022"/><int name="x" value="326"/><int name="y" value="86"/><int name="mobTime" value="0"/><int name="f" value="0"/><int name="hide" value="0"/><int name="fh" value="22"/><int name="cy" value="93"/><int name="rx0" value="270"/><int name="rx1" value="397"/></imgdir><imgdir name="13"><string name="type" value="m"/><string name="id" value="9410022"/><int name="x" value="49"/><int name="y" value="88"/><int name="mobTime" value="0"/><int name="f" value="0"/><int name="hide" value="0"/><int name="fh" value="24"/><int name="cy" value="93"/><int name="rx0" value="-64"/><int name="rx1" value="63"/></imgdir><imgdir name="14"><string name="type" value="m"/><string name="id" value="9410022"/><int name="x" value="-268"/><int name="y" value="84"/><int name="mobTime" value="0"/><int name="f" value="0"/><int name="hide" value="0"/><int name="fh" value="26"/><int name="cy" value="93"/><int name="rx0" value="-398"/><int name="rx1" value="-268"/></imgdir><imgdir name="15"><string name="type" value="m"/><string name="id" value="9410022"/><int name="x" value="-533"/><int name="y" value="82"/><int name="mobTime" value="0"/><int name="f" value="0"/><int name="hide" value="0"/><int name="fh" value="27"/><int name="cy" value="93"/><int name="rx0" value="-565"/><int name="rx1" value="-438"/></imgdir><imgdir name="16"><string name="type" value="m"/><string name="id" value="9410022"/><int name="x" value="-805"/><int name="y" value="83"/><int name="mobTime" value="0"/><int name="f" value="0"/><int name="hide" value="0"/><int name="fh" value="28"/><int name="cy" value="93"/><int name="rx0" value="-899"/><int name="rx1" value="-772"/></imgdir><imgdir name="17"><string name="type" value="m"/><string name="id" value="9410022"/><int name="x" value="-1113"/><int name="y" value="84"/><int name="mobTime" value="0"/><int name="f" value="0"/><int name="hide" value="0"/><int name="fh" value="18"/><int name="cy" value="93"/><int name="rx0" value="-1233"/><int name="rx1" value="-1106"/></imgdir></imgdir><imgdir name="reactor"><imgdir name="0"><string name="id" value="7422000"/><int name="x" value="-626"/><int name="y" value="77"/><int name="reactorTime" value="100"/><int name="f" value="0"/><string name="name" value=""/></imgdir><imgdir name="1"><string name="id" value="7422000"/><int name="x" value="93"/><int name="y" value="77"/><int name="reactorTime" value="100"/><int name="f" value="0"/><string name="name" value=""/></imgdir><imgdir name="2"><string name="id" value="7422000"/><int name="x" value="1032"/><int name="y" value="405"/><int name="reactorTime" value="100"/><int name="f" value="0"/><string name="name" value=""/></imgdir><imgdir name="3"><string name="id" value="7422000"/><int name="x" value="-472"/><int name="y" value="405"/><int name="reactorTime" value="100"/><int name="f" value="0"/><string name="name" value=""/></imgdir></imgdir><imgdir name="0"><imgdir name="info"></imgdir><imgdir name="tile"></imgdir><imgdir name="obj"><imgdir name="0"><string name="oS" value="101BuildingTW"/><string name="l0" value="101Building"/><string name="l1" value="tile"/><string name="l2" value="8"/><int name="x" value="257"/><int name="y" value="198"/><int name="z" value="9"/><int name="f" value="0"/><int name="zM" value="25"/></imgdir><imgdir name="1"><string name="oS" value="101BuildingTW"/><string name="l0" value="101Building"/><string name="l1" value="tile"/><string name="l2" value="8"/><int name="x" value="90"/><int name="y" value="198"/><int name="z" value="9"/><int name="f" value="0"/><int name="zM" value="26"/></imgdir><imgdir name="2"><string name="oS" value="101BuildingTW"/><string name="l0" value="101Building"/><string name="l1" value="tile"/><string name="l2" value="8"/><int name="x" value="-77"/><int name="y" value="198"/><int name="z" value="9"/><int name="f" value="0"/><int name="zM" value="27"/></imgdir><imgdir name="3"><string name="oS" value="101BuildingTW"/><string name="l0" value="101Building"/><string name="l1" value="tile"/><string name="l2" value="8"/><int name="x" value="-244"/><int name="y" value="198"/><int name="z" value="9"/><int name="f" value="0"/><int name="zM" value="28"/></imgdir><imgdir name="4"><string name="oS" value="101BuildingTW"/><string name="l0" value="101Building"/><string name="l1" value="tile"/><string name="l2" value="9"/><int name="x" value="-411"/><int name="y" value="171"/><int name="z" value="9"/><int name="f" value="0"/><int name="zM" value="35"/></imgdir><imgdir name="5"><string name="oS" value="101BuildingTW"/><string name="l0" value="101Building"/><string name="l1" value="tile"/><string name="l2" value="9"/><int name="x" value="-578"/><int name="y" value="171"/><int name="z" value="9"/><int name="f" value="0"/><int name="zM" value="33"/></imgdir><imgdir name="6"><string name="oS" value="101BuildingTW"/><string name="l0" value="101Building"/><string name="l1" value="tile"/><string name="l2" value="9"/><int name="x" value="-745"/><int name="y" value="171"/><int name="z" value="9"/><int name="f" value="0"/><int name="zM" value="34"/></imgdir><imgdir name="8"><string name="oS" value="101BuildingTW"/><string name="l0" value="101Building"/><string name="l1" value="tile"/><string name="l2" value="9"/><int name="x" value="424"/><int name="y" value="171"/><int name="z" value="9"/><int name="f" value="0"/><int name="zM" value="36"/></imgdir><imgdir name="9"><string name="oS" value="101BuildingTW"/><string name="l0" value="101Building"/><string name="l1" value="tile"/><string name="l2" value="9"/><int name="x" value="591"/><int name="y" value="171"/><int name="z" value="9"/><int name="f" value="0"/><int name="zM" value="30"/></imgdir><imgdir name="10"><string name="oS" value="101BuildingTW"/><string name="l0" value="101Building"/><string name="l1" value="tile"/><string name="l2" value="9"/><int name="x" value="758"/><int name="y" value="171"/><int name="z" value="9"/><int name="f" value="0"/><int name="zM" value="31"/></imgdir><imgdir name="11"><string name="oS" value="101BuildingTW"/><string name="l0" value="101Building"/><string name="l1" value="tile"/><string name="l2" value="9"/><int name="x" value="925"/><int name="y" value="171"/><int name="z" value="9"/><int name="f" value="0"/><int name="zM" value="32"/></imgdir><imgdir name="12"><string name="oS" value="101BuildingTW"/><string name="l0" value="101Building"/><string name="l1" value="tile"/><string name="l2" value="9"/><int name="x" value="1168"/><int name="y" value="173"/><int name="z" value="9"/><int name="f" value="0"/><int name="zM" value="29"/></imgdir><imgdir name="13"><string name="oS" value="101BuildingTW"/><string name="l0" value="101Building"/><string name="l1" value="tile"/><string name="l2" value="9"/><int name="x" value="1168"/><int name="y" value="170"/><int name="z" value="3"/><int name="f" value="0"/><int name="zM" value="29"/></imgdir><imgdir name="15"><string name="oS" value="101BuildingTW"/><string name="l0" value="101Building"/><string name="l1" value="tile"/><string name="l2" value="9"/><int name="x" value="720"/><int name="y" value="-158"/><int name="z" value="9"/><int name="f" value="0"/><int name="zM" value="61"/></imgdir><imgdir name="16"><string name="oS" value="101BuildingTW"/><string name="l0" value="101Building"/><string name="l1" value="tile"/><string name="l2" value="9"/><int name="x" value="887"/><int name="y" value="-158"/><int name="z" value="5"/><int name="f" value="0"/><int name="zM" value="61"/></imgdir><imgdir name="17"><string name="oS" value="101BuildingTW"/><string name="l0" value="101Building"/><string name="l1" value="tile"/><string name="l2" value="9"/><int name="x" value="553"/><int name="y" value="-158"/><int name="z" value="9"/><int name="f" value="0"/><int name="zM" value="67"/></imgdir><imgdir name="18"><string name="oS" value="101BuildingTW"/><string name="l0" value="101Building"/><string name="l1" value="tile"/><string name="l2" value="9"/><int name="x" value="386"/><int name="y" value="-158"/><int name="z" value="9"/><int name="f" value="0"/><int name="zM" value="68"/></imgdir><imgdir name="19"><string name="oS" value="101BuildingTW"/><string name="l0" value="101Building"/><string name="l1" value="tile"/><string name="l2" value="9"/><int name="x" value="219"/><int name="y" value="-158"/><int name="z" value="9"/><int name="f" value="0"/><int name="zM" value="69"/></imgdir><imgdir name="20"><string name="oS" value="101BuildingTW"/><string name="l0" value="101Building"/><string name="l1" value="tile"/><string name="l2" value="9"/><int name="x" value="52"/><int name="y" value="-158"/><int name="z" value="9"/><int name="f" value="0"/><int name="zM" value="66"/></imgdir><imgdir name="22"><string name="oS" value="101BuildingTW"/><string name="l0" value="101Building"/><string name="l1" value="tile"/><string name="l2" value="8"/><int name="x" value="-258"/><int name="y" value="-131"/><int name="z" value="9"/><int name="f" value="0"/><int name="zM" value="60"/></imgdir><imgdir name="23"><string name="oS" value="101BuildingTW"/><string name="l0" value="101Building"/><string name="l1" value="tile"/><string name="l2" value="8"/><int name="x" value="-343"/><int name="y" value="-131"/><int name="z" value="9"/><int name="f" value="0"/><int name="zM" value="60"/></imgdir><imgdir name="24"><string name="oS" value="101BuildingTW"/><string name="l0" value="101Building"/><string name="l1" value="tile"/><string name="l2" value="9"/><int name="x" value="-510"/><int name="y" value="-158"/><int name="z" value="9"/><int name="f" value="0"/><int name="zM" value="64"/></imgdir><imgdir name="25"><string name="oS" value="101BuildingTW"/><string name="l0" value="101Building"/><string name="l1" value="tile"/><string name="l2" value="9"/><int name="x" value="-677"/><int name="y" value="-158"/><int name="z" value="9"/><int name="f" value="0"/><int name="zM" value="65"/></imgdir><imgdir name="26"><string name="oS" value="101BuildingTW"/><string name="l0" value="101Building"/><string name="l1" value="tile"/><string name="l2" value="9"/><int name="x" value="-844"/><int name="y" value="-158"/><int name="z" value="9"/><int name="f" value="0"/><int name="zM" value="62"/></imgdir><imgdir name="27"><string name="oS" value="101BuildingTW"/><string name="l0" value="101Building"/><string name="l1" value="tile"/><string name="l2" value="9"/><int name="x" value="-1011"/><int name="y" value="-158"/><int name="z" value="9"/><int name="f" value="0"/><int name="zM" value="63"/></imgdir><imgdir name="28"><string name="oS" value="101BuildingTW"/><string name="l0" value="101Building"/><string name="l1" value="tile"/><string name="l2" value="9"/><int name="x" value="-1170"/><int name="y" value="-158"/><int name="z" value="9"/><int name="f" value="0"/><int name="zM" value="63"/></imgdir><imgdir name="29"><string name="oS" value="101BuildingTW"/><string name="l0" value="101Building"/><string name="l1" value="escalator"/><string name="l2" value="0"/><int name="x" value="-481"/><int name="y" value="-107"/><int name="z" value="7"/><int name="f" value="0"/><int name="zM" value="0"/></imgdir><imgdir name="30"><string name="oS" value="101BuildingTW"/><string name="l0" value="101Building"/><string name="l1" value="escalator"/><string name="l2" value="1"/><int name="x" value="-320"/><int name="y" value="-107"/><int name="z" value="3"/><int name="f" value="0"/><int name="zM" value="0"/></imgdir><imgdir name="31"><string name="oS" value="101BuildingTW"/><string name="l0" value="101Building"/><string name="l1" value="ani"/><string name="l2" value="1"/><int name="x" value="-395"/><int name="y" value="-67"/><int name="z" value="5"/><int name="f" value="0"/><int name="zM" value="0"/></imgdir><imgdir name="7"><string name="oS" value="101BuildingTW"/><string name="l0" value="101Building"/><string name="l1" value="tile"/><string name="l2" value="9"/><int name="x" value="-1170"/><int name="y" value="167"/><int name="z" value="9"/><int name="f" value="0"/><int name="zM" value="0"/></imgdir><imgdir name="32"><string name="oS" value="101BuildingTW"/><string name="l0" value="101Building"/><string name="l1" value="tile"/><string name="l2" value="9"/><int name="x" value="-910"/><int name="y" value="171"/><int name="z" value="7"/><int name="f" value="0"/><int name="zM" value="0"/></imgdir><imgdir name="33"><string name="oS" value="101BuildingTW"/><string name="l0" value="101Building"/><string name="l1" value="tile"/><string name="l2" value="9"/><int name="x" value="-855"/><int name="y" value="176"/><int name="z" value="9"/><int name="f" value="0"/><int name="zM" value="0"/></imgdir><imgdir name="14"><string name="oS" value="101BuildingTW"/><string name="l0" value="101Building"/><string name="l1" value="tile"/><string name="l2" value="9"/><int name="x" value="-855"/><int name="y" value="185"/><int name="z" value="11"/><int name="f" value="0"/><int name="zM" value="0"/></imgdir><imgdir name="21"><string name="oS" value="101BuildingTW"/><string name="l0" value="101Building"/><string name="l1" value="tile"/><string name="l2" value="9"/><int name="x" value="1168"/><int name="y" value="-159"/><int name="z" value="9"/><int name="f" value="0"/><int name="zM" value="0"/></imgdir><imgdir name="34"><string name="oS" value="101BuildingTW"/><string name="l0" value="101Building"/><string name="l1" value="tile"/><string name="l2" value="8"/><int name="x" value="-91"/><int name="y" value="-131"/><int name="z" value="9"/><int name="f" value="0"/><int name="zM" value="0"/></imgdir></imgdir></imgdir><imgdir name="1"><imgdir name="info"></imgdir><imgdir name="tile"></imgdir><imgdir name="obj"><imgdir name="0"><string name="oS" value="101BuildingTW"/><string name="l0" value="101Building"/><string name="l1" value="shop5"/><string name="l2" value="4"/><int name="x" value="571"/><int name="y" value="294"/><int name="z" value="9"/><int name="f" value="0"/><int name="zM" value="19"/></imgdir><imgdir name="1"><string name="oS" value="101BuildingTW"/><string name="l0" value="101Building"/><string name="l1" value="ani"/><string name="l2" value="11"/><int name="x" value="450"/><int name="y" value="298"/><int name="z" value="9"/><int name="f" value="0"/><int name="zM" value="19"/></imgdir><imgdir name="2"><string name="oS" value="101BuildingTW"/><string name="l0" value="101Building"/><string name="l1" value="shop7"/><string name="l2" value="0"/><int name="x" value="1030"/><int name="y" value="294"/><int name="z" value="7"/><int name="f" value="0"/><int name="zM" value="19"/></imgdir><imgdir name="3"><string name="oS" value="101BuildingTW"/><string name="l0" value="101Building"/><string name="l1" value="shop7"/><string name="l2" value="7"/><int name="x" value="1099"/><int name="y" value="317"/><int name="z" value="2"/><int name="f" value="0"/><int name="zM" value="19"/></imgdir><imgdir name="4"><string name="oS" value="101BuildingTW"/><string name="l0" value="101Building"/><string name="l1" value="shop7"/><string name="l2" value="32"/><int name="x" value="1027"/><int name="y" value="203"/><int name="z" value="9"/><int name="f" value="0"/><int name="zM" value="19"/></imgdir><imgdir name="5"><string name="oS" value="101BuildingTW"/><string name="l0" value="101Building"/><string name="l1" value="shop7"/><string name="l2" value="41"/><int name="x" value="1199"/><int name="y" value="211"/><int name="z" value="9"/><int name="f" value="0"/><int name="zM" value="19"/></imgdir><imgdir name="6"><string name="oS" value="101BuildingTW"/><string name="l0" value="101Building"/><string name="l1" value="shop7"/><string name="l2" value="72"/><int name="x" value="1057"/><int name="y" value="293"/><int name="z" value="5"/><int name="f" value="0"/><int name="zM" value="19"/></imgdir><imgdir name="7"><string name="oS" value="101BuildingTW"/><string name="l0" value="101Building"/><string name="l1" value="shop7"/><string name="l2" value="73"/><int name="x" value="1026"/><int name="y" value="354"/><int name="z" value="5"/><int name="f" value="0"/><int name="zM" value="19"/></imgdir><imgdir name="8"><string name="oS" value="101BuildingTW"/><string name="l0" value="101Building"/><string name="l1" value="shop7"/><string name="l2" value="88"/><int name="x" value="867"/><int name="y" value="231"/><int name="z" value="10"/><int name="f" value="0"/><int name="zM" value="19"/></imgdir><imgdir name="9"><string name="oS" value="101BuildingTW"/><string name="l0" value="101Building"/><string name="l1" value="shop7"/><string name="l2" value="16"/><int name="x" value="1028"/><int name="y" value="204"/><int name="z" value="8"/><int name="f" value="0"/><int name="zM" value="19"/></imgdir><imgdir name="10"><string name="oS" value="101BuildingTW"/><string name="l0" value="101Building"/><string name="l1" value="shop7"/><string name="l2" value="125"/><int name="x" value="1182"/><int name="y" value="308"/><int name="z" value="6"/><int name="f" value="0"/><int name="zM" value="19"/></imgdir><imgdir name="11"><string name="oS" value="101BuildingTW"/><string name="l0" value="101Building"/><string name="l1" value="shop4"/><string name="l2" value="2"/><int name="x" value="-602"/><int name="y" value="295"/><int name="z" value="9"/><int name="f" value="0"/><int name="zM" value="20"/></imgdir><imgdir name="12"><string name="oS" value="101BuildingTW"/><string name="l0" value="101Building"/><string name="l1" value="shop8"/><string name="l2" value="1"/><int name="x" value="-1061"/><int name="y" value="301"/><int name="z" value="4"/><int name="f" value="0"/><int name="zM" value="20"/></imgdir><imgdir name="13"><string name="oS" value="101BuildingTW"/><string name="l0" value="101Building"/><string name="l1" value="shop8"/><string name="l2" value="6"/><int name="x" value="-1168"/><int name="y" value="328"/><int name="z" value="5"/><int name="f" value="0"/><int name="zM" value="20"/></imgdir><imgdir name="15"><string name="oS" value="101BuildingTW"/><string name="l0" value="101Building"/><string name="l1" value="shop8"/><string name="l2" value="15"/><int name="x" value="-1062"/><int name="y" value="211"/><int name="z" value="5"/><int name="f" value="0"/><int name="zM" value="20"/></imgdir><imgdir name="17"><string name="oS" value="101BuildingTW"/><string name="l0" value="101Building"/><string name="l1" value="shop8"/><string name="l2" value="30"/><int name="x" value="-1165"/><int name="y" value="329"/><int name="z" value="6"/><int name="f" value="0"/><int name="zM" value="20"/></imgdir><imgdir name="18"><string name="oS" value="101BuildingTW"/><string name="l0" value="101Building"/><string name="l1" value="shop8"/><string name="l2" value="51"/><int name="x" value="-1111"/><int name="y" value="210"/><int name="z" value="6"/><int name="f" value="0"/><int name="zM" value="20"/></imgdir><imgdir name="19"><string name="oS" value="101BuildingTW"/><string name="l0" value="101Building"/><string name="l1" value="shop8"/><string name="l2" value="72"/><int name="x" value="-1173"/><int name="y" value="329"/><int name="z" value="8"/><int name="f" value="0"/><int name="zM" value="20"/></imgdir><imgdir name="20"><string name="oS" value="101BuildingTW"/><string name="l0" value="101Building"/><string name="l1" value="shop8"/><string name="l2" value="3"/><int name="x" value="1060"/><int name="y" value="-35"/><int name="z" value="1"/><int name="f" value="0"/><int name="zM" value="54"/></imgdir><imgdir name="21"><string name="oS" value="101BuildingTW"/><string name="l0" value="101Building"/><string name="l1" value="shop8"/><string name="l2" value="12"/><int name="x" value="952"/><int name="y" value="-8"/><int name="z" value="3"/><int name="f" value="0"/><int name="zM" value="54"/></imgdir><imgdir name="22"><string name="oS" value="101BuildingTW"/><string name="l0" value="101Building"/><string name="l1" value="shop8"/><string name="l2" value="13"/><int name="x" value="1200"/><int name="y" value="-7"/><int name="z" value="3"/><int name="f" value="0"/><int name="zM" value="54"/></imgdir><imgdir name="23"><string name="oS" value="101BuildingTW"/><string name="l0" value="101Building"/><string name="l1" value="shop8"/><string name="l2" value="17"/><int name="x" value="1059"/><int name="y" value="-125"/><int name="z" value="3"/><int name="f" value="0"/><int name="zM" value="54"/></imgdir><imgdir name="24"><string name="oS" value="101BuildingTW"/><string name="l0" value="101Building"/><string name="l1" value="shop8"/><string name="l2" value="18"/><int name="x" value="1219"/><int name="y" value="-31"/><int name="z" value="9"/><int name="f" value="0"/><int name="zM" value="54"/></imgdir><imgdir name="25"><string name="oS" value="101BuildingTW"/><string name="l0" value="101Building"/><string name="l1" value="shop8"/><string name="l2" value="25"/><int name="x" value="1089"/><int name="y" value="15"/><int name="z" value="4"/><int name="f" value="0"/><int name="zM" value="54"/></imgdir><imgdir name="27"><string name="oS" value="101BuildingTW"/><string name="l0" value="101Building"/><string name="l1" value="shop8"/><string name="l2" value="28"/><int name="x" value="956"/><int name="y" value="-1"/><int name="z" value="6"/><int name="f" value="0"/><int name="zM" value="54"/></imgdir><imgdir name="32"><string name="oS" value="101BuildingTW"/><string name="l0" value="101Building"/><string name="l1" value="shop8"/><string name="l2" value="52"/><int name="x" value="997"/><int name="y" value="-122"/><int name="z" value="5"/><int name="f" value="0"/><int name="zM" value="54"/></imgdir><imgdir name="33"><string name="oS" value="101BuildingTW"/><string name="l0" value="101Building"/><string name="l1" value="shop8"/><string name="l2" value="73"/><int name="x" value="1201"/><int name="y" value="-7"/><int name="z" value="7"/><int name="f" value="0"/><int name="zM" value="54"/></imgdir><imgdir name="34"><string name="oS" value="101BuildingTW"/><string name="l0" value="101Building"/><string name="l1" value="shop8"/><string name="l2" value="72"/><int name="x" value="947"/><int name="y" value="-7"/><int name="z" value="7"/><int name="f" value="0"/><int name="zM" value="54"/></imgdir><imgdir name="35"><string name="oS" value="101BuildingTW"/><string name="l0" value="101Building"/><string name="l1" value="shop8"/><string name="l2" value="66"/><int name="x" value="939"/><int name="y" value="-67"/><int name="z" value="9"/><int name="f" value="0"/><int name="zM" value="54"/></imgdir><imgdir name="36"><string name="oS" value="101BuildingTW"/><string name="l0" value="101Building"/><string name="l1" value="shop8"/><string name="l2" value="43"/><int name="x" value="982"/><int name="y" value="-126"/><int name="z" value="9"/><int name="f" value="0"/><int name="zM" value="54"/></imgdir><imgdir name="37"><string name="oS" value="101BuildingTW"/><string name="l0" value="101Building"/><string name="l1" value="shop8"/><string name="l2" value="70"/><int name="x" value="1210"/><int name="y" value="-121"/><int name="z" value="9"/><int name="f" value="0"/><int name="zM" value="54"/></imgdir><imgdir name="38"><string name="oS" value="101BuildingTW"/><string name="l0" value="101Building"/><string name="l1" value="shop4"/><string name="l2" value="4"/><int name="x" value="614"/><int name="y" value="-33"/><int name="z" value="9"/><int name="f" value="0"/><int name="zM" value="54"/></imgdir><imgdir name="39"><string name="oS" value="101BuildingTW"/><string name="l0" value="101Building"/><string name="l1" value="shop5"/><string name="l2" value="6"/><int name="x" value="-666"/><int name="y" value="-35"/><int name="z" value="9"/><int name="f" value="0"/><int name="zM" value="52"/></imgdir><imgdir name="40"><string name="oS" value="101BuildingTW"/><string name="l0" value="101Building"/><string name="l1" value="shop3"/><string name="l2" value="0"/><int name="x" value="170"/><int name="y" value="-27"/><int name="z" value="7"/><int name="f" value="0"/><int name="zM" value="53"/></imgdir><imgdir name="41"><string name="oS" value="101BuildingTW"/><string name="l0" value="101Building"/><string name="l1" value="shop3"/><string name="l2" value="1"/><int name="x" value="167"/><int name="y" value="10"/><int name="z" value="1"/><int name="f" value="0"/><int name="zM" value="53"/></imgdir><imgdir name="42"><string name="oS" value="101BuildingTW"/><string name="l0" value="101Building"/><string name="l1" value="shop3"/><string name="l2" value="4"/><int name="x" value="-3"/><int name="y" value="44"/><int name="z" value="9"/><int name="f" value="0"/><int name="zM" value="53"/></imgdir><imgdir name="43"><string name="oS" value="101BuildingTW"/><string name="l0" value="101Building"/><string name="l1" value="shop3"/><string name="l2" value="3"/><int name="x" value="59"/><int name="y" value="-24"/><int name="z" value="9"/><int name="f" value="0"/><int name="zM" value="53"/></imgdir><imgdir name="44"><string name="oS" value="101BuildingTW"/><string name="l0" value="101Building"/><string name="l1" value="shop7"/><string name="l2" value="82"/><int name="x" value="201"/><int name="y" value="7"/><int name="z" value="6"/><int name="f" value="0"/><int name="zM" value="53"/></imgdir><imgdir name="45"><string name="oS" value="101BuildingTW"/><string name="l0" value="101Building"/><string name="l1" value="shop7"/><string name="l2" value="1"/><int name="x" value="-1030"/><int name="y" value="-35"/><int name="z" value="5"/><int name="f" value="0"/><int name="zM" value="56"/></imgdir><imgdir name="46"><string name="oS" value="101BuildingTW"/><string name="l0" value="101Building"/><string name="l1" value="ani"/><string name="l2" value="13"/><int name="x" value="-785"/><int name="y" value="-135"/><int name="z" value="9"/><int name="f" value="0"/><int name="zM" value="56"/></imgdir><imgdir name="47"><string name="oS" value="101BuildingTW"/><string name="l0" value="101Building"/><string name="l1" value="shop7"/><string name="l2" value="90"/><int name="x" value="-1186"/><int name="y" value="-92"/><int name="z" value="9"/><int name="f" value="0"/><int name="zM" value="56"/></imgdir><imgdir name="16"><string name="oS" value="101BuildingTW"/><string name="l0" value="101Building"/><string name="l1" value="shop7"/><string name="l2" value="17"/><int name="x" value="121"/><int name="y" value="-119"/><int name="z" value="9"/><int name="f" value="0"/><int name="zM" value="53"/></imgdir><imgdir name="26"><string name="oS" value="101BuildingTW"/><string name="l0" value="101Building"/><string name="l1" value="shop7"/><string name="l2" value="21"/><int name="x" value="118"/><int name="y" value="-121"/><int name="z" value="10"/><int name="f" value="0"/><int name="zM" value="53"/></imgdir><imgdir name="29"><string name="oS" value="101BuildingTW"/><string name="l0" value="101Building"/><string name="l1" value="shop7"/><string name="l2" value="13"/><int name="x" value="-1027"/><int name="y" value="-122"/><int name="z" value="9"/><int name="f" value="0"/><int name="zM" value="56"/></imgdir><imgdir name="31"><string name="oS" value="101BuildingTW"/><string name="l0" value="101Building"/><string name="l1" value="shop7"/><string name="l2" value="9"/><int name="x" value="-967"/><int name="y" value="-11"/><int name="z" value="1"/><int name="f" value="0"/><int name="zM" value="52"/></imgdir><imgdir name="28"><string name="oS" value="101BuildingTW"/><string name="l0" value="101Building"/><string name="l1" value="shop7"/><string name="l2" value="28"/><int name="x" value="-1042"/><int name="y" value="-128"/><int name="z" value="11"/><int name="f" value="0"/><int name="zM" value="56"/></imgdir><imgdir name="30"><string name="oS" value="101BuildingTW"/><string name="l0" value="101Building"/><string name="l1" value="shop7"/><string name="l2" value="114"/><int name="x" value="-1179"/><int name="y" value="32"/><int name="z" value="9"/><int name="f" value="0"/><int name="zM" value="58"/></imgdir><imgdir name="14"><string name="oS" value="101BuildingTW"/><string name="l0" value="101Building"/><string name="l1" value="shop7"/><string name="l2" value="75"/><int name="x" value="-997"/><int name="y" value="-19"/><int name="z" value="3"/><int name="f" value="0"/><int name="zM" value="56"/></imgdir><imgdir name="48"><string name="oS" value="101BuildingTW"/><string name="l0" value="101Building"/><string name="l1" value="shop8"/><string name="l2" value="24"/><int name="x" value="-1032"/><int name="y" value="352"/><int name="z" value="9"/><int name="f" value="0"/><int name="zM" value="0"/></imgdir><imgdir name="49"><string name="oS" value="101BuildingTW"/><string name="l0" value="101Building"/><string name="l1" value="shop8"/><string name="l2" value="42"/><int name="x" value="-1106"/><int name="y" value="207"/><int name="z" value="11"/><int name="f" value="0"/><int name="zM" value="0"/></imgdir><imgdir name="51"><string name="oS" value="101BuildingTW"/><string name="l0" value="101Building"/><string name="l1" value="shop4"/><string name="l2" value="0"/><int name="x" value="382"/><int name="y" value="-362"/><int name="z" value="5"/><int name="f" value="0"/><int name="zM" value="0"/></imgdir><imgdir name="50"><string name="oS" value="101BuildingTW"/><string name="l0" value="101Building"/><string name="l1" value="shop5"/><string name="l2" value="0"/><int name="x" value="-984"/><int name="y" value="-369"/><int name="z" value="9"/><int name="f" value="0"/><int name="zM" value="0"/></imgdir><imgdir name="52"><string name="oS" value="101BuildingTW"/><string name="l0" value="101Building"/><string name="l1" value="shop5"/><string name="l2" value="1"/><int name="x" value="825"/><int name="y" value="-365"/><int name="z" value="9"/><int name="f" value="0"/><int name="zM" value="0"/></imgdir><imgdir name="53"><string name="oS" value="101BuildingTW"/><string name="l0" value="101Building"/><string name="l1" value="hallway1"/><string name="l2" value="8"/><int name="x" value="36"/><int name="y" value="-272"/><int name="z" value="9"/><int name="f" value="0"/><int name="zM" value="0"/></imgdir><imgdir name="54"><string name="oS" value="101BuildingTW"/><string name="l0" value="101Building"/><string name="l1" value="hallway1"/><string name="l2" value="7"/><int name="x" value="-22"/><int name="y" value="-284"/><int name="z" value="9"/><int name="f" value="0"/><int name="zM" value="0"/></imgdir><imgdir name="55"><string name="oS" value="101BuildingTW"/><string name="l0" value="101Building"/><string name="l1" value="hallway1"/><string name="l2" value="8"/><int name="x" value="-82"/><int name="y" value="-272"/><int name="z" value="9"/><int name="f" value="0"/><int name="zM" value="0"/></imgdir><imgdir name="56"><string name="oS" value="101BuildingTW"/><string name="l0" value="101Building"/><string name="l1" value="hallway1"/><string name="l2" value="7"/><int name="x" value="-141"/><int name="y" value="-284"/><int name="z" value="9"/><int name="f" value="0"/><int name="zM" value="0"/></imgdir><imgdir name="57"><string name="oS" value="101BuildingTW"/><string name="l0" value="101Building"/><string name="l1" value="hallway1"/><string name="l2" value="8"/><int name="x" value="-201"/><int name="y" value="-272"/><int name="z" value="9"/><int name="f" value="0"/><int name="zM" value="0"/></imgdir><imgdir name="58"><string name="oS" value="101BuildingTW"/><string name="l0" value="101Building"/><string name="l1" value="hallway1"/><string name="l2" value="7"/><int name="x" value="-260"/><int name="y" value="-284"/><int name="z" value="9"/><int name="f" value="0"/><int name="zM" value="0"/></imgdir><imgdir name="59"><string name="oS" value="101BuildingTW"/><string name="l0" value="101Building"/><string name="l1" value="hallway1"/><string name="l2" value="8"/><int name="x" value="-320"/><int name="y" value="-272"/><int name="z" value="9"/><int name="f" value="0"/><int name="zM" value="0"/></imgdir><imgdir name="60"><string name="oS" value="101BuildingTW"/><string name="l0" value="101Building"/><string name="l1" value="shop8"/><string name="l2" value="60"/><int name="x" value="1128"/><int name="y" value="-313"/><int name="z" value="9"/><int name="f" value="0"/><int name="zM" value="0"/></imgdir></imgdir></imgdir><imgdir name="2"><imgdir name="info"></imgdir><imgdir name="tile"></imgdir><imgdir name="obj"></imgdir></imgdir><imgdir name="3"><imgdir name="info"></imgdir><imgdir name="tile"></imgdir><imgdir name="obj"><imgdir name="0"><string name="oS" value="101BuildingTW"/><string name="l0" value="101Building"/><string name="l1" value="escalator"/><string name="l2" value="0"/><int name="x" value="-996"/><int name="y" value="219"/><int name="z" value="9"/><int name="f" value="0"/><int name="zM" value="16"/></imgdir><imgdir name="1"><string name="oS" value="101BuildingTW"/><string name="l0" value="101Building"/><string name="l1" value="escalator"/><string name="l2" value="1"/><int name="x" value="-840"/><int name="y" value="218"/><int name="z" value="5"/><int name="f" value="0"/><int name="zM" value="16"/></imgdir><imgdir name="2"><string name="oS" value="101BuildingTW"/><string name="l0" value="101Building"/><string name="l1" value="ani"/><string name="l2" value="1"/><int name="x" value="-910"/><int name="y" value="258"/><int name="z" value="7"/><int name="f" value="0"/><int name="zM" value="16"/></imgdir><imgdir name="3"><string name="oS" value="101BuildingTW"/><string name="l0" value="101Building"/><string name="l1" value="escalator"/><string name="l2" value="2"/><int name="x" value="995"/><int name="y" value="219"/><int name="z" value="9"/><int name="f" value="0"/><int name="zM" value="15"/></imgdir><imgdir name="4"><string name="oS" value="101BuildingTW"/><string name="l0" value="101Building"/><string name="l1" value="escalator"/><string name="l2" value="3"/><int name="x" value="838"/><int name="y" value="219"/><int name="z" value="4"/><int name="f" value="0"/><int name="zM" value="15"/></imgdir><imgdir name="5"><string name="oS" value="101BuildingTW"/><string name="l0" value="101Building"/><string name="l1" value="ani"/><string name="l2" value="4"/><int name="x" value="917"/><int name="y" value="258"/><int name="z" value="7"/><int name="f" value="0"/><int name="zM" value="15"/></imgdir><imgdir name="6"><string name="oS" value="101BuildingTW"/><string name="l0" value="101Building"/><string name="l1" value="acc"/><string name="l2" value="10"/><int name="x" value="232"/><int name="y" value="363"/><int name="z" value="9"/><int name="f" value="0"/><int name="zM" value="18"/></imgdir><imgdir name="7"><string name="oS" value="101BuildingTW"/><string name="l0" value="101Building"/><string name="l1" value="acc"/><string name="l2" value="11"/><int name="x" value="-256"/><int name="y" value="363"/><int name="z" value="9"/><int name="f" value="0"/><int name="zM" value="17"/></imgdir><imgdir name="8"><string name="oS" value="101BuildingTW"/><string name="l0" value="101Building"/><string name="l1" value="acc"/><string name="l2" value="3"/><int name="x" value="-68"/><int name="y" value="414"/><int name="z" value="5"/><int name="f" value="0"/><int name="zM" value="21"/></imgdir><imgdir name="9"><string name="oS" value="101BuildingTW"/><string name="l0" value="101Building"/><string name="l1" value="acc"/><string name="l2" value="3"/><int name="x" value="104"/><int name="y" value="414"/><int name="z" value="9"/><int name="f" value="0"/><int name="zM" value="22"/></imgdir><imgdir name="10"><string name="oS" value="101BuildingTW"/><string name="l0" value="101Building"/><string name="l1" value="acc"/><string name="l2" value="3"/><int name="x" value="17"/><int name="y" value="414"/><int name="z" value="7"/><int name="f" value="0"/><int name="zM" value="21"/></imgdir><imgdir name="11"><string name="oS" value="101BuildingTW"/><string name="l0" value="101Building"/><string name="l1" value="acc"/><string name="l2" value="4"/><int name="x" value="-166"/><int name="y" value="393"/><int name="z" value="6"/><int name="f" value="0"/><int name="zM" value="23"/></imgdir><imgdir name="13"><string name="oS" value="101BuildingTW"/><string name="l0" value="101Building"/><string name="l1" value="shop8"/><string name="l2" value="59"/><int name="x" value="-1209"/><int name="y" value="343"/><int name="z" value="11"/><int name="f" value="0"/><int name="zM" value="16"/></imgdir><imgdir name="12"><string name="oS" value="101BuildingTW"/><string name="l0" value="101Building"/><string name="l1" value="shop8"/><string name="l2" value="61"/><int name="x" value="-1156"/><int name="y" value="343"/><int name="z" value="9"/><int name="f" value="0"/><int name="zM" value="16"/></imgdir></imgdir></imgdir><imgdir name="4"><imgdir name="info"></imgdir><imgdir name="tile"></imgdir><imgdir name="obj"><imgdir name="0"><string name="oS" value="signboard"/><string name="l0" value="market"/><string name="l1" value="arrow"/><string name="l2" value="0"/><int name="x" value="-683"/><int name="y" value="393"/><int name="z" value="9"/><int name="f" value="0"/><int name="zM" value="0"/></imgdir><imgdir name="1"><string name="oS" value="signboard"/><string name="l0" value="market"/><string name="l1" value="arrow"/><string name="l2" value="1"/><int name="x" value="996"/><int name="y" value="29"/><int name="z" value="9"/><int name="f" value="0"/><int name="zM" value="0"/></imgdir></imgdir></imgdir><imgdir name="5"><imgdir name="info"></imgdir><imgdir name="tile"></imgdir><imgdir name="obj"><imgdir name="0"><string name="oS" value="101BuildingTW"/><string name="l0" value="101Building"/><string name="l1" value="tile"/><string name="l2" value="1"/><int name="x" value="834"/><int name="y" value="456"/><int name="z" value="9"/><int name="f" value="0"/><int name="zM" value="0"/></imgdir><imgdir name="1"><string name="oS" value="101BuildingTW"/><string name="l0" value="101Building"/><string name="l1" value="tile"/><string name="l2" value="3"/><int name="x" value="1168"/><int name="y" value="457"/><int name="z" value="9"/><int name="f" value="0"/><int name="zM" value="7"/></imgdir><imgdir name="2"><string name="oS" value="101BuildingTW"/><string name="l0" value="101Building"/><string name="l1" value="tile"/><string name="l2" value="2"/><int name="x" value="667"/><int name="y" value="449"/><int name="z" value="9"/><int name="f" value="0"/><int name="zM" value="11"/></imgdir><imgdir name="3"><string name="oS" value="101BuildingTW"/><string name="l0" value="101Building"/><string name="l1" value="tile"/><string name="l2" value="1"/><int name="x" value="500"/><int name="y" value="456"/><int name="z" value="9"/><int name="f" value="0"/><int name="zM" value="1"/></imgdir><imgdir name="4"><string name="oS" value="101BuildingTW"/><string name="l0" value="101Building"/><string name="l1" value="tile"/><string name="l2" value="2"/><int name="x" value="333"/><int name="y" value="449"/><int name="z" value="9"/><int name="f" value="0"/><int name="zM" value="9"/></imgdir><imgdir name="5"><string name="oS" value="101BuildingTW"/><string name="l0" value="101Building"/><string name="l1" value="tile"/><string name="l2" value="1"/><int name="x" value="166"/><int name="y" value="456"/><int name="z" value="9"/><int name="f" value="0"/><int name="zM" value="2"/></imgdir><imgdir name="6"><string name="oS" value="101BuildingTW"/><string name="l0" value="101Building"/><string name="l1" value="tile"/><string name="l2" value="2"/><int name="x" value="-1"/><int name="y" value="449"/><int name="z" value="9"/><int name="f" value="0"/><int name="zM" value="6"/></imgdir><imgdir name="7"><string name="oS" value="101BuildingTW"/><string name="l0" value="101Building"/><string name="l1" value="tile"/><string name="l2" value="1"/><int name="x" value="-168"/><int name="y" value="456"/><int name="z" value="9"/><int name="f" value="0"/><int name="zM" value="3"/></imgdir><imgdir name="8"><string name="oS" value="101BuildingTW"/><string name="l0" value="101Building"/><string name="l1" value="tile"/><string name="l2" value="2"/><int name="x" value="-335"/><int name="y" value="449"/><int name="z" value="9"/><int name="f" value="0"/><int name="zM" value="8"/></imgdir><imgdir name="9"><string name="oS" value="101BuildingTW"/><string name="l0" value="101Building"/><string name="l1" value="tile"/><string name="l2" value="1"/><int name="x" value="-502"/><int name="y" value="456"/><int name="z" value="9"/><int name="f" value="0"/><int name="zM" value="4"/></imgdir><imgdir name="10"><string name="oS" value="101BuildingTW"/><string name="l0" value="101Building"/><string name="l1" value="tile"/><string name="l2" value="2"/><int name="x" value="-669"/><int name="y" value="449"/><int name="z" value="9"/><int name="f" value="0"/><int name="zM" value="10"/></imgdir><imgdir name="11"><string name="oS" value="101BuildingTW"/><string name="l0" value="101Building"/><string name="l1" value="tile"/><string name="l2" value="1"/><int name="x" value="-836"/><int name="y" value="456"/><int name="z" value="9"/><int name="f" value="0"/><int name="zM" value="5"/></imgdir><imgdir name="12"><string name="oS" value="101BuildingTW"/><string name="l0" value="101Building"/><string name="l1" value="tile"/><string name="l2" value="3"/><int name="x" value="-1170"/><int name="y" value="457"/><int name="z" value="9"/><int name="f" value="0"/><int name="zM" value="12"/></imgdir><imgdir name="13"><string name="oS" value="101BuildingTW"/><string name="l0" value="101Building"/><string name="l1" value="tile"/><string name="l2" value="3"/><int name="x" value="1168"/><int name="y" value="129"/><int name="z" value="9"/><int name="f" value="0"/><int name="zM" value="49"/></imgdir><imgdir name="15"><string name="oS" value="101BuildingTW"/><string name="l0" value="101Building"/><string name="l1" value="tile"/><string name="l2" value="1"/><int name="x" value="834"/><int name="y" value="128"/><int name="z" value="9"/><int name="f" value="0"/><int name="zM" value="41"/></imgdir><imgdir name="16"><string name="oS" value="101BuildingTW"/><string name="l0" value="101Building"/><string name="l1" value="tile"/><string name="l2" value="2"/><int name="x" value="667"/><int name="y" value="121"/><int name="z" value="9"/><int name="f" value="0"/><int name="zM" value="43"/></imgdir><imgdir name="17"><string name="oS" value="101BuildingTW"/><string name="l0" value="101Building"/><string name="l1" value="tile"/><string name="l2" value="1"/><int name="x" value="500"/><int name="y" value="128"/><int name="z" value="9"/><int name="f" value="0"/><int name="zM" value="42"/></imgdir><imgdir name="18"><string name="oS" value="101BuildingTW"/><string name="l0" value="101Building"/><string name="l1" value="tile"/><string name="l2" value="2"/><int name="x" value="333"/><int name="y" value="121"/><int name="z" value="9"/><int name="f" value="0"/><int name="zM" value="46"/></imgdir><imgdir name="19"><string name="oS" value="101BuildingTW"/><string name="l0" value="101Building"/><string name="l1" value="tile"/><string name="l2" value="1"/><int name="x" value="166"/><int name="y" value="128"/><int name="z" value="9"/><int name="f" value="0"/><int name="zM" value="37"/></imgdir><imgdir name="20"><string name="oS" value="101BuildingTW"/><string name="l0" value="101Building"/><string name="l1" value="tile"/><string name="l2" value="2"/><int name="x" value="-1"/><int name="y" value="121"/><int name="z" value="9"/><int name="f" value="0"/><int name="zM" value="51"/></imgdir><imgdir name="21"><string name="oS" value="101BuildingTW"/><string name="l0" value="101Building"/><string name="l1" value="tile"/><string name="l2" value="1"/><int name="x" value="-168"/><int name="y" value="128"/><int name="z" value="9"/><int name="f" value="0"/><int name="zM" value="38"/></imgdir><imgdir name="22"><string name="oS" value="101BuildingTW"/><string name="l0" value="101Building"/><string name="l1" value="tile"/><string name="l2" value="2"/><int name="x" value="-335"/><int name="y" value="121"/><int name="z" value="9"/><int name="f" value="0"/><int name="zM" value="44"/></imgdir><imgdir name="23"><string name="oS" value="101BuildingTW"/><string name="l0" value="101Building"/><string name="l1" value="tile"/><string name="l2" value="1"/><int name="x" value="-502"/><int name="y" value="128"/><int name="z" value="9"/><int name="f" value="0"/><int name="zM" value="39"/></imgdir><imgdir name="24"><string name="oS" value="101BuildingTW"/><string name="l0" value="101Building"/><string name="l1" value="tile"/><string name="l2" value="1"/><int name="x" value="-836"/><int name="y" value="128"/><int name="z" value="9"/><int name="f" value="0"/><int name="zM" value="40"/></imgdir><imgdir name="25"><string name="oS" value="101BuildingTW"/><string name="l0" value="101Building"/><string name="l1" value="tile"/><string name="l2" value="2"/><int name="x" value="-669"/><int name="y" value="121"/><int name="z" value="9"/><int name="f" value="0"/><int name="zM" value="47"/></imgdir><imgdir name="14"><string name="oS" value="101BuildingTW"/><string name="l0" value="101Building"/><string name="l1" value="tile"/><string name="l2" value="3"/><int name="x" value="-1170"/><int name="y" value="129"/><int name="z" value="9"/><int name="f" value="0"/><int name="zM" value="45"/></imgdir><imgdir name="26"><string name="oS" value="101BuildingTW"/><string name="l0" value="101Building"/><string name="l1" value="tile"/><string name="l2" value="0"/><int name="x" value="-1003"/><int name="y" value="129"/><int name="z" value="9"/><int name="f" value="0"/><int name="zM" value="48"/></imgdir><imgdir name="27"><string name="oS" value="101BuildingTW"/><string name="l0" value="101Building"/><string name="l1" value="tile"/><string name="l2" value="0"/><int name="x" value="-1003"/><int name="y" value="457"/><int name="z" value="9"/><int name="f" value="0"/><int name="zM" value="13"/></imgdir><imgdir name="28"><string name="oS" value="101BuildingTW"/><string name="l0" value="101Building"/><string name="l1" value="tile"/><string name="l2" value="0"/><int name="x" value="1001"/><int name="y" value="129"/><int name="z" value="9"/><int name="f" value="0"/><int name="zM" value="50"/></imgdir><imgdir name="29"><string name="oS" value="101BuildingTW"/><string name="l0" value="101Building"/><string name="l1" value="tile"/><string name="l2" value="0"/><int name="x" value="1001"/><int name="y" value="457"/><int name="z" value="9"/><int name="f" value="0"/><int name="zM" value="14"/></imgdir><imgdir name="30"><string name="oS" value="101BuildingTW"/><string name="l0" value="101Building"/><string name="l1" value="tile"/><string name="l2" value="3"/><int name="x" value="1168"/><int name="y" value="-200"/><int name="z" value="9"/><int name="f" value="0"/><int name="zM" value="76"/></imgdir><imgdir name="31"><string name="oS" value="101BuildingTW"/><string name="l0" value="101Building"/><string name="l1" value="tile"/><string name="l2" value="0"/><int name="x" value="1001"/><int name="y" value="-200"/><int name="z" value="9"/><int name="f" value="0"/><int name="zM" value="80"/></imgdir><imgdir name="32"><string name="oS" value="101BuildingTW"/><string name="l0" value="101Building"/><string name="l1" value="tile"/><string name="l2" value="1"/><int name="x" value="834"/><int name="y" value="-201"/><int name="z" value="9"/><int name="f" value="0"/><int name="zM" value="70"/></imgdir><imgdir name="33"><string name="oS" value="101BuildingTW"/><string name="l0" value="101Building"/><string name="l1" value="tile"/><string name="l2" value="2"/><int name="x" value="667"/><int name="y" value="-208"/><int name="z" value="9"/><int name="f" value="0"/><int name="zM" value="78"/></imgdir><imgdir name="34"><string name="oS" value="101BuildingTW"/><string name="l0" value="101Building"/><string name="l1" value="tile"/><string name="l2" value="1"/><int name="x" value="500"/><int name="y" value="-201"/><int name="z" value="9"/><int name="f" value="0"/><int name="zM" value="71"/></imgdir><imgdir name="35"><string name="oS" value="101BuildingTW"/><string name="l0" value="101Building"/><string name="l1" value="tile"/><string name="l2" value="2"/><int name="x" value="333"/><int name="y" value="-208"/><int name="z" value="9"/><int name="f" value="0"/><int name="zM" value="82"/></imgdir><imgdir name="36"><string name="oS" value="101BuildingTW"/><string name="l0" value="101Building"/><string name="l1" value="tile"/><string name="l2" value="1"/><int name="x" value="166"/><int name="y" value="-201"/><int name="z" value="9"/><int name="f" value="0"/><int name="zM" value="72"/></imgdir><imgdir name="37"><string name="oS" value="101BuildingTW"/><string name="l0" value="101Building"/><string name="l1" value="tile"/><string name="l2" value="2"/><int name="x" value="-1"/><int name="y" value="-208"/><int name="z" value="9"/><int name="f" value="0"/><int name="zM" value="77"/></imgdir><imgdir name="38"><string name="oS" value="101BuildingTW"/><string name="l0" value="101Building"/><string name="l1" value="tile"/><string name="l2" value="1"/><int name="x" value="-168"/><int name="y" value="-201"/><int name="z" value="9"/><int name="f" value="0"/><int name="zM" value="73"/></imgdir><imgdir name="39"><string name="oS" value="101BuildingTW"/><string name="l0" value="101Building"/><string name="l1" value="tile"/><string name="l2" value="2"/><int name="x" value="-335"/><int name="y" value="-208"/><int name="z" value="9"/><int name="f" value="0"/><int name="zM" value="79"/></imgdir><imgdir name="40"><string name="oS" value="101BuildingTW"/><string name="l0" value="101Building"/><string name="l1" value="tile"/><string name="l2" value="1"/><int name="x" value="-502"/><int name="y" value="-201"/><int name="z" value="9"/><int name="f" value="0"/><int name="zM" value="74"/></imgdir><imgdir name="41"><string name="oS" value="101BuildingTW"/><string name="l0" value="101Building"/><string name="l1" value="tile"/><string name="l2" value="2"/><int name="x" value="-669"/><int name="y" value="-208"/><int name="z" value="9"/><int name="f" value="0"/><int name="zM" value="81"/></imgdir><imgdir name="42"><string name="oS" value="101BuildingTW"/><string name="l0" value="101Building"/><string name="l1" value="tile"/><string name="l2" value="1"/><int name="x" value="-836"/><int name="y" value="-201"/><int name="z" value="9"/><int name="f" value="0"/><int name="zM" value="75"/></imgdir><imgdir name="43"><string name="oS" value="101BuildingTW"/><string name="l0" value="101Building"/><string name="l1" value="tile"/><string name="l2" value="3"/><int name="x" value="-1170"/><int name="y" value="-200"/><int name="z" value="9"/><int name="f" value="0"/><int name="zM" value="83"/></imgdir><imgdir name="44"><string name="oS" value="101BuildingTW"/><string name="l0" value="101Building"/><string name="l1" value="tile"/><string name="l2" value="0"/><int name="x" value="-1003"/><int name="y" value="-200"/><int name="z" value="9"/><int name="f" value="0"/><int name="zM" value="84"/></imgdir></imgdir></imgdir><imgdir name="6"><imgdir name="info"></imgdir><imgdir name="tile"></imgdir><imgdir name="obj"></imgdir></imgdir><imgdir name="7"><imgdir name="info"></imgdir><imgdir name="tile"></imgdir><imgdir name="obj"></imgdir></imgdir><imgdir name="foothold"><imgdir name="3"><imgdir name="21"><imgdir name="1"><int name="x1" value="-5"/><int name="y1" value="407"/><int name="x2" value="56"/><int name="y2" value="407"/><int name="prev" value="0"/><int name="next" value="2"/></imgdir><imgdir name="2"><int name="x1" value="56"/><int name="y1" value="407"/><int name="x2" value="113"/><int name="y2" value="407"/><int name="prev" value="1"/><int name="next" value="3"/></imgdir></imgdir><imgdir name="22"><imgdir name="3"><int name="x1" value="113"/><int name="y1" value="407"/><int name="x2" value="174"/><int name="y2" value="407"/><int name="prev" value="2"/><int name="next" value="0"/></imgdir></imgdir></imgdir><imgdir name="5"><imgdir name="0"><imgdir name="4"><int name="x1" value="751"/><int name="y1" value="421"/><int name="x2" value="918"/><int name="y2" value="421"/><int name="prev" value="6"/><int name="next" value="33"/></imgdir></imgdir><imgdir name="7"><imgdir name="5"><int name="x1" value="1085"/><int name="y1" value="421"/><int name="x2" value="1252"/><int name="y2" value="421"/><int name="prev" value="33"/><int name="next" value="0"/></imgdir></imgdir><imgdir name="11"><imgdir name="6"><int name="x1" value="584"/><int name="y1" value="421"/><int name="x2" value="751"/><int name="y2" value="421"/><int name="prev" value="7"/><int name="next" value="4"/></imgdir></imgdir><imgdir name="1"><imgdir name="7"><int name="x1" value="417"/><int name="y1" value="421"/><int name="x2" value="584"/><int name="y2" value="421"/><int name="prev" value="8"/><int name="next" value="6"/></imgdir></imgdir><imgdir name="9"><imgdir name="8"><int name="x1" value="250"/><int name="y1" value="421"/><int name="x2" value="417"/><int name="y2" value="421"/><int name="prev" value="9"/><int name="next" value="7"/></imgdir></imgdir><imgdir name="2"><imgdir name="9"><int name="x1" value="83"/><int name="y1" value="421"/><int name="x2" value="250"/><int name="y2" value="421"/><int name="prev" value="10"/><int name="next" value="8"/></imgdir></imgdir><imgdir name="6"><imgdir name="10"><int name="x1" value="-84"/><int name="y1" value="421"/><int name="x2" value="83"/><int name="y2" value="421"/><int name="prev" value="11"/><int name="next" value="9"/></imgdir></imgdir><imgdir name="3"><imgdir name="11"><int name="x1" value="-251"/><int name="y1" value="421"/><int name="x2" value="-84"/><int name="y2" value="421"/><int name="prev" value="12"/><int name="next" value="10"/></imgdir></imgdir><imgdir name="8"><imgdir name="12"><int name="x1" value="-418"/><int name="y1" value="421"/><int name="x2" value="-251"/><int name="y2" value="421"/><int name="prev" value="13"/><int name="next" value="11"/></imgdir></imgdir><imgdir name="4"><imgdir name="13"><int name="x1" value="-585"/><int name="y1" value="421"/><int name="x2" value="-418"/><int name="y2" value="421"/><int name="prev" value="14"/><int name="next" value="12"/></imgdir></imgdir><imgdir name="10"><imgdir name="14"><int name="x1" value="-752"/><int name="y1" value="421"/><int name="x2" value="-585"/><int name="y2" value="421"/><int name="prev" value="15"/><int name="next" value="13"/></imgdir></imgdir><imgdir name="5"><imgdir name="15"><int name="x1" value="-919"/><int name="y1" value="421"/><int name="x2" value="-752"/><int name="y2" value="421"/><int name="prev" value="31"/><int name="next" value="14"/></imgdir></imgdir><imgdir name="12"><imgdir name="16"><int name="x1" value="-1253"/><int name="y1" value="421"/><int name="x2" value="-1086"/><int name="y2" value="421"/><int name="prev" value="0"/><int name="next" value="31"/></imgdir></imgdir><imgdir name="49"><imgdir name="17"><int name="x1" value="1085"/><int name="y1" value="93"/><int name="x2" value="1252"/><int name="y2" value="93"/><int name="prev" value="32"/><int name="next" value="0"/></imgdir></imgdir><imgdir name="45"><imgdir name="18"><int name="x1" value="-1253"/><int name="y1" value="93"/><int name="x2" value="-1086"/><int name="y2" value="93"/><int name="prev" value="0"/><int name="next" value="30"/></imgdir></imgdir><imgdir name="41"><imgdir name="19"><int name="x1" value="751"/><int name="y1" value="93"/><int name="x2" value="918"/><int name="y2" value="93"/><int name="prev" value="20"/><int name="next" value="32"/></imgdir></imgdir><imgdir name="43"><imgdir name="20"><int name="x1" value="584"/><int name="y1" value="93"/><int name="x2" value="751"/><int name="y2" value="93"/><int name="prev" value="21"/><int name="next" value="19"/></imgdir></imgdir><imgdir name="42"><imgdir name="21"><int name="x1" value="417"/><int name="y1" value="93"/><int name="x2" value="584"/><int name="y2" value="93"/><int name="prev" value="22"/><int name="next" value="20"/></imgdir></imgdir><imgdir name="46"><imgdir name="22"><int name="x1" value="250"/><int name="y1" value="93"/><int name="x2" value="417"/><int name="y2" value="93"/><int name="prev" value="23"/><int name="next" value="21"/></imgdir></imgdir><imgdir name="37"><imgdir name="23"><int name="x1" value="83"/><int name="y1" value="93"/><int name="x2" value="250"/><int name="y2" value="93"/><int name="prev" value="24"/><int name="next" value="22"/></imgdir></imgdir><imgdir name="51"><imgdir name="24"><int name="x1" value="-84"/><int name="y1" value="93"/><int name="x2" value="83"/><int name="y2" value="93"/><int name="prev" value="25"/><int name="next" value="23"/></imgdir></imgdir><imgdir name="38"><imgdir name="25"><int name="x1" value="-251"/><int name="y1" value="93"/><int name="x2" value="-84"/><int name="y2" value="93"/><int name="prev" value="26"/><int name="next" value="24"/></imgdir></imgdir><imgdir name="44"><imgdir name="26"><int name="x1" value="-418"/><int name="y1" value="93"/><int name="x2" value="-251"/><int name="y2" value="93"/><int name="prev" value="27"/><int name="next" value="25"/></imgdir></imgdir><imgdir name="39"><imgdir name="27"><int name="x1" value="-585"/><int name="y1" value="93"/><int name="x2" value="-418"/><int name="y2" value="93"/><int name="prev" value="29"/><int name="next" value="26"/></imgdir></imgdir><imgdir name="40"><imgdir name="28"><int name="x1" value="-919"/><int name="y1" value="93"/><int name="x2" value="-752"/><int name="y2" value="93"/><int name="prev" value="30"/><int name="next" value="29"/></imgdir></imgdir><imgdir name="47"><imgdir name="29"><int name="x1" value="-752"/><int name="y1" value="93"/><int name="x2" value="-585"/><int name="y2" value="93"/><int name="prev" value="28"/><int name="next" value="27"/></imgdir></imgdir><imgdir name="48"><imgdir name="30"><int name="x1" value="-1086"/><int name="y1" value="93"/><int name="x2" value="-919"/><int name="y2" value="93"/><int name="prev" value="18"/><int name="next" value="28"/></imgdir></imgdir><imgdir name="13"><imgdir name="31"><int name="x1" value="-1086"/><int name="y1" value="421"/><int name="x2" value="-919"/><int name="y2" value="421"/><int name="prev" value="16"/><int name="next" value="15"/></imgdir></imgdir><imgdir name="50"><imgdir name="32"><int name="x1" value="918"/><int name="y1" value="93"/><int name="x2" value="1085"/><int name="y2" value="93"/><int name="prev" value="19"/><int name="next" value="17"/></imgdir></imgdir><imgdir name="14"><imgdir name="33"><int name="x1" value="918"/><int name="y1" value="421"/><int name="x2" value="1085"/><int name="y2" value="421"/><int name="prev" value="4"/><int name="next" value="5"/></imgdir></imgdir><imgdir name="76"><imgdir name="34"><int name="x1" value="1085"/><int name="y1" value="-236"/><int name="x2" value="1252"/><int name="y2" value="-236"/><int name="prev" value="35"/><int name="next" value="0"/></imgdir></imgdir><imgdir name="80"><imgdir name="35"><int name="x1" value="918"/><int name="y1" value="-236"/><int name="x2" value="1085"/><int name="y2" value="-236"/><int name="prev" value="36"/><int name="next" value="34"/></imgdir></imgdir><imgdir name="70"><imgdir name="36"><int name="x1" value="751"/><int name="y1" value="-236"/><int name="x2" value="918"/><int name="y2" value="-236"/><int name="prev" value="37"/><int name="next" value="35"/></imgdir></imgdir><imgdir name="78"><imgdir name="37"><int name="x1" value="584"/><int name="y1" value="-236"/><int name="x2" value="751"/><int name="y2" value="-236"/><int name="prev" value="38"/><int name="next" value="36"/></imgdir></imgdir><imgdir name="71"><imgdir name="38"><int name="x1" value="417"/><int name="y1" value="-236"/><int name="x2" value="584"/><int name="y2" value="-236"/><int name="prev" value="39"/><int name="next" value="37"/></imgdir></imgdir><imgdir name="82"><imgdir name="39"><int name="x1" value="250"/><int name="y1" value="-236"/><int name="x2" value="417"/><int name="y2" value="-236"/><int name="prev" value="40"/><int name="next" value="38"/></imgdir></imgdir><imgdir name="72"><imgdir name="40"><int name="x1" value="83"/><int name="y1" value="-236"/><int name="x2" value="250"/><int name="y2" value="-236"/><int name="prev" value="41"/><int name="next" value="39"/></imgdir></imgdir><imgdir name="77"><imgdir name="41"><int name="x1" value="-84"/><int name="y1" value="-236"/><int name="x2" value="83"/><int name="y2" value="-236"/><int name="prev" value="42"/><int name="next" value="40"/></imgdir></imgdir><imgdir name="73"><imgdir name="42"><int name="x1" value="-251"/><int name="y1" value="-236"/><int name="x2" value="-84"/><int name="y2" value="-236"/><int name="prev" value="43"/><int name="next" value="41"/></imgdir></imgdir><imgdir name="79"><imgdir name="43"><int name="x1" value="-418"/><int name="y1" value="-236"/><int name="x2" value="-251"/><int name="y2" value="-236"/><int name="prev" value="44"/><int name="next" value="42"/></imgdir></imgdir><imgdir name="74"><imgdir name="44"><int name="x1" value="-585"/><int name="y1" value="-236"/><int name="x2" value="-418"/><int name="y2" value="-236"/><int name="prev" value="45"/><int name="next" value="43"/></imgdir></imgdir><imgdir name="81"><imgdir name="45"><int name="x1" value="-752"/><int name="y1" value="-236"/><int name="x2" value="-585"/><int name="y2" value="-236"/><int name="prev" value="46"/><int name="next" value="44"/></imgdir></imgdir><imgdir name="75"><imgdir name="46"><int name="x1" value="-919"/><int name="y1" value="-236"/><int name="x2" value="-752"/><int name="y2" value="-236"/><int name="prev" value="48"/><int name="next" value="45"/></imgdir></imgdir><imgdir name="83"><imgdir name="47"><int name="x1" value="-1253"/><int name="y1" value="-236"/><int name="x2" value="-1086"/><int name="y2" value="-236"/><int name="prev" value="0"/><int name="next" value="48"/></imgdir></imgdir><imgdir name="84"><imgdir name="48"><int name="x1" value="-1086"/><int name="y1" value="-236"/><int name="x2" value="-919"/><int name="y2" value="-236"/><int name="prev" value="47"/><int name="next" value="46"/></imgdir></imgdir></imgdir></imgdir><imgdir name="ladderRope"></imgdir><imgdir name="miniMap"><canvas name="canvas" width="162" height="74"></canvas><int name="width" value="2603"/><int name="height" value="1197"/><int name="centerX" value="1302"/><int name="centerY" value="653"/><int name="mag" value="4"/></imgdir><imgdir name="portal"><imgdir name="0"><string name="pn" value="sp"/><int name="pt" value="0"/><int name="x" value="-678"/><int name="y" value="-16"/><int name="tm" value="999999999"/><string name="tn" value=""/></imgdir><imgdir name="1"><string name="pn" value="sp"/><int name="pt" value="0"/><int name="x" value="-17"/><int name="y" value="-25"/><int name="tm" value="999999999"/><string name="tn" value=""/></imgdir><imgdir name="2"><string name="pn" value="sp"/><int name="pt" value="0"/><int name="x" value="649"/><int name="y" value="-9"/><int name="tm" value="999999999"/><string name="tn" value=""/></imgdir><imgdir name="3"><string name="pn" value="sp"/><int name="pt" value="0"/><int name="x" value="984"/><int name="y" value="288"/><int name="tm" value="999999999"/><string name="tn" value=""/></imgdir><imgdir name="4"><string name="pn" value="sp"/><int name="pt" value="0"/><int name="x" value="-157"/><int name="y" value="300"/><int name="tm" value="999999999"/><string name="tn" value=""/></imgdir><imgdir name="5"><string name="pn" value="sp"/><int name="pt" value="0"/><int name="x" value="-945"/><int name="y" value="316"/><int name="tm" value="999999999"/><string name="tn" value=""/></imgdir><imgdir name="6"><string name="pn" value="move00"/><int name="pt" value="1"/><int name="x" value="-683"/><int name="y" value="419"/><int name="tm" value="742010000"/><string name="tn" value="move01"/></imgdir><imgdir name="7"><string name="pn" value="move01"/><int name="pt" value="1"/><int name="x" value="-978"/><int name="y" value="91"/><int name="tm" value="742010000"/><string name="tn" value="move05"/><string name="script" value=""/><int name="hideTooltip" value="0"/><int name="delay" value="0"/></imgdir><imgdir name="8"><string name="pn" value="move02"/><int name="pt" value="1"/><int name="x" value="982"/><int name="y" value="91"/><int name="tm" value="742010000"/><string name="tn" value="move03"/></imgdir><imgdir name="9"><string name="pn" value="move03"/><int name="pt" value="1"/><int name="x" value="686"/><int name="y" value="419"/><int name="tm" value="742010000"/><string name="tn" value="move05"/><string name="script" value=""/><int name="hideTooltip" value="0"/><int name="delay" value="0"/></imgdir><imgdir name="10"><string name="pn" value="west00"/><int name="pt" value="2"/><int name="x" value="-1209"/><int name="y" value="91"/><int name="tm" value="742010003"/><string name="tn" value="east00"/></imgdir><imgdir name="11"><string name="pn" value="east00"/><int name="pt" value="2"/><int name="x" value="1210"/><int name="y" value="420"/><int name="tm" value="742010001"/><string name="tn" value="west00"/></imgdir><imgdir name="12"><string name="pn" value="bottom00"/><int name="pt" value="2"/><int name="x" value="73"/><int name="y" value="422"/><int name="tm" value="742000000"/><string name="tn" value="east00"/><string name="script" value=""/><int name="hideTooltip" value="0"/><int name="delay" value="0"/></imgdir><imgdir name="13"><string name="pn" value="top00"/><int name="pt" value="2"/><int name="x" value="-178"/><int name="y" value="93"/><int name="tm" value="742010100"/><string name="tn" value="bottom00"/></imgdir></imgdir></imgdir>