<?xml version="1.0" encoding="UTF-8" standalone="yes"?><imgdir name="742000100.img"><imgdir name="info"><int name="version" value="10"/><int name="cloud" value="0"/><int name="town" value="0"/><int name="swim" value="0"/><int name="returnMap" value="742000000"/><int name="forcedReturn" value="999999999"/><float name="mobRate" value="1.0"/><string name="bgm" value="BgmTW/101Building"/><string name="mapMark" value="None"/><int name="hideMinimap" value="0"/><int name="fieldLimit" value="0"/><int name="VRTop" value="-200"/><int name="VRLeft" value="-600"/><int name="VRBottom" value="380"/><int name="VRRight" value="595"/></imgdir><imgdir name="back"><imgdir name="0"><string name="bS" value=""/><int name="front" value="0"/><int name="ani" value="0"/><int name="no" value="0"/><int name="f" value="0"/><int name="x" value="0"/><int name="y" value="0"/><int name="rx" value="0"/><int name="ry" value="0"/><int name="type" value="0"/><int name="cx" value="0"/><int name="cy" value="0"/><int name="a" value="255"/></imgdir></imgdir><imgdir name="life"><imgdir name="0"><string name="type" value="n"/><string name="id" value="9330062"/><int name="x" value="390"/><int name="y" value="234"/><int name="mobTime" value="0"/><int name="f" value="0"/><int name="hide" value="0"/><int name="fh" value="37"/><int name="cy" value="241"/><int name="rx0" value="340"/><int name="rx1" value="440"/></imgdir></imgdir><imgdir name="reactor"></imgdir><imgdir name="0"><imgdir name="info"></imgdir><imgdir name="tile"></imgdir><imgdir name="obj"></imgdir></imgdir><imgdir name="1"><imgdir name="info"></imgdir><imgdir name="tile"></imgdir><imgdir name="obj"><imgdir name="0"><string name="oS" value="101BuildingTW"/><string name="l0" value="101BuildingPlatform "/><string name="l1" value="wall"/><string name="l2" value="0"/><int name="x" value="-1"/><int name="y" value="16"/><int name="z" value="9"/><int name="f" value="0"/><int name="zM" value="7"/></imgdir></imgdir></imgdir><imgdir name="2"><imgdir name="info"></imgdir><imgdir name="tile"></imgdir><imgdir name="obj"><imgdir name="0"><string name="oS" value="101BuildingTW"/><string name="l0" value="101BuildingPlatform "/><string name="l1" value="house"/><string name="l2" value="0"/><int name="x" value="360"/><int name="y" value="101"/><int name="z" value="3"/><int name="f" value="0"/><int name="zM" value="6"/></imgdir><imgdir name="1"><string name="oS" value="101BuildingTW"/><string name="l0" value="101BuildingPlatform "/><string name="l1" value="acc"/><string name="l2" value="2"/><int name="x" value="142"/><int name="y" value="-51"/><int name="z" value="9"/><int name="f" value="0"/><int name="zM" value="6"/></imgdir><imgdir name="2"><string name="oS" value="101BuildingTW"/><string name="l0" value="101BuildingPlatform "/><string name="l1" value="acc"/><string name="l2" value="1"/><int name="x" value="-577"/><int name="y" value="141"/><int name="z" value="9"/><int name="f" value="0"/><int name="zM" value="8"/></imgdir><imgdir name="3"><string name="oS" value="101BuildingTW"/><string name="l0" value="101BuildingPlatform "/><string name="l1" value="acc"/><string name="l2" value="0"/><int name="x" value="-442"/><int name="y" value="-179"/><int name="z" value="9"/><int name="f" value="0"/><int name="zM" value="10"/></imgdir></imgdir></imgdir><imgdir name="3"><imgdir name="info"></imgdir><imgdir name="tile"></imgdir><imgdir name="obj"><imgdir name="0"><string name="oS" value="101BuildingTW"/><string name="l0" value="101BuildingPlatform "/><string name="l1" value="ani"/><string name="l2" value="0"/><int name="x" value="485"/><int name="y" value="5"/><int name="z" value="5"/><int name="f" value="0"/><int name="zM" value="9"/></imgdir><imgdir name="1"><string name="oS" value="101BuildingTW"/><string name="l0" value="101BuildingPlatform "/><string name="l1" value="ani"/><string name="l2" value="1"/><int name="x" value="483"/><int name="y" value="24"/><int name="z" value="9"/><int name="f" value="0"/><int name="zM" value="9"/></imgdir></imgdir></imgdir><imgdir name="4"><imgdir name="info"></imgdir><imgdir name="tile"></imgdir><imgdir name="obj"></imgdir></imgdir><imgdir name="5"><imgdir name="info"></imgdir><imgdir name="tile"></imgdir><imgdir name="obj"><imgdir name="0"><string name="oS" value="101BuildingTW"/><string name="l0" value="101BuildingPlatform "/><string name="l1" value="foot"/><string name="l2" value="0"/><int name="x" value="0"/><int name="y" value="281"/><int name="z" value="9"/><int name="f" value="0"/><int name="zM" value="1"/></imgdir><imgdir name="1"><string name="oS" value="101BuildingTW"/><string name="l0" value="101BuildingPlatform "/><string name="l1" value="foot"/><string name="l2" value="0"/><int name="x" value="-174"/><int name="y" value="281"/><int name="z" value="9"/><int name="f" value="0"/><int name="zM" value="2"/></imgdir><imgdir name="2"><string name="oS" value="101BuildingTW"/><string name="l0" value="101BuildingPlatform "/><string name="l1" value="foot"/><string name="l2" value="0"/><int name="x" value="174"/><int name="y" value="281"/><int name="z" value="9"/><int name="f" value="0"/><int name="zM" value="3"/></imgdir><imgdir name="3"><string name="oS" value="101BuildingTW"/><string name="l0" value="101BuildingPlatform "/><string name="l1" value="foot"/><string name="l2" value="0"/><int name="x" value="-348"/><int name="y" value="281"/><int name="z" value="9"/><int name="f" value="0"/><int name="zM" value="4"/></imgdir><imgdir name="4"><string name="oS" value="101BuildingTW"/><string name="l0" value="101BuildingPlatform "/><string name="l1" value="foot"/><string name="l2" value="0"/><int name="x" value="348"/><int name="y" value="281"/><int name="z" value="9"/><int name="f" value="0"/><int name="zM" value="5"/></imgdir><imgdir name="5"><string name="oS" value="101BuildingTW"/><string name="l0" value="101BuildingPlatform "/><string name="l1" value="foot"/><string name="l2" value="0"/><int name="x" value="-514"/><int name="y" value="281"/><int name="z" value="9"/><int name="f" value="0"/><int name="zM" value="4"/></imgdir><imgdir name="6"><string name="oS" value="101BuildingTW"/><string name="l0" value="101BuildingPlatform "/><string name="l1" value="foot"/><string name="l2" value="0"/><int name="x" value="512"/><int name="y" value="281"/><int name="z" value="9"/><int name="f" value="0"/><int name="zM" value="5"/></imgdir></imgdir></imgdir><imgdir name="6"><imgdir name="info"></imgdir><imgdir name="tile"></imgdir><imgdir name="obj"></imgdir></imgdir><imgdir name="7"><imgdir name="info"></imgdir><imgdir name="tile"></imgdir><imgdir name="obj"></imgdir></imgdir><imgdir name="foothold"><imgdir name="1"><imgdir name="7"><imgdir name="1"><int name="x1" value="-365"/><int name="y1" value="179"/><int name="x2" value="-365"/><int name="y2" value="210"/><int name="prev" value="4"/><int name="next" value="2"/></imgdir><imgdir name="2"><int name="x1" value="-365"/><int name="y1" value="210"/><int name="x2" value="-283"/><int name="y2" value="210"/><int name="prev" value="1"/><int name="next" value="0"/></imgdir><imgdir name="3"><int name="x1" value="-380"/><int name="y1" value="148"/><int name="x2" value="-380"/><int name="y2" value="179"/><int name="prev" value="7"/><int name="next" value="4"/></imgdir><imgdir name="4"><int name="x1" value="-380"/><int name="y1" value="179"/><int name="x2" value="-365"/><int name="y2" value="179"/><int name="prev" value="3"/><int name="next" value="5"/></imgdir><imgdir name="5"><int name="x1" value="-365"/><int name="y1" value="179"/><int name="x2" value="-307"/><int name="y2" value="179"/><int name="prev" value="4"/><int name="next" value="0"/></imgdir><imgdir name="6"><int name="x1" value="-403"/><int name="y1" value="117"/><int name="x2" value="-403"/><int name="y2" value="148"/><int name="prev" value="10"/><int name="next" value="7"/></imgdir><imgdir name="7"><int name="x1" value="-403"/><int name="y1" value="148"/><int name="x2" value="-380"/><int name="y2" value="148"/><int name="prev" value="6"/><int name="next" value="8"/></imgdir><imgdir name="8"><int name="x1" value="-380"/><int name="y1" value="148"/><int name="x2" value="-331"/><int name="y2" value="148"/><int name="prev" value="7"/><int name="next" value="0"/></imgdir><imgdir name="9"><int name="x1" value="-428"/><int name="y1" value="86"/><int name="x2" value="-428"/><int name="y2" value="117"/><int name="prev" value="13"/><int name="next" value="10"/></imgdir><imgdir name="10"><int name="x1" value="-428"/><int name="y1" value="117"/><int name="x2" value="-403"/><int name="y2" value="117"/><int name="prev" value="9"/><int name="next" value="11"/></imgdir><imgdir name="11"><int name="x1" value="-403"/><int name="y1" value="117"/><int name="x2" value="-355"/><int name="y2" value="117"/><int name="prev" value="10"/><int name="next" value="0"/></imgdir><imgdir name="12"><int name="x1" value="-452"/><int name="y1" value="55"/><int name="x2" value="-452"/><int name="y2" value="86"/><int name="prev" value="16"/><int name="next" value="13"/></imgdir><imgdir name="13"><int name="x1" value="-452"/><int name="y1" value="86"/><int name="x2" value="-428"/><int name="y2" value="86"/><int name="prev" value="12"/><int name="next" value="14"/></imgdir><imgdir name="14"><int name="x1" value="-428"/><int name="y1" value="86"/><int name="x2" value="-378"/><int name="y2" value="86"/><int name="prev" value="13"/><int name="next" value="0"/></imgdir><imgdir name="15"><int name="x1" value="-476"/><int name="y1" value="24"/><int name="x2" value="-476"/><int name="y2" value="55"/><int name="prev" value="19"/><int name="next" value="16"/></imgdir><imgdir name="16"><int name="x1" value="-476"/><int name="y1" value="55"/><int name="x2" value="-452"/><int name="y2" value="55"/><int name="prev" value="15"/><int name="next" value="17"/></imgdir><imgdir name="17"><int name="x1" value="-452"/><int name="y1" value="55"/><int name="x2" value="-402"/><int name="y2" value="55"/><int name="prev" value="16"/><int name="next" value="0"/></imgdir><imgdir name="18"><int name="x1" value="-499"/><int name="y1" value="-7"/><int name="x2" value="-499"/><int name="y2" value="24"/><int name="prev" value="22"/><int name="next" value="19"/></imgdir><imgdir name="19"><int name="x1" value="-499"/><int name="y1" value="24"/><int name="x2" value="-476"/><int name="y2" value="24"/><int name="prev" value="18"/><int name="next" value="20"/></imgdir><imgdir name="20"><int name="x1" value="-476"/><int name="y1" value="24"/><int name="x2" value="-426"/><int name="y2" value="24"/><int name="prev" value="19"/><int name="next" value="0"/></imgdir><imgdir name="21"><int name="x1" value="-530"/><int name="y1" value="-120"/><int name="x2" value="-530"/><int name="y2" value="-7"/><int name="prev" value="0"/><int name="next" value="22"/></imgdir><imgdir name="22"><int name="x1" value="-530"/><int name="y1" value="-7"/><int name="x2" value="-499"/><int name="y2" value="-7"/><int name="prev" value="21"/><int name="next" value="23"/></imgdir><imgdir name="23"><int name="x1" value="-499"/><int name="y1" value="-7"/><int name="x2" value="-448"/><int name="y2" value="-7"/><int name="prev" value="22"/><int name="next" value="0"/></imgdir><imgdir name="24"><int name="x1" value="-445"/><int name="y1" value="-71"/><int name="x2" value="-300"/><int name="y2" value="-71"/><int name="prev" value="0"/><int name="next" value="25"/></imgdir><imgdir name="25"><int name="x1" value="-300"/><int name="y1" value="-71"/><int name="x2" value="-86"/><int name="y2" value="204"/><int name="prev" value="24"/><int name="next" value="0"/></imgdir><imgdir name="26"><int name="x1" value="-489"/><int name="y1" value="-68"/><int name="x2" value="-408"/><int name="y2" value="-68"/><int name="prev" value="0"/><int name="next" value="27"/></imgdir><imgdir name="27"><int name="x1" value="-408"/><int name="y1" value="-68"/><int name="x2" value="-194"/><int name="y2" value="207"/><int name="prev" value="26"/><int name="next" value="0"/></imgdir></imgdir></imgdir><imgdir name="2"><imgdir name="6"><imgdir name="28"><int name="x1" value="265"/><int name="y1" value="181"/><int name="x2" value="338"/><int name="y2" value="181"/><int name="prev" value="0"/><int name="next" value="0"/></imgdir><imgdir name="29"><int name="x1" value="349"/><int name="y1" value="181"/><int name="x2" value="422"/><int name="y2" value="181"/><int name="prev" value="0"/><int name="next" value="0"/></imgdir><imgdir name="30"><int name="x1" value="433"/><int name="y1" value="181"/><int name="x2" value="506"/><int name="y2" value="181"/><int name="prev" value="0"/><int name="next" value="0"/></imgdir><imgdir name="31"><int name="x1" value="517"/><int name="y1" value="181"/><int name="x2" value="590"/><int name="y2" value="181"/><int name="prev" value="0"/><int name="next" value="0"/></imgdir></imgdir></imgdir><imgdir name="5"><imgdir name="1"><imgdir name="32"><int name="x1" value="-87"/><int name="y1" value="241"/><int name="x2" value="87"/><int name="y2" value="241"/><int name="prev" value="33"/><int name="next" value="34"/></imgdir></imgdir><imgdir name="2"><imgdir name="33"><int name="x1" value="-261"/><int name="y1" value="241"/><int name="x2" value="-87"/><int name="y2" value="241"/><int name="prev" value="35"/><int name="next" value="32"/></imgdir></imgdir><imgdir name="3"><imgdir name="34"><int name="x1" value="87"/><int name="y1" value="241"/><int name="x2" value="261"/><int name="y2" value="241"/><int name="prev" value="32"/><int name="next" value="37"/></imgdir></imgdir><imgdir name="4"><imgdir name="35"><int name="x1" value="-435"/><int name="y1" value="241"/><int name="x2" value="-261"/><int name="y2" value="241"/><int name="prev" value="36"/><int name="next" value="33"/></imgdir><imgdir name="36"><int name="x1" value="-601"/><int name="y1" value="241"/><int name="x2" value="-435"/><int name="y2" value="241"/><int name="prev" value="0"/><int name="next" value="35"/></imgdir></imgdir><imgdir name="5"><imgdir name="37"><int name="x1" value="261"/><int name="y1" value="241"/><int name="x2" value="435"/><int name="y2" value="241"/><int name="prev" value="34"/><int name="next" value="38"/></imgdir><imgdir name="38"><int name="x1" value="435"/><int name="y1" value="241"/><int name="x2" value="599"/><int name="y2" value="241"/><int name="prev" value="37"/><int name="next" value="0"/></imgdir></imgdir></imgdir></imgdir><imgdir name="ladderRope"></imgdir><imgdir name="miniMap"><canvas name="canvas" width="81" height="45"></canvas><int name="width" value="1297"/><int name="height" value="729"/><int name="centerX" value="649"/><int name="centerY" value="359"/><int name="mag" value="4"/></imgdir><imgdir name="portal"><imgdir name="0"><string name="pn" value="sp"/><int name="pt" value="0"/><int name="x" value="457"/><int name="y" value="205"/><int name="tm" value="999999999"/><string name="tn" value=""/></imgdir><imgdir name="1"><string name="pn" value="sp"/><int name="pt" value="0"/><int name="x" value="-489"/><int name="y" value="154"/><int name="tm" value="999999999"/><string name="tn" value=""/></imgdir><imgdir name="2"><string name="pn" value="sp"/><int name="pt" value="0"/><int name="x" value="208"/><int name="y" value="165"/><int name="tm" value="999999999"/><string name="tn" value=""/></imgdir><imgdir name="3"><string name="pn" value="sp"/><int name="pt" value="0"/><int name="x" value="-147"/><int name="y" value="180"/><int name="tm" value="999999999"/><string name="tn" value=""/></imgdir><imgdir name="4"><string name="pn" value="platform00"/><int name="pt" value="1"/><int name="x" value="508"/><int name="y" value="115"/><int name="tm" value="742000101"/><string name="tn" value="east00"/></imgdir><imgdir name="5"><string name="pn" value="in00"/><int name="pt" value="2"/><int name="x" value="-486"/><int name="y" value="-9"/><int name="tm" value="742000000"/><string name="tn" value="out00"/></imgdir></imgdir></imgdir>