<?xml version="1.0" encoding="UTF-8" standalone="yes"?><imgdir name="742000103.img"><imgdir name="info"><int name="version" value="10"/><int name="cloud" value="0"/><int name="town" value="0"/><int name="swim" value="0"/><int name="returnMap" value="740000000"/><int name="forcedReturn" value="999999999"/><float name="mobRate" value="1.0"/><string name="bgm" value="BgmTW/101BuildingSubway"/><string name="mapMark" value="None"/><int name="hideMinimap" value="0"/><int name="fieldLimit" value="0"/><int name="VRTop" value="-210"/><int name="VRLeft" value="-600"/><int name="VRBottom" value="290"/><int name="VRRight" value="560"/></imgdir><imgdir name="back"><imgdir name="0"><string name="bS" value=""/><int name="front" value="0"/><int name="ani" value="0"/><int name="no" value="0"/><int name="f" value="0"/><int name="x" value="0"/><int name="y" value="0"/><int name="rx" value="0"/><int name="ry" value="0"/><int name="type" value="0"/><int name="cx" value="0"/><int name="cy" value="0"/><int name="a" value="255"/></imgdir><imgdir name="1"><string name="bS" value="101BuildingTW"/><int name="front" value="0"/><int name="ani" value="0"/><int name="no" value="3"/><int name="f" value="0"/><int name="x" value="0"/><int name="y" value="0"/><int name="rx" value="20"/><int name="ry" value="0"/><int name="type" value="4"/><int name="cx" value="0"/><int name="cy" value="0"/><int name="a" value="255"/></imgdir><imgdir name="2"><string name="bS" value="101BuildingTW"/><int name="front" value="0"/><int name="ani" value="0"/><int name="no" value="2"/><int name="f" value="0"/><int name="x" value="38"/><int name="y" value="-1"/><int name="rx" value="40"/><int name="ry" value="0"/><int name="type" value="4"/><int name="cx" value="0"/><int name="cy" value="0"/><int name="a" value="255"/></imgdir></imgdir><imgdir name="life"><imgdir name="0"><string name="type" value="m"/><string name="id" value="9410039"/><int name="x" value="-487"/><int name="y" value="172"/><int name="mobTime" value="0"/><int name="f" value="0"/><int name="hide" value="0"/><int name="fh" value="4"/><int name="cy" value="181"/><int name="rx0" value="-583"/><int name="rx1" value="489"/></imgdir><imgdir name="1"><string name="type" value="m"/><string name="id" value="9410039"/><int name="x" value="-273"/><int name="y" value="172"/><int name="mobTime" value="0"/><int name="f" value="0"/><int name="hide" value="0"/><int name="fh" value="4"/><int name="cy" value="181"/><int name="rx0" value="-583"/><int name="rx1" value="489"/></imgdir><imgdir name="2"><string name="type" value="m"/><string name="id" value="9410039"/><int name="x" value="-51"/><int name="y" value="173"/><int name="mobTime" value="0"/><int name="f" value="0"/><int name="hide" value="0"/><int name="fh" value="4"/><int name="cy" value="181"/><int name="rx0" value="-583"/><int name="rx1" value="489"/></imgdir><imgdir name="3"><string name="type" value="m"/><string name="id" value="9410039"/><int name="x" value="158"/><int name="y" value="162"/><int name="mobTime" value="0"/><int name="f" value="0"/><int name="hide" value="0"/><int name="fh" value="4"/><int name="cy" value="181"/><int name="rx0" value="-583"/><int name="rx1" value="489"/></imgdir><imgdir name="4"><string name="type" value="m"/><string name="id" value="9410039"/><int name="x" value="384"/><int name="y" value="158"/><int name="mobTime" value="0"/><int name="f" value="0"/><int name="hide" value="0"/><int name="fh" value="4"/><int name="cy" value="181"/><int name="rx0" value="-583"/><int name="rx1" value="489"/></imgdir></imgdir><imgdir name="reactor"></imgdir><imgdir name="0"><imgdir name="info"></imgdir><imgdir name="tile"></imgdir><imgdir name="obj"></imgdir></imgdir><imgdir name="1"><imgdir name="info"></imgdir><imgdir name="tile"></imgdir><imgdir name="obj"><imgdir name="0"><string name="oS" value="101BuildingTW"/><string name="l0" value="101BuildingSubway"/><string name="l1" value="house"/><string name="l2" value="0"/><int name="x" value="405"/><int name="y" value="60"/><int name="z" value="5"/><int name="f" value="0"/><int name="zM" value="4"/></imgdir><imgdir name="1"><string name="oS" value="101BuildingTW"/><string name="l0" value="101BuildingSubway"/><string name="l1" value="house"/><string name="l2" value="1"/><int name="x" value="-40"/><int name="y" value="66"/><int name="z" value="9"/><int name="f" value="0"/><int name="zM" value="4"/></imgdir></imgdir></imgdir><imgdir name="2"><imgdir name="info"></imgdir><imgdir name="tile"></imgdir><imgdir name="obj"><imgdir name="0"><string name="oS" value="101BuildingTW"/><string name="l0" value="101BuildingSubway"/><string name="l1" value="ani"/><string name="l2" value="0"/><int name="x" value="50"/><int name="y" value="-40"/><int name="z" value="9"/><int name="f" value="0"/><int name="zM" value="17"/></imgdir><imgdir name="1"><string name="oS" value="101BuildingTW"/><string name="l0" value="101BuildingSubway"/><string name="l1" value="ani"/><string name="l2" value="0"/><int name="x" value="-408"/><int name="y" value="-40"/><int name="z" value="9"/><int name="f" value="0"/><int name="zM" value="16"/></imgdir><imgdir name="2"><string name="oS" value="101BuildingTW"/><string name="l0" value="101BuildingSubway"/><string name="l1" value="signBoard"/><string name="l2" value="12"/><int name="x" value="200"/><int name="y" value="-35"/><int name="z" value="9"/><int name="f" value="0"/><int name="zM" value="15"/></imgdir><imgdir name="3"><string name="oS" value="101BuildingTW"/><string name="l0" value="101BuildingSubway"/><string name="l1" value="signBoard"/><string name="l2" value="11"/><int name="x" value="-192"/><int name="y" value="-35"/><int name="z" value="9"/><int name="f" value="0"/><int name="zM" value="13"/></imgdir><imgdir name="4"><string name="oS" value="101BuildingTW"/><string name="l0" value="101BuildingSubway"/><string name="l1" value="signBoard"/><string name="l2" value="10"/><int name="x" value="-554"/><int name="y" value="-35"/><int name="z" value="9"/><int name="f" value="0"/><int name="zM" value="14"/></imgdir><imgdir name="5"><string name="oS" value="101BuildingTW"/><string name="l0" value="101BuildingSubway"/><string name="l1" value="signBoard"/><string name="l2" value="21"/><int name="x" value="301"/><int name="y" value="114"/><int name="z" value="9"/><int name="f" value="0"/><int name="zM" value="8"/></imgdir><imgdir name="6"><string name="oS" value="101BuildingTW"/><string name="l0" value="101BuildingSubway"/><string name="l1" value="signBoard"/><string name="l2" value="20"/><int name="x" value="301"/><int name="y" value="50"/><int name="z" value="9"/><int name="f" value="0"/><int name="zM" value="12"/></imgdir><imgdir name="7"><string name="oS" value="101BuildingTW"/><string name="l0" value="101BuildingSubway"/><string name="l1" value="signBoard"/><string name="l2" value="22"/><int name="x" value="485"/><int name="y" value="83"/><int name="z" value="9"/><int name="f" value="0"/><int name="zM" value="9"/></imgdir><imgdir name="8"><string name="oS" value="101BuildingTW"/><string name="l0" value="101BuildingSubway"/><string name="l1" value="signBoard"/><string name="l2" value="16"/><int name="x" value="-266"/><int name="y" value="80"/><int name="z" value="9"/><int name="f" value="0"/><int name="zM" value="11"/></imgdir><imgdir name="9"><string name="oS" value="101BuildingTW"/><string name="l0" value="101BuildingSubway"/><string name="l1" value="signBoard"/><string name="l2" value="17"/><int name="x" value="192"/><int name="y" value="80"/><int name="z" value="9"/><int name="f" value="0"/><int name="zM" value="10"/></imgdir></imgdir></imgdir><imgdir name="3"><imgdir name="info"></imgdir><imgdir name="tile"></imgdir><imgdir name="obj"><imgdir name="0"><string name="oS" value="101BuildingTW"/><string name="l0" value="101BuildingSubway"/><string name="l1" value="house"/><string name="l2" value="2"/><int name="x" value="174"/><int name="y" value="-192"/><int name="z" value="9"/><int name="f" value="0"/><int name="zM" value="19"/></imgdir><imgdir name="1"><string name="oS" value="101BuildingTW"/><string name="l0" value="101BuildingSubway"/><string name="l1" value="house"/><string name="l2" value="2"/><int name="x" value="-402"/><int name="y" value="-192"/><int name="z" value="9"/><int name="f" value="0"/><int name="zM" value="20"/></imgdir><imgdir name="2"><string name="oS" value="101BuildingTW"/><string name="l0" value="101BuildingSubway"/><string name="l1" value="acc"/><string name="l2" value="0"/><int name="x" value="-515"/><int name="y" value="58"/><int name="z" value="9"/><int name="f" value="0"/><int name="zM" value="5"/></imgdir><imgdir name="3"><string name="oS" value="101BuildingTW"/><string name="l0" value="101BuildingSubway"/><string name="l1" value="acc"/><string name="l2" value="1"/><int name="x" value="-156"/><int name="y" value="57"/><int name="z" value="9"/><int name="f" value="0"/><int name="zM" value="7"/></imgdir><imgdir name="4"><string name="oS" value="101BuildingTW"/><string name="l0" value="101BuildingSubway"/><string name="l1" value="acc"/><string name="l2" value="2"/><int name="x" value="219"/><int name="y" value="57"/><int name="z" value="5"/><int name="f" value="0"/><int name="zM" value="6"/></imgdir><imgdir name="5"><string name="oS" value="101BuildingTW"/><string name="l0" value="101BuildingSubway"/><string name="l1" value="acc"/><string name="l2" value="4"/><int name="x" value="107"/><int name="y" value="98"/><int name="z" value="6"/><int name="f" value="0"/><int name="zM" value="6"/></imgdir><imgdir name="6"><string name="oS" value="101BuildingTW"/><string name="l0" value="101BuildingSubway"/><string name="l1" value="acc"/><string name="l2" value="5"/><int name="x" value="110"/><int name="y" value="153"/><int name="z" value="9"/><int name="f" value="0"/><int name="zM" value="6"/></imgdir><imgdir name="7"><string name="oS" value="101BuildingTW"/><string name="l0" value="101BuildingSubway"/><string name="l1" value="acc"/><string name="l2" value="3"/><int name="x" value="-44"/><int name="y" value="73"/><int name="z" value="6"/><int name="f" value="0"/><int name="zM" value="7"/></imgdir><imgdir name="8"><string name="oS" value="101BuildingTW"/><string name="l0" value="101BuildingSubway"/><string name="l1" value="acc"/><string name="l2" value="3"/><int name="x" value="-352"/><int name="y" value="74"/><int name="z" value="9"/><int name="f" value="0"/><int name="zM" value="7"/></imgdir><imgdir name="9"><string name="oS" value="101BuildingTW"/><string name="l0" value="101BuildingSubway"/><string name="l1" value="acc"/><string name="l2" value="6"/><int name="x" value="-506"/><int name="y" value="61"/><int name="z" value="6"/><int name="f" value="0"/><int name="zM" value="5"/></imgdir><imgdir name="10"><string name="oS" value="101BuildingTW"/><string name="l0" value="101BuildingSubway"/><string name="l1" value="acc"/><string name="l2" value="7"/><int name="x" value="-528"/><int name="y" value="62"/><int name="z" value="9"/><int name="f" value="0"/><int name="zM" value="5"/></imgdir></imgdir></imgdir><imgdir name="4"><imgdir name="info"></imgdir><imgdir name="tile"></imgdir><imgdir name="obj"></imgdir></imgdir><imgdir name="5"><imgdir name="info"></imgdir><imgdir name="tile"></imgdir><imgdir name="obj"><imgdir name="0"><string name="oS" value="101BuildingTW"/><string name="l0" value="101BuildingSubway"/><string name="l1" value="house"/><string name="l2" value="4"/><int name="x" value="-48"/><int name="y" value="233"/><int name="z" value="9"/><int name="f" value="0"/><int name="zM" value="0"/></imgdir><imgdir name="1"><string name="oS" value="101BuildingTW"/><string name="l0" value="101BuildingSubway"/><string name="l1" value="house"/><string name="l2" value="5"/><int name="x" value="552"/><int name="y" value="92"/><int name="z" value="9"/><int name="f" value="0"/><int name="zM" value="1"/></imgdir><imgdir name="2"><string name="oS" value="101BuildingTW"/><string name="l0" value="101BuildingSubway"/><string name="l1" value="house"/><string name="l2" value="3"/><int name="x" value="-48"/><int name="y" value="-84"/><int name="z" value="9"/><int name="f" value="0"/><int name="zM" value="18"/></imgdir></imgdir></imgdir><imgdir name="6"><imgdir name="info"></imgdir><imgdir name="tile"></imgdir><imgdir name="obj"></imgdir></imgdir><imgdir name="7"><imgdir name="info"></imgdir><imgdir name="tile"></imgdir><imgdir name="obj"></imgdir></imgdir><imgdir name="foothold"><imgdir name="3"><imgdir name="19"><imgdir name="1"><int name="x1" value="93"/><int name="y1" value="-121"/><int name="x2" value="260"/><int name="y2" value="-121"/><int name="prev" value="0"/><int name="next" value="0"/></imgdir></imgdir><imgdir name="20"><imgdir name="2"><int name="x1" value="-483"/><int name="y1" value="-121"/><int name="x2" value="-316"/><int name="y2" value="-121"/><int name="prev" value="0"/><int name="next" value="0"/></imgdir></imgdir></imgdir><imgdir name="5"><imgdir name="0"><imgdir name="3"><int name="x1" value="-603"/><int name="y1" value="-229"/><int name="x2" value="-603"/><int name="y2" value="181"/><int name="prev" value="0"/><int name="next" value="4"/></imgdir><imgdir name="4"><int name="x1" value="-603"/><int name="y1" value="181"/><int name="x2" value="509"/><int name="y2" value="181"/><int name="prev" value="3"/><int name="next" value="5"/></imgdir><imgdir name="5"><int name="x1" value="509"/><int name="y1" value="181"/><int name="x2" value="509"/><int name="y2" value="-229"/><int name="prev" value="4"/><int name="next" value="0"/></imgdir></imgdir></imgdir></imgdir><imgdir name="ladderRope"></imgdir><imgdir name="miniMap"><canvas name="canvas" width="81" height="47"></canvas><int name="width" value="1297"/><int name="height" value="767"/><int name="centerX" value="653"/><int name="centerY" value="433"/><int name="mag" value="4"/></imgdir><imgdir name="portal"><imgdir name="0"><string name="pn" value="sp"/><int name="pt" value="0"/><int name="x" value="421"/><int name="y" value="89"/><int name="tm" value="999999999"/><string name="tn" value=""/></imgdir><imgdir name="1"><string name="pn" value="sp"/><int name="pt" value="0"/><int name="x" value="106"/><int name="y" value="93"/><int name="tm" value="999999999"/><string name="tn" value=""/></imgdir><imgdir name="2"><string name="pn" value="sp"/><int name="pt" value="0"/><int name="x" value="-192"/><int name="y" value="98"/><int name="tm" value="999999999"/><string name="tn" value=""/></imgdir><imgdir name="3"><string name="pn" value="sp"/><int name="pt" value="0"/><int name="x" value="-487"/><int name="y" value="94"/><int name="tm" value="999999999"/><string name="tn" value=""/></imgdir><imgdir name="4"><string name="pn" value="east00"/><int name="pt" value="2"/><int name="x" value="433"/><int name="y" value="178"/><int name="tm" value="742000102"/><string name="tn" value="west00"/></imgdir><imgdir name="5"><string name="pn" value="west00"/><int name="pt" value="2"/><int name="x" value="-568"/><int name="y" value="178"/><int name="tm" value="742000104"/><string name="tn" value="east00"/></imgdir></imgdir></imgdir>