<?xml version="1.0" encoding="UTF-8" standalone="yes"?><imgdir name="742010203.img"><imgdir name="info"><int name="version" value="10"/><int name="cloud" value="0"/><int name="town" value="0"/><int name="swim" value="0"/><int name="returnMap" value="742000000"/><int name="forcedReturn" value="999999999"/><float name="mobRate" value="1.0"/><string name="bgm" value="BgmTW/101BuildingField"/><string name="mapMark" value="101BuildingTW"/><int name="hideMinimap" value="0"/><int name="fieldLimit" value="0"/><int name="VRTop" value="-560"/><int name="VRLeft" value="-1090"/><int name="VRBottom" value="550"/><int name="VRRight" value="1090"/></imgdir><imgdir name="back"><imgdir name="0"><string name="bS" value="NightMarketTW"/><int name="front" value="0"/><int name="ani" value="0"/><int name="no" value="2"/><int name="f" value="0"/><int name="x" value="0"/><int name="y" value="0"/><int name="rx" value="0"/><int name="ry" value="0"/><int name="type" value="1"/><int name="cx" value="0"/><int name="cy" value="0"/><int name="a" value="255"/></imgdir><imgdir name="1"><string name="bS" value="NightMarketTW"/><int name="front" value="0"/><int name="ani" value="1"/><int name="no" value="0"/><int name="f" value="0"/><int name="x" value="16"/><int name="y" value="-283"/><int name="rx" value="-80"/><int name="ry" value="-100"/><int name="type" value="3"/><int name="cx" value="800"/><int name="cy" value="0"/><int name="a" value="255"/></imgdir><imgdir name="2"><string name="bS" value="NightMarketTW"/><int name="front" value="0"/><int name="ani" value="1"/><int name="no" value="0"/><int name="f" value="0"/><int name="x" value="-377"/><int name="y" value="-75"/><int name="rx" value="-80"/><int name="ry" value="-100"/><int name="type" value="3"/><int name="cx" value="800"/><int name="cy" value="0"/><int name="a" value="255"/></imgdir><imgdir name="3"><string name="bS" value="101BuildingTW"/><int name="front" value="0"/><int name="ani" value="0"/><int name="no" value="1"/><int name="f" value="0"/><int name="x" value="0"/><int name="y" value="-184"/><int name="rx" value="-8"/><int name="ry" value="-40"/><int name="type" value="0"/><int name="cx" value="0"/><int name="cy" value="0"/><int name="a" value="255"/></imgdir><imgdir name="4"><string name="bS" value="101BuildingTW"/><int name="front" value="0"/><int name="ani" value="0"/><int name="no" value="0"/><int name="f" value="0"/><int name="x" value="0"/><int name="y" value="134"/><int name="rx" value="-8"/><int name="ry" value="-50"/><int name="type" value="0"/><int name="cx" value="0"/><int name="cy" value="0"/><int name="a" value="255"/></imgdir></imgdir><imgdir name="life"><imgdir name="15"><string name="type" value="m"/><string name="id" value="9410031"/><int name="x" value="-946"/><int name="y" value="84"/><int name="mobTime" value="0"/><int name="f" value="0"/><int name="hide" value="0"/><int name="fh" value="18"/><int name="cy" value="93"/><int name="rx0" value="-1066"/><int name="rx1" value="-939"/></imgdir><imgdir name="16"><string name="type" value="m"/><string name="id" value="9410031"/><int name="x" value="-1004"/><int name="y" value="-252"/><int name="mobTime" value="0"/><int name="f" value="0"/><int name="hide" value="0"/><int name="fh" value="30"/><int name="cy" value="-239"/><int name="rx0" value="-1066"/><int name="rx1" value="-939"/></imgdir><imgdir name="17"><string name="type" value="m"/><string name="id" value="9410031"/><int name="x" value="-773"/><int name="y" value="-260"/><int name="mobTime" value="0"/><int name="f" value="0"/><int name="hide" value="0"/><int name="fh" value="32"/><int name="cy" value="-239"/><int name="rx0" value="-899"/><int name="rx1" value="-772"/></imgdir><imgdir name="18"><string name="type" value="m"/><string name="id" value="9410031"/><int name="x" value="-496"/><int name="y" value="-249"/><int name="mobTime" value="0"/><int name="f" value="0"/><int name="hide" value="0"/><int name="fh" value="31"/><int name="cy" value="-239"/><int name="rx0" value="-565"/><int name="rx1" value="-438"/></imgdir><imgdir name="19"><string name="type" value="m"/><string name="id" value="9410031"/><int name="x" value="-246"/><int name="y" value="-246"/><int name="mobTime" value="0"/><int name="f" value="0"/><int name="hide" value="0"/><int name="fh" value="42"/><int name="cy" value="-239"/><int name="rx0" value="-246"/><int name="rx1" value="-104"/></imgdir><imgdir name="20"><string name="type" value="m"/><string name="id" value="9410031"/><int name="x" value="37"/><int name="y" value="-244"/><int name="mobTime" value="0"/><int name="f" value="0"/><int name="hide" value="0"/><int name="fh" value="41"/><int name="cy" value="-239"/><int name="rx0" value="-64"/><int name="rx1" value="63"/></imgdir><imgdir name="21"><string name="type" value="m"/><string name="id" value="9410031"/><int name="x" value="293"/><int name="y" value="-246"/><int name="mobTime" value="0"/><int name="f" value="0"/><int name="hide" value="0"/><int name="fh" value="39"/><int name="cy" value="-239"/><int name="rx0" value="270"/><int name="rx1" value="397"/></imgdir><imgdir name="22"><string name="type" value="m"/><string name="id" value="9410031"/><int name="x" value="636"/><int name="y" value="-254"/><int name="mobTime" value="0"/><int name="f" value="0"/><int name="hide" value="0"/><int name="fh" value="37"/><int name="cy" value="-239"/><int name="rx0" value="604"/><int name="rx1" value="731"/></imgdir><imgdir name="23"><string name="type" value="m"/><string name="id" value="9410031"/><int name="x" value="972"/><int name="y" value="-258"/><int name="mobTime" value="0"/><int name="f" value="0"/><int name="hide" value="0"/><int name="fh" value="34"/><int name="cy" value="-239"/><int name="rx0" value="938"/><int name="rx1" value="1065"/></imgdir><imgdir name="14"><string name="type" value="m"/><string name="id" value="9410031"/><int name="x" value="-696"/><int name="y" value="81"/><int name="mobTime" value="0"/><int name="f" value="0"/><int name="hide" value="0"/><int name="fh" value="29"/><int name="cy" value="93"/><int name="rx0" value="-732"/><int name="rx1" value="-605"/></imgdir><imgdir name="13"><string name="type" value="m"/><string name="id" value="9410031"/><int name="x" value="-455"/><int name="y" value="85"/><int name="mobTime" value="0"/><int name="f" value="0"/><int name="hide" value="0"/><int name="fh" value="27"/><int name="cy" value="93"/><int name="rx0" value="-565"/><int name="rx1" value="-438"/></imgdir><imgdir name="12"><string name="type" value="m"/><string name="id" value="9410031"/><int name="x" value="-191"/><int name="y" value="82"/><int name="mobTime" value="0"/><int name="f" value="0"/><int name="hide" value="0"/><int name="fh" value="25"/><int name="cy" value="93"/><int name="rx0" value="-231"/><int name="rx1" value="-104"/></imgdir><imgdir name="11"><string name="type" value="m"/><string name="id" value="9410031"/><int name="x" value="80"/><int name="y" value="81"/><int name="mobTime" value="0"/><int name="f" value="0"/><int name="hide" value="0"/><int name="fh" value="24"/><int name="cy" value="93"/><int name="rx0" value="-64"/><int name="rx1" value="80"/></imgdir><imgdir name="10"><string name="type" value="m"/><string name="id" value="9410031"/><int name="x" value="364"/><int name="y" value="79"/><int name="mobTime" value="0"/><int name="f" value="0"/><int name="hide" value="0"/><int name="fh" value="22"/><int name="cy" value="93"/><int name="rx0" value="270"/><int name="rx1" value="397"/></imgdir><imgdir name="9"><string name="type" value="m"/><string name="id" value="9410031"/><int name="x" value="669"/><int name="y" value="83"/><int name="mobTime" value="0"/><int name="f" value="0"/><int name="hide" value="0"/><int name="fh" value="20"/><int name="cy" value="93"/><int name="rx0" value="604"/><int name="rx1" value="731"/></imgdir><imgdir name="8"><string name="type" value="m"/><string name="id" value="9410031"/><int name="x" value="975"/><int name="y" value="77"/><int name="mobTime" value="0"/><int name="f" value="0"/><int name="hide" value="0"/><int name="fh" value="17"/><int name="cy" value="93"/><int name="rx0" value="938"/><int name="rx1" value="1065"/></imgdir><imgdir name="7"><string name="type" value="m"/><string name="id" value="9410031"/><int name="x" value="893"/><int name="y" value="410"/><int name="mobTime" value="0"/><int name="f" value="0"/><int name="hide" value="0"/><int name="fh" value="4"/><int name="cy" value="421"/><int name="rx0" value="771"/><int name="rx1" value="898"/></imgdir><imgdir name="6"><string name="type" value="m"/><string name="id" value="9410031"/><int name="x" value="624"/><int name="y" value="398"/><int name="mobTime" value="0"/><int name="f" value="0"/><int name="hide" value="0"/><int name="fh" value="6"/><int name="cy" value="421"/><int name="rx0" value="604"/><int name="rx1" value="731"/></imgdir><imgdir name="5"><string name="type" value="m"/><string name="id" value="9410031"/><int name="x" value="300"/><int name="y" value="397"/><int name="mobTime" value="0"/><int name="f" value="0"/><int name="hide" value="0"/><int name="fh" value="8"/><int name="cy" value="421"/><int name="rx0" value="270"/><int name="rx1" value="397"/></imgdir><imgdir name="4"><string name="type" value="m"/><string name="id" value="9410031"/><int name="x" value="31"/><int name="y" value="407"/><int name="mobTime" value="0"/><int name="f" value="0"/><int name="hide" value="0"/><int name="fh" value="10"/><int name="cy" value="421"/><int name="rx0" value="-64"/><int name="rx1" value="63"/></imgdir><imgdir name="3"><string name="type" value="m"/><string name="id" value="9410031"/><int name="x" value="-224"/><int name="y" value="399"/><int name="mobTime" value="0"/><int name="f" value="0"/><int name="hide" value="0"/><int name="fh" value="11"/><int name="cy" value="421"/><int name="rx0" value="-231"/><int name="rx1" value="-104"/></imgdir><imgdir name="2"><string name="type" value="m"/><string name="id" value="9410031"/><int name="x" value="-501"/><int name="y" value="397"/><int name="mobTime" value="0"/><int name="f" value="0"/><int name="hide" value="0"/><int name="fh" value="13"/><int name="cy" value="421"/><int name="rx0" value="-565"/><int name="rx1" value="-438"/></imgdir><imgdir name="1"><string name="type" value="m"/><string name="id" value="9410031"/><int name="x" value="-782"/><int name="y" value="409"/><int name="mobTime" value="0"/><int name="f" value="0"/><int name="hide" value="0"/><int name="fh" value="15"/><int name="cy" value="421"/><int name="rx0" value="-899"/><int name="rx1" value="-772"/></imgdir><imgdir name="0"><string name="type" value="m"/><string name="id" value="9410031"/><int name="x" value="-1004"/><int name="y" value="409"/><int name="mobTime" value="0"/><int name="f" value="0"/><int name="hide" value="0"/><int name="fh" value="16"/><int name="cy" value="421"/><int name="rx0" value="-1066"/><int name="rx1" value="-939"/></imgdir></imgdir><imgdir name="reactor"><imgdir name="0"><string name="id" value="7422000"/><int name="x" value="-914"/><int name="y" value="405"/><int name="reactorTime" value="100"/><int name="f" value="0"/><string name="name" value=""/></imgdir><imgdir name="1"><string name="id" value="7422000"/><int name="x" value="-50"/><int name="y" value="405"/><int name="reactorTime" value="100"/><int name="f" value="0"/><string name="name" value=""/></imgdir><imgdir name="2"><string name="id" value="7422000"/><int name="x" value="755"/><int name="y" value="405"/><int name="reactorTime" value="100"/><int name="f" value="0"/><string name="name" value=""/></imgdir><imgdir name="3"><string name="id" value="7422000"/><int name="x" value="533"/><int name="y" value="77"/><int name="reactorTime" value="100"/><int name="f" value="0"/><string name="name" value=""/></imgdir><imgdir name="4"><string name="id" value="7422000"/><int name="x" value="-85"/><int name="y" value="77"/><int name="reactorTime" value="100"/><int name="f" value="0"/><string name="name" value=""/></imgdir><imgdir name="5"><string name="id" value="7422000"/><int name="x" value="-935"/><int name="y" value="-255"/><int name="reactorTime" value="100"/><int name="f" value="0"/><string name="name" value=""/></imgdir><imgdir name="6"><string name="id" value="7422000"/><int name="x" value="-79"/><int name="y" value="-255"/><int name="reactorTime" value="100"/><int name="f" value="0"/><string name="name" value=""/></imgdir><imgdir name="7"><string name="id" value="7422000"/><int name="x" value="898"/><int name="y" value="-255"/><int name="reactorTime" value="100"/><int name="f" value="0"/><string name="name" value=""/></imgdir></imgdir><imgdir name="0"><imgdir name="info"></imgdir><imgdir name="tile"></imgdir><imgdir name="obj"><imgdir name="1"><string name="oS" value="101BuildingTW"/><string name="l0" value="101Building"/><string name="l1" value="tile"/><string name="l2" value="9"/><int name="x" value="1001"/><int name="y" value="-161"/><int name="z" value="9"/><int name="f" value="0"/><int name="zM" value="61"/></imgdir><imgdir name="2"><string name="oS" value="101BuildingTW"/><string name="l0" value="101Building"/><string name="l1" value="tile"/><string name="l2" value="9"/><int name="x" value="834"/><int name="y" value="-161"/><int name="z" value="9"/><int name="f" value="0"/><int name="zM" value="62"/></imgdir><imgdir name="3"><string name="oS" value="101BuildingTW"/><string name="l0" value="101Building"/><string name="l1" value="tile"/><string name="l2" value="9"/><int name="x" value="667"/><int name="y" value="-161"/><int name="z" value="9"/><int name="f" value="0"/><int name="zM" value="64"/></imgdir><imgdir name="12"><string name="oS" value="101BuildingTW"/><string name="l0" value="101Building"/><string name="l1" value="tile"/><string name="l2" value="9"/><int name="x" value="38"/><int name="y" value="-161"/><int name="z" value="9"/><int name="f" value="0"/><int name="zM" value="63"/></imgdir><imgdir name="19"><string name="oS" value="101BuildingTW"/><string name="l0" value="101Building"/><string name="l1" value="tile"/><string name="l2" value="9"/><int name="x" value="-1003"/><int name="y" value="171"/><int name="z" value="9"/><int name="f" value="0"/><int name="zM" value="32"/></imgdir><imgdir name="20"><string name="oS" value="101BuildingTW"/><string name="l0" value="101Building"/><string name="l1" value="tile"/><string name="l2" value="9"/><int name="x" value="114"/><int name="y" value="171"/><int name="z" value="9"/><int name="f" value="0"/><int name="zM" value="30"/></imgdir><imgdir name="21"><string name="oS" value="101BuildingTW"/><string name="l0" value="101Building"/><string name="l1" value="tile"/><string name="l2" value="9"/><int name="x" value="-836"/><int name="y" value="171"/><int name="z" value="9"/><int name="f" value="0"/><int name="zM" value="33"/></imgdir><imgdir name="22"><string name="oS" value="101BuildingTW"/><string name="l0" value="101Building"/><string name="l1" value="tile"/><string name="l2" value="9"/><int name="x" value="-669"/><int name="y" value="171"/><int name="z" value="9"/><int name="f" value="0"/><int name="zM" value="34"/></imgdir><imgdir name="23"><string name="oS" value="101BuildingTW"/><string name="l0" value="101Building"/><string name="l1" value="tile"/><string name="l2" value="9"/><int name="x" value="-335"/><int name="y" value="171"/><int name="z" value="9"/><int name="f" value="0"/><int name="zM" value="35"/></imgdir><imgdir name="16"><string name="oS" value="101BuildingTW"/><string name="l0" value="101Building"/><string name="l1" value="tile"/><string name="l2" value="9"/><int name="x" value="940"/><int name="y" value="171"/><int name="z" value="9"/><int name="f" value="0"/><int name="zM" value="31"/></imgdir><imgdir name="5"><string name="oS" value="101BuildingTW"/><string name="l0" value="101Building"/><string name="l1" value="tile"/><string name="l2" value="9"/><int name="x" value="773"/><int name="y" value="171"/><int name="z" value="9"/><int name="f" value="0"/><int name="zM" value="37"/></imgdir><imgdir name="4"><string name="oS" value="101BuildingTW"/><string name="l0" value="101Building"/><string name="l1" value="tile"/><string name="l2" value="9"/><int name="x" value="440"/><int name="y" value="171"/><int name="z" value="9"/><int name="f" value="0"/><int name="zM" value="38"/></imgdir><imgdir name="18"><string name="oS" value="101BuildingTW"/><string name="l0" value="101Building"/><string name="l1" value="tile"/><string name="l2" value="8"/><int name="x" value="-18"/><int name="y" value="198"/><int name="z" value="11"/><int name="f" value="0"/><int name="zM" value="30"/></imgdir><imgdir name="17"><string name="oS" value="101BuildingTW"/><string name="l0" value="101Building"/><string name="l1" value="tile"/><string name="l2" value="9"/><int name="x" value="281"/><int name="y" value="171"/><int name="z" value="10"/><int name="f" value="0"/><int name="zM" value="38"/></imgdir><imgdir name="15"><string name="oS" value="101BuildingTW"/><string name="l0" value="101Building"/><string name="l1" value="tile"/><string name="l2" value="9"/><int name="x" value="1001"/><int name="y" value="171"/><int name="z" value="10"/><int name="f" value="0"/><int name="zM" value="31"/></imgdir><imgdir name="8"><string name="oS" value="101BuildingTW"/><string name="l0" value="101Building"/><string name="l1" value="tile"/><string name="l2" value="9"/><int name="x" value="-168"/><int name="y" value="171"/><int name="z" value="7"/><int name="f" value="0"/><int name="zM" value="30"/></imgdir><imgdir name="28"><string name="oS" value="101BuildingTW"/><string name="l0" value="101Building"/><string name="l1" value="tile"/><string name="l2" value="9"/><int name="x" value="1001"/><int name="y" value="499"/><int name="z" value="9"/><int name="f" value="0"/><int name="zM" value="3"/></imgdir><imgdir name="29"><string name="oS" value="101BuildingTW"/><string name="l0" value="101Building"/><string name="l1" value="tile"/><string name="l2" value="9"/><int name="x" value="-1003"/><int name="y" value="499"/><int name="z" value="9"/><int name="f" value="0"/><int name="zM" value="4"/></imgdir><imgdir name="30"><string name="oS" value="101BuildingTW"/><string name="l0" value="101Building"/><string name="l1" value="tile"/><string name="l2" value="9"/><int name="x" value="-836"/><int name="y" value="499"/><int name="z" value="9"/><int name="f" value="0"/><int name="zM" value="5"/></imgdir><imgdir name="31"><string name="oS" value="101BuildingTW"/><string name="l0" value="101Building"/><string name="l1" value="tile"/><string name="l2" value="9"/><int name="x" value="-669"/><int name="y" value="499"/><int name="z" value="9"/><int name="f" value="0"/><int name="zM" value="6"/></imgdir><imgdir name="32"><string name="oS" value="101BuildingTW"/><string name="l0" value="101Building"/><string name="l1" value="tile"/><string name="l2" value="9"/><int name="x" value="-502"/><int name="y" value="499"/><int name="z" value="9"/><int name="f" value="0"/><int name="zM" value="7"/></imgdir><imgdir name="33"><string name="oS" value="101BuildingTW"/><string name="l0" value="101Building"/><string name="l1" value="tile"/><string name="l2" value="9"/><int name="x" value="-335"/><int name="y" value="499"/><int name="z" value="9"/><int name="f" value="0"/><int name="zM" value="8"/></imgdir><imgdir name="34"><string name="oS" value="101BuildingTW"/><string name="l0" value="101Building"/><string name="l1" value="tile"/><string name="l2" value="9"/><int name="x" value="-168"/><int name="y" value="499"/><int name="z" value="9"/><int name="f" value="0"/><int name="zM" value="9"/></imgdir><imgdir name="35"><string name="oS" value="101BuildingTW"/><string name="l0" value="101Building"/><string name="l1" value="tile"/><string name="l2" value="9"/><int name="x" value="-1"/><int name="y" value="499"/><int name="z" value="9"/><int name="f" value="0"/><int name="zM" value="10"/></imgdir><imgdir name="36"><string name="oS" value="101BuildingTW"/><string name="l0" value="101Building"/><string name="l1" value="tile"/><string name="l2" value="9"/><int name="x" value="166"/><int name="y" value="499"/><int name="z" value="9"/><int name="f" value="0"/><int name="zM" value="11"/></imgdir><imgdir name="37"><string name="oS" value="101BuildingTW"/><string name="l0" value="101Building"/><string name="l1" value="tile"/><string name="l2" value="9"/><int name="x" value="333"/><int name="y" value="499"/><int name="z" value="9"/><int name="f" value="0"/><int name="zM" value="12"/></imgdir><imgdir name="0"><string name="oS" value="101BuildingTW"/><string name="l0" value="101Building"/><string name="l1" value="tile"/><string name="l2" value="9"/><int name="x" value="834"/><int name="y" value="499"/><int name="z" value="9"/><int name="f" value="0"/><int name="zM" value="0"/></imgdir><imgdir name="14"><string name="oS" value="101BuildingTW"/><string name="l0" value="101Building"/><string name="l1" value="tile"/><string name="l2" value="9"/><int name="x" value="667"/><int name="y" value="499"/><int name="z" value="9"/><int name="f" value="0"/><int name="zM" value="2"/></imgdir><imgdir name="13"><string name="oS" value="101BuildingTW"/><string name="l0" value="101Building"/><string name="l1" value="tile"/><string name="l2" value="9"/><int name="x" value="500"/><int name="y" value="499"/><int name="z" value="9"/><int name="f" value="0"/><int name="zM" value="1"/></imgdir><imgdir name="7"><string name="oS" value="101BuildingTW"/><string name="l0" value="101Building"/><string name="l1" value="tile"/><string name="l2" value="9"/><int name="x" value="333"/><int name="y" value="-161"/><int name="z" value="9"/><int name="f" value="0"/><int name="zM" value="65"/></imgdir><imgdir name="27"><string name="oS" value="101BuildingTW"/><string name="l0" value="101Building"/><string name="l1" value="tile"/><string name="l2" value="9"/><int name="x" value="-129"/><int name="y" value="-161"/><int name="z" value="9"/><int name="f" value="0"/><int name="zM" value="59"/></imgdir><imgdir name="11"><string name="oS" value="101BuildingTW"/><string name="l0" value="101Building"/><string name="l1" value="tile"/><string name="l2" value="9"/><int name="x" value="-502"/><int name="y" value="171"/><int name="z" value="11"/><int name="f" value="0"/><int name="zM" value="36"/></imgdir><imgdir name="25"><string name="oS" value="101BuildingTW"/><string name="l0" value="101Building"/><string name="l1" value="tile"/><string name="l2" value="8"/><int name="x" value="-287"/><int name="y" value="-134"/><int name="z" value="9"/><int name="f" value="0"/><int name="zM" value="59"/></imgdir><imgdir name="6"><string name="oS" value="101BuildingTW"/><string name="l0" value="101Building"/><string name="l1" value="tile"/><string name="l2" value="8"/><int name="x" value="-453"/><int name="y" value="-134"/><int name="z" value="9"/><int name="f" value="0"/><int name="zM" value="59"/></imgdir><imgdir name="24"><string name="oS" value="101BuildingTW"/><string name="l0" value="101Building"/><string name="l1" value="tile"/><string name="l2" value="9"/><int name="x" value="606"/><int name="y" value="171"/><int name="z" value="11"/><int name="f" value="0"/><int name="zM" value="38"/></imgdir><imgdir name="10"><string name="oS" value="101BuildingTW"/><string name="l0" value="101Building"/><string name="l1" value="tile"/><string name="l2" value="9"/><int name="x" value="-1004"/><int name="y" value="-162"/><int name="z" value="9"/><int name="f" value="0"/><int name="zM" value="66"/></imgdir><imgdir name="9"><string name="oS" value="101BuildingTW"/><string name="l0" value="101Building"/><string name="l1" value="tile"/><string name="l2" value="9"/><int name="x" value="-837"/><int name="y" value="-162"/><int name="z" value="9"/><int name="f" value="0"/><int name="zM" value="67"/></imgdir><imgdir name="26"><string name="oS" value="101BuildingTW"/><string name="l0" value="101Building"/><string name="l1" value="tile"/><string name="l2" value="9"/><int name="x" value="500"/><int name="y" value="-161"/><int name="z" value="9"/><int name="f" value="0"/><int name="zM" value="60"/></imgdir><imgdir name="38"><string name="oS" value="101BuildingTW"/><string name="l0" value="101Building"/><string name="l1" value="tile"/><string name="l2" value="9"/><int name="x" value="204"/><int name="y" value="-161"/><int name="z" value="9"/><int name="f" value="0"/><int name="zM" value="65"/></imgdir></imgdir></imgdir><imgdir name="1"><imgdir name="info"></imgdir><imgdir name="tile"></imgdir><imgdir name="obj"><imgdir name="0"><string name="oS" value="101BuildingTW"/><string name="l0" value="101Building"/><string name="l1" value="hallway1"/><string name="l2" value="0"/><int name="x" value="-657"/><int name="y" value="-364"/><int name="z" value="9"/><int name="f" value="0"/><int name="zM" value="83"/></imgdir><imgdir name="1"><string name="oS" value="101BuildingTW"/><string name="l0" value="101Building"/><string name="l1" value="hallway1"/><string name="l2" value="1"/><int name="x" value="-371"/><int name="y" value="-364"/><int name="z" value="5"/><int name="f" value="0"/><int name="zM" value="84"/></imgdir><imgdir name="2"><string name="oS" value="101BuildingTW"/><string name="l0" value="101Building"/><string name="l1" value="hallway1"/><string name="l2" value="6"/><int name="x" value="4"/><int name="y" value="-369"/><int name="z" value="10"/><int name="f" value="0"/><int name="zM" value="84"/></imgdir><imgdir name="3"><string name="oS" value="101BuildingTW"/><string name="l0" value="101Building"/><string name="l1" value="hallway1"/><string name="l2" value="5"/><int name="x" value="5"/><int name="y" value="-271"/><int name="z" value="12"/><int name="f" value="0"/><int name="zM" value="84"/></imgdir><imgdir name="4"><string name="oS" value="101BuildingTW"/><string name="l0" value="101Building"/><string name="l1" value="hallway1"/><string name="l2" value="1"/><int name="x" value="656"/><int name="y" value="-364"/><int name="z" value="9"/><int name="f" value="0"/><int name="zM" value="84"/></imgdir><imgdir name="5"><string name="oS" value="101BuildingTW"/><string name="l0" value="101Building"/><string name="l1" value="hallway1"/><string name="l2" value="0"/><int name="x" value="942"/><int name="y" value="-364"/><int name="z" value="9"/><int name="f" value="0"/><int name="zM" value="81"/></imgdir><imgdir name="6"><string name="oS" value="101BuildingTW"/><string name="l0" value="101Building"/><string name="l1" value="hallway1"/><string name="l2" value="1"/><int name="x" value="-943"/><int name="y" value="-364"/><int name="z" value="9"/><int name="f" value="0"/><int name="zM" value="82"/></imgdir><imgdir name="7"><string name="oS" value="101BuildingTW"/><string name="l0" value="101Building"/><string name="l1" value="tile"/><string name="l2" value="8"/><int name="x" value="-1003"/><int name="y" value="-463"/><int name="z" value="9"/><int name="f" value="0"/><int name="zM" value="82"/></imgdir><imgdir name="8"><string name="oS" value="101BuildingTW"/><string name="l0" value="101Building"/><string name="l1" value="tile"/><string name="l2" value="8"/><int name="x" value="-836"/><int name="y" value="-463"/><int name="z" value="9"/><int name="f" value="0"/><int name="zM" value="83"/></imgdir><imgdir name="9"><string name="oS" value="101BuildingTW"/><string name="l0" value="101Building"/><string name="l1" value="tile"/><string name="l2" value="8"/><int name="x" value="-669"/><int name="y" value="-463"/><int name="z" value="9"/><int name="f" value="0"/><int name="zM" value="83"/></imgdir><imgdir name="10"><string name="oS" value="101BuildingTW"/><string name="l0" value="101Building"/><string name="l1" value="tile"/><string name="l2" value="8"/><int name="x" value="-502"/><int name="y" value="-463"/><int name="z" value="9"/><int name="f" value="0"/><int name="zM" value="83"/></imgdir><imgdir name="11"><string name="oS" value="101BuildingTW"/><string name="l0" value="101Building"/><string name="l1" value="tile"/><string name="l2" value="9"/><int name="x" value="-335"/><int name="y" value="-490"/><int name="z" value="9"/><int name="f" value="0"/><int name="zM" value="84"/></imgdir><imgdir name="12"><string name="oS" value="101BuildingTW"/><string name="l0" value="101Building"/><string name="l1" value="tile"/><string name="l2" value="9"/><int name="x" value="-168"/><int name="y" value="-490"/><int name="z" value="9"/><int name="f" value="0"/><int name="zM" value="84"/></imgdir><imgdir name="13"><string name="oS" value="101BuildingTW"/><string name="l0" value="101Building"/><string name="l1" value="tile"/><string name="l2" value="8"/><int name="x" value="1001"/><int name="y" value="-463"/><int name="z" value="9"/><int name="f" value="0"/><int name="zM" value="81"/></imgdir><imgdir name="14"><string name="oS" value="101BuildingTW"/><string name="l0" value="101Building"/><string name="l1" value="tile"/><string name="l2" value="8"/><int name="x" value="834"/><int name="y" value="-463"/><int name="z" value="9"/><int name="f" value="0"/><int name="zM" value="84"/></imgdir><imgdir name="15"><string name="oS" value="101BuildingTW"/><string name="l0" value="101Building"/><string name="l1" value="tile"/><string name="l2" value="8"/><int name="x" value="667"/><int name="y" value="-463"/><int name="z" value="9"/><int name="f" value="0"/><int name="zM" value="84"/></imgdir><imgdir name="16"><string name="oS" value="101BuildingTW"/><string name="l0" value="101Building"/><string name="l1" value="tile"/><string name="l2" value="8"/><int name="x" value="500"/><int name="y" value="-463"/><int name="z" value="9"/><int name="f" value="0"/><int name="zM" value="84"/></imgdir><imgdir name="17"><string name="oS" value="101BuildingTW"/><string name="l0" value="101Building"/><string name="l1" value="tile"/><string name="l2" value="9"/><int name="x" value="333"/><int name="y" value="-490"/><int name="z" value="9"/><int name="f" value="0"/><int name="zM" value="84"/></imgdir><imgdir name="18"><string name="oS" value="101BuildingTW"/><string name="l0" value="101Building"/><string name="l1" value="tile"/><string name="l2" value="9"/><int name="x" value="166"/><int name="y" value="-490"/><int name="z" value="9"/><int name="f" value="0"/><int name="zM" value="84"/></imgdir></imgdir></imgdir><imgdir name="2"><imgdir name="info"></imgdir><imgdir name="tile"></imgdir><imgdir name="obj"><imgdir name="0"><string name="oS" value="101BuildingTW"/><string name="l0" value="101Building"/><string name="l1" value="shop4"/><string name="l2" value="4"/><int name="x" value="785"/><int name="y" value="294"/><int name="z" value="9"/><int name="f" value="0"/><int name="zM" value="29"/></imgdir><imgdir name="2"><string name="oS" value="101BuildingTW"/><string name="l0" value="101Building"/><string name="l1" value="shop4"/><string name="l2" value="8"/><int name="x" value="-794"/><int name="y" value="296"/><int name="z" value="1"/><int name="f" value="0"/><int name="zM" value="26"/></imgdir><imgdir name="3"><string name="oS" value="101BuildingTW"/><string name="l0" value="101Building"/><string name="l1" value="shop5"/><string name="l2" value="4"/><int name="x" value="810"/><int name="y" value="-35"/><int name="z" value="9"/><int name="f" value="0"/><int name="zM" value="58"/></imgdir><imgdir name="4"><string name="oS" value="101BuildingTW"/><string name="l0" value="101Building"/><string name="l1" value="ani"/><string name="l2" value="11"/><int name="x" value="689"/><int name="y" value="-31"/><int name="z" value="9"/><int name="f" value="0"/><int name="zM" value="58"/></imgdir><imgdir name="5"><string name="oS" value="101BuildingTW"/><string name="l0" value="101Building"/><string name="l1" value="shop5"/><string name="l2" value="6"/><int name="x" value="-832"/><int name="y" value="-37"/><int name="z" value="9"/><int name="f" value="0"/><int name="zM" value="55"/></imgdir><imgdir name="6"><string name="oS" value="101BuildingTW"/><string name="l0" value="101Building"/><string name="l1" value="shop5"/><string name="l2" value="5"/><int name="x" value="279"/><int name="y" value="295"/><int name="z" value="5"/><int name="f" value="0"/><int name="zM" value="29"/></imgdir><imgdir name="7"><string name="oS" value="101BuildingTW"/><string name="l0" value="101Building"/><string name="l1" value="ani"/><string name="l2" value="12"/><int name="x" value="361"/><int name="y" value="217"/><int name="z" value="9"/><int name="f" value="0"/><int name="zM" value="29"/></imgdir><imgdir name="8"><string name="oS" value="101BuildingTW"/><string name="l0" value="101Building"/><string name="l1" value="shop6"/><string name="l2" value="0"/><int name="x" value="410"/><int name="y" value="-5"/><int name="z" value="1"/><int name="f" value="0"/><int name="zM" value="54"/></imgdir><imgdir name="9"><string name="oS" value="101BuildingTW"/><string name="l0" value="101Building"/><string name="l1" value="shop6"/><string name="l2" value="1"/><int name="x" value="385"/><int name="y" value="6"/><int name="z" value="3"/><int name="f" value="0"/><int name="zM" value="54"/></imgdir><imgdir name="10"><string name="oS" value="101BuildingTW"/><string name="l0" value="101Building"/><string name="l1" value="shop6"/><string name="l2" value="2"/><int name="x" value="417"/><int name="y" value="-36"/><int name="z" value="6"/><int name="f" value="0"/><int name="zM" value="54"/></imgdir><imgdir name="11"><string name="oS" value="101BuildingTW"/><string name="l0" value="101Building"/><string name="l1" value="shop3"/><string name="l2" value="0"/><int name="x" value="-320"/><int name="y" value="297"/><int name="z" value="9"/><int name="f" value="0"/><int name="zM" value="26"/></imgdir><imgdir name="12"><string name="oS" value="101BuildingTW"/><string name="l0" value="101Building"/><string name="l1" value="shop3"/><string name="l2" value="1"/><int name="x" value="-328"/><int name="y" value="330"/><int name="z" value="2"/><int name="f" value="0"/><int name="zM" value="26"/></imgdir><imgdir name="13"><string name="oS" value="101BuildingTW"/><string name="l0" value="101Building"/><string name="l1" value="shop3"/><string name="l2" value="3"/><int name="x" value="-431"/><int name="y" value="284"/><int name="z" value="11"/><int name="f" value="0"/><int name="zM" value="26"/></imgdir><imgdir name="16"><string name="oS" value="101BuildingTW"/><string name="l0" value="101Building"/><string name="l1" value="shop2"/><string name="l2" value="3"/><int name="x" value="-264"/><int name="y" value="357"/><int name="z" value="7"/><int name="f" value="0"/><int name="zM" value="26"/></imgdir><imgdir name="18"><string name="oS" value="101BuildingTW"/><string name="l0" value="101Building"/><string name="l1" value="shop2"/><string name="l2" value="5"/><int name="x" value="-302"/><int name="y" value="377"/><int name="z" value="6"/><int name="f" value="0"/><int name="zM" value="26"/></imgdir><imgdir name="19"><string name="oS" value="101BuildingTW"/><string name="l0" value="101Building"/><string name="l1" value="shop2"/><string name="l2" value="7"/><int name="x" value="-365"/><int name="y" value="359"/><int name="z" value="4"/><int name="f" value="0"/><int name="zM" value="26"/></imgdir><imgdir name="20"><string name="oS" value="101BuildingTW"/><string name="l0" value="101Building"/><string name="l1" value="shop2"/><string name="l2" value="8"/><int name="x" value="-234"/><int name="y" value="358"/><int name="z" value="4"/><int name="f" value="0"/><int name="zM" value="26"/></imgdir><imgdir name="21"><string name="oS" value="101BuildingTW"/><string name="l0" value="101Building"/><string name="l1" value="shop2"/><string name="l2" value="8"/><int name="x" value="-352"/><int name="y" value="358"/><int name="z" value="3"/><int name="f" value="0"/><int name="zM" value="26"/></imgdir><imgdir name="17"><string name="oS" value="101BuildingTW"/><string name="l0" value="101Building"/><string name="l1" value="shop2"/><string name="l2" value="3"/><int name="x" value="-366"/><int name="y" value="357"/><int name="z" value="7"/><int name="f" value="0"/><int name="zM" value="26"/></imgdir><imgdir name="15"><string name="oS" value="101BuildingTW"/><string name="l0" value="101Building"/><string name="l1" value="shop2"/><string name="l2" value="7"/><int name="x" value="-247"/><int name="y" value="359"/><int name="z" value="5"/><int name="f" value="0"/><int name="zM" value="26"/></imgdir><imgdir name="14"><string name="oS" value="101BuildingTW"/><string name="l0" value="101Building"/><string name="l1" value="ani"/><string name="l2" value="5"/><int name="x" value="-303"/><int name="y" value="292"/><int name="z" value="10"/><int name="f" value="0"/><int name="zM" value="26"/></imgdir><imgdir name="1"><string name="oS" value="101BuildingTW"/><string name="l0" value="101Building"/><string name="l1" value="shop7"/><string name="l2" value="3"/><int name="x" value="51"/><int name="y" value="-34"/><int name="z" value="2"/><int name="f" value="0"/><int name="zM" value="54"/></imgdir><imgdir name="23"><string name="oS" value="101BuildingTW"/><string name="l0" value="101Building"/><string name="l1" value="shop7"/><string name="l2" value="9"/><int name="x" value="112"/><int name="y" value="-13"/><int name="z" value="0"/><int name="f" value="0"/><int name="zM" value="54"/></imgdir><imgdir name="22"><string name="oS" value="101BuildingTW"/><string name="l0" value="101Building"/><string name="l1" value="shop7"/><string name="l2" value="85"/><int name="x" value="69"/><int name="y" value="-10"/><int name="z" value="1"/><int name="f" value="0"/><int name="zM" value="54"/></imgdir><imgdir name="27"><string name="oS" value="101BuildingTW"/><string name="l0" value="101Building"/><string name="l1" value="shop7"/><string name="l2" value="100"/><int name="x" value="-107"/><int name="y" value="-79"/><int name="z" value="9"/><int name="f" value="0"/><int name="zM" value="54"/></imgdir><imgdir name="29"><string name="oS" value="101BuildingTW"/><string name="l0" value="101Building"/><string name="l1" value="shop7"/><string name="l2" value="112"/><int name="x" value="-104"/><int name="y" value="-96"/><int name="z" value="8"/><int name="f" value="0"/><int name="zM" value="54"/></imgdir><imgdir name="30"><string name="oS" value="101BuildingTW"/><string name="l0" value="101Building"/><string name="l1" value="shop7"/><string name="l2" value="114"/><int name="x" value="-101"/><int name="y" value="33"/><int name="z" value="6"/><int name="f" value="0"/><int name="zM" value="54"/></imgdir><imgdir name="31"><string name="oS" value="101BuildingTW"/><string name="l0" value="101Building"/><string name="l1" value="shop7"/><string name="l2" value="70"/><int name="x" value="-109"/><int name="y" value="-108"/><int name="z" value="6"/><int name="f" value="0"/><int name="zM" value="54"/></imgdir><imgdir name="24"><string name="oS" value="101BuildingTW"/><string name="l0" value="101Building"/><string name="l1" value="shop8"/><string name="l2" value="48"/><int name="x" value="-379"/><int name="y" value="204"/><int name="z" value="13"/><int name="f" value="0"/><int name="zM" value="26"/></imgdir><imgdir name="26"><string name="oS" value="101BuildingTW"/><string name="l0" value="101Building"/><string name="l1" value="shop8"/><string name="l2" value="52"/><int name="x" value="-365"/><int name="y" value="207"/><int name="z" value="11"/><int name="f" value="0"/><int name="zM" value="26"/></imgdir><imgdir name="28"><string name="oS" value="101BuildingTW"/><string name="l0" value="101Building"/><string name="l1" value="shop8"/><string name="l2" value="50"/><int name="x" value="357"/><int name="y" value="-133"/><int name="z" value="9"/><int name="f" value="0"/><int name="zM" value="54"/></imgdir><imgdir name="25"><string name="oS" value="101BuildingTW"/><string name="l0" value="101Building"/><string name="l1" value="shop6"/><string name="l2" value="4"/><int name="x" value="354"/><int name="y" value="-135"/><int name="z" value="11"/><int name="f" value="0"/><int name="zM" value="54"/></imgdir><imgdir name="32"><string name="oS" value="101BuildingTW"/><string name="l0" value="101Building"/><string name="l1" value="ani"/><string name="l2" value="13"/><int name="x" value="-951"/><int name="y" value="-137"/><int name="z" value="9"/><int name="f" value="0"/><int name="zM" value="55"/></imgdir><imgdir name="33"><string name="oS" value="101BuildingTW"/><string name="l0" value="101Building"/><string name="l1" value="acc"/><string name="l2" value="10"/><int name="x" value="-237"/><int name="y" value="36"/><int name="z" value="9"/><int name="f" value="0"/><int name="zM" value="52"/></imgdir><imgdir name="34"><string name="oS" value="101BuildingTW"/><string name="l0" value="101Building"/><string name="l1" value="acc"/><string name="l2" value="11"/><int name="x" value="-520"/><int name="y" value="35"/><int name="z" value="9"/><int name="f" value="0"/><int name="zM" value="53"/></imgdir><imgdir name="35"><string name="oS" value="101BuildingTW"/><string name="l0" value="101Building"/><string name="l1" value="acc"/><string name="l2" value="3"/><int name="x" value="-425"/><int name="y" value="86"/><int name="z" value="9"/><int name="f" value="0"/><int name="zM" value="56"/></imgdir><imgdir name="36"><string name="oS" value="101BuildingTW"/><string name="l0" value="101Building"/><string name="l1" value="acc"/><string name="l2" value="2"/><int name="x" value="-334"/><int name="y" value="86"/><int name="z" value="9"/><int name="f" value="0"/><int name="zM" value="57"/></imgdir></imgdir></imgdir><imgdir name="3"><imgdir name="info"></imgdir><imgdir name="tile"></imgdir><imgdir name="obj"><imgdir name="0"><string name="oS" value="101BuildingTW"/><string name="l0" value="101Building"/><string name="l1" value="escalator"/><string name="l2" value="0"/><int name="x" value="-713"/><int name="y" value="220"/><int name="z" value="9"/><int name="f" value="0"/><int name="zM" value="27"/></imgdir><imgdir name="1"><string name="oS" value="101BuildingTW"/><string name="l0" value="101Building"/><string name="l1" value="escalator"/><string name="l2" value="1"/><int name="x" value="-560"/><int name="y" value="220"/><int name="z" value="7"/><int name="f" value="0"/><int name="zM" value="27"/></imgdir><imgdir name="2"><string name="oS" value="101BuildingTW"/><string name="l0" value="101Building"/><string name="l1" value="ani"/><string name="l2" value="1"/><int name="x" value="-628"/><int name="y" value="257"/><int name="z" value="8"/><int name="f" value="0"/><int name="zM" value="27"/></imgdir><imgdir name="3"><string name="oS" value="101BuildingTW"/><string name="l0" value="101Building"/><string name="l1" value="escalator"/><string name="l2" value="2"/><int name="x" value="-675"/><int name="y" value="-110"/><int name="z" value="5"/><int name="f" value="0"/><int name="zM" value="27"/></imgdir><imgdir name="4"><string name="oS" value="101BuildingTW"/><string name="l0" value="101Building"/><string name="l1" value="escalator"/><string name="l2" value="3"/><int name="x" value="-829"/><int name="y" value="-110"/><int name="z" value="3"/><int name="f" value="0"/><int name="zM" value="27"/></imgdir><imgdir name="5"><string name="oS" value="101BuildingTW"/><string name="l0" value="101Building"/><string name="l1" value="ani"/><string name="l2" value="3"/><int name="x" value="-763"/><int name="y" value="-69"/><int name="z" value="4"/><int name="f" value="0"/><int name="zM" value="27"/></imgdir><imgdir name="6"><string name="oS" value="101BuildingTW"/><string name="l0" value="101Building"/><string name="l1" value="escalator"/><string name="l2" value="0"/><int name="x" value="674"/><int name="y" value="-110"/><int name="z" value="5"/><int name="f" value="0"/><int name="zM" value="28"/></imgdir><imgdir name="7"><string name="oS" value="101BuildingTW"/><string name="l0" value="101Building"/><string name="l1" value="escalator"/><string name="l2" value="1"/><int name="x" value="828"/><int name="y" value="-110"/><int name="z" value="3"/><int name="f" value="0"/><int name="zM" value="28"/></imgdir><imgdir name="8"><string name="oS" value="101BuildingTW"/><string name="l0" value="101Building"/><string name="l1" value="ani"/><string name="l2" value="2"/><int name="x" value="754"/><int name="y" value="-68"/><int name="z" value="4"/><int name="f" value="0"/><int name="zM" value="28"/></imgdir><imgdir name="9"><string name="oS" value="101BuildingTW"/><string name="l0" value="101Building"/><string name="l1" value="ani"/><string name="l2" value="4"/><int name="x" value="623"/><int name="y" value="258"/><int name="z" value="8"/><int name="f" value="0"/><int name="zM" value="28"/></imgdir><imgdir name="10"><string name="oS" value="101BuildingTW"/><string name="l0" value="101Building"/><string name="l1" value="escalator"/><string name="l2" value="2"/><int name="x" value="700"/><int name="y" value="220"/><int name="z" value="9"/><int name="f" value="0"/><int name="zM" value="28"/></imgdir><imgdir name="11"><string name="oS" value="101BuildingTW"/><string name="l0" value="101Building"/><string name="l1" value="escalator"/><string name="l2" value="3"/><int name="x" value="548"/><int name="y" value="218"/><int name="z" value="7"/><int name="f" value="0"/><int name="zM" value="28"/></imgdir></imgdir></imgdir><imgdir name="4"><imgdir name="info"></imgdir><imgdir name="tile"></imgdir><imgdir name="obj"><imgdir name="0"><string name="oS" value="signboard"/><string name="l0" value="market"/><string name="l1" value="arrow"/><string name="l2" value="0"/><int name="x" value="-403"/><int name="y" value="393"/><int name="z" value="9"/><int name="f" value="0"/><int name="zM" value="0"/></imgdir><imgdir name="1"><string name="oS" value="signboard"/><string name="l0" value="market"/><string name="l1" value="arrow"/><string name="l2" value="0"/><int name="x" value="-1010"/><int name="y" value="67"/><int name="z" value="9"/><int name="f" value="0"/><int name="zM" value="0"/></imgdir><imgdir name="2"><string name="oS" value="signboard"/><string name="l0" value="market"/><string name="l1" value="arrow"/><string name="l2" value="1"/><int name="x" value="669"/><int name="y" value="-305"/><int name="z" value="9"/><int name="f" value="0"/><int name="zM" value="0"/></imgdir><imgdir name="3"><string name="oS" value="signboard"/><string name="l0" value="market"/><string name="l1" value="arrow"/><string name="l2" value="1"/><int name="x" value="725"/><int name="y" value="24"/><int name="z" value="9"/><int name="f" value="0"/><int name="zM" value="0"/></imgdir></imgdir></imgdir><imgdir name="5"><imgdir name="info"></imgdir><imgdir name="tile"></imgdir><imgdir name="obj"><imgdir name="0"><string name="oS" value="101BuildingTW"/><string name="l0" value="101Building"/><string name="l1" value="tile"/><string name="l2" value="1"/><int name="x" value="834"/><int name="y" value="456"/><int name="z" value="9"/><int name="f" value="0"/><int name="zM" value="13"/></imgdir><imgdir name="1"><string name="oS" value="101BuildingTW"/><string name="l0" value="101Building"/><string name="l1" value="tile"/><string name="l2" value="3"/><int name="x" value="1001"/><int name="y" value="457"/><int name="z" value="9"/><int name="f" value="0"/><int name="zM" value="20"/></imgdir><imgdir name="2"><string name="oS" value="101BuildingTW"/><string name="l0" value="101Building"/><string name="l1" value="tile"/><string name="l2" value="2"/><int name="x" value="667"/><int name="y" value="449"/><int name="z" value="9"/><int name="f" value="0"/><int name="zM" value="24"/></imgdir><imgdir name="3"><string name="oS" value="101BuildingTW"/><string name="l0" value="101Building"/><string name="l1" value="tile"/><string name="l2" value="1"/><int name="x" value="500"/><int name="y" value="456"/><int name="z" value="9"/><int name="f" value="0"/><int name="zM" value="14"/></imgdir><imgdir name="4"><string name="oS" value="101BuildingTW"/><string name="l0" value="101Building"/><string name="l1" value="tile"/><string name="l2" value="2"/><int name="x" value="333"/><int name="y" value="449"/><int name="z" value="9"/><int name="f" value="0"/><int name="zM" value="22"/></imgdir><imgdir name="5"><string name="oS" value="101BuildingTW"/><string name="l0" value="101Building"/><string name="l1" value="tile"/><string name="l2" value="1"/><int name="x" value="166"/><int name="y" value="456"/><int name="z" value="9"/><int name="f" value="0"/><int name="zM" value="15"/></imgdir><imgdir name="6"><string name="oS" value="101BuildingTW"/><string name="l0" value="101Building"/><string name="l1" value="tile"/><string name="l2" value="2"/><int name="x" value="-1"/><int name="y" value="449"/><int name="z" value="9"/><int name="f" value="0"/><int name="zM" value="19"/></imgdir><imgdir name="7"><string name="oS" value="101BuildingTW"/><string name="l0" value="101Building"/><string name="l1" value="tile"/><string name="l2" value="1"/><int name="x" value="-168"/><int name="y" value="456"/><int name="z" value="9"/><int name="f" value="0"/><int name="zM" value="16"/></imgdir><imgdir name="8"><string name="oS" value="101BuildingTW"/><string name="l0" value="101Building"/><string name="l1" value="tile"/><string name="l2" value="2"/><int name="x" value="-335"/><int name="y" value="449"/><int name="z" value="9"/><int name="f" value="0"/><int name="zM" value="21"/></imgdir><imgdir name="9"><string name="oS" value="101BuildingTW"/><string name="l0" value="101Building"/><string name="l1" value="tile"/><string name="l2" value="1"/><int name="x" value="-502"/><int name="y" value="456"/><int name="z" value="9"/><int name="f" value="0"/><int name="zM" value="17"/></imgdir><imgdir name="10"><string name="oS" value="101BuildingTW"/><string name="l0" value="101Building"/><string name="l1" value="tile"/><string name="l2" value="2"/><int name="x" value="-669"/><int name="y" value="449"/><int name="z" value="9"/><int name="f" value="0"/><int name="zM" value="23"/></imgdir><imgdir name="11"><string name="oS" value="101BuildingTW"/><string name="l0" value="101Building"/><string name="l1" value="tile"/><string name="l2" value="1"/><int name="x" value="-836"/><int name="y" value="456"/><int name="z" value="9"/><int name="f" value="0"/><int name="zM" value="18"/></imgdir><imgdir name="12"><string name="oS" value="101BuildingTW"/><string name="l0" value="101Building"/><string name="l1" value="tile"/><string name="l2" value="3"/><int name="x" value="-1003"/><int name="y" value="457"/><int name="z" value="9"/><int name="f" value="0"/><int name="zM" value="25"/></imgdir><imgdir name="13"><string name="oS" value="101BuildingTW"/><string name="l0" value="101Building"/><string name="l1" value="tile"/><string name="l2" value="3"/><int name="x" value="1001"/><int name="y" value="129"/><int name="z" value="9"/><int name="f" value="0"/><int name="zM" value="45"/></imgdir><imgdir name="15"><string name="oS" value="101BuildingTW"/><string name="l0" value="101Building"/><string name="l1" value="tile"/><string name="l2" value="1"/><int name="x" value="834"/><int name="y" value="128"/><int name="z" value="9"/><int name="f" value="0"/><int name="zM" value="39"/></imgdir><imgdir name="16"><string name="oS" value="101BuildingTW"/><string name="l0" value="101Building"/><string name="l1" value="tile"/><string name="l2" value="2"/><int name="x" value="667"/><int name="y" value="121"/><int name="z" value="9"/><int name="f" value="0"/><int name="zM" value="47"/></imgdir><imgdir name="17"><string name="oS" value="101BuildingTW"/><string name="l0" value="101Building"/><string name="l1" value="tile"/><string name="l2" value="1"/><int name="x" value="500"/><int name="y" value="128"/><int name="z" value="9"/><int name="f" value="0"/><int name="zM" value="40"/></imgdir><imgdir name="18"><string name="oS" value="101BuildingTW"/><string name="l0" value="101Building"/><string name="l1" value="tile"/><string name="l2" value="2"/><int name="x" value="333"/><int name="y" value="121"/><int name="z" value="9"/><int name="f" value="0"/><int name="zM" value="50"/></imgdir><imgdir name="19"><string name="oS" value="101BuildingTW"/><string name="l0" value="101Building"/><string name="l1" value="tile"/><string name="l2" value="1"/><int name="x" value="166"/><int name="y" value="128"/><int name="z" value="9"/><int name="f" value="0"/><int name="zM" value="41"/></imgdir><imgdir name="20"><string name="oS" value="101BuildingTW"/><string name="l0" value="101Building"/><string name="l1" value="tile"/><string name="l2" value="2"/><int name="x" value="-1"/><int name="y" value="121"/><int name="z" value="9"/><int name="f" value="0"/><int name="zM" value="46"/></imgdir><imgdir name="21"><string name="oS" value="101BuildingTW"/><string name="l0" value="101Building"/><string name="l1" value="tile"/><string name="l2" value="1"/><int name="x" value="-168"/><int name="y" value="128"/><int name="z" value="9"/><int name="f" value="0"/><int name="zM" value="42"/></imgdir><imgdir name="22"><string name="oS" value="101BuildingTW"/><string name="l0" value="101Building"/><string name="l1" value="tile"/><string name="l2" value="2"/><int name="x" value="-335"/><int name="y" value="121"/><int name="z" value="9"/><int name="f" value="0"/><int name="zM" value="48"/></imgdir><imgdir name="23"><string name="oS" value="101BuildingTW"/><string name="l0" value="101Building"/><string name="l1" value="tile"/><string name="l2" value="1"/><int name="x" value="-502"/><int name="y" value="128"/><int name="z" value="9"/><int name="f" value="0"/><int name="zM" value="43"/></imgdir><imgdir name="24"><string name="oS" value="101BuildingTW"/><string name="l0" value="101Building"/><string name="l1" value="tile"/><string name="l2" value="1"/><int name="x" value="-836"/><int name="y" value="128"/><int name="z" value="9"/><int name="f" value="0"/><int name="zM" value="44"/></imgdir><imgdir name="25"><string name="oS" value="101BuildingTW"/><string name="l0" value="101Building"/><string name="l1" value="tile"/><string name="l2" value="2"/><int name="x" value="-669"/><int name="y" value="121"/><int name="z" value="9"/><int name="f" value="0"/><int name="zM" value="51"/></imgdir><imgdir name="14"><string name="oS" value="101BuildingTW"/><string name="l0" value="101Building"/><string name="l1" value="tile"/><string name="l2" value="3"/><int name="x" value="-1003"/><int name="y" value="129"/><int name="z" value="9"/><int name="f" value="0"/><int name="zM" value="49"/></imgdir><imgdir name="30"><string name="oS" value="101BuildingTW"/><string name="l0" value="101Building"/><string name="l1" value="tile"/><string name="l2" value="3"/><int name="x" value="1001"/><int name="y" value="-203"/><int name="z" value="9"/><int name="f" value="0"/><int name="zM" value="78"/></imgdir><imgdir name="32"><string name="oS" value="101BuildingTW"/><string name="l0" value="101Building"/><string name="l1" value="tile"/><string name="l2" value="1"/><int name="x" value="834"/><int name="y" value="-204"/><int name="z" value="9"/><int name="f" value="0"/><int name="zM" value="70"/></imgdir><imgdir name="33"><string name="oS" value="101BuildingTW"/><string name="l0" value="101Building"/><string name="l1" value="tile"/><string name="l2" value="2"/><int name="x" value="667"/><int name="y" value="-211"/><int name="z" value="9"/><int name="f" value="0"/><int name="zM" value="75"/></imgdir><imgdir name="34"><string name="oS" value="101BuildingTW"/><string name="l0" value="101Building"/><string name="l1" value="tile"/><string name="l2" value="1"/><int name="x" value="500"/><int name="y" value="-204"/><int name="z" value="9"/><int name="f" value="0"/><int name="zM" value="71"/></imgdir><imgdir name="35"><string name="oS" value="101BuildingTW"/><string name="l0" value="101Building"/><string name="l1" value="tile"/><string name="l2" value="2"/><int name="x" value="333"/><int name="y" value="-211"/><int name="z" value="9"/><int name="f" value="0"/><int name="zM" value="77"/></imgdir><imgdir name="36"><string name="oS" value="101BuildingTW"/><string name="l0" value="101Building"/><string name="l1" value="tile"/><string name="l2" value="1"/><int name="x" value="166"/><int name="y" value="-204"/><int name="z" value="9"/><int name="f" value="0"/><int name="zM" value="72"/></imgdir><imgdir name="37"><string name="oS" value="101BuildingTW"/><string name="l0" value="101Building"/><string name="l1" value="tile"/><string name="l2" value="2"/><int name="x" value="-1"/><int name="y" value="-211"/><int name="z" value="9"/><int name="f" value="0"/><int name="zM" value="79"/></imgdir><imgdir name="38"><string name="oS" value="101BuildingTW"/><string name="l0" value="101Building"/><string name="l1" value="tile"/><string name="l2" value="1"/><int name="x" value="-168"/><int name="y" value="-204"/><int name="z" value="9"/><int name="f" value="0"/><int name="zM" value="73"/></imgdir><imgdir name="26"><string name="oS" value="101BuildingTW"/><string name="l0" value="101Building"/><string name="l1" value="tile"/><string name="l2" value="3"/><int name="x" value="-1003"/><int name="y" value="-203"/><int name="z" value="9"/><int name="f" value="0"/><int name="zM" value="74"/></imgdir><imgdir name="28"><string name="oS" value="101BuildingTW"/><string name="l0" value="101Building"/><string name="l1" value="tile"/><string name="l2" value="1"/><int name="x" value="-836"/><int name="y" value="-204"/><int name="z" value="9"/><int name="f" value="0"/><int name="zM" value="69"/></imgdir><imgdir name="29"><string name="oS" value="101BuildingTW"/><string name="l0" value="101Building"/><string name="l1" value="tile"/><string name="l2" value="2"/><int name="x" value="-669"/><int name="y" value="-211"/><int name="z" value="9"/><int name="f" value="0"/><int name="zM" value="76"/></imgdir><imgdir name="27"><string name="oS" value="101BuildingTW"/><string name="l0" value="101Building"/><string name="l1" value="tile"/><string name="l2" value="1"/><int name="x" value="-502"/><int name="y" value="-204"/><int name="z" value="9"/><int name="f" value="0"/><int name="zM" value="68"/></imgdir><imgdir name="31"><string name="oS" value="101BuildingTW"/><string name="l0" value="101Building"/><string name="l1" value="tile"/><string name="l2" value="2"/><int name="x" value="-335"/><int name="y" value="-211"/><int name="z" value="9"/><int name="f" value="0"/><int name="zM" value="80"/></imgdir><imgdir name="39"><string name="oS" value="101BuildingTW"/><string name="l0" value="101Building"/><string name="l1" value="tile"/><string name="l2" value="3"/><int name="x" value="-1003"/><int name="y" value="-531"/><int name="z" value="9"/><int name="f" value="0"/><int name="zM" value="92"/></imgdir><imgdir name="40"><string name="oS" value="101BuildingTW"/><string name="l0" value="101Building"/><string name="l1" value="tile"/><string name="l2" value="1"/><int name="x" value="-836"/><int name="y" value="-532"/><int name="z" value="9"/><int name="f" value="0"/><int name="zM" value="85"/></imgdir><imgdir name="41"><string name="oS" value="101BuildingTW"/><string name="l0" value="101Building"/><string name="l1" value="tile"/><string name="l2" value="2"/><int name="x" value="-669"/><int name="y" value="-539"/><int name="z" value="9"/><int name="f" value="0"/><int name="zM" value="96"/></imgdir><imgdir name="42"><string name="oS" value="101BuildingTW"/><string name="l0" value="101Building"/><string name="l1" value="tile"/><string name="l2" value="1"/><int name="x" value="-502"/><int name="y" value="-532"/><int name="z" value="9"/><int name="f" value="0"/><int name="zM" value="86"/></imgdir><imgdir name="43"><string name="oS" value="101BuildingTW"/><string name="l0" value="101Building"/><string name="l1" value="tile"/><string name="l2" value="2"/><int name="x" value="-335"/><int name="y" value="-539"/><int name="z" value="9"/><int name="f" value="0"/><int name="zM" value="94"/></imgdir><imgdir name="44"><string name="oS" value="101BuildingTW"/><string name="l0" value="101Building"/><string name="l1" value="tile"/><string name="l2" value="1"/><int name="x" value="-168"/><int name="y" value="-532"/><int name="z" value="9"/><int name="f" value="0"/><int name="zM" value="87"/></imgdir><imgdir name="45"><string name="oS" value="101BuildingTW"/><string name="l0" value="101Building"/><string name="l1" value="tile"/><string name="l2" value="2"/><int name="x" value="-1"/><int name="y" value="-539"/><int name="z" value="9"/><int name="f" value="0"/><int name="zM" value="91"/></imgdir><imgdir name="46"><string name="oS" value="101BuildingTW"/><string name="l0" value="101Building"/><string name="l1" value="tile"/><string name="l2" value="1"/><int name="x" value="166"/><int name="y" value="-532"/><int name="z" value="9"/><int name="f" value="0"/><int name="zM" value="88"/></imgdir><imgdir name="47"><string name="oS" value="101BuildingTW"/><string name="l0" value="101Building"/><string name="l1" value="tile"/><string name="l2" value="2"/><int name="x" value="333"/><int name="y" value="-539"/><int name="z" value="9"/><int name="f" value="0"/><int name="zM" value="93"/></imgdir><imgdir name="48"><string name="oS" value="101BuildingTW"/><string name="l0" value="101Building"/><string name="l1" value="tile"/><string name="l2" value="1"/><int name="x" value="500"/><int name="y" value="-532"/><int name="z" value="9"/><int name="f" value="0"/><int name="zM" value="89"/></imgdir><imgdir name="49"><string name="oS" value="101BuildingTW"/><string name="l0" value="101Building"/><string name="l1" value="tile"/><string name="l2" value="2"/><int name="x" value="667"/><int name="y" value="-539"/><int name="z" value="9"/><int name="f" value="0"/><int name="zM" value="95"/></imgdir><imgdir name="50"><string name="oS" value="101BuildingTW"/><string name="l0" value="101Building"/><string name="l1" value="tile"/><string name="l2" value="1"/><int name="x" value="834"/><int name="y" value="-532"/><int name="z" value="9"/><int name="f" value="0"/><int name="zM" value="90"/></imgdir><imgdir name="51"><string name="oS" value="101BuildingTW"/><string name="l0" value="101Building"/><string name="l1" value="tile"/><string name="l2" value="3"/><int name="x" value="1001"/><int name="y" value="-531"/><int name="z" value="9"/><int name="f" value="0"/><int name="zM" value="97"/></imgdir></imgdir></imgdir><imgdir name="6"><imgdir name="info"></imgdir><imgdir name="tile"></imgdir><imgdir name="obj"></imgdir></imgdir><imgdir name="7"><imgdir name="info"></imgdir><imgdir name="tile"></imgdir><imgdir name="obj"></imgdir></imgdir><imgdir name="foothold"><imgdir name="1"><imgdir name="84"><imgdir name="1"><int name="x1" value="-279"/><int name="y1" value="-302"/><int name="x2" value="287"/><int name="y2" value="-302"/><int name="prev" value="0"/><int name="next" value="0"/></imgdir></imgdir></imgdir><imgdir name="2"><imgdir name="56"><imgdir name="2"><int name="x1" value="-456"/><int name="y1" value="79"/><int name="x2" value="-395"/><int name="y2" value="79"/><int name="prev" value="0"/><int name="next" value="0"/></imgdir></imgdir><imgdir name="57"><imgdir name="3"><int name="x1" value="-363"/><int name="y1" value="79"/><int name="x2" value="-302"/><int name="y2" value="79"/><int name="prev" value="0"/><int name="next" value="0"/></imgdir></imgdir></imgdir><imgdir name="5"><imgdir name="13"><imgdir name="4"><int name="x1" value="751"/><int name="y1" value="421"/><int name="x2" value="918"/><int name="y2" value="421"/><int name="prev" value="6"/><int name="next" value="5"/></imgdir></imgdir><imgdir name="20"><imgdir name="5"><int name="x1" value="918"/><int name="y1" value="421"/><int name="x2" value="1085"/><int name="y2" value="421"/><int name="prev" value="4"/><int name="next" value="0"/></imgdir></imgdir><imgdir name="24"><imgdir name="6"><int name="x1" value="584"/><int name="y1" value="421"/><int name="x2" value="751"/><int name="y2" value="421"/><int name="prev" value="7"/><int name="next" value="4"/></imgdir></imgdir><imgdir name="14"><imgdir name="7"><int name="x1" value="417"/><int name="y1" value="421"/><int name="x2" value="584"/><int name="y2" value="421"/><int name="prev" value="8"/><int name="next" value="6"/></imgdir></imgdir><imgdir name="22"><imgdir name="8"><int name="x1" value="250"/><int name="y1" value="421"/><int name="x2" value="417"/><int name="y2" value="421"/><int name="prev" value="9"/><int name="next" value="7"/></imgdir></imgdir><imgdir name="15"><imgdir name="9"><int name="x1" value="83"/><int name="y1" value="421"/><int name="x2" value="250"/><int name="y2" value="421"/><int name="prev" value="10"/><int name="next" value="8"/></imgdir></imgdir><imgdir name="19"><imgdir name="10"><int name="x1" value="-84"/><int name="y1" value="421"/><int name="x2" value="83"/><int name="y2" value="421"/><int name="prev" value="11"/><int name="next" value="9"/></imgdir></imgdir><imgdir name="16"><imgdir name="11"><int name="x1" value="-251"/><int name="y1" value="421"/><int name="x2" value="-84"/><int name="y2" value="421"/><int name="prev" value="12"/><int name="next" value="10"/></imgdir></imgdir><imgdir name="21"><imgdir name="12"><int name="x1" value="-418"/><int name="y1" value="421"/><int name="x2" value="-251"/><int name="y2" value="421"/><int name="prev" value="13"/><int name="next" value="11"/></imgdir></imgdir><imgdir name="17"><imgdir name="13"><int name="x1" value="-585"/><int name="y1" value="421"/><int name="x2" value="-418"/><int name="y2" value="421"/><int name="prev" value="14"/><int name="next" value="12"/></imgdir></imgdir><imgdir name="23"><imgdir name="14"><int name="x1" value="-752"/><int name="y1" value="421"/><int name="x2" value="-585"/><int name="y2" value="421"/><int name="prev" value="15"/><int name="next" value="13"/></imgdir></imgdir><imgdir name="18"><imgdir name="15"><int name="x1" value="-919"/><int name="y1" value="421"/><int name="x2" value="-752"/><int name="y2" value="421"/><int name="prev" value="16"/><int name="next" value="14"/></imgdir></imgdir><imgdir name="25"><imgdir name="16"><int name="x1" value="-1086"/><int name="y1" value="421"/><int name="x2" value="-919"/><int name="y2" value="421"/><int name="prev" value="0"/><int name="next" value="15"/></imgdir></imgdir><imgdir name="45"><imgdir name="17"><int name="x1" value="918"/><int name="y1" value="93"/><int name="x2" value="1085"/><int name="y2" value="93"/><int name="prev" value="19"/><int name="next" value="0"/></imgdir></imgdir><imgdir name="49"><imgdir name="18"><int name="x1" value="-1086"/><int name="y1" value="93"/><int name="x2" value="-919"/><int name="y2" value="93"/><int name="prev" value="0"/><int name="next" value="28"/></imgdir></imgdir><imgdir name="39"><imgdir name="19"><int name="x1" value="751"/><int name="y1" value="93"/><int name="x2" value="918"/><int name="y2" value="93"/><int name="prev" value="20"/><int name="next" value="17"/></imgdir></imgdir><imgdir name="47"><imgdir name="20"><int name="x1" value="584"/><int name="y1" value="93"/><int name="x2" value="751"/><int name="y2" value="93"/><int name="prev" value="21"/><int name="next" value="19"/></imgdir></imgdir><imgdir name="40"><imgdir name="21"><int name="x1" value="417"/><int name="y1" value="93"/><int name="x2" value="584"/><int name="y2" value="93"/><int name="prev" value="22"/><int name="next" value="20"/></imgdir></imgdir><imgdir name="50"><imgdir name="22"><int name="x1" value="250"/><int name="y1" value="93"/><int name="x2" value="417"/><int name="y2" value="93"/><int name="prev" value="23"/><int name="next" value="21"/></imgdir></imgdir><imgdir name="41"><imgdir name="23"><int name="x1" value="83"/><int name="y1" value="93"/><int name="x2" value="250"/><int name="y2" value="93"/><int name="prev" value="24"/><int name="next" value="22"/></imgdir></imgdir><imgdir name="46"><imgdir name="24"><int name="x1" value="-84"/><int name="y1" value="93"/><int name="x2" value="83"/><int name="y2" value="93"/><int name="prev" value="25"/><int name="next" value="23"/></imgdir></imgdir><imgdir name="42"><imgdir name="25"><int name="x1" value="-251"/><int name="y1" value="93"/><int name="x2" value="-84"/><int name="y2" value="93"/><int name="prev" value="26"/><int name="next" value="24"/></imgdir></imgdir><imgdir name="48"><imgdir name="26"><int name="x1" value="-418"/><int name="y1" value="93"/><int name="x2" value="-251"/><int name="y2" value="93"/><int name="prev" value="27"/><int name="next" value="25"/></imgdir></imgdir><imgdir name="43"><imgdir name="27"><int name="x1" value="-585"/><int name="y1" value="93"/><int name="x2" value="-418"/><int name="y2" value="93"/><int name="prev" value="29"/><int name="next" value="26"/></imgdir></imgdir><imgdir name="44"><imgdir name="28"><int name="x1" value="-919"/><int name="y1" value="93"/><int name="x2" value="-752"/><int name="y2" value="93"/><int name="prev" value="18"/><int name="next" value="29"/></imgdir></imgdir><imgdir name="51"><imgdir name="29"><int name="x1" value="-752"/><int name="y1" value="93"/><int name="x2" value="-585"/><int name="y2" value="93"/><int name="prev" value="28"/><int name="next" value="27"/></imgdir></imgdir><imgdir name="74"><imgdir name="30"><int name="x1" value="-1086"/><int name="y1" value="-239"/><int name="x2" value="-919"/><int name="y2" value="-239"/><int name="prev" value="0"/><int name="next" value="32"/></imgdir></imgdir><imgdir name="68"><imgdir name="31"><int name="x1" value="-585"/><int name="y1" value="-239"/><int name="x2" value="-418"/><int name="y2" value="-239"/><int name="prev" value="33"/><int name="next" value="35"/></imgdir></imgdir><imgdir name="69"><imgdir name="32"><int name="x1" value="-919"/><int name="y1" value="-239"/><int name="x2" value="-752"/><int name="y2" value="-239"/><int name="prev" value="30"/><int name="next" value="33"/></imgdir></imgdir><imgdir name="76"><imgdir name="33"><int name="x1" value="-752"/><int name="y1" value="-239"/><int name="x2" value="-585"/><int name="y2" value="-239"/><int name="prev" value="32"/><int name="next" value="31"/></imgdir></imgdir><imgdir name="78"><imgdir name="34"><int name="x1" value="918"/><int name="y1" value="-239"/><int name="x2" value="1085"/><int name="y2" value="-239"/><int name="prev" value="36"/><int name="next" value="0"/></imgdir></imgdir><imgdir name="80"><imgdir name="35"><int name="x1" value="-418"/><int name="y1" value="-239"/><int name="x2" value="-251"/><int name="y2" value="-239"/><int name="prev" value="31"/><int name="next" value="42"/></imgdir></imgdir><imgdir name="70"><imgdir name="36"><int name="x1" value="751"/><int name="y1" value="-239"/><int name="x2" value="918"/><int name="y2" value="-239"/><int name="prev" value="37"/><int name="next" value="34"/></imgdir></imgdir><imgdir name="75"><imgdir name="37"><int name="x1" value="584"/><int name="y1" value="-239"/><int name="x2" value="751"/><int name="y2" value="-239"/><int name="prev" value="38"/><int name="next" value="36"/></imgdir></imgdir><imgdir name="71"><imgdir name="38"><int name="x1" value="417"/><int name="y1" value="-239"/><int name="x2" value="584"/><int name="y2" value="-239"/><int name="prev" value="39"/><int name="next" value="37"/></imgdir></imgdir><imgdir name="77"><imgdir name="39"><int name="x1" value="250"/><int name="y1" value="-239"/><int name="x2" value="417"/><int name="y2" value="-239"/><int name="prev" value="40"/><int name="next" value="38"/></imgdir></imgdir><imgdir name="72"><imgdir name="40"><int name="x1" value="83"/><int name="y1" value="-239"/><int name="x2" value="250"/><int name="y2" value="-239"/><int name="prev" value="41"/><int name="next" value="39"/></imgdir></imgdir><imgdir name="79"><imgdir name="41"><int name="x1" value="-84"/><int name="y1" value="-239"/><int name="x2" value="83"/><int name="y2" value="-239"/><int name="prev" value="42"/><int name="next" value="40"/></imgdir></imgdir><imgdir name="73"><imgdir name="42"><int name="x1" value="-251"/><int name="y1" value="-239"/><int name="x2" value="-84"/><int name="y2" value="-239"/><int name="prev" value="35"/><int name="next" value="41"/></imgdir></imgdir><imgdir name="92"><imgdir name="43"><int name="x1" value="-1086"/><int name="y1" value="-567"/><int name="x2" value="-919"/><int name="y2" value="-567"/><int name="prev" value="0"/><int name="next" value="44"/></imgdir></imgdir><imgdir name="85"><imgdir name="44"><int name="x1" value="-919"/><int name="y1" value="-567"/><int name="x2" value="-752"/><int name="y2" value="-567"/><int name="prev" value="43"/><int name="next" value="45"/></imgdir></imgdir><imgdir name="96"><imgdir name="45"><int name="x1" value="-752"/><int name="y1" value="-567"/><int name="x2" value="-585"/><int name="y2" value="-567"/><int name="prev" value="44"/><int name="next" value="46"/></imgdir></imgdir><imgdir name="86"><imgdir name="46"><int name="x1" value="-585"/><int name="y1" value="-567"/><int name="x2" value="-418"/><int name="y2" value="-567"/><int name="prev" value="45"/><int name="next" value="47"/></imgdir></imgdir><imgdir name="94"><imgdir name="47"><int name="x1" value="-418"/><int name="y1" value="-567"/><int name="x2" value="-251"/><int name="y2" value="-567"/><int name="prev" value="46"/><int name="next" value="48"/></imgdir></imgdir><imgdir name="87"><imgdir name="48"><int name="x1" value="-251"/><int name="y1" value="-567"/><int name="x2" value="-84"/><int name="y2" value="-567"/><int name="prev" value="47"/><int name="next" value="49"/></imgdir></imgdir><imgdir name="91"><imgdir name="49"><int name="x1" value="-84"/><int name="y1" value="-567"/><int name="x2" value="83"/><int name="y2" value="-567"/><int name="prev" value="48"/><int name="next" value="50"/></imgdir></imgdir><imgdir name="88"><imgdir name="50"><int name="x1" value="83"/><int name="y1" value="-567"/><int name="x2" value="250"/><int name="y2" value="-567"/><int name="prev" value="49"/><int name="next" value="51"/></imgdir></imgdir><imgdir name="93"><imgdir name="51"><int name="x1" value="250"/><int name="y1" value="-567"/><int name="x2" value="417"/><int name="y2" value="-567"/><int name="prev" value="50"/><int name="next" value="52"/></imgdir></imgdir><imgdir name="89"><imgdir name="52"><int name="x1" value="417"/><int name="y1" value="-567"/><int name="x2" value="584"/><int name="y2" value="-567"/><int name="prev" value="51"/><int name="next" value="53"/></imgdir></imgdir><imgdir name="95"><imgdir name="53"><int name="x1" value="584"/><int name="y1" value="-567"/><int name="x2" value="751"/><int name="y2" value="-567"/><int name="prev" value="52"/><int name="next" value="54"/></imgdir></imgdir><imgdir name="90"><imgdir name="54"><int name="x1" value="751"/><int name="y1" value="-567"/><int name="x2" value="918"/><int name="y2" value="-567"/><int name="prev" value="53"/><int name="next" value="55"/></imgdir></imgdir><imgdir name="97"><imgdir name="55"><int name="x1" value="918"/><int name="y1" value="-567"/><int name="x2" value="1085"/><int name="y2" value="-567"/><int name="prev" value="54"/><int name="next" value="0"/></imgdir></imgdir></imgdir></imgdir><imgdir name="ladderRope"></imgdir><imgdir name="miniMap"><canvas name="canvas" width="141" height="80"></canvas><int name="width" value="2268"/><int name="height" value="1287"/><int name="centerX" value="1135"/><int name="centerY" value="733"/><int name="mag" value="4"/></imgdir><imgdir name="portal"><imgdir name="0"><string name="pn" value="sp"/><int name="pt" value="0"/><int name="x" value="861"/><int name="y" value="-5"/><int name="tm" value="999999999"/><string name="tn" value=""/></imgdir><imgdir name="1"><string name="pn" value="sp"/><int name="pt" value="0"/><int name="x" value="-879"/><int name="y" value="312"/><int name="tm" value="999999999"/><string name="tn" value=""/></imgdir><imgdir name="2"><string name="pn" value="sp"/><int name="pt" value="0"/><int name="x" value="-42"/><int name="y" value="325"/><int name="tm" value="999999999"/><string name="tn" value=""/></imgdir><imgdir name="3"><string name="pn" value="sp"/><int name="pt" value="0"/><int name="x" value="819"/><int name="y" value="297"/><int name="tm" value="999999999"/><string name="tn" value=""/></imgdir><imgdir name="4"><string name="pn" value="sp"/><int name="pt" value="0"/><int name="x" value="-94"/><int name="y" value="-23"/><int name="tm" value="999999999"/><string name="tn" value=""/></imgdir><imgdir name="5"><string name="pn" value="sp"/><int name="pt" value="0"/><int name="x" value="-803"/><int name="y" value="-53"/><int name="tm" value="999999999"/><string name="tn" value=""/></imgdir><imgdir name="6"><string name="pn" value="move00"/><int name="pt" value="1"/><int name="x" value="-401"/><int name="y" value="418"/><int name="tm" value="742010203"/><string name="tn" value="move01"/><string name="script" value=""/><int name="hideTooltip" value="0"/><int name="delay" value="0"/></imgdir><imgdir name="7"><string name="pn" value="move01"/><int name="pt" value="1"/><int name="x" value="-1010"/><int name="y" value="91"/><int name="tm" value="742010203"/><string name="tn" value="move02"/><string name="script" value=""/><int name="hideTooltip" value="0"/><int name="delay" value="0"/></imgdir><imgdir name="8"><string name="pn" value="move02"/><int name="pt" value="1"/><int name="x" value="-515"/><int name="y" value="-242"/><int name="tm" value="742010203"/><string name="tn" value="move10"/><string name="script" value=""/><int name="hideTooltip" value="0"/><int name="delay" value="0"/></imgdir><imgdir name="9"><string name="pn" value="move03"/><int name="pt" value="1"/><int name="x" value="677"/><int name="y" value="-241"/><int name="tm" value="742010203"/><string name="tn" value="move04"/><string name="script" value=""/><int name="hideTooltip" value="0"/><int name="delay" value="0"/></imgdir><imgdir name="10"><string name="pn" value="move04"/><int name="pt" value="1"/><int name="x" value="715"/><int name="y" value="91"/><int name="tm" value="742010203"/><string name="tn" value="move05"/><string name="script" value=""/><int name="hideTooltip" value="0"/><int name="delay" value="0"/></imgdir><imgdir name="11"><string name="pn" value="move05"/><int name="pt" value="1"/><int name="x" value="383"/><int name="y" value="419"/><int name="tm" value="742010203"/><string name="tn" value="move10"/><string name="script" value=""/><int name="hideTooltip" value="0"/><int name="delay" value="0"/></imgdir><imgdir name="12"><string name="pn" value="east00"/><int name="pt" value="2"/><int name="x" value="1036"/><int name="y" value="-240"/><int name="tm" value="742010200"/><string name="tn" value="west00"/><string name="script" value=""/><int name="hideTooltip" value="0"/><int name="delay" value="0"/></imgdir><imgdir name="13"><string name="pn" value="west00"/><int name="pt" value="2"/><int name="x" value="-1039"/><int name="y" value="420"/><int name="tm" value="742010202"/><string name="tn" value="east00"/><string name="script" value=""/><int name="hideTooltip" value="0"/><int name="delay" value="0"/></imgdir></imgdir></imgdir>