<?xml version="1.0" encoding="UTF-8" standalone="yes"?><imgdir name="749040000.img"><imgdir name="info"><int name="version" value="10"/><int name="cloud" value="0"/><int name="town" value="1"/><int name="returnMap" value="749040000"/><int name="forcedReturn" value="999999999"/><float name="mobRate" value="1.0"/><string name="mapMark" value="None"/><int name="hideMinimap" value="0"/><int name="fieldLimit" value="8444"/><int name="swim" value="0"/><int name="fly" value="0"/><string name="bgm" value="BgmCN/PvP"/><string name="onFirstUserEnter" value=""/><string name="onUserEnter" value=""/><int name="VRTop" value="-600"/><int name="VRLeft" value="-500"/><int name="VRBottom" value="150"/><int name="VRRight" value="400"/></imgdir><imgdir name="back"><imgdir name="0"><string name="bS" value="ShanghaiCN"/><int name="front" value="0"/><int name="ani" value="0"/><int name="no" value="0"/><int name="f" value="0"/><int name="x" value="-44"/><int name="y" value="16"/><int name="rx" value="0"/><int name="ry" value="0"/><int name="type" value="3"/><int name="cx" value="0"/><int name="cy" value="0"/><int name="a" value="255"/></imgdir><imgdir name="2"><string name="bS" value="ShanghaiCN"/><int name="front" value="0"/><int name="ani" value="0"/><int name="no" value="2"/><int name="f" value="0"/><int name="x" value="204"/><int name="y" value="-40"/><int name="rx" value="-3"/><int name="ry" value="-15"/><int name="type" value="4"/><int name="cx" value="1000"/><int name="cy" value="0"/><int name="a" value="255"/></imgdir><imgdir name="3"><string name="bS" value="ShanghaiCN"/><int name="front" value="0"/><int name="ani" value="0"/><int name="no" value="3"/><int name="f" value="0"/><int name="x" value="-131"/><int name="y" value="-78"/><int name="rx" value="-1"/><int name="ry" value="-10"/><int name="type" value="4"/><int name="cx" value="1000"/><int name="cy" value="0"/><int name="a" value="255"/></imgdir><imgdir name="4"><string name="bS" value="ShanghaiCN"/><int name="front" value="0"/><int name="ani" value="0"/><int name="no" value="4"/><int name="f" value="0"/><int name="x" value="340"/><int name="y" value="-111"/><int name="rx" value="-1"/><int name="ry" value="-15"/><int name="type" value="4"/><int name="cx" value="1000"/><int name="cy" value="0"/><int name="a" value="255"/></imgdir><imgdir name="5"><string name="bS" value="ShanghaiCN"/><int name="front" value="0"/><int name="ani" value="0"/><int name="no" value="5"/><int name="f" value="0"/><int name="x" value="-917"/><int name="y" value="-30"/><int name="rx" value="-1"/><int name="ry" value="-15"/><int name="type" value="4"/><int name="cx" value="1000"/><int name="cy" value="0"/><int name="a" value="255"/></imgdir><imgdir name="6"><string name="bS" value="ShanghaiCN"/><int name="front" value="0"/><int name="ani" value="0"/><int name="no" value="6"/><int name="f" value="0"/><int name="x" value="-237"/><int name="y" value="-224"/><int name="rx" value="-1"/><int name="ry" value="-15"/><int name="type" value="4"/><int name="cx" value="1000"/><int name="cy" value="0"/><int name="a" value="255"/></imgdir><imgdir name="7"><string name="bS" value="ShanghaiCN"/><int name="front" value="0"/><int name="ani" value="0"/><int name="no" value="7"/><int name="f" value="0"/><int name="x" value="-66"/><int name="y" value="-97"/><int name="rx" value="-1"/><int name="ry" value="-15"/><int name="type" value="4"/><int name="cx" value="1000"/><int name="cy" value="0"/><int name="a" value="255"/></imgdir><imgdir name="8"><string name="bS" value="ShanghaiCN"/><int name="front" value="0"/><int name="ani" value="0"/><int name="no" value="8"/><int name="f" value="0"/><int name="x" value="397"/><int name="y" value="-318"/><int name="rx" value="-1"/><int name="ry" value="-15"/><int name="type" value="4"/><int name="cx" value="3000"/><int name="cy" value="0"/><int name="a" value="255"/></imgdir><imgdir name="9"><string name="bS" value="ShanghaiCN"/><int name="front" value="0"/><int name="ani" value="0"/><int name="no" value="9"/><int name="f" value="0"/><int name="x" value="209"/><int name="y" value="-225"/><int name="rx" value="-1"/><int name="ry" value="-15"/><int name="type" value="4"/><int name="cx" value="1000"/><int name="cy" value="0"/><int name="a" value="255"/></imgdir><imgdir name="10"><string name="bS" value="ShanghaiCN"/><int name="front" value="0"/><int name="ani" value="0"/><int name="no" value="10"/><int name="f" value="0"/><int name="x" value="-17"/><int name="y" value="-365"/><int name="rx" value="-1"/><int name="ry" value="-15"/><int name="type" value="4"/><int name="cx" value="1000"/><int name="cy" value="0"/><int name="a" value="255"/></imgdir><imgdir name="1"><string name="bS" value="ShanghaiCN"/><int name="front" value="0"/><int name="ani" value="0"/><int name="no" value="1"/><int name="f" value="0"/><int name="x" value="1"/><int name="y" value="-84"/><int name="rx" value="0"/><int name="ry" value="0"/><int name="type" value="1"/><int name="cx" value="0"/><int name="cy" value="0"/><int name="a" value="255"/></imgdir><imgdir name="11"><string name="bS" value="eventTW"/><int name="front" value="1"/><int name="ani" value="0"/><int name="no" value="1"/><int name="f" value="0"/><int name="x" value="-3"/><int name="y" value="28"/><int name="rx" value="-10"/><int name="ry" value="-90"/><int name="type" value="4"/><int name="cx" value="1000"/><int name="cy" value="0"/><int name="a" value="255"/></imgdir><imgdir name="12"><string name="bS" value="eventTW"/><int name="front" value="1"/><int name="ani" value="0"/><int name="no" value="2"/><int name="f" value="0"/><int name="x" value="-234"/><int name="y" value="22"/><int name="rx" value="-10"/><int name="ry" value="-90"/><int name="type" value="4"/><int name="cx" value="1000"/><int name="cy" value="0"/><int name="a" value="255"/></imgdir><imgdir name="13"><string name="bS" value="eventTW"/><int name="front" value="1"/><int name="ani" value="0"/><int name="no" value="3"/><int name="f" value="0"/><int name="x" value="-170"/><int name="y" value="79"/><int name="rx" value="-10"/><int name="ry" value="-80"/><int name="type" value="4"/><int name="cx" value="900"/><int name="cy" value="0"/><int name="a" value="255"/></imgdir></imgdir><imgdir name="life"><imgdir name="0"><string name="type" value="n"/><string name="id" value="9330086"/><int name="x" value="34"/><int name="y" value="-23"/><int name="mobTime" value="0"/><int name="f" value="0"/><int name="hide" value="0"/><int name="fh" value="1"/><int name="cy" value="-18"/><int name="rx0" value="-16"/><int name="rx1" value="84"/></imgdir><imgdir name="1"><string name="type" value="n"/><string name="id" value="9330085"/><int name="x" value="-422"/><int name="y" value="-25"/><int name="mobTime" value="0"/><int name="f" value="0"/><int name="hide" value="0"/><int name="fh" value="11"/><int name="cy" value="-18"/><int name="rx0" value="-472"/><int name="rx1" value="-372"/></imgdir><imgdir name="2"><string name="type" value="n"/><string name="id" value="9300010"/><int name="x" value="-195"/><int name="y" value="-18"/><int name="f" value="0"/><int name="hide" value="0"/><int name="fh" value="3"/><int name="cy" value="-18"/><int name="rx0" value="-245"/><int name="rx1" value="-145"/></imgdir></imgdir><imgdir name="reactor"></imgdir><imgdir name="0"><imgdir name="info"></imgdir><imgdir name="tile"></imgdir><imgdir name="obj"></imgdir></imgdir><imgdir name="1"><imgdir name="info"></imgdir><imgdir name="tile"></imgdir><imgdir name="obj"><imgdir name="2"><string name="oS" value="eventTW"/><string name="l0" value="LionMask"/><string name="l1" value="acc"/><string name="l2" value="11"/><int name="x" value="393"/><int name="y" value="-135"/><int name="z" value="9"/><int name="f" value="0"/><int name="zM" value="3"/><int name="r" value="0"/></imgdir><imgdir name="6"><string name="oS" value="eventTW"/><string name="l0" value="LionMask"/><string name="l1" value="acc"/><string name="l2" value="6"/><int name="x" value="138"/><int name="y" value="-125"/><int name="z" value="9"/><int name="f" value="0"/><int name="zM" value="7"/><int name="r" value="0"/></imgdir><imgdir name="4"><string name="oS" value="eventTW"/><string name="l0" value="LionMask"/><string name="l1" value="acc"/><string name="l2" value="7"/><int name="x" value="270"/><int name="y" value="-125"/><int name="z" value="7"/><int name="f" value="0"/><int name="zM" value="5"/><int name="r" value="0"/></imgdir><imgdir name="3"><string name="oS" value="eventTW"/><string name="l0" value="LionMask"/><string name="l1" value="acc"/><string name="l2" value="6"/><int name="x" value="-390"/><int name="y" value="-125"/><int name="z" value="9"/><int name="f" value="0"/><int name="zM" value="4"/><int name="r" value="0"/></imgdir><imgdir name="1"><string name="oS" value="eventTW"/><string name="l0" value="LionMask"/><string name="l1" value="acc"/><string name="l2" value="4"/><int name="x" value="-258"/><int name="y" value="-125"/><int name="z" value="9"/><int name="f" value="0"/><int name="zM" value="2"/><int name="r" value="0"/></imgdir><imgdir name="5"><string name="oS" value="eventTW"/><string name="l0" value="LionMask"/><string name="l1" value="acc"/><string name="l2" value="7"/><int name="x" value="6"/><int name="y" value="-125"/><int name="z" value="9"/><int name="f" value="0"/><int name="zM" value="6"/><int name="r" value="0"/></imgdir><imgdir name="0"><string name="oS" value="eventTW"/><string name="l0" value="LionMask"/><string name="l1" value="acc"/><string name="l2" value="9"/><int name="x" value="-126"/><int name="y" value="-125"/><int name="z" value="9"/><int name="f" value="0"/><int name="zM" value="1"/><int name="r" value="0"/></imgdir><imgdir name="7"><string name="oS" value="eventTW"/><string name="l0" value="LionMask"/><string name="l1" value="acc"/><string name="l2" value="10"/><int name="x" value="-497"/><int name="y" value="-135"/><int name="z" value="9"/><int name="f" value="0"/><int name="zM" value="8"/><int name="r" value="0"/></imgdir></imgdir></imgdir><imgdir name="2"><imgdir name="info"></imgdir><imgdir name="tile"></imgdir><imgdir name="obj"></imgdir></imgdir><imgdir name="3"><imgdir name="info"></imgdir><imgdir name="tile"></imgdir><imgdir name="obj"><imgdir name="0"><string name="oS" value="YuyuanCN"/><string name="l0" value="battlefield"/><string name="l1" value="potal0"/><string name="l2" value="0"/><int name="x" value="271"/><int name="y" value="-78"/><int name="z" value="9"/><int name="f" value="0"/><int name="zM" value="0"/><int name="r" value="0"/></imgdir></imgdir></imgdir><imgdir name="4"><imgdir name="info"></imgdir><imgdir name="tile"></imgdir><imgdir name="obj"></imgdir></imgdir><imgdir name="5"><imgdir name="info"><string name="tS" value="YuyuanCN"/><int name="tSMag" value="1"/></imgdir><imgdir name="tile"><imgdir name="34"><int name="x" value="270"/><int name="y" value="120"/><string name="u" value="enH1"/><int name="no" value="0"/><int name="zM" value="0"/></imgdir><imgdir name="32"><int name="x" value="90"/><int name="y" value="120"/><string name="u" value="enH1"/><int name="no" value="1"/><int name="zM" value="0"/></imgdir><imgdir name="31"><int name="x" value="-270"/><int name="y" value="120"/><string name="u" value="enH1"/><int name="no" value="1"/><int name="zM" value="0"/></imgdir><imgdir name="28"><int name="x" value="-360"/><int name="y" value="120"/><string name="u" value="enH1"/><int name="no" value="0"/><int name="zM" value="0"/></imgdir><imgdir name="26"><int name="x" value="180"/><int name="y" value="120"/><string name="u" value="enH1"/><int name="no" value="1"/><int name="zM" value="0"/></imgdir><imgdir name="35"><int name="x" value="-450"/><int name="y" value="0"/><string name="u" value="bsc"/><int name="no" value="2"/><int name="zM" value="0"/></imgdir><imgdir name="33"><int name="x" value="-450"/><int name="y" value="0"/><string name="u" value="enH0"/><int name="no" value="0"/><int name="zM" value="0"/></imgdir><imgdir name="30"><int name="x" value="-450"/><int name="y" value="60"/><string name="u" value="bsc"/><int name="no" value="3"/><int name="zM" value="0"/></imgdir><imgdir name="22"><int name="x" value="-450"/><int name="y" value="120"/><string name="u" value="enH1"/><int name="no" value="1"/><int name="zM" value="0"/></imgdir><imgdir name="25"><int name="x" value="180"/><int name="y" value="0"/><string name="u" value="enH0"/><int name="no" value="0"/><int name="zM" value="0"/></imgdir><imgdir name="14"><int name="x" value="180"/><int name="y" value="0"/><string name="u" value="bsc"/><int name="no" value="2"/><int name="zM" value="0"/></imgdir><imgdir name="38"><int name="x" value="270"/><int name="y" value="0"/><string name="u" value="bsc"/><int name="no" value="0"/><int name="zM" value="0"/></imgdir><imgdir name="18"><int name="x" value="90"/><int name="y" value="0"/><string name="u" value="enH0"/><int name="no" value="1"/><int name="zM" value="0"/></imgdir><imgdir name="9"><int name="x" value="270"/><int name="y" value="60"/><string name="u" value="bsc"/><int name="no" value="3"/><int name="zM" value="0"/></imgdir><imgdir name="11"><int name="x" value="180"/><int name="y" value="60"/><string name="u" value="bsc"/><int name="no" value="3"/><int name="zM" value="0"/></imgdir><imgdir name="2"><int name="x" value="0"/><int name="y" value="0"/><string name="u" value="enH0"/><int name="no" value="1"/><int name="zM" value="0"/></imgdir><imgdir name="3"><int name="x" value="270"/><int name="y" value="0"/><string name="u" value="enH0"/><int name="no" value="1"/><int name="zM" value="0"/></imgdir><imgdir name="21"><int name="x" value="90"/><int name="y" value="0"/><string name="u" value="bsc"/><int name="no" value="3"/><int name="zM" value="0"/></imgdir><imgdir name="23"><int name="x" value="0"/><int name="y" value="0"/><string name="u" value="bsc"/><int name="no" value="3"/><int name="zM" value="0"/></imgdir><imgdir name="12"><int name="x" value="-90"/><int name="y" value="0"/><string name="u" value="enH0"/><int name="no" value="1"/><int name="zM" value="0"/></imgdir><imgdir name="17"><int name="x" value="-180"/><int name="y" value="60"/><string name="u" value="bsc"/><int name="no" value="1"/><int name="zM" value="0"/></imgdir><imgdir name="39"><int name="x" value="-180"/><int name="y" value="0"/><string name="u" value="bsc"/><int name="no" value="2"/><int name="zM" value="0"/></imgdir><imgdir name="4"><int name="x" value="-270"/><int name="y" value="0"/><string name="u" value="enH0"/><int name="no" value="0"/><int name="zM" value="0"/></imgdir><imgdir name="5"><int name="x" value="-90"/><int name="y" value="0"/><string name="u" value="bsc"/><int name="no" value="1"/><int name="zM" value="0"/></imgdir><imgdir name="1"><int name="x" value="-270"/><int name="y" value="60"/><string name="u" value="bsc"/><int name="no" value="2"/><int name="zM" value="0"/></imgdir><imgdir name="16"><int name="x" value="0"/><int name="y" value="60"/><string name="u" value="bsc"/><int name="no" value="3"/><int name="zM" value="0"/></imgdir><imgdir name="8"><int name="x" value="-360"/><int name="y" value="0"/><string name="u" value="enH0"/><int name="no" value="1"/><int name="zM" value="0"/></imgdir><imgdir name="10"><int name="x" value="-90"/><int name="y" value="60"/><string name="u" value="bsc"/><int name="no" value="1"/><int name="zM" value="0"/></imgdir><imgdir name="20"><int name="x" value="-270"/><int name="y" value="0"/><string name="u" value="bsc"/><int name="no" value="3"/><int name="zM" value="0"/></imgdir><imgdir name="13"><int name="x" value="-180"/><int name="y" value="0"/><string name="u" value="enH0"/><int name="no" value="0"/><int name="zM" value="0"/></imgdir><imgdir name="6"><int name="x" value="-360"/><int name="y" value="0"/><string name="u" value="bsc"/><int name="no" value="1"/><int name="zM" value="0"/></imgdir><imgdir name="0"><int name="x" value="90"/><int name="y" value="60"/><string name="u" value="bsc"/><int name="no" value="3"/><int name="zM" value="0"/></imgdir><imgdir name="15"><int name="x" value="-360"/><int name="y" value="60"/><string name="u" value="bsc"/><int name="no" value="3"/><int name="zM" value="0"/></imgdir><imgdir name="37"><int name="x" value="-180"/><int name="y" value="120"/><string name="u" value="enH1"/><int name="no" value="1"/><int name="zM" value="0"/></imgdir><imgdir name="24"><int name="x" value="-90"/><int name="y" value="120"/><string name="u" value="enH1"/><int name="no" value="1"/><int name="zM" value="0"/></imgdir><imgdir name="7"><int name="x" value="0"/><int name="y" value="120"/><string name="u" value="enH1"/><int name="no" value="1"/><int name="zM" value="0"/></imgdir><imgdir name="44"><int name="x" value="-540"/><int name="y" value="0"/><string name="u" value="edU"/><int name="no" value="0"/><int name="zM" value="0"/></imgdir><imgdir name="29"><int name="x" value="-540"/><int name="y" value="0"/><string name="u" value="bsc"/><int name="no" value="2"/><int name="zM" value="0"/></imgdir><imgdir name="45"><int name="x" value="-540"/><int name="y" value="0"/><string name="u" value="enH0"/><int name="no" value="0"/><int name="zM" value="0"/></imgdir><imgdir name="36"><int name="x" value="-540"/><int name="y" value="0"/><string name="u" value="enV0"/><int name="no" value="0"/><int name="zM" value="0"/></imgdir><imgdir name="46"><int name="x" value="-540"/><int name="y" value="60"/><string name="u" value="bsc"/><int name="no" value="1"/><int name="zM" value="0"/></imgdir><imgdir name="19"><int name="x" value="-540"/><int name="y" value="120"/><string name="u" value="edD"/><int name="no" value="0"/><int name="zM" value="0"/></imgdir><imgdir name="47"><int name="x" value="-540"/><int name="y" value="120"/><string name="u" value="enH1"/><int name="no" value="1"/><int name="zM" value="0"/></imgdir><imgdir name="27"><int name="x" value="-540"/><int name="y" value="60"/><string name="u" value="enV0"/><int name="no" value="1"/><int name="zM" value="0"/></imgdir><imgdir name="48"><int name="x" value="450"/><int name="y" value="0"/><string name="u" value="edU"/><int name="no" value="0"/><int name="zM" value="0"/></imgdir><imgdir name="50"><int name="x" value="360"/><int name="y" value="0"/><string name="u" value="enH0"/><int name="no" value="1"/><int name="zM" value="0"/></imgdir><imgdir name="40"><int name="x" value="360"/><int name="y" value="0"/><string name="u" value="bsc"/><int name="no" value="3"/><int name="zM" value="0"/></imgdir><imgdir name="51"><int name="x" value="450"/><int name="y" value="0"/><string name="u" value="enV1"/><int name="no" value="0"/><int name="zM" value="0"/></imgdir><imgdir name="41"><int name="x" value="450"/><int name="y" value="60"/><string name="u" value="enV1"/><int name="no" value="1"/><int name="zM" value="0"/></imgdir><imgdir name="49"><int name="x" value="360"/><int name="y" value="60"/><string name="u" value="bsc"/><int name="no" value="0"/><int name="zM" value="0"/></imgdir><imgdir name="43"><int name="x" value="450"/><int name="y" value="120"/><string name="u" value="edD"/><int name="no" value="0"/><int name="zM" value="0"/></imgdir><imgdir name="42"><int name="x" value="360"/><int name="y" value="120"/><string name="u" value="enH1"/><int name="no" value="0"/><int name="zM" value="0"/></imgdir></imgdir><imgdir name="obj"></imgdir></imgdir><imgdir name="6"><imgdir name="info"></imgdir><imgdir name="tile"></imgdir><imgdir name="obj"></imgdir></imgdir><imgdir name="7"><imgdir name="info"></imgdir><imgdir name="tile"></imgdir><imgdir name="obj"></imgdir></imgdir><imgdir name="foothold"><imgdir name="5"><imgdir name="0"><imgdir name="1"><int name="x1" value="0"/><int name="y1" value="-18"/><int name="x2" value="90"/><int name="y2" value="-18"/><int name="prev" value="5"/><int name="next" value="7"/><int name="piece" value="0"/></imgdir><imgdir name="2"><int name="x1" value="270"/><int name="y1" value="-18"/><int name="x2" value="324"/><int name="y2" value="-18"/><int name="prev" value="9"/><int name="next" value="15"/><int name="piece" value="0"/></imgdir><imgdir name="3"><int name="x1" value="-270"/><int name="y1" value="-18"/><int name="x2" value="-180"/><int name="y2" value="-18"/><int name="prev" value="4"/><int name="next" value="6"/><int name="piece" value="0"/></imgdir><imgdir name="4"><int name="x1" value="-360"/><int name="y1" value="-18"/><int name="x2" value="-270"/><int name="y2" value="-18"/><int name="prev" value="14"/><int name="next" value="3"/><int name="piece" value="0"/></imgdir><imgdir name="5"><int name="x1" value="-90"/><int name="y1" value="-18"/><int name="x2" value="0"/><int name="y2" value="-18"/><int name="prev" value="6"/><int name="next" value="1"/><int name="piece" value="0"/></imgdir><imgdir name="6"><int name="x1" value="-180"/><int name="y1" value="-18"/><int name="x2" value="-90"/><int name="y2" value="-18"/><int name="prev" value="3"/><int name="next" value="5"/><int name="piece" value="0"/></imgdir><imgdir name="7"><int name="x1" value="90"/><int name="y1" value="-18"/><int name="x2" value="180"/><int name="y2" value="-18"/><int name="prev" value="1"/><int name="next" value="9"/><int name="piece" value="0"/></imgdir><imgdir name="8"><int name="x1" value="-486"/><int name="y1" value="120"/><int name="x2" value="-486"/><int name="y2" value="60"/><int name="prev" value="0"/><int name="next" value="10"/><int name="piece" value="0"/></imgdir><imgdir name="9"><int name="x1" value="180"/><int name="y1" value="-18"/><int name="x2" value="270"/><int name="y2" value="-18"/><int name="prev" value="7"/><int name="next" value="2"/><int name="piece" value="0"/></imgdir><imgdir name="10"><int name="x1" value="-486"/><int name="y1" value="60"/><int name="x2" value="-486"/><int name="y2" value="0"/><int name="prev" value="8"/><int name="next" value="12"/><int name="piece" value="0"/></imgdir><imgdir name="11"><int name="x1" value="-450"/><int name="y1" value="-18"/><int name="x2" value="-414"/><int name="y2" value="-18"/><int name="prev" value="13"/><int name="next" value="14"/><int name="piece" value="0"/></imgdir><imgdir name="12"><int name="x1" value="-486"/><int name="y1" value="0"/><int name="x2" value="-486"/><int name="y2" value="-18"/><int name="prev" value="10"/><int name="next" value="13"/><int name="piece" value="0"/></imgdir><imgdir name="13"><int name="x1" value="-486"/><int name="y1" value="-18"/><int name="x2" value="-450"/><int name="y2" value="-18"/><int name="prev" value="12"/><int name="next" value="11"/><int name="piece" value="0"/></imgdir><imgdir name="14"><int name="x1" value="-414"/><int name="y1" value="-18"/><int name="x2" value="-360"/><int name="y2" value="-18"/><int name="prev" value="11"/><int name="next" value="4"/><int name="piece" value="0"/></imgdir><imgdir name="15"><int name="x1" value="324"/><int name="y1" value="-18"/><int name="x2" value="360"/><int name="y2" value="-18"/><int name="prev" value="2"/><int name="next" value="16"/><int name="piece" value="0"/></imgdir><imgdir name="16"><int name="x1" value="360"/><int name="y1" value="-18"/><int name="x2" value="396"/><int name="y2" value="-18"/><int name="prev" value="15"/><int name="next" value="17"/><int name="piece" value="0"/></imgdir><imgdir name="17"><int name="x1" value="396"/><int name="y1" value="-18"/><int name="x2" value="396"/><int name="y2" value="0"/><int name="prev" value="16"/><int name="next" value="18"/><int name="piece" value="0"/></imgdir><imgdir name="18"><int name="x1" value="396"/><int name="y1" value="0"/><int name="x2" value="396"/><int name="y2" value="60"/><int name="prev" value="17"/><int name="next" value="19"/><int name="piece" value="0"/></imgdir><imgdir name="19"><int name="x1" value="396"/><int name="y1" value="60"/><int name="x2" value="396"/><int name="y2" value="120"/><int name="prev" value="18"/><int name="next" value="0"/><int name="piece" value="0"/></imgdir></imgdir></imgdir></imgdir><imgdir name="ladderRope"></imgdir><imgdir name="portal"><imgdir name="0"><string name="pn" value="sp"/><int name="pt" value="0"/><int name="x" value="-304"/><int name="y" value="-78"/><int name="tm" value="999999999"/><string name="tn" value=""/></imgdir><imgdir name="1"><string name="pn" value="in00"/><int name="pt" value="7"/><int name="x" value="272"/><int name="y" value="-22"/><int name="tm" value="999999999"/><string name="tn" value=""/><string name="script" value="lionMask_enter"/></imgdir></imgdir></imgdir>