<?xml version="1.0" encoding="UTF-8" standalone="yes"?><imgdir name="749050501.img"><imgdir name="info"><int name="version" value="10"/><int name="cloud" value="0"/><int name="town" value="0"/><int name="swim" value="0"/><int name="returnMap" value="999999999"/><int name="forcedReturn" value="999999999"/><float name="mobRate" value="1.0"/><string name="bgm" value="BgmTW/FishingMemories"/><string name="mapMark" value="None"/><int name="fly" value="0"/><int name="hideMinimap" value="1"/><int name="fieldLimit" value="4199022"/><string name="onFirstUserEnter" value=""/><string name="onUserEnter" value=""/><int name="VRTop" value="-1300"/><int name="VRLeft" value="-1105"/><int name="VRBottom" value="450"/><int name="VRRight" value="1863"/><int name="entrustedFishing" value="1"/><int name="fieldType" value="1017"/></imgdir><imgdir name="back"><imgdir name="0"><string name="bS" value="FishingSystemTW"/><int name="front" value="0"/><int name="ani" value="0"/><int name="no" value="5"/><int name="f" value="0"/><int name="x" value="-371"/><int name="y" value="-137"/><int name="rx" value="-90"/><int name="ry" value="-50"/><int name="type" value="1"/><int name="cx" value="0"/><int name="cy" value="0"/><int name="a" value="255"/></imgdir></imgdir><imgdir name="life"><imgdir name="0"><string name="type" value="n"/><string name="id" value="9330108"/><int name="x" value="348"/><int name="y" value="343"/><int name="mobTime" value="0"/><int name="f" value="0"/><int name="hide" value="0"/><int name="fh" value="44"/><int name="cy" value="352"/><int name="rx0" value="298"/><int name="rx1" value="398"/></imgdir></imgdir><imgdir name="reactor"></imgdir><imgdir name="0"><imgdir name="info"></imgdir><imgdir name="tile"></imgdir><imgdir name="obj"></imgdir></imgdir><imgdir name="1"><imgdir name="info"></imgdir><imgdir name="tile"></imgdir><imgdir name="obj"></imgdir></imgdir><imgdir name="2"><imgdir name="info"></imgdir><imgdir name="tile"></imgdir><imgdir name="obj"><imgdir name="0"><string name="oS" value="FishingSystemTW"/><string name="l0" value="heaven"/><string name="l1" value="back"/><string name="l2" value="14"/><int name="x" value="-966"/><int name="y" value="-198"/><int name="z" value="9"/><int name="f" value="0"/><int name="zM" value="21"/><int name="r" value="0"/></imgdir><imgdir name="1"><string name="oS" value="FishingSystemTW"/><string name="l0" value="heaven"/><string name="l1" value="back"/><string name="l2" value="15"/><int name="x" value="-329"/><int name="y" value="-106"/><int name="z" value="9"/><int name="f" value="0"/><int name="zM" value="20"/><int name="r" value="0"/></imgdir><imgdir name="2"><string name="oS" value="FishingSystemTW"/><string name="l0" value="heaven"/><string name="l1" value="back"/><string name="l2" value="16"/><int name="x" value="448"/><int name="y" value="-138"/><int name="z" value="9"/><int name="f" value="0"/><int name="zM" value="19"/><int name="r" value="0"/></imgdir><imgdir name="3"><string name="oS" value="FishingSystemTW"/><string name="l0" value="heaven"/><string name="l1" value="back"/><string name="l2" value="17"/><int name="x" value="920"/><int name="y" value="-42"/><int name="z" value="9"/><int name="f" value="0"/><int name="zM" value="16"/><int name="r" value="0"/></imgdir><imgdir name="4"><string name="oS" value="FishingSystemTW"/><string name="l0" value="heaven"/><string name="l1" value="back"/><string name="l2" value="18"/><int name="x" value="1335"/><int name="y" value="-172"/><int name="z" value="9"/><int name="f" value="0"/><int name="zM" value="23"/><int name="r" value="0"/></imgdir><imgdir name="5"><string name="oS" value="FishingSystemTW"/><string name="l0" value="heaven"/><string name="l1" value="back"/><string name="l2" value="19"/><int name="x" value="1645"/><int name="y" value="-116"/><int name="z" value="9"/><int name="f" value="0"/><int name="zM" value="12"/><int name="r" value="0"/></imgdir><imgdir name="6"><string name="oS" value="FishingSystemTW"/><string name="l0" value="heaven"/><string name="l1" value="ani"/><string name="l2" value="24"/><int name="x" value="-1032"/><int name="y" value="52"/><int name="z" value="9"/><int name="f" value="0"/><int name="zM" value="13"/><int name="r" value="0"/></imgdir><imgdir name="7"><string name="oS" value="FishingSystemTW"/><string name="l0" value="heaven"/><string name="l1" value="ani"/><string name="l2" value="25"/><int name="x" value="-760"/><int name="y" value="-233"/><int name="z" value="9"/><int name="f" value="0"/><int name="zM" value="24"/><int name="r" value="0"/></imgdir><imgdir name="8"><string name="oS" value="FishingSystemTW"/><string name="l0" value="heaven"/><string name="l1" value="ani"/><string name="l2" value="26"/><int name="x" value="-562"/><int name="y" value="-120"/><int name="z" value="9"/><int name="f" value="0"/><int name="zM" value="22"/><int name="r" value="0"/></imgdir><imgdir name="9"><string name="oS" value="FishingSystemTW"/><string name="l0" value="heaven"/><string name="l1" value="ani"/><string name="l2" value="27"/><int name="x" value="-648"/><int name="y" value="34"/><int name="z" value="9"/><int name="f" value="0"/><int name="zM" value="15"/><int name="r" value="0"/></imgdir><imgdir name="10"><string name="oS" value="FishingSystemTW"/><string name="l0" value="heaven"/><string name="l1" value="ani"/><string name="l2" value="28"/><int name="x" value="-293"/><int name="y" value="38"/><int name="z" value="9"/><int name="f" value="0"/><int name="zM" value="14"/><int name="r" value="0"/></imgdir><imgdir name="11"><string name="oS" value="FishingSystemTW"/><string name="l0" value="heaven"/><string name="l1" value="ani"/><string name="l2" value="29"/><int name="x" value="121"/><int name="y" value="-40"/><int name="z" value="9"/><int name="f" value="0"/><int name="zM" value="18"/><int name="r" value="0"/></imgdir><imgdir name="12"><string name="oS" value="FishingSystemTW"/><string name="l0" value="heaven"/><string name="l1" value="ani"/><string name="l2" value="30"/><int name="x" value="250"/><int name="y" value="75"/><int name="z" value="9"/><int name="f" value="0"/><int name="zM" value="10"/><int name="r" value="0"/></imgdir><imgdir name="13"><string name="oS" value="FishingSystemTW"/><string name="l0" value="heaven"/><string name="l1" value="ani"/><string name="l2" value="31"/><int name="x" value="658"/><int name="y" value="51"/><int name="z" value="9"/><int name="f" value="0"/><int name="zM" value="11"/><int name="r" value="0"/></imgdir><imgdir name="14"><string name="oS" value="FishingSystemTW"/><string name="l0" value="heaven"/><string name="l1" value="ani"/><string name="l2" value="32"/><int name="x" value="1052"/><int name="y" value="29"/><int name="z" value="9"/><int name="f" value="0"/><int name="zM" value="16"/><int name="r" value="0"/></imgdir><imgdir name="15"><string name="oS" value="FishingSystemTW"/><string name="l0" value="heaven"/><string name="l1" value="ani"/><string name="l2" value="33"/><int name="x" value="557"/><int name="y" value="-69"/><int name="z" value="9"/><int name="f" value="0"/><int name="zM" value="19"/><int name="r" value="0"/></imgdir><imgdir name="16"><string name="oS" value="FishingSystemTW"/><string name="l0" value="heaven"/><string name="l1" value="ani"/><string name="l2" value="34"/><int name="x" value="1397"/><int name="y" value="-24"/><int name="z" value="9"/><int name="f" value="0"/><int name="zM" value="17"/><int name="r" value="0"/></imgdir><imgdir name="17"><string name="oS" value="FishingSystemTW"/><string name="l0" value="heaven"/><string name="l1" value="ani"/><string name="l2" value="35"/><int name="x" value="1705"/><int name="y" value="62"/><int name="z" value="9"/><int name="f" value="0"/><int name="zM" value="12"/><int name="r" value="0"/></imgdir></imgdir></imgdir><imgdir name="3"><imgdir name="info"></imgdir><imgdir name="tile"></imgdir><imgdir name="obj"><imgdir name="2"><string name="oS" value="FishingSystemTW"/><string name="l0" value="heaven"/><string name="l1" value="back"/><string name="l2" value="8"/><int name="x" value="313"/><int name="y" value="69"/><int name="z" value="9"/><int name="f" value="0"/><int name="zM" value="8"/><int name="r" value="0"/></imgdir><imgdir name="3"><string name="oS" value="FishingSystemTW"/><string name="l0" value="heaven"/><string name="l1" value="back"/><string name="l2" value="10"/><int name="x" value="448"/><int name="y" value="154"/><int name="z" value="9"/><int name="f" value="0"/><int name="zM" value="9"/><int name="r" value="0"/></imgdir><imgdir name="1"><string name="oS" value="FishingSystemTW"/><string name="l0" value="heaven"/><string name="l1" value="back"/><string name="l2" value="7"/><int name="x" value="-366"/><int name="y" value="139"/><int name="z" value="9"/><int name="f" value="0"/><int name="zM" value="5"/><int name="r" value="0"/></imgdir><imgdir name="0"><string name="oS" value="FishingSystemTW"/><string name="l0" value="heaven"/><string name="l1" value="back"/><string name="l2" value="9"/><int name="x" value="102"/><int name="y" value="119"/><int name="z" value="3"/><int name="f" value="0"/><int name="zM" value="6"/><int name="r" value="0"/></imgdir><imgdir name="4"><string name="oS" value="FishingSystemTW"/><string name="l0" value="heaven"/><string name="l1" value="back"/><string name="l2" value="3"/><int name="x" value="-725"/><int name="y" value="212"/><int name="z" value="5"/><int name="f" value="0"/><int name="zM" value="5"/><int name="r" value="0"/></imgdir><imgdir name="5"><string name="oS" value="FishingSystemTW"/><string name="l0" value="heaven"/><string name="l1" value="back"/><string name="l2" value="3"/><int name="x" value="27"/><int name="y" value="204"/><int name="z" value="5"/><int name="f" value="0"/><int name="zM" value="6"/><int name="r" value="0"/></imgdir><imgdir name="6"><string name="oS" value="FishingSystemTW"/><string name="l0" value="heaven"/><string name="l1" value="back"/><string name="l2" value="3"/><int name="x" value="742"/><int name="y" value="206"/><int name="z" value="5"/><int name="f" value="0"/><int name="zM" value="6"/><int name="r" value="0"/></imgdir><imgdir name="7"><string name="oS" value="FishingSystemTW"/><string name="l0" value="heaven"/><string name="l1" value="back"/><string name="l2" value="3"/><int name="x" value="1500"/><int name="y" value="199"/><int name="z" value="5"/><int name="f" value="1"/><int name="zM" value="7"/><int name="r" value="0"/></imgdir><imgdir name="8"><string name="oS" value="FishingSystemTW"/><string name="l0" value="heaven"/><string name="l1" value="back"/><string name="l2" value="11"/><int name="x" value="-500"/><int name="y" value="61"/><int name="z" value="9"/><int name="f" value="0"/><int name="zM" value="5"/><int name="r" value="0"/></imgdir><imgdir name="9"><string name="oS" value="FishingSystemTW"/><string name="l0" value="heaven"/><string name="l1" value="back"/><string name="l2" value="6"/><int name="x" value="791"/><int name="y" value="67"/><int name="z" value="9"/><int name="f" value="0"/><int name="zM" value="6"/><int name="r" value="0"/></imgdir><imgdir name="10"><string name="oS" value="FishingSystemTW"/><string name="l0" value="heaven"/><string name="l1" value="back"/><string name="l2" value="5"/><int name="x" value="1499"/><int name="y" value="109"/><int name="z" value="9"/><int name="f" value="0"/><int name="zM" value="7"/><int name="r" value="0"/></imgdir><imgdir name="11"><string name="oS" value="FishingSystemTW"/><string name="l0" value="heaven"/><string name="l1" value="back"/><string name="l2" value="9"/><int name="x" value="1776"/><int name="y" value="178"/><int name="z" value="9"/><int name="f" value="0"/><int name="zM" value="7"/><int name="r" value="0"/></imgdir><imgdir name="12"><string name="oS" value="FishingSystemTW"/><string name="l0" value="heaven"/><string name="l1" value="back"/><string name="l2" value="12"/><int name="x" value="-528"/><int name="y" value="-962"/><int name="z" value="7"/><int name="f" value="0"/><int name="zM" value="41"/><int name="r" value="0"/></imgdir><imgdir name="13"><string name="oS" value="FishingSystemTW"/><string name="l0" value="heaven"/><string name="l1" value="ani"/><string name="l2" value="1"/><int name="x" value="-416"/><int name="y" value="-900"/><int name="z" value="9"/><int name="f" value="0"/><int name="zM" value="41"/><int name="r" value="0"/></imgdir><imgdir name="14"><string name="oS" value="FishingSystemTW"/><string name="l0" value="heaven"/><string name="l1" value="ani"/><string name="l2" value="2"/><int name="x" value="-313"/><int name="y" value="-943"/><int name="z" value="9"/><int name="f" value="0"/><int name="zM" value="52"/><int name="r" value="0"/></imgdir><imgdir name="15"><string name="oS" value="FishingSystemTW"/><string name="l0" value="heaven"/><string name="l1" value="ani"/><string name="l2" value="3"/><int name="x" value="-330"/><int name="y" value="-878"/><int name="z" value="9"/><int name="f" value="0"/><int name="zM" value="47"/><int name="r" value="0"/></imgdir><imgdir name="16"><string name="oS" value="FishingSystemTW"/><string name="l0" value="heaven"/><string name="l1" value="ani"/><string name="l2" value="4"/><int name="x" value="-881"/><int name="y" value="-878"/><int name="z" value="9"/><int name="f" value="0"/><int name="zM" value="46"/><int name="r" value="0"/></imgdir><imgdir name="17"><string name="oS" value="FishingSystemTW"/><string name="l0" value="heaven"/><string name="l1" value="ani"/><string name="l2" value="5"/><int name="x" value="-940"/><int name="y" value="-962"/><int name="z" value="9"/><int name="f" value="0"/><int name="zM" value="53"/><int name="r" value="0"/></imgdir><imgdir name="18"><string name="oS" value="FishingSystemTW"/><string name="l0" value="heaven"/><string name="l1" value="ani"/><string name="l2" value="6"/><int name="x" value="-770"/><int name="y" value="-1007"/><int name="z" value="9"/><int name="f" value="0"/><int name="zM" value="54"/><int name="r" value="0"/></imgdir><imgdir name="19"><string name="oS" value="FishingSystemTW"/><string name="l0" value="heaven"/><string name="l1" value="ani"/><string name="l2" value="7"/><int name="x" value="371"/><int name="y" value="-795"/><int name="z" value="9"/><int name="f" value="0"/><int name="zM" value="38"/><int name="r" value="0"/></imgdir><imgdir name="20"><string name="oS" value="FishingSystemTW"/><string name="l0" value="heaven"/><string name="l1" value="ani"/><string name="l2" value="8"/><int name="x" value="667"/><int name="y" value="-850"/><int name="z" value="9"/><int name="f" value="0"/><int name="zM" value="42"/><int name="r" value="0"/></imgdir><imgdir name="21"><string name="oS" value="FishingSystemTW"/><string name="l0" value="heaven"/><string name="l1" value="ani"/><string name="l2" value="9"/><int name="x" value="310"/><int name="y" value="-776"/><int name="z" value="9"/><int name="f" value="0"/><int name="zM" value="36"/><int name="r" value="0"/></imgdir><imgdir name="22"><string name="oS" value="FishingSystemTW"/><string name="l0" value="heaven"/><string name="l1" value="ani"/><string name="l2" value="10"/><int name="x" value="728"/><int name="y" value="-808"/><int name="z" value="9"/><int name="f" value="0"/><int name="zM" value="40"/><int name="r" value="0"/></imgdir><imgdir name="23"><string name="oS" value="FishingSystemTW"/><string name="l0" value="heaven"/><string name="l1" value="ani"/><string name="l2" value="11"/><int name="x" value="808"/><int name="y" value="-872"/><int name="z" value="9"/><int name="f" value="0"/><int name="zM" value="45"/><int name="r" value="0"/></imgdir><imgdir name="24"><string name="oS" value="FishingSystemTW"/><string name="l0" value="heaven"/><string name="l1" value="ani"/><string name="l2" value="12"/><int name="x" value="1381"/><int name="y" value="-704"/><int name="z" value="9"/><int name="f" value="0"/><int name="zM" value="34"/><int name="r" value="0"/></imgdir><imgdir name="25"><string name="oS" value="FishingSystemTW"/><string name="l0" value="heaven"/><string name="l1" value="ani"/><string name="l2" value="13"/><int name="x" value="1401"/><int name="y" value="-783"/><int name="z" value="9"/><int name="f" value="0"/><int name="zM" value="37"/><int name="r" value="0"/></imgdir><imgdir name="26"><string name="oS" value="FishingSystemTW"/><string name="l0" value="heaven"/><string name="l1" value="ani"/><string name="l2" value="14"/><int name="x" value="1271"/><int name="y" value="-744"/><int name="z" value="9"/><int name="f" value="0"/><int name="zM" value="35"/><int name="r" value="0"/></imgdir><imgdir name="27"><string name="oS" value="FishingSystemTW"/><string name="l0" value="heaven"/><string name="l1" value="ani"/><string name="l2" value="15"/><int name="x" value="9"/><int name="y" value="-883"/><int name="z" value="9"/><int name="f" value="0"/><int name="zM" value="48"/><int name="r" value="0"/></imgdir><imgdir name="28"><string name="oS" value="FishingSystemTW"/><string name="l0" value="heaven"/><string name="l1" value="ani"/><string name="l2" value="16"/><int name="x" value="99"/><int name="y" value="-906"/><int name="z" value="9"/><int name="f" value="0"/><int name="zM" value="49"/><int name="r" value="0"/></imgdir><imgdir name="29"><string name="oS" value="FishingSystemTW"/><string name="l0" value="heaven"/><string name="l1" value="ani"/><string name="l2" value="17"/><int name="x" value="159"/><int name="y" value="-856"/><int name="z" value="9"/><int name="f" value="0"/><int name="zM" value="43"/><int name="r" value="0"/></imgdir><imgdir name="30"><string name="oS" value="FishingSystemTW"/><string name="l0" value="heaven"/><string name="l1" value="ani"/><string name="l2" value="18"/><int name="x" value="1511"/><int name="y" value="-912"/><int name="z" value="9"/><int name="f" value="0"/><int name="zM" value="50"/><int name="r" value="0"/></imgdir><imgdir name="31"><string name="oS" value="FishingSystemTW"/><string name="l0" value="heaven"/><string name="l1" value="ani"/><string name="l2" value="19"/><int name="x" value="1694"/><int name="y" value="-912"/><int name="z" value="9"/><int name="f" value="0"/><int name="zM" value="51"/><int name="r" value="0"/></imgdir><imgdir name="32"><string name="oS" value="FishingSystemTW"/><string name="l0" value="heaven"/><string name="l1" value="ani"/><string name="l2" value="20"/><int name="x" value="1652"/><int name="y" value="-866"/><int name="z" value="9"/><int name="f" value="0"/><int name="zM" value="44"/><int name="r" value="0"/></imgdir><imgdir name="33"><string name="oS" value="FishingSystemTW"/><string name="l0" value="heaven"/><string name="l1" value="ani"/><string name="l2" value="21"/><int name="x" value="220"/><int name="y" value="-555"/><int name="z" value="9"/><int name="f" value="0"/><int name="zM" value="29"/><int name="r" value="0"/></imgdir><imgdir name="34"><string name="oS" value="FishingSystemTW"/><string name="l0" value="heaven"/><string name="l1" value="ani"/><string name="l2" value="22"/><int name="x" value="-530"/><int name="y" value="-680"/><int name="z" value="9"/><int name="f" value="0"/><int name="zM" value="33"/><int name="r" value="0"/></imgdir><imgdir name="35"><string name="oS" value="FishingSystemTW"/><string name="l0" value="heaven"/><string name="l1" value="ani"/><string name="l2" value="23"/><int name="x" value="573"/><int name="y" value="-804"/><int name="z" value="9"/><int name="f" value="0"/><int name="zM" value="39"/><int name="r" value="0"/></imgdir><imgdir name="36"><string name="oS" value="FishingSystemTW"/><string name="l0" value="heaven"/><string name="l1" value="ani"/><string name="l2" value="22"/><int name="x" value="1330"/><int name="y" value="-571"/><int name="z" value="9"/><int name="f" value="0"/><int name="zM" value="30"/><int name="r" value="0"/></imgdir></imgdir></imgdir><imgdir name="4"><imgdir name="info"></imgdir><imgdir name="tile"></imgdir><imgdir name="obj"><imgdir name="0"><string name="oS" value="FishingSystemTW"/><string name="l0" value="heaven"/><string name="l1" value="acc"/><string name="l2" value="4"/><int name="x" value="-131"/><int name="y" value="-152"/><int name="z" value="9"/><int name="f" value="0"/><int name="zM" value="3"/><int name="r" value="0"/></imgdir><imgdir name="1"><string name="oS" value="FishingSystemTW"/><string name="l0" value="heaven"/><string name="l1" value="back"/><string name="l2" value="4"/><int name="x" value="1143"/><int name="y" value="83"/><int name="z" value="9"/><int name="f" value="0"/><int name="zM" value="4"/><int name="r" value="0"/></imgdir><imgdir name="2"><string name="oS" value="FishingSystemTW"/><string name="l0" value="heaven"/><string name="l1" value="back"/><string name="l2" value="1"/><int name="x" value="1389"/><int name="y" value="240"/><int name="z" value="7"/><int name="f" value="1"/><int name="zM" value="4"/><int name="r" value="0"/></imgdir><imgdir name="3"><string name="oS" value="FishingSystemTW"/><string name="l0" value="heaven"/><string name="l1" value="back"/><string name="l2" value="1"/><int name="x" value="468"/><int name="y" value="237"/><int name="z" value="7"/><int name="f" value="0"/><int name="zM" value="4"/><int name="r" value="0"/></imgdir><imgdir name="4"><string name="oS" value="FishingSystemTW"/><string name="l0" value="heaven"/><string name="l1" value="back"/><string name="l2" value="1"/><int name="x" value="-638"/><int name="y" value="242"/><int name="z" value="9"/><int name="f" value="0"/><int name="zM" value="3"/><int name="r" value="0"/></imgdir><imgdir name="5"><string name="oS" value="FishingSystemTW"/><string name="l0" value="heaven"/><string name="l1" value="back"/><string name="l2" value="4"/><int name="x" value="-772"/><int name="y" value="95"/><int name="z" value="5"/><int name="f" value="1"/><int name="zM" value="3"/><int name="r" value="0"/></imgdir><imgdir name="6"><string name="oS" value="FishingSystemTW"/><string name="l0" value="heaven"/><string name="l1" value="acc"/><string name="l2" value="2"/><int name="x" value="1544"/><int name="y" value="-724"/><int name="z" value="7"/><int name="f" value="0"/><int name="zM" value="26"/><int name="r" value="0"/></imgdir><imgdir name="7"><string name="oS" value="FishingSystemTW"/><string name="l0" value="heaven"/><string name="l1" value="acc"/><string name="l2" value="0"/><int name="x" value="1021"/><int name="y" value="-758"/><int name="z" value="9"/><int name="f" value="0"/><int name="zM" value="28"/><int name="r" value="0"/></imgdir><imgdir name="8"><string name="oS" value="FishingSystemTW"/><string name="l0" value="heaven"/><string name="l1" value="tile"/><string name="l2" value="10"/><int name="x" value="439"/><int name="y" value="-404"/><int name="z" value="9"/><int name="f" value="0"/><int name="zM" value="25"/><int name="r" value="0"/></imgdir><imgdir name="9"><string name="oS" value="FishingSystemTW"/><string name="l0" value="heaven"/><string name="l1" value="acc"/><string name="l2" value="1"/><int name="x" value="-634"/><int name="y" value="-552"/><int name="z" value="9"/><int name="f" value="0"/><int name="zM" value="3"/><int name="r" value="0"/></imgdir><imgdir name="10"><string name="oS" value="FishingSystemTW"/><string name="l0" value="heaven"/><string name="l1" value="tile"/><string name="l2" value="6"/><int name="x" value="-980"/><int name="y" value="-602"/><int name="z" value="9"/><int name="f" value="0"/><int name="zM" value="3"/><int name="r" value="0"/></imgdir><imgdir name="11"><string name="oS" value="FishingSystemTW"/><string name="l0" value="heaven"/><string name="l1" value="tile"/><string name="l2" value="7"/><int name="x" value="146"/><int name="y" value="-729"/><int name="z" value="9"/><int name="f" value="0"/><int name="zM" value="31"/><int name="r" value="0"/></imgdir><imgdir name="12"><string name="oS" value="FishingSystemTW"/><string name="l0" value="heaven"/><string name="l1" value="tile"/><string name="l2" value="5"/><int name="x" value="-863"/><int name="y" value="-756"/><int name="z" value="7"/><int name="f" value="0"/><int name="zM" value="3"/><int name="r" value="0"/></imgdir><imgdir name="13"><string name="oS" value="FishingSystemTW"/><string name="l0" value="heaven"/><string name="l1" value="tile"/><string name="l2" value="4"/><int name="x" value="-351"/><int name="y" value="-693"/><int name="z" value="9"/><int name="f" value="0"/><int name="zM" value="3"/><int name="r" value="0"/></imgdir><imgdir name="14"><string name="oS" value="FishingSystemTW"/><string name="l0" value="heaven"/><string name="l1" value="tile"/><string name="l2" value="3"/><int name="x" value="-290"/><int name="y" value="-556"/><int name="z" value="7"/><int name="f" value="0"/><int name="zM" value="3"/><int name="r" value="0"/></imgdir><imgdir name="17"><string name="oS" value="FishingSystemTW"/><string name="l0" value="heaven"/><string name="l1" value="tile"/><string name="l2" value="8"/><int name="x" value="538"/><int name="y" value="-610"/><int name="z" value="9"/><int name="f" value="0"/><int name="zM" value="25"/><int name="r" value="0"/></imgdir><imgdir name="16"><string name="oS" value="FishingSystemTW"/><string name="l0" value="heaven"/><string name="l1" value="tile"/><string name="l2" value="6"/><int name="x" value="799"/><int name="y" value="-336"/><int name="z" value="7"/><int name="f" value="0"/><int name="zM" value="25"/><int name="r" value="0"/></imgdir><imgdir name="18"><string name="oS" value="FishingSystemTW"/><string name="l0" value="heaven"/><string name="l1" value="tile"/><string name="l2" value="9"/><int name="x" value="1300"/><int name="y" value="-428"/><int name="z" value="11"/><int name="f" value="0"/><int name="zM" value="26"/><int name="r" value="0"/></imgdir><imgdir name="19"><string name="oS" value="FishingSystemTW"/><string name="l0" value="heaven"/><string name="l1" value="rope"/><string name="l2" value="0"/><int name="x" value="1517"/><int name="y" value="-556"/><int name="z" value="9"/><int name="f" value="1"/><int name="zM" value="26"/><int name="r" value="0"/></imgdir><imgdir name="20"><string name="oS" value="FishingSystemTW"/><string name="l0" value="heaven"/><string name="l1" value="rope"/><string name="l2" value="0"/><int name="x" value="-894"/><int name="y" value="-728"/><int name="z" value="9"/><int name="f" value="0"/><int name="zM" value="3"/><int name="r" value="0"/></imgdir><imgdir name="21"><string name="oS" value="FishingSystemTW"/><string name="l0" value="heaven"/><string name="l1" value="rope"/><string name="l2" value="0"/><int name="x" value="1105"/><int name="y" value="-567"/><int name="z" value="9"/><int name="f" value="0"/><int name="zM" value="26"/><int name="r" value="0"/></imgdir><imgdir name="23"><string name="oS" value="FishingSystemTW"/><string name="l0" value="heaven"/><string name="l1" value="tile"/><string name="l2" value="2"/><int name="x" value="987"/><int name="y" value="-429"/><int name="z" value="9"/><int name="f" value="0"/><int name="zM" value="27"/><int name="r" value="0"/></imgdir><imgdir name="22"><string name="oS" value="FishingSystemTW"/><string name="l0" value="heaven"/><string name="l1" value="tile"/><string name="l2" value="1"/><int name="x" value="910"/><int name="y" value="-399"/><int name="z" value="9"/><int name="f" value="0"/><int name="zM" value="25"/><int name="r" value="0"/></imgdir><imgdir name="24"><string name="oS" value="FishingSystemTW"/><string name="l0" value="heaven"/><string name="l1" value="tile"/><string name="l2" value="5"/><int name="x" value="-366"/><int name="y" value="-509"/><int name="z" value="9"/><int name="f" value="0"/><int name="zM" value="3"/><int name="r" value="0"/></imgdir><imgdir name="25"><string name="oS" value="FishingSystemTW"/><string name="l0" value="heaven"/><string name="l1" value="rope"/><string name="l2" value="0"/><int name="x" value="-275"/><int name="y" value="-661"/><int name="z" value="9"/><int name="f" value="0"/><int name="zM" value="3"/><int name="r" value="0"/></imgdir><imgdir name="15"><string name="oS" value="FishingSystemTW"/><string name="l0" value="heaven"/><string name="l1" value="tile"/><string name="l2" value="6"/><int name="x" value="-179"/><int name="y" value="-690"/><int name="z" value="8"/><int name="f" value="0"/><int name="zM" value="3"/><int name="r" value="0"/></imgdir><imgdir name="26"><string name="oS" value="FishingSystemTW"/><string name="l0" value="heaven"/><string name="l1" value="tile"/><string name="l2" value="2"/><int name="x" value="-419"/><int name="y" value="-425"/><int name="z" value="9"/><int name="f" value="0"/><int name="zM" value="3"/><int name="r" value="0"/></imgdir><imgdir name="27"><string name="oS" value="FishingSystemTW"/><string name="l0" value="heaven"/><string name="l1" value="tile"/><string name="l2" value="1"/><int name="x" value="-457"/><int name="y" value="-475"/><int name="z" value="9"/><int name="f" value="0"/><int name="zM" value="3"/><int name="r" value="0"/></imgdir><imgdir name="28"><string name="oS" value="FishingSystemTW"/><string name="l0" value="heaven"/><string name="l1" value="tile"/><string name="l2" value="2"/><int name="x" value="-833"/><int name="y" value="-427"/><int name="z" value="9"/><int name="f" value="0"/><int name="zM" value="3"/><int name="r" value="0"/></imgdir><imgdir name="29"><string name="oS" value="FishingSystemTW"/><string name="l0" value="heaven"/><string name="l1" value="tile"/><string name="l2" value="4"/><int name="x" value="-817"/><int name="y" value="-559"/><int name="z" value="9"/><int name="f" value="0"/><int name="zM" value="3"/><int name="r" value="0"/></imgdir><imgdir name="30"><string name="oS" value="FishingSystemTW"/><string name="l0" value="heaven"/><string name="l1" value="rope"/><string name="l2" value="0"/><int name="x" value="-833"/><int name="y" value="-527"/><int name="z" value="9"/><int name="f" value="0"/><int name="zM" value="3"/><int name="r" value="0"/></imgdir><imgdir name="31"><string name="oS" value="FishingSystemTW"/><string name="l0" value="heaven"/><string name="l1" value="tile"/><string name="l2" value="6"/><int name="x" value="1668"/><int name="y" value="-531"/><int name="z" value="7"/><int name="f" value="0"/><int name="zM" value="26"/><int name="r" value="0"/><int name="move" value="0"/><int name="dynamic" value="0"/><int name="piece" value="31"/></imgdir><imgdir name="32"><string name="oS" value="FishingSystemTW"/><string name="l0" value="heaven"/><string name="l1" value="tile"/><string name="l2" value="2"/><int name="x" value="-1112"/><int name="y" value="-604"/><int name="z" value="9"/><int name="f" value="0"/><int name="zM" value="0"/><int name="r" value="0"/><int name="move" value="0"/><int name="dynamic" value="0"/><int name="piece" value="32"/></imgdir></imgdir></imgdir><imgdir name="5"><imgdir name="info"></imgdir><imgdir name="tile"></imgdir><imgdir name="obj"><imgdir name="0"><string name="oS" value="FishingSystemTW"/><string name="l0" value="heaven"/><string name="l1" value="acc"/><string name="l2" value="3"/><int name="x" value="-130"/><int name="y" value="-150"/><int name="z" value="9"/><int name="f" value="0"/><int name="zM" value="1"/><int name="r" value="0"/></imgdir><imgdir name="1"><string name="oS" value="FishingSystemTW"/><string name="l0" value="heaven"/><string name="l1" value="back"/><string name="l2" value="13"/><int name="x" value="1522"/><int name="y" value="137"/><int name="z" value="9"/><int name="f" value="0"/><int name="zM" value="2"/><int name="r" value="0"/></imgdir><imgdir name="2"><string name="oS" value="FishingSystemTW"/><string name="l0" value="heaven"/><string name="l1" value="back"/><string name="l2" value="0"/><int name="x" value="1304"/><int name="y" value="309"/><int name="z" value="6"/><int name="f" value="0"/><int name="zM" value="2"/><int name="r" value="0"/></imgdir><imgdir name="3"><string name="oS" value="FishingSystemTW"/><string name="l0" value="heaven"/><string name="l1" value="back"/><string name="l2" value="0"/><int name="x" value="257"/><int name="y" value="309"/><int name="z" value="7"/><int name="f" value="0"/><int name="zM" value="1"/><int name="r" value="0"/></imgdir><imgdir name="4"><string name="oS" value="FishingSystemTW"/><string name="l0" value="heaven"/><string name="l1" value="back"/><string name="l2" value="0"/><int name="x" value="-552"/><int name="y" value="302"/><int name="z" value="7"/><int name="f" value="0"/><int name="zM" value="1"/><int name="r" value="0"/></imgdir><imgdir name="5"><string name="oS" value="FishingSystemTW"/><string name="l0" value="heaven"/><string name="l1" value="tile"/><string name="l2" value="0"/><int name="x" value="575"/><int name="y" value="255"/><int name="z" value="9"/><int name="f" value="0"/><int name="zM" value="1"/><int name="r" value="0"/></imgdir><imgdir name="6"><string name="oS" value="FishingSystemTW"/><string name="l0" value="heaven"/><string name="l1" value="rope"/><string name="l2" value="0"/><int name="x" value="622"/><int name="y" value="227"/><int name="z" value="9"/><int name="f" value="0"/><int name="zM" value="1"/><int name="r" value="0"/></imgdir><imgdir name="7"><string name="oS" value="signboard"/><string name="l0" value="market"/><string name="l1" value="arrow"/><string name="l2" value="3"/><int name="x" value="239"/><int name="y" value="-421"/><int name="z" value="9"/><int name="f" value="0"/><int name="zM" value="1"/><int name="r" value="0"/></imgdir><imgdir name="8"><string name="oS" value="signboard"/><string name="l0" value="market"/><string name="l1" value="arrow"/><string name="l2" value="7"/><int name="x" value="-1008"/><int name="y" value="-628"/><int name="z" value="9"/><int name="f" value="0"/><int name="zM" value="32"/><int name="r" value="0"/></imgdir></imgdir></imgdir><imgdir name="6"><imgdir name="info"></imgdir><imgdir name="tile"></imgdir><imgdir name="obj"><imgdir name="0"><string name="oS" value="FishingSystemTW"/><string name="l0" value="heaven"/><string name="l1" value="acc"/><string name="l2" value="5"/><int name="x" value="385"/><int name="y" value="337"/><int name="z" value="8"/><int name="f" value="0"/><int name="zM" value="0"/><int name="r" value="0"/></imgdir><imgdir name="1"><string name="oS" value="FishingSystemTW"/><string name="l0" value="heaven"/><string name="l1" value="acc"/><string name="l2" value="5"/><int name="x" value="-610"/><int name="y" value="337"/><int name="z" value="7"/><int name="f" value="0"/><int name="zM" value="0"/><int name="r" value="0"/></imgdir><imgdir name="2"><string name="oS" value="FishingSystemTW"/><string name="l0" value="heaven"/><string name="l1" value="acc"/><string name="l2" value="5"/><int name="x" value="1359"/><int name="y" value="337"/><int name="z" value="9"/><int name="f" value="0"/><int name="zM" value="0"/><int name="r" value="0"/></imgdir></imgdir></imgdir><imgdir name="7"><imgdir name="info"></imgdir><imgdir name="tile"></imgdir><imgdir name="obj"></imgdir></imgdir><imgdir name="foothold"><imgdir name="4"><imgdir name="3"><imgdir name="1"><int name="x1" value="-148"/><int name="y1" value="-359"/><int name="x2" value="-148"/><int name="y2" value="-294"/><int name="prev" value="0"/><int name="next" value="2"/><int name="piece" value="0"/></imgdir><imgdir name="2"><int name="x1" value="-148"/><int name="y1" value="-294"/><int name="x2" value="-82"/><int name="y2" value="-294"/><int name="prev" value="1"/><int name="next" value="3"/><int name="piece" value="0"/></imgdir><imgdir name="3"><int name="x1" value="-82"/><int name="y1" value="-294"/><int name="x2" value="-82"/><int name="y2" value="-359"/><int name="prev" value="2"/><int name="next" value="0"/><int name="piece" value="0"/></imgdir><imgdir name="17"><int name="x1" value="-771"/><int name="y1" value="-415"/><int name="x2" value="-710"/><int name="y2" value="-411"/><int name="prev" value="0"/><int name="next" value="18"/><int name="piece" value="0"/></imgdir><imgdir name="18"><int name="x1" value="-710"/><int name="y1" value="-411"/><int name="x2" value="-607"/><int name="y2" value="-416"/><int name="prev" value="17"/><int name="next" value="19"/><int name="piece" value="0"/></imgdir><imgdir name="19"><int name="x1" value="-607"/><int name="y1" value="-416"/><int name="x2" value="-490"/><int name="y2" value="-410"/><int name="prev" value="18"/><int name="next" value="0"/><int name="piece" value="0"/></imgdir><imgdir name="20"><int name="x1" value="-1100"/><int name="y1" value="-615"/><int name="x2" value="-872"/><int name="y2" value="-615"/><int name="prev" value="0"/><int name="next" value="0"/><int name="piece" value="0"/></imgdir><imgdir name="22"><int name="x1" value="-923"/><int name="y1" value="-769"/><int name="x2" value="-802"/><int name="y2" value="-769"/><int name="prev" value="0"/><int name="next" value="0"/><int name="piece" value="0"/></imgdir><imgdir name="23"><int name="x1" value="-413"/><int name="y1" value="-703"/><int name="x2" value="-298"/><int name="y2" value="-703"/><int name="prev" value="0"/><int name="next" value="25"/><int name="piece" value="0"/></imgdir><imgdir name="24"><int name="x1" value="-323"/><int name="y1" value="-565"/><int name="x2" value="-253"/><int name="y2" value="-565"/><int name="prev" value="0"/><int name="next" value="0"/><int name="piece" value="0"/></imgdir><imgdir name="25"><int name="x1" value="-298"/><int name="y1" value="-703"/><int name="x2" value="-71"/><int name="y2" value="-703"/><int name="prev" value="23"/><int name="next" value="0"/><int name="piece" value="0"/></imgdir><imgdir name="30"><int name="x1" value="-426"/><int name="y1" value="-522"/><int name="x2" value="-305"/><int name="y2" value="-522"/><int name="prev" value="0"/><int name="next" value="0"/><int name="piece" value="0"/></imgdir><imgdir name="31"><int name="x1" value="-455"/><int name="y1" value="-434"/><int name="x2" value="-380"/><int name="y2" value="-434"/><int name="prev" value="0"/><int name="next" value="0"/><int name="piece" value="0"/></imgdir><imgdir name="32"><int name="x1" value="-475"/><int name="y1" value="-479"/><int name="x2" value="-433"/><int name="y2" value="-479"/><int name="prev" value="0"/><int name="next" value="0"/><int name="piece" value="0"/></imgdir><imgdir name="33"><int name="x1" value="-869"/><int name="y1" value="-436"/><int name="x2" value="-794"/><int name="y2" value="-436"/><int name="prev" value="0"/><int name="next" value="0"/><int name="piece" value="0"/></imgdir><imgdir name="34"><int name="x1" value="-879"/><int name="y1" value="-569"/><int name="x2" value="-764"/><int name="y2" value="-569"/><int name="prev" value="0"/><int name="next" value="0"/><int name="piece" value="0"/></imgdir></imgdir><imgdir name="26"><imgdir name="4"><int name="x1" value="1478"/><int name="y1" value="-584"/><int name="x2" value="1564"/><int name="y2" value="-584"/><int name="prev" value="0"/><int name="next" value="0"/><int name="piece" value="0"/></imgdir><imgdir name="5"><int name="x1" value="1482"/><int name="y1" value="-728"/><int name="x2" value="1561"/><int name="y2" value="-731"/><int name="prev" value="0"/><int name="next" value="0"/><int name="piece" value="0"/></imgdir><imgdir name="27"><int name="x1" value="1058"/><int name="y1" value="-452"/><int name="x2" value="1541"/><int name="y2" value="-452"/><int name="prev" value="0"/><int name="next" value="0"/><int name="piece" value="0"/></imgdir><imgdir name="35"><int name="x1" value="1548"/><int name="y1" value="-544"/><int name="x2" value="1776"/><int name="y2" value="-544"/><int name="prev" value="0"/><int name="next" value="0"/><int name="piece" value="31"/></imgdir></imgdir><imgdir name="28"><imgdir name="6"><int name="x1" value="900"/><int name="y1" value="-672"/><int name="x2" value="966"/><int name="y2" value="-675"/><int name="prev" value="0"/><int name="next" value="7"/><int name="piece" value="0"/></imgdir><imgdir name="7"><int name="x1" value="966"/><int name="y1" value="-675"/><int name="x2" value="1082"/><int name="y2" value="-674"/><int name="prev" value="6"/><int name="next" value="0"/><int name="piece" value="0"/></imgdir><imgdir name="8"><int name="x1" value="821"/><int name="y1" value="-616"/><int name="x2" value="886"/><int name="y2" value="-609"/><int name="prev" value="0"/><int name="next" value="9"/><int name="piece" value="0"/></imgdir><imgdir name="9"><int name="x1" value="886"/><int name="y1" value="-609"/><int name="x2" value="980"/><int name="y2" value="-615"/><int name="prev" value="8"/><int name="next" value="10"/><int name="piece" value="0"/></imgdir><imgdir name="10"><int name="x1" value="980"/><int name="y1" value="-615"/><int name="x2" value="1093"/><int name="y2" value="-609"/><int name="prev" value="9"/><int name="next" value="11"/><int name="piece" value="0"/></imgdir><imgdir name="11"><int name="x1" value="1093"/><int name="y1" value="-609"/><int name="x2" value="1224"/><int name="y2" value="-628"/><int name="prev" value="10"/><int name="next" value="0"/><int name="piece" value="0"/></imgdir></imgdir><imgdir name="25"><imgdir name="12"><int name="x1" value="187"/><int name="y1" value="-412"/><int name="x2" value="283"/><int name="y2" value="-412"/><int name="prev" value="0"/><int name="next" value="13"/><int name="piece" value="0"/></imgdir><imgdir name="13"><int name="x1" value="283"/><int name="y1" value="-412"/><int name="x2" value="346"/><int name="y2" value="-434"/><int name="prev" value="12"/><int name="next" value="14"/><int name="piece" value="0"/></imgdir><imgdir name="14"><int name="x1" value="346"/><int name="y1" value="-434"/><int name="x2" value="439"/><int name="y2" value="-434"/><int name="prev" value="13"/><int name="next" value="15"/><int name="piece" value="0"/></imgdir><imgdir name="15"><int name="x1" value="439"/><int name="y1" value="-434"/><int name="x2" value="530"/><int name="y2" value="-390"/><int name="prev" value="14"/><int name="next" value="16"/><int name="piece" value="0"/></imgdir><imgdir name="16"><int name="x1" value="530"/><int name="y1" value="-390"/><int name="x2" value="681"/><int name="y2" value="-390"/><int name="prev" value="15"/><int name="next" value="0"/><int name="piece" value="0"/></imgdir><imgdir name="26"><int name="x1" value="679"/><int name="y1" value="-349"/><int name="x2" value="907"/><int name="y2" value="-349"/><int name="prev" value="0"/><int name="next" value="0"/><int name="piece" value="0"/></imgdir><imgdir name="28"><int name="x1" value="892"/><int name="y1" value="-403"/><int name="x2" value="934"/><int name="y2" value="-403"/><int name="prev" value="0"/><int name="next" value="0"/><int name="piece" value="0"/></imgdir></imgdir><imgdir name="31"><imgdir name="21"><int name="x1" value="77"/><int name="y1" value="-761"/><int name="x2" value="209"/><int name="y2" value="-761"/><int name="prev" value="0"/><int name="next" value="0"/><int name="piece" value="0"/></imgdir></imgdir><imgdir name="27"><imgdir name="29"><int name="x1" value="951"/><int name="y1" value="-438"/><int name="x2" value="1026"/><int name="y2" value="-438"/><int name="prev" value="0"/><int name="next" value="0"/><int name="piece" value="0"/></imgdir></imgdir></imgdir><imgdir name="5"><imgdir name="1"><imgdir name="36"><int name="x1" value="-127"/><int name="y1" value="228"/><int name="x2" value="-55"/><int name="y2" value="228"/><int name="prev" value="0"/><int name="next" value="37"/><int name="piece" value="0"/></imgdir><imgdir name="37"><int name="x1" value="-55"/><int name="y1" value="228"/><int name="x2" value="-55"/><int name="y2" value="262"/><int name="prev" value="36"/><int name="next" value="38"/><int name="piece" value="0"/></imgdir><imgdir name="38"><int name="x1" value="-55"/><int name="y1" value="262"/><int name="x2" value="-16"/><int name="y2" value="262"/><int name="prev" value="37"/><int name="next" value="39"/><int name="piece" value="0"/></imgdir><imgdir name="39"><int name="x1" value="-16"/><int name="y1" value="262"/><int name="x2" value="-16"/><int name="y2" value="295"/><int name="prev" value="38"/><int name="next" value="40"/><int name="piece" value="0"/></imgdir><imgdir name="40"><int name="x1" value="-16"/><int name="y1" value="295"/><int name="x2" value="33"/><int name="y2" value="295"/><int name="prev" value="39"/><int name="next" value="0"/><int name="piece" value="0"/></imgdir><imgdir name="41"><int name="x1" value="497"/><int name="y1" value="186"/><int name="x2" value="654"/><int name="y2" value="186"/><int name="prev" value="0"/><int name="next" value="0"/><int name="piece" value="0"/></imgdir></imgdir></imgdir><imgdir name="6"><imgdir name="0"><imgdir name="42"><int name="x1" value="-27"/><int name="y1" value="349"/><int name="x2" value="117"/><int name="y2" value="334"/><int name="prev" value="57"/><int name="next" value="43"/><int name="piece" value="0"/></imgdir><imgdir name="43"><int name="x1" value="117"/><int name="y1" value="334"/><int name="x2" value="251"/><int name="y2" value="355"/><int name="prev" value="42"/><int name="next" value="44"/><int name="piece" value="0"/></imgdir><imgdir name="44"><int name="x1" value="251"/><int name="y1" value="355"/><int name="x2" value="383"/><int name="y2" value="350"/><int name="prev" value="43"/><int name="next" value="45"/><int name="piece" value="0"/></imgdir><imgdir name="45"><int name="x1" value="383"/><int name="y1" value="350"/><int name="x2" value="451"/><int name="y2" value="368"/><int name="prev" value="44"/><int name="next" value="46"/><int name="piece" value="0"/></imgdir><imgdir name="46"><int name="x1" value="451"/><int name="y1" value="368"/><int name="x2" value="543"/><int name="y2" value="338"/><int name="prev" value="45"/><int name="next" value="47"/><int name="piece" value="0"/></imgdir><imgdir name="47"><int name="x1" value="543"/><int name="y1" value="338"/><int name="x2" value="718"/><int name="y2" value="322"/><int name="prev" value="46"/><int name="next" value="48"/><int name="piece" value="0"/></imgdir><imgdir name="48"><int name="x1" value="718"/><int name="y1" value="322"/><int name="x2" value="886"/><int name="y2" value="352"/><int name="prev" value="47"/><int name="next" value="58"/><int name="piece" value="0"/></imgdir><imgdir name="49"><int name="x1" value="-1100"/><int name="y1" value="353"/><int name="x2" value="-1022"/><int name="y2" value="349"/><int name="prev" value="0"/><int name="next" value="50"/><int name="piece" value="0"/></imgdir><imgdir name="50"><int name="x1" value="-1022"/><int name="y1" value="349"/><int name="x2" value="-878"/><int name="y2" value="334"/><int name="prev" value="49"/><int name="next" value="51"/><int name="piece" value="0"/></imgdir><imgdir name="51"><int name="x1" value="-878"/><int name="y1" value="334"/><int name="x2" value="-744"/><int name="y2" value="355"/><int name="prev" value="50"/><int name="next" value="52"/><int name="piece" value="0"/></imgdir><imgdir name="52"><int name="x1" value="-744"/><int name="y1" value="355"/><int name="x2" value="-612"/><int name="y2" value="350"/><int name="prev" value="51"/><int name="next" value="53"/><int name="piece" value="0"/></imgdir><imgdir name="53"><int name="x1" value="-612"/><int name="y1" value="350"/><int name="x2" value="-544"/><int name="y2" value="368"/><int name="prev" value="52"/><int name="next" value="54"/><int name="piece" value="0"/></imgdir><imgdir name="54"><int name="x1" value="-544"/><int name="y1" value="368"/><int name="x2" value="-452"/><int name="y2" value="338"/><int name="prev" value="53"/><int name="next" value="55"/><int name="piece" value="0"/></imgdir><imgdir name="55"><int name="x1" value="-452"/><int name="y1" value="338"/><int name="x2" value="-277"/><int name="y2" value="322"/><int name="prev" value="54"/><int name="next" value="56"/><int name="piece" value="0"/></imgdir><imgdir name="56"><int name="x1" value="-277"/><int name="y1" value="322"/><int name="x2" value="-104"/><int name="y2" value="353"/><int name="prev" value="55"/><int name="next" value="57"/><int name="piece" value="0"/></imgdir><imgdir name="57"><int name="x1" value="-104"/><int name="y1" value="353"/><int name="x2" value="-27"/><int name="y2" value="349"/><int name="prev" value="56"/><int name="next" value="42"/><int name="piece" value="0"/></imgdir><imgdir name="58"><int name="x1" value="886"/><int name="y1" value="352"/><int name="x2" value="947"/><int name="y2" value="349"/><int name="prev" value="48"/><int name="next" value="59"/><int name="piece" value="0"/></imgdir><imgdir name="59"><int name="x1" value="947"/><int name="y1" value="349"/><int name="x2" value="1091"/><int name="y2" value="334"/><int name="prev" value="58"/><int name="next" value="60"/><int name="piece" value="0"/></imgdir><imgdir name="60"><int name="x1" value="1091"/><int name="y1" value="334"/><int name="x2" value="1225"/><int name="y2" value="355"/><int name="prev" value="59"/><int name="next" value="61"/><int name="piece" value="0"/></imgdir><imgdir name="61"><int name="x1" value="1225"/><int name="y1" value="355"/><int name="x2" value="1357"/><int name="y2" value="350"/><int name="prev" value="60"/><int name="next" value="62"/><int name="piece" value="0"/></imgdir><imgdir name="62"><int name="x1" value="1357"/><int name="y1" value="350"/><int name="x2" value="1425"/><int name="y2" value="368"/><int name="prev" value="61"/><int name="next" value="63"/><int name="piece" value="0"/></imgdir><imgdir name="63"><int name="x1" value="1425"/><int name="y1" value="368"/><int name="x2" value="1517"/><int name="y2" value="338"/><int name="prev" value="62"/><int name="next" value="64"/><int name="piece" value="0"/></imgdir><imgdir name="64"><int name="x1" value="1517"/><int name="y1" value="338"/><int name="x2" value="1692"/><int name="y2" value="322"/><int name="prev" value="63"/><int name="next" value="65"/><int name="piece" value="0"/></imgdir><imgdir name="65"><int name="x1" value="1692"/><int name="y1" value="322"/><int name="x2" value="1865"/><int name="y2" value="353"/><int name="prev" value="64"/><int name="next" value="0"/><int name="piece" value="0"/></imgdir></imgdir></imgdir></imgdir><imgdir name="ladderRope"><imgdir name="1"><int name="l" value="0"/><int name="uf" value="1"/><int name="x" value="1518"/><int name="y1" value="-582"/><int name="y2" value="-486"/><int name="page" value="4"/></imgdir><imgdir name="2"><int name="l" value="0"/><int name="uf" value="1"/><int name="x" value="-895"/><int name="y1" value="-767"/><int name="y2" value="-658"/><int name="page" value="4"/></imgdir><imgdir name="3"><int name="l" value="0"/><int name="uf" value="1"/><int name="x" value="1104"/><int name="y1" value="-608"/><int name="y2" value="-497"/><int name="page" value="4"/></imgdir><imgdir name="4"><int name="l" value="0"/><int name="uf" value="1"/><int name="x" value="-276"/><int name="y1" value="-701"/><int name="y2" value="-591"/><int name="page" value="4"/></imgdir><imgdir name="5"><int name="l" value="0"/><int name="uf" value="1"/><int name="x" value="-834"/><int name="y1" value="-567"/><int name="y2" value="-457"/><int name="page" value="4"/></imgdir><imgdir name="6"><int name="l" value="0"/><int name="uf" value="1"/><int name="x" value="621"/><int name="y1" value="188"/><int name="y2" value="297"/><int name="page" value="5"/></imgdir></imgdir><imgdir name="miniMap"><canvas name="canvas" width="195" height="106"></canvas><int name="width" value="3121"/><int name="height" value="1702"/><int name="centerX" value="1207"/><int name="centerY" value="1236"/><int name="mag" value="4"/></imgdir><imgdir name="portal"><imgdir name="0"><string name="pn" value="sp"/><int name="pt" value="0"/><int name="x" value="546"/><int name="y" value="90"/><int name="tm" value="999999999"/><string name="tn" value=""/></imgdir><imgdir name="1"><string name="pn" value="move00"/><int name="pt" value="1"/><int name="x" value="-90"/><int name="y" value="226"/><int name="tm" value="749050501"/><string name="tn" value="move01"/><string name="script" value=""/><int name="hideTooltip" value="0"/><int name="onlyOnce" value="0"/><int name="delay" value="0"/></imgdir><imgdir name="2"><string name="pn" value="move01"/><int name="pt" value="1"/><int name="x" value="1010"/><int name="y" value="-676"/><int name="tm" value="749050501"/><string name="tn" value="move00"/><string name="script" value=""/><int name="hideTooltip" value="0"/><int name="onlyOnce" value="0"/><int name="delay" value="0"/></imgdir><imgdir name="3"><string name="pn" value="move07"/><int name="pt" value="1"/><int name="x" value="-1016"/><int name="y" value="-618"/><int name="tm" value="749050501"/><string name="tn" value="move06"/><string name="script" value=""/><int name="hideTooltip" value="0"/><int name="onlyOnce" value="0"/><int name="delay" value="0"/></imgdir><imgdir name="4"><string name="pn" value="move02"/><int name="pt" value="1"/><int name="x" value="1540"/><int name="y" value="-600"/><int name="tm" value="749050501"/><string name="tn" value="move03"/><string name="script" value=""/><int name="hideTooltip" value="0"/><int name="onlyOnce" value="0"/><int name="delay" value="0"/></imgdir><imgdir name="5"><string name="pn" value="move03"/><int name="pt" value="1"/><int name="x" value="1543"/><int name="y" value="-745"/><int name="tm" value="749050501"/><string name="tn" value="move02"/><string name="script" value=""/><int name="hideTooltip" value="0"/><int name="onlyOnce" value="0"/><int name="delay" value="0"/></imgdir><imgdir name="6"><string name="pn" value="move04"/><int name="pt" value="1"/><int name="x" value="241"/><int name="y" value="-415"/><int name="tm" value="749050501"/><string name="tn" value="move05"/><string name="script" value=""/><int name="hideTooltip" value="0"/><int name="onlyOnce" value="0"/><int name="delay" value="0"/></imgdir><imgdir name="7"><string name="pn" value="move05"/><int name="pt" value="1"/><int name="x" value="-601"/><int name="y" value="-418"/><int name="tm" value="749050501"/><string name="tn" value="move04"/><string name="script" value=""/><int name="hideTooltip" value="0"/><int name="onlyOnce" value="0"/><int name="delay" value="0"/></imgdir><imgdir name="8"><string name="pn" value="move06"/><int name="pt" value="1"/><int name="x" value="-114"/><int name="y" value="-295"/><int name="tm" value="749050501"/><string name="tn" value="move07"/><string name="script" value=""/><int name="hideTooltip" value="0"/><int name="onlyOnce" value="0"/><int name="delay" value="0"/></imgdir><imgdir name="9"><string name="pn" value="outFishing"/><int name="pt" value="7"/><int name="x" value="547"/><int name="y" value="184"/><int name="tm" value="999999999"/><string name="tn" value=""/><string name="script" value="leaveFish"/></imgdir></imgdir><imgdir name="noSkill"><imgdir name="class"><int name="0" value="1"/><int name="1" value="2"/><int name="2" value="3"/><int name="3" value="4"/></imgdir></imgdir><imgdir name="user"><imgdir name="0"><imgdir name="cond"><int name="jobCategory" value="5"/></imgdir><imgdir name="stat"><int name="speed" value="140"/><int name="jump" value="120"/></imgdir></imgdir><imgdir name="1"><imgdir name="cond"><int name="jobCategory" value="1"/></imgdir><imgdir name="stat"><int name="speed" value="140"/><int name="jump" value="120"/></imgdir></imgdir><imgdir name="2"><imgdir name="cond"><int name="jobCategory" value="2"/></imgdir><imgdir name="stat"><int name="speed" value="140"/><int name="jump" value="120"/></imgdir></imgdir><imgdir name="3"><imgdir name="cond"><int name="jobCategory" value="3"/></imgdir><imgdir name="stat"><int name="speed" value="140"/><int name="jump" value="120"/></imgdir></imgdir><imgdir name="4"><imgdir name="cond"><int name="jobCategory" value="4"/></imgdir><imgdir name="stat"><int name="speed" value="140"/><int name="jump" value="120"/></imgdir></imgdir></imgdir></imgdir>