<?xml version="1.0" encoding="UTF-8" standalone="yes"?><imgdir name="749040004.img"><imgdir name="info"><int name="version" value="10"/><int name="cloud" value="0"/><int name="town" value="0"/><int name="returnMap" value="749040007"/><int name="forcedReturn" value="749040007"/><float name="mobRate" value="1.0"/><string name="mapMark" value="None"/><int name="hideMinimap" value="0"/><string name="bgm" value="BgmCN/PvP"/><int name="fieldLimit" value="393310"/><int name="VRTop" value="-1040"/><int name="VRLeft" value="-1910"/><int name="VRBottom" value="110"/><int name="VRRight" value="1730"/><int name="swim" value="0"/><int name="fly" value="0"/><string name="onFirstUserEnter" value=""/><string name="onUserEnter" value=""/><string name="link" value="749040001"/></imgdir></imgdir>