<?xml version="1.0" encoding="UTF-8" standalone="yes"?><imgdir name="749040001.img"><imgdir name="info"><int name="version" value="10"/><int name="cloud" value="0"/><int name="town" value="0"/><int name="returnMap" value="749040007"/><int name="forcedReturn" value="749040007"/><float name="mobRate" value="1.0"/><string name="mapMark" value="None"/><int name="hideMinimap" value="0"/><string name="bgm" value="BgmCN/PvP"/><int name="fieldLimit" value="393310"/><int name="VRTop" value="-1040"/><int name="VRLeft" value="-1910"/><int name="VRBottom" value="110"/><int name="VRRight" value="1730"/><int name="swim" value="0"/><int name="fly" value="0"/><string name="onFirstUserEnter" value=""/><string name="onUserEnter" value=""/></imgdir><imgdir name="back"><imgdir name="0"><string name="bS" value="ShanghaiCN"/><int name="front" value="0"/><int name="ani" value="0"/><int name="no" value="0"/><int name="f" value="0"/><int name="x" value="-44"/><int name="y" value="16"/><int name="rx" value="0"/><int name="ry" value="0"/><int name="type" value="3"/><int name="cx" value="0"/><int name="cy" value="0"/><int name="a" value="255"/></imgdir><imgdir name="2"><string name="bS" value="ShanghaiCN"/><int name="front" value="0"/><int name="ani" value="0"/><int name="no" value="2"/><int name="f" value="0"/><int name="x" value="204"/><int name="y" value="-40"/><int name="rx" value="-3"/><int name="ry" value="-15"/><int name="type" value="4"/><int name="cx" value="1000"/><int name="cy" value="0"/><int name="a" value="255"/></imgdir><imgdir name="3"><string name="bS" value="ShanghaiCN"/><int name="front" value="0"/><int name="ani" value="0"/><int name="no" value="3"/><int name="f" value="0"/><int name="x" value="-131"/><int name="y" value="-78"/><int name="rx" value="-1"/><int name="ry" value="-10"/><int name="type" value="4"/><int name="cx" value="1000"/><int name="cy" value="0"/><int name="a" value="255"/></imgdir><imgdir name="4"><string name="bS" value="ShanghaiCN"/><int name="front" value="0"/><int name="ani" value="0"/><int name="no" value="4"/><int name="f" value="0"/><int name="x" value="340"/><int name="y" value="-111"/><int name="rx" value="-1"/><int name="ry" value="-15"/><int name="type" value="4"/><int name="cx" value="1000"/><int name="cy" value="0"/><int name="a" value="255"/></imgdir><imgdir name="5"><string name="bS" value="ShanghaiCN"/><int name="front" value="0"/><int name="ani" value="0"/><int name="no" value="5"/><int name="f" value="0"/><int name="x" value="-917"/><int name="y" value="-30"/><int name="rx" value="-1"/><int name="ry" value="-15"/><int name="type" value="4"/><int name="cx" value="1000"/><int name="cy" value="0"/><int name="a" value="255"/></imgdir><imgdir name="6"><string name="bS" value="ShanghaiCN"/><int name="front" value="0"/><int name="ani" value="0"/><int name="no" value="6"/><int name="f" value="0"/><int name="x" value="-237"/><int name="y" value="-224"/><int name="rx" value="-1"/><int name="ry" value="-15"/><int name="type" value="4"/><int name="cx" value="1000"/><int name="cy" value="0"/><int name="a" value="255"/></imgdir><imgdir name="7"><string name="bS" value="ShanghaiCN"/><int name="front" value="0"/><int name="ani" value="0"/><int name="no" value="7"/><int name="f" value="0"/><int name="x" value="-66"/><int name="y" value="-97"/><int name="rx" value="-1"/><int name="ry" value="-15"/><int name="type" value="4"/><int name="cx" value="1000"/><int name="cy" value="0"/><int name="a" value="255"/></imgdir><imgdir name="8"><string name="bS" value="ShanghaiCN"/><int name="front" value="0"/><int name="ani" value="0"/><int name="no" value="8"/><int name="f" value="0"/><int name="x" value="397"/><int name="y" value="-318"/><int name="rx" value="-1"/><int name="ry" value="-15"/><int name="type" value="4"/><int name="cx" value="3000"/><int name="cy" value="0"/><int name="a" value="255"/></imgdir><imgdir name="9"><string name="bS" value="ShanghaiCN"/><int name="front" value="0"/><int name="ani" value="0"/><int name="no" value="9"/><int name="f" value="0"/><int name="x" value="209"/><int name="y" value="-225"/><int name="rx" value="-1"/><int name="ry" value="-15"/><int name="type" value="4"/><int name="cx" value="1000"/><int name="cy" value="0"/><int name="a" value="255"/></imgdir><imgdir name="10"><string name="bS" value="ShanghaiCN"/><int name="front" value="0"/><int name="ani" value="0"/><int name="no" value="10"/><int name="f" value="0"/><int name="x" value="-17"/><int name="y" value="-365"/><int name="rx" value="-1"/><int name="ry" value="-15"/><int name="type" value="4"/><int name="cx" value="1000"/><int name="cy" value="0"/><int name="a" value="255"/></imgdir><imgdir name="1"><string name="bS" value="ShanghaiCN"/><int name="front" value="0"/><int name="ani" value="0"/><int name="no" value="1"/><int name="f" value="0"/><int name="x" value="0"/><int name="y" value="-87"/><int name="rx" value="0"/><int name="ry" value="0"/><int name="type" value="1"/><int name="cx" value="0"/><int name="cy" value="0"/><int name="a" value="255"/></imgdir><imgdir name="11"><string name="bS" value="eventTW"/><int name="front" value="1"/><int name="ani" value="0"/><int name="no" value="1"/><int name="f" value="0"/><int name="x" value="-3"/><int name="y" value="28"/><int name="rx" value="-10"/><int name="ry" value="-90"/><int name="type" value="4"/><int name="cx" value="1000"/><int name="cy" value="0"/><int name="a" value="255"/></imgdir><imgdir name="12"><string name="bS" value="eventTW"/><int name="front" value="1"/><int name="ani" value="0"/><int name="no" value="2"/><int name="f" value="0"/><int name="x" value="-234"/><int name="y" value="22"/><int name="rx" value="-10"/><int name="ry" value="-90"/><int name="type" value="4"/><int name="cx" value="1000"/><int name="cy" value="0"/><int name="a" value="255"/></imgdir><imgdir name="13"><string name="bS" value="eventTW"/><int name="front" value="1"/><int name="ani" value="0"/><int name="no" value="3"/><int name="f" value="0"/><int name="x" value="-170"/><int name="y" value="79"/><int name="rx" value="-10"/><int name="ry" value="-80"/><int name="type" value="4"/><int name="cx" value="900"/><int name="cy" value="0"/><int name="a" value="255"/></imgdir></imgdir><imgdir name="life"><imgdir name="0"><string name="type" value="n"/><string name="id" value="9330085"/><int name="x" value="1365"/><int name="y" value="-26"/><int name="mobTime" value="0"/><int name="f" value="0"/><int name="hide" value="0"/><int name="fh" value="35"/><int name="cy" value="-18"/><int name="rx0" value="1315"/><int name="rx1" value="1415"/></imgdir><imgdir name="1"><string name="type" value="m"/><string name="id" value="9420602"/><int name="x" value="-692"/><int name="y" value="-18"/><int name="mobTime" value="-1"/><int name="f" value="0"/><int name="hide" value="0"/><int name="fh" value="12"/><int name="cy" value="-18"/><int name="rx0" value="-742"/><int name="rx1" value="-642"/></imgdir></imgdir><imgdir name="reactor"></imgdir><imgdir name="0"><imgdir name="info"></imgdir><imgdir name="tile"></imgdir><imgdir name="obj"></imgdir></imgdir><imgdir name="1"><imgdir name="info"><string name="tS" value="blankTower"/><int name="tSMag" value="1"/></imgdir><imgdir name="tile"><imgdir name="1"><int name="x" value="-1890"/><int name="y" value="120"/><string name="u" value="edD"/><int name="no" value="0"/><int name="zM" value="1"/></imgdir><imgdir name="0"><int name="x" value="-1890"/><int name="y" value="60"/><string name="u" value="enV0"/><int name="no" value="0"/><int name="zM" value="1"/></imgdir><imgdir name="2"><int name="x" value="-1890"/><int name="y" value="60"/><string name="u" value="enV1"/><int name="no" value="0"/><int name="zM" value="1"/></imgdir></imgdir><imgdir name="obj"><imgdir name="0"><string name="oS" value="eventTW"/><string name="l0" value="LionMask"/><string name="l1" value="acc"/><string name="l2" value="10"/><int name="x" value="-1904"/><int name="y" value="-135"/><int name="z" value="9"/><int name="f" value="0"/><int name="zM" value="0"/><int name="r" value="0"/></imgdir><imgdir name="1"><string name="oS" value="eventTW"/><string name="l0" value="LionMask"/><string name="l1" value="acc"/><string name="l2" value="2"/><int name="x" value="-1732"/><int name="y" value="-168"/><int name="z" value="9"/><int name="f" value="0"/><int name="zM" value="0"/><int name="r" value="0"/></imgdir><imgdir name="2"><string name="oS" value="eventTW"/><string name="l0" value="LionMask"/><string name="l1" value="acc"/><string name="l2" value="5"/><int name="x" value="-1535"/><int name="y" value="-125"/><int name="z" value="9"/><int name="f" value="0"/><int name="zM" value="0"/><int name="r" value="0"/></imgdir><imgdir name="3"><string name="oS" value="eventTW"/><string name="l0" value="LionMask"/><string name="l1" value="acc"/><string name="l2" value="6"/><int name="x" value="-1403"/><int name="y" value="-125"/><int name="z" value="9"/><int name="f" value="0"/><int name="zM" value="0"/><int name="r" value="0"/></imgdir><imgdir name="4"><string name="oS" value="eventTW"/><string name="l0" value="LionMask"/><string name="l1" value="acc"/><string name="l2" value="7"/><int name="x" value="-1271"/><int name="y" value="-125"/><int name="z" value="9"/><int name="f" value="0"/><int name="zM" value="0"/><int name="r" value="0"/></imgdir><imgdir name="5"><string name="oS" value="eventTW"/><string name="l0" value="LionMask"/><string name="l1" value="acc"/><string name="l2" value="8"/><int name="x" value="-1139"/><int name="y" value="-125"/><int name="z" value="9"/><int name="f" value="0"/><int name="zM" value="0"/><int name="r" value="0"/></imgdir><imgdir name="6"><string name="oS" value="eventTW"/><string name="l0" value="LionMask"/><string name="l1" value="acc"/><string name="l2" value="8"/><int name="x" value="-1007"/><int name="y" value="-125"/><int name="z" value="9"/><int name="f" value="0"/><int name="zM" value="0"/><int name="r" value="0"/></imgdir><imgdir name="7"><string name="oS" value="eventTW"/><string name="l0" value="LionMask"/><string name="l1" value="acc"/><string name="l2" value="9"/><int name="x" value="-875"/><int name="y" value="-125"/><int name="z" value="9"/><int name="f" value="0"/><int name="zM" value="0"/><int name="r" value="0"/></imgdir><imgdir name="8"><string name="oS" value="eventTW"/><string name="l0" value="LionMask"/><string name="l1" value="acc"/><string name="l2" value="7"/><int name="x" value="-743"/><int name="y" value="-125"/><int name="z" value="9"/><int name="f" value="0"/><int name="zM" value="0"/><int name="r" value="0"/></imgdir><imgdir name="9"><string name="oS" value="eventTW"/><string name="l0" value="LionMask"/><string name="l1" value="acc"/><string name="l2" value="4"/><int name="x" value="-611"/><int name="y" value="-125"/><int name="z" value="9"/><int name="f" value="0"/><int name="zM" value="0"/><int name="r" value="0"/></imgdir><imgdir name="10"><string name="oS" value="eventTW"/><string name="l0" value="LionMask"/><string name="l1" value="acc"/><string name="l2" value="5"/><int name="x" value="-479"/><int name="y" value="-125"/><int name="z" value="9"/><int name="f" value="0"/><int name="zM" value="0"/><int name="r" value="0"/></imgdir><imgdir name="11"><string name="oS" value="eventTW"/><string name="l0" value="LionMask"/><string name="l1" value="acc"/><string name="l2" value="6"/><int name="x" value="-347"/><int name="y" value="-125"/><int name="z" value="9"/><int name="f" value="0"/><int name="zM" value="0"/><int name="r" value="0"/></imgdir><imgdir name="12"><string name="oS" value="eventTW"/><string name="l0" value="LionMask"/><string name="l1" value="acc"/><string name="l2" value="8"/><int name="x" value="-215"/><int name="y" value="-125"/><int name="z" value="9"/><int name="f" value="0"/><int name="zM" value="0"/><int name="r" value="0"/></imgdir><imgdir name="13"><string name="oS" value="eventTW"/><string name="l0" value="LionMask"/><string name="l1" value="acc"/><string name="l2" value="9"/><int name="x" value="-83"/><int name="y" value="-125"/><int name="z" value="9"/><int name="f" value="0"/><int name="zM" value="0"/><int name="r" value="0"/></imgdir><imgdir name="14"><string name="oS" value="eventTW"/><string name="l0" value="LionMask"/><string name="l1" value="acc"/><string name="l2" value="7"/><int name="x" value="49"/><int name="y" value="-125"/><int name="z" value="9"/><int name="f" value="0"/><int name="zM" value="0"/><int name="r" value="0"/></imgdir><imgdir name="15"><string name="oS" value="eventTW"/><string name="l0" value="LionMask"/><string name="l1" value="acc"/><string name="l2" value="7"/><int name="x" value="902"/><int name="y" value="-125"/><int name="z" value="9"/><int name="f" value="0"/><int name="zM" value="0"/><int name="r" value="0"/></imgdir><imgdir name="16"><string name="oS" value="eventTW"/><string name="l0" value="LionMask"/><string name="l1" value="acc"/><string name="l2" value="6"/><int name="x" value="1034"/><int name="y" value="-125"/><int name="z" value="9"/><int name="f" value="0"/><int name="zM" value="0"/><int name="r" value="0"/></imgdir><imgdir name="17"><string name="oS" value="eventTW"/><string name="l0" value="LionMask"/><string name="l1" value="acc"/><string name="l2" value="4"/><int name="x" value="1166"/><int name="y" value="-125"/><int name="z" value="9"/><int name="f" value="0"/><int name="zM" value="0"/><int name="r" value="0"/></imgdir><imgdir name="18"><string name="oS" value="eventTW"/><string name="l0" value="LionMask"/><string name="l1" value="acc"/><string name="l2" value="3"/><int name="x" value="1362"/><int name="y" value="-168"/><int name="z" value="9"/><int name="f" value="0"/><int name="zM" value="0"/><int name="r" value="0"/></imgdir><imgdir name="19"><string name="oS" value="eventTW"/><string name="l0" value="LionMask"/><string name="l1" value="acc"/><string name="l2" value="7"/><int name="x" value="1495"/><int name="y" value="-125"/><int name="z" value="7"/><int name="f" value="0"/><int name="zM" value="0"/><int name="r" value="0"/></imgdir><imgdir name="20"><string name="oS" value="eventTW"/><string name="l0" value="LionMask"/><string name="l1" value="acc"/><string name="l2" value="11"/><int name="x" value="1750"/><int name="y" value="-135"/><int name="z" value="9"/><int name="f" value="0"/><int name="zM" value="0"/><int name="r" value="0"/></imgdir><imgdir name="21"><string name="oS" value="eventTW"/><string name="l0" value="LionMask"/><string name="l1" value="acc"/><string name="l2" value="9"/><int name="x" value="1627"/><int name="y" value="-125"/><int name="z" value="8"/><int name="f" value="0"/><int name="zM" value="0"/><int name="r" value="0"/></imgdir></imgdir></imgdir><imgdir name="2"><imgdir name="info"></imgdir><imgdir name="tile"></imgdir><imgdir name="obj"></imgdir></imgdir><imgdir name="3"><imgdir name="info"></imgdir><imgdir name="tile"></imgdir><imgdir name="obj"><imgdir name="0"><string name="oS" value="YuyuanCN"/><string name="l0" value="town"/><string name="l1" value="artificiality"/><string name="l2" value="5"/><int name="x" value="-240"/><int name="y" value="-62"/><int name="z" value="3"/><int name="f" value="0"/><int name="zM" value="2"/></imgdir><imgdir name="1"><string name="oS" value="YuyuanCN"/><string name="l0" value="town"/><string name="l1" value="artificiality"/><string name="l2" value="5"/><int name="x" value="-1314"/><int name="y" value="-62"/><int name="z" value="3"/><int name="f" value="0"/><int name="zM" value="3"/></imgdir><imgdir name="2"><string name="oS" value="eventTW"/><string name="l0" value="LionMask"/><string name="l1" value="house0"/><string name="l2" value="0"/><int name="x" value="461"/><int name="y" value="-342"/><int name="z" value="9"/><int name="f" value="0"/><int name="zM" value="4"/><int name="r" value="0"/></imgdir><imgdir name="3"><string name="oS" value="eventTW"/><string name="l0" value="LionMask"/><string name="l1" value="acc"/><string name="l2" value="1"/><int name="x" value="1591"/><int name="y" value="-115"/><int name="z" value="9"/><int name="f" value="0"/><int name="zM" value="0"/><int name="r" value="0"/></imgdir><imgdir name="4"><string name="oS" value="eventTW"/><string name="l0" value="LionMask"/><string name="l1" value="acc"/><string name="l2" value="0"/><int name="x" value="-1027"/><int name="y" value="-282"/><int name="z" value="9"/><int name="f" value="0"/><int name="zM" value="0"/><int name="r" value="0"/></imgdir></imgdir></imgdir><imgdir name="4"><imgdir name="info"></imgdir><imgdir name="tile"></imgdir><imgdir name="obj"></imgdir></imgdir><imgdir name="5"><imgdir name="info"><string name="tS" value="YuyuanCN"/><int name="tSMag" value="1"/></imgdir><imgdir name="tile"><imgdir name="3"><int name="x" value="-1800"/><int name="y" value="0"/><string name="u" value="enH0"/><int name="no" value="1"/><int name="zM" value="0"/></imgdir><imgdir name="2"><int name="x" value="-1800"/><int name="y" value="0"/><string name="u" value="bsc"/><int name="no" value="0"/><int name="zM" value="0"/></imgdir><imgdir name="10"><int name="x" value="-1710"/><int name="y" value="0"/><string name="u" value="enH0"/><int name="no" value="0"/><int name="zM" value="0"/></imgdir><imgdir name="6"><int name="x" value="-1710"/><int name="y" value="0"/><string name="u" value="bsc"/><int name="no" value="1"/><int name="zM" value="0"/></imgdir><imgdir name="13"><int name="x" value="-1620"/><int name="y" value="0"/><string name="u" value="enH0"/><int name="no" value="0"/><int name="zM" value="0"/></imgdir><imgdir name="8"><int name="x" value="-1620"/><int name="y" value="0"/><string name="u" value="bsc"/><int name="no" value="2"/><int name="zM" value="0"/></imgdir><imgdir name="18"><int name="x" value="-1440"/><int name="y" value="0"/><string name="u" value="enH0"/><int name="no" value="1"/><int name="zM" value="0"/></imgdir><imgdir name="14"><int name="x" value="-1530"/><int name="y" value="0"/><string name="u" value="enH0"/><int name="no" value="0"/><int name="zM" value="0"/></imgdir><imgdir name="11"><int name="x" value="-1530"/><int name="y" value="0"/><string name="u" value="bsc"/><int name="no" value="2"/><int name="zM" value="0"/></imgdir><imgdir name="15"><int name="x" value="-1440"/><int name="y" value="0"/><string name="u" value="bsc"/><int name="no" value="0"/><int name="zM" value="0"/></imgdir><imgdir name="26"><int name="x" value="-1170"/><int name="y" value="0"/><string name="u" value="enH0"/><int name="no" value="0"/><int name="zM" value="0"/></imgdir><imgdir name="23"><int name="x" value="-1260"/><int name="y" value="0"/><string name="u" value="enH0"/><int name="no" value="1"/><int name="zM" value="0"/></imgdir><imgdir name="20"><int name="x" value="-1350"/><int name="y" value="0"/><string name="u" value="enH0"/><int name="no" value="0"/><int name="zM" value="0"/></imgdir><imgdir name="22"><int name="x" value="-1260"/><int name="y" value="0"/><string name="u" value="bsc"/><int name="no" value="1"/><int name="zM" value="0"/></imgdir><imgdir name="16"><int name="x" value="-1350"/><int name="y" value="0"/><string name="u" value="bsc"/><int name="no" value="1"/><int name="zM" value="0"/></imgdir><imgdir name="21"><int name="x" value="-1170"/><int name="y" value="0"/><string name="u" value="bsc"/><int name="no" value="2"/><int name="zM" value="0"/></imgdir><imgdir name="24"><int name="x" value="-1080"/><int name="y" value="0"/><string name="u" value="bsc"/><int name="no" value="1"/><int name="zM" value="0"/></imgdir><imgdir name="25"><int name="x" value="-1080"/><int name="y" value="0"/><string name="u" value="enH0"/><int name="no" value="0"/><int name="zM" value="0"/></imgdir><imgdir name="38"><int name="x" value="-720"/><int name="y" value="0"/><string name="u" value="enH0"/><int name="no" value="0"/><int name="zM" value="0"/></imgdir><imgdir name="35"><int name="x" value="-810"/><int name="y" value="0"/><string name="u" value="enH0"/><int name="no" value="1"/><int name="zM" value="0"/></imgdir><imgdir name="42"><int name="x" value="-990"/><int name="y" value="0"/><string name="u" value="enH0"/><int name="no" value="1"/><int name="zM" value="0"/></imgdir><imgdir name="31"><int name="x" value="-990"/><int name="y" value="0"/><string name="u" value="bsc"/><int name="no" value="3"/><int name="zM" value="0"/></imgdir><imgdir name="32"><int name="x" value="-900"/><int name="y" value="0"/><string name="u" value="enH0"/><int name="no" value="0"/><int name="zM" value="0"/></imgdir><imgdir name="40"><int name="x" value="-900"/><int name="y" value="0"/><string name="u" value="bsc"/><int name="no" value="2"/><int name="zM" value="0"/></imgdir><imgdir name="34"><int name="x" value="-810"/><int name="y" value="0"/><string name="u" value="bsc"/><int name="no" value="3"/><int name="zM" value="0"/></imgdir><imgdir name="39"><int name="x" value="-720"/><int name="y" value="0"/><string name="u" value="bsc"/><int name="no" value="1"/><int name="zM" value="0"/></imgdir><imgdir name="46"><int name="x" value="-630"/><int name="y" value="0"/><string name="u" value="enH0"/><int name="no" value="1"/><int name="zM" value="0"/></imgdir><imgdir name="36"><int name="x" value="-630"/><int name="y" value="0"/><string name="u" value="bsc"/><int name="no" value="1"/><int name="zM" value="0"/></imgdir><imgdir name="51"><int name="x" value="-450"/><int name="y" value="0"/><string name="u" value="enH0"/><int name="no" value="0"/><int name="zM" value="0"/></imgdir><imgdir name="47"><int name="x" value="-540"/><int name="y" value="0"/><string name="u" value="enH0"/><int name="no" value="1"/><int name="zM" value="0"/></imgdir><imgdir name="48"><int name="x" value="-450"/><int name="y" value="0"/><string name="u" value="bsc"/><int name="no" value="1"/><int name="zM" value="0"/></imgdir><imgdir name="44"><int name="x" value="-540"/><int name="y" value="0"/><string name="u" value="bsc"/><int name="no" value="0"/><int name="zM" value="0"/></imgdir><imgdir name="55"><int name="x" value="-360"/><int name="y" value="0"/><string name="u" value="enH0"/><int name="no" value="1"/><int name="zM" value="0"/></imgdir><imgdir name="59"><int name="x" value="-270"/><int name="y" value="0"/><string name="u" value="enH0"/><int name="no" value="0"/><int name="zM" value="0"/></imgdir><imgdir name="49"><int name="x" value="-360"/><int name="y" value="0"/><string name="u" value="bsc"/><int name="no" value="1"/><int name="zM" value="0"/></imgdir><imgdir name="50"><int name="x" value="-180"/><int name="y" value="0"/><string name="u" value="enH0"/><int name="no" value="0"/><int name="zM" value="0"/></imgdir><imgdir name="60"><int name="x" value="-180"/><int name="y" value="0"/><string name="u" value="bsc"/><int name="no" value="2"/><int name="zM" value="0"/></imgdir><imgdir name="53"><int name="x" value="-270"/><int name="y" value="0"/><string name="u" value="bsc"/><int name="no" value="3"/><int name="zM" value="0"/></imgdir><imgdir name="66"><int name="x" value="0"/><int name="y" value="0"/><string name="u" value="enH0"/><int name="no" value="1"/><int name="zM" value="0"/></imgdir><imgdir name="62"><int name="x" value="-90"/><int name="y" value="0"/><string name="u" value="enH0"/><int name="no" value="1"/><int name="zM" value="0"/></imgdir><imgdir name="58"><int name="x" value="-90"/><int name="y" value="0"/><string name="u" value="bsc"/><int name="no" value="1"/><int name="zM" value="0"/></imgdir><imgdir name="63"><int name="x" value="0"/><int name="y" value="0"/><string name="u" value="bsc"/><int name="no" value="3"/><int name="zM" value="0"/></imgdir><imgdir name="74"><int name="x" value="180"/><int name="y" value="0"/><string name="u" value="enH0"/><int name="no" value="0"/><int name="zM" value="0"/></imgdir><imgdir name="71"><int name="x" value="90"/><int name="y" value="0"/><string name="u" value="enH0"/><int name="no" value="1"/><int name="zM" value="0"/></imgdir><imgdir name="64"><int name="x" value="90"/><int name="y" value="0"/><string name="u" value="bsc"/><int name="no" value="3"/><int name="zM" value="0"/></imgdir><imgdir name="65"><int name="x" value="270"/><int name="y" value="0"/><string name="u" value="enH0"/><int name="no" value="1"/><int name="zM" value="0"/></imgdir><imgdir name="73"><int name="x" value="180"/><int name="y" value="0"/><string name="u" value="bsc"/><int name="no" value="2"/><int name="zM" value="0"/></imgdir><imgdir name="72"><int name="x" value="270"/><int name="y" value="0"/><string name="u" value="bsc"/><int name="no" value="0"/><int name="zM" value="0"/></imgdir><imgdir name="85"><int name="x" value="450"/><int name="y" value="0"/><string name="u" value="enH0"/><int name="no" value="1"/><int name="zM" value="0"/></imgdir><imgdir name="75"><int name="x" value="360"/><int name="y" value="0"/><string name="u" value="bsc"/><int name="no" value="2"/><int name="zM" value="0"/></imgdir><imgdir name="84"><int name="x" value="450"/><int name="y" value="0"/><string name="u" value="bsc"/><int name="no" value="3"/><int name="zM" value="0"/></imgdir><imgdir name="69"><int name="x" value="540"/><int name="y" value="0"/><string name="u" value="bsc"/><int name="no" value="0"/><int name="zM" value="0"/></imgdir><imgdir name="78"><int name="x" value="360"/><int name="y" value="0"/><string name="u" value="enH0"/><int name="no" value="1"/><int name="zM" value="0"/></imgdir><imgdir name="77"><int name="x" value="540"/><int name="y" value="0"/><string name="u" value="enH0"/><int name="no" value="1"/><int name="zM" value="0"/></imgdir><imgdir name="92"><int name="x" value="810"/><int name="y" value="0"/><string name="u" value="enH0"/><int name="no" value="1"/><int name="zM" value="0"/></imgdir><imgdir name="89"><int name="x" value="720"/><int name="y" value="0"/><string name="u" value="enH0"/><int name="no" value="1"/><int name="zM" value="0"/></imgdir><imgdir name="86"><int name="x" value="630"/><int name="y" value="0"/><string name="u" value="enH0"/><int name="no" value="0"/><int name="zM" value="0"/></imgdir><imgdir name="88"><int name="x" value="720"/><int name="y" value="0"/><string name="u" value="bsc"/><int name="no" value="1"/><int name="zM" value="0"/></imgdir><imgdir name="87"><int name="x" value="810"/><int name="y" value="0"/><string name="u" value="bsc"/><int name="no" value="2"/><int name="zM" value="0"/></imgdir><imgdir name="82"><int name="x" value="630"/><int name="y" value="0"/><string name="u" value="bsc"/><int name="no" value="1"/><int name="zM" value="0"/></imgdir><imgdir name="90"><int name="x" value="900"/><int name="y" value="0"/><string name="u" value="bsc"/><int name="no" value="0"/><int name="zM" value="0"/></imgdir><imgdir name="97"><int name="x" value="900"/><int name="y" value="0"/><string name="u" value="enH0"/><int name="no" value="0"/><int name="zM" value="0"/></imgdir><imgdir name="100"><int name="x" value="990"/><int name="y" value="0"/><string name="u" value="enH0"/><int name="no" value="1"/><int name="zM" value="0"/></imgdir><imgdir name="102"><int name="x" value="1170"/><int name="y" value="0"/><string name="u" value="bsc"/><int name="no" value="0"/><int name="zM" value="0"/></imgdir><imgdir name="107"><int name="x" value="1170"/><int name="y" value="0"/><string name="u" value="enH0"/><int name="no" value="0"/><int name="zM" value="0"/></imgdir><imgdir name="91"><int name="x" value="1080"/><int name="y" value="0"/><string name="u" value="enH0"/><int name="no" value="1"/><int name="zM" value="0"/></imgdir><imgdir name="98"><int name="x" value="990"/><int name="y" value="0"/><string name="u" value="bsc"/><int name="no" value="1"/><int name="zM" value="0"/></imgdir><imgdir name="99"><int name="x" value="1260"/><int name="y" value="0"/><string name="u" value="enH0"/><int name="no" value="1"/><int name="zM" value="0"/></imgdir><imgdir name="95"><int name="x" value="1080"/><int name="y" value="0"/><string name="u" value="bsc"/><int name="no" value="2"/><int name="zM" value="0"/></imgdir><imgdir name="105"><int name="x" value="1350"/><int name="y" value="0"/><string name="u" value="enH0"/><int name="no" value="1"/><int name="zM" value="0"/></imgdir><imgdir name="113"><int name="x" value="1440"/><int name="y" value="0"/><string name="u" value="enH0"/><int name="no" value="1"/><int name="zM" value="0"/></imgdir><imgdir name="112"><int name="x" value="1440"/><int name="y" value="0"/><string name="u" value="bsc"/><int name="no" value="1"/><int name="zM" value="0"/></imgdir><imgdir name="109"><int name="x" value="1350"/><int name="y" value="0"/><string name="u" value="bsc"/><int name="no" value="3"/><int name="zM" value="0"/></imgdir><imgdir name="103"><int name="x" value="1260"/><int name="y" value="0"/><string name="u" value="bsc"/><int name="no" value="3"/><int name="zM" value="0"/></imgdir><imgdir name="110"><int name="x" value="1530"/><int name="y" value="0"/><string name="u" value="bsc"/><int name="no" value="2"/><int name="zM" value="0"/></imgdir><imgdir name="111"><int name="x" value="1530"/><int name="y" value="0"/><string name="u" value="enH0"/><int name="no" value="1"/><int name="zM" value="0"/></imgdir><imgdir name="117"><int name="x" value="-1890"/><int name="y" value="0"/><string name="u" value="edU"/><int name="no" value="0"/><int name="zM" value="0"/></imgdir><imgdir name="119"><int name="x" value="-1890"/><int name="y" value="0"/><string name="u" value="enH0"/><int name="no" value="1"/><int name="zM" value="0"/></imgdir><imgdir name="120"><int name="x" value="-1890"/><int name="y" value="0"/><string name="u" value="bsc"/><int name="no" value="0"/><int name="zM" value="0"/></imgdir><imgdir name="118"><int name="x" value="-1890"/><int name="y" value="0"/><string name="u" value="enV0"/><int name="no" value="1"/><int name="zM" value="0"/></imgdir><imgdir name="4"><int name="x" value="-1710"/><int name="y" value="60"/><string name="u" value="bsc"/><int name="no" value="1"/><int name="zM" value="0"/></imgdir><imgdir name="125"><int name="x" value="-1710"/><int name="y" value="120"/><string name="u" value="enH1"/><int name="no" value="1"/><int name="zM" value="0"/></imgdir><imgdir name="5"><int name="x" value="-1800"/><int name="y" value="60"/><string name="u" value="bsc"/><int name="no" value="1"/><int name="zM" value="0"/></imgdir><imgdir name="123"><int name="x" value="-1800"/><int name="y" value="120"/><string name="u" value="enH1"/><int name="no" value="0"/><int name="zM" value="0"/></imgdir><imgdir name="124"><int name="x" value="-1890"/><int name="y" value="120"/><string name="u" value="enH1"/><int name="no" value="1"/><int name="zM" value="0"/></imgdir><imgdir name="121"><int name="x" value="-1890"/><int name="y" value="60"/><string name="u" value="bsc"/><int name="no" value="1"/><int name="zM" value="0"/></imgdir><imgdir name="126"><int name="x" value="-1890"/><int name="y" value="120"/><string name="u" value="edD"/><int name="no" value="0"/><int name="zM" value="0"/></imgdir><imgdir name="122"><int name="x" value="-1890"/><int name="y" value="60"/><string name="u" value="enV0"/><int name="no" value="1"/><int name="zM" value="0"/></imgdir><imgdir name="128"><int name="x" value="-1620"/><int name="y" value="120"/><string name="u" value="enH1"/><int name="no" value="0"/><int name="zM" value="0"/></imgdir><imgdir name="9"><int name="x" value="-1530"/><int name="y" value="60"/><string name="u" value="bsc"/><int name="no" value="0"/><int name="zM" value="0"/></imgdir><imgdir name="7"><int name="x" value="-1620"/><int name="y" value="60"/><string name="u" value="bsc"/><int name="no" value="3"/><int name="zM" value="0"/></imgdir><imgdir name="127"><int name="x" value="-1530"/><int name="y" value="120"/><string name="u" value="enH1"/><int name="no" value="1"/><int name="zM" value="0"/></imgdir><imgdir name="12"><int name="x" value="-1440"/><int name="y" value="60"/><string name="u" value="bsc"/><int name="no" value="1"/><int name="zM" value="0"/></imgdir><imgdir name="130"><int name="x" value="-1440"/><int name="y" value="120"/><string name="u" value="enH1"/><int name="no" value="1"/><int name="zM" value="0"/></imgdir><imgdir name="129"><int name="x" value="-1350"/><int name="y" value="120"/><string name="u" value="enH1"/><int name="no" value="1"/><int name="zM" value="0"/></imgdir><imgdir name="19"><int name="x" value="-1350"/><int name="y" value="60"/><string name="u" value="bsc"/><int name="no" value="1"/><int name="zM" value="0"/></imgdir><imgdir name="131"><int name="x" value="-1260"/><int name="y" value="120"/><string name="u" value="enH1"/><int name="no" value="1"/><int name="zM" value="0"/></imgdir><imgdir name="29"><int name="x" value="-1170"/><int name="y" value="60"/><string name="u" value="bsc"/><int name="no" value="0"/><int name="zM" value="0"/></imgdir><imgdir name="17"><int name="x" value="-1260"/><int name="y" value="60"/><string name="u" value="bsc"/><int name="no" value="0"/><int name="zM" value="0"/></imgdir><imgdir name="132"><int name="x" value="-1170"/><int name="y" value="120"/><string name="u" value="enH1"/><int name="no" value="1"/><int name="zM" value="0"/></imgdir><imgdir name="134"><int name="x" value="-1080"/><int name="y" value="120"/><string name="u" value="enH1"/><int name="no" value="1"/><int name="zM" value="0"/></imgdir><imgdir name="135"><int name="x" value="-990"/><int name="y" value="120"/><string name="u" value="enH1"/><int name="no" value="0"/><int name="zM" value="0"/></imgdir><imgdir name="28"><int name="x" value="-990"/><int name="y" value="60"/><string name="u" value="bsc"/><int name="no" value="3"/><int name="zM" value="0"/></imgdir><imgdir name="41"><int name="x" value="-900"/><int name="y" value="60"/><string name="u" value="bsc"/><int name="no" value="2"/><int name="zM" value="0"/></imgdir><imgdir name="30"><int name="x" value="-1080"/><int name="y" value="60"/><string name="u" value="bsc"/><int name="no" value="2"/><int name="zM" value="0"/></imgdir><imgdir name="137"><int name="x" value="-900"/><int name="y" value="120"/><string name="u" value="enH1"/><int name="no" value="1"/><int name="zM" value="0"/></imgdir><imgdir name="136"><int name="x" value="-810"/><int name="y" value="120"/><string name="u" value="enH1"/><int name="no" value="1"/><int name="zM" value="0"/></imgdir><imgdir name="138"><int name="x" value="-720"/><int name="y" value="120"/><string name="u" value="enH1"/><int name="no" value="0"/><int name="zM" value="0"/></imgdir><imgdir name="140"><int name="x" value="-630"/><int name="y" value="120"/><string name="u" value="enH1"/><int name="no" value="0"/><int name="zM" value="0"/></imgdir><imgdir name="33"><int name="x" value="-630"/><int name="y" value="60"/><string name="u" value="bsc"/><int name="no" value="3"/><int name="zM" value="0"/></imgdir><imgdir name="27"><int name="x" value="-720"/><int name="y" value="60"/><string name="u" value="bsc"/><int name="no" value="2"/><int name="zM" value="0"/></imgdir><imgdir name="43"><int name="x" value="-810"/><int name="y" value="60"/><string name="u" value="bsc"/><int name="no" value="3"/><int name="zM" value="0"/></imgdir><imgdir name="37"><int name="x" value="-540"/><int name="y" value="60"/><string name="u" value="bsc"/><int name="no" value="1"/><int name="zM" value="0"/></imgdir><imgdir name="139"><int name="x" value="-540"/><int name="y" value="120"/><string name="u" value="enH1"/><int name="no" value="1"/><int name="zM" value="0"/></imgdir><imgdir name="52"><int name="x" value="-450"/><int name="y" value="60"/><string name="u" value="bsc"/><int name="no" value="1"/><int name="zM" value="0"/></imgdir><imgdir name="133"><int name="x" value="-450"/><int name="y" value="120"/><string name="u" value="enH1"/><int name="no" value="0"/><int name="zM" value="0"/></imgdir><imgdir name="141"><int name="x" value="-360"/><int name="y" value="120"/><string name="u" value="enH1"/><int name="no" value="0"/><int name="zM" value="0"/></imgdir><imgdir name="57"><int name="x" value="-270"/><int name="y" value="60"/><string name="u" value="bsc"/><int name="no" value="2"/><int name="zM" value="0"/></imgdir><imgdir name="143"><int name="x" value="-270"/><int name="y" value="120"/><string name="u" value="enH1"/><int name="no" value="1"/><int name="zM" value="0"/></imgdir><imgdir name="45"><int name="x" value="-360"/><int name="y" value="60"/><string name="u" value="bsc"/><int name="no" value="3"/><int name="zM" value="0"/></imgdir><imgdir name="147"><int name="x" value="0"/><int name="y" value="120"/><string name="u" value="enH1"/><int name="no" value="1"/><int name="zM" value="0"/></imgdir><imgdir name="145"><int name="x" value="-90"/><int name="y" value="120"/><string name="u" value="enH1"/><int name="no" value="1"/><int name="zM" value="0"/></imgdir><imgdir name="56"><int name="x" value="0"/><int name="y" value="60"/><string name="u" value="bsc"/><int name="no" value="3"/><int name="zM" value="0"/></imgdir><imgdir name="68"><int name="x" value="90"/><int name="y" value="60"/><string name="u" value="bsc"/><int name="no" value="3"/><int name="zM" value="0"/></imgdir><imgdir name="54"><int name="x" value="-90"/><int name="y" value="60"/><string name="u" value="bsc"/><int name="no" value="1"/><int name="zM" value="0"/></imgdir><imgdir name="146"><int name="x" value="90"/><int name="y" value="120"/><string name="u" value="enH1"/><int name="no" value="1"/><int name="zM" value="0"/></imgdir><imgdir name="61"><int name="x" value="-180"/><int name="y" value="60"/><string name="u" value="bsc"/><int name="no" value="1"/><int name="zM" value="0"/></imgdir><imgdir name="142"><int name="x" value="-180"/><int name="y" value="120"/><string name="u" value="enH1"/><int name="no" value="1"/><int name="zM" value="0"/></imgdir><imgdir name="151"><int name="x" value="270"/><int name="y" value="120"/><string name="u" value="enH1"/><int name="no" value="0"/><int name="zM" value="0"/></imgdir><imgdir name="148"><int name="x" value="180"/><int name="y" value="120"/><string name="u" value="enH1"/><int name="no" value="1"/><int name="zM" value="0"/></imgdir><imgdir name="150"><int name="x" value="360"/><int name="y" value="120"/><string name="u" value="enH1"/><int name="no" value="0"/><int name="zM" value="0"/></imgdir><imgdir name="80"><int name="x" value="360"/><int name="y" value="60"/><string name="u" value="bsc"/><int name="no" value="2"/><int name="zM" value="0"/></imgdir><imgdir name="70"><int name="x" value="270"/><int name="y" value="60"/><string name="u" value="bsc"/><int name="no" value="3"/><int name="zM" value="0"/></imgdir><imgdir name="67"><int name="x" value="180"/><int name="y" value="60"/><string name="u" value="bsc"/><int name="no" value="3"/><int name="zM" value="0"/></imgdir><imgdir name="156"><int name="x" value="630"/><int name="y" value="120"/><string name="u" value="enH1"/><int name="no" value="0"/><int name="zM" value="0"/></imgdir><imgdir name="154"><int name="x" value="540"/><int name="y" value="120"/><string name="u" value="enH1"/><int name="no" value="1"/><int name="zM" value="0"/></imgdir><imgdir name="76"><int name="x" value="450"/><int name="y" value="60"/><string name="u" value="bsc"/><int name="no" value="3"/><int name="zM" value="0"/></imgdir><imgdir name="144"><int name="x" value="720"/><int name="y" value="120"/><string name="u" value="enH1"/><int name="no" value="1"/><int name="zM" value="0"/></imgdir><imgdir name="149"><int name="x" value="450"/><int name="y" value="120"/><string name="u" value="enH1"/><int name="no" value="1"/><int name="zM" value="0"/></imgdir><imgdir name="83"><int name="x" value="630"/><int name="y" value="60"/><string name="u" value="bsc"/><int name="no" value="1"/><int name="zM" value="0"/></imgdir><imgdir name="81"><int name="x" value="540"/><int name="y" value="60"/><string name="u" value="bsc"/><int name="no" value="0"/><int name="zM" value="0"/></imgdir><imgdir name="93"><int name="x" value="720"/><int name="y" value="60"/><string name="u" value="bsc"/><int name="no" value="0"/><int name="zM" value="0"/></imgdir><imgdir name="79"><int name="x" value="810"/><int name="y" value="60"/><string name="u" value="bsc"/><int name="no" value="2"/><int name="zM" value="0"/></imgdir><imgdir name="152"><int name="x" value="810"/><int name="y" value="120"/><string name="u" value="enH1"/><int name="no" value="1"/><int name="zM" value="0"/></imgdir><imgdir name="94"><int name="x" value="900"/><int name="y" value="60"/><string name="u" value="bsc"/><int name="no" value="1"/><int name="zM" value="0"/></imgdir><imgdir name="157"><int name="x" value="900"/><int name="y" value="120"/><string name="u" value="enH1"/><int name="no" value="1"/><int name="zM" value="0"/></imgdir><imgdir name="96"><int name="x" value="990"/><int name="y" value="60"/><string name="u" value="bsc"/><int name="no" value="2"/><int name="zM" value="0"/></imgdir><imgdir name="153"><int name="x" value="990"/><int name="y" value="120"/><string name="u" value="enH1"/><int name="no" value="1"/><int name="zM" value="0"/></imgdir><imgdir name="158"><int name="x" value="1080"/><int name="y" value="120"/><string name="u" value="enH1"/><int name="no" value="0"/><int name="zM" value="0"/></imgdir><imgdir name="101"><int name="x" value="1080"/><int name="y" value="60"/><string name="u" value="bsc"/><int name="no" value="2"/><int name="zM" value="0"/></imgdir><imgdir name="155"><int name="x" value="1170"/><int name="y" value="120"/><string name="u" value="enH1"/><int name="no" value="0"/><int name="zM" value="0"/></imgdir><imgdir name="106"><int name="x" value="1170"/><int name="y" value="60"/><string name="u" value="bsc"/><int name="no" value="3"/><int name="zM" value="0"/></imgdir><imgdir name="159"><int name="x" value="1260"/><int name="y" value="120"/><string name="u" value="enH1"/><int name="no" value="0"/><int name="zM" value="0"/></imgdir><imgdir name="108"><int name="x" value="1260"/><int name="y" value="60"/><string name="u" value="bsc"/><int name="no" value="2"/><int name="zM" value="0"/></imgdir><imgdir name="1"><int name="x" value="1350"/><int name="y" value="60"/><string name="u" value="bsc"/><int name="no" value="2"/><int name="zM" value="0"/></imgdir><imgdir name="116"><int name="x" value="1440"/><int name="y" value="60"/><string name="u" value="bsc"/><int name="no" value="2"/><int name="zM" value="0"/></imgdir><imgdir name="114"><int name="x" value="1530"/><int name="y" value="60"/><string name="u" value="bsc"/><int name="no" value="0"/><int name="zM" value="0"/></imgdir><imgdir name="115"><int name="x" value="1350"/><int name="y" value="120"/><string name="u" value="enH1"/><int name="no" value="1"/><int name="zM" value="0"/></imgdir><imgdir name="104"><int name="x" value="1440"/><int name="y" value="120"/><string name="u" value="enH1"/><int name="no" value="0"/><int name="zM" value="0"/></imgdir><imgdir name="162"><int name="x" value="1710"/><int name="y" value="0"/><string name="u" value="edU"/><int name="no" value="0"/><int name="zM" value="0"/></imgdir><imgdir name="161"><int name="x" value="1620"/><int name="y" value="0"/><string name="u" value="enH0"/><int name="no" value="0"/><int name="zM" value="0"/></imgdir><imgdir name="163"><int name="x" value="1710"/><int name="y" value="0"/><string name="u" value="enV1"/><int name="no" value="0"/><int name="zM" value="0"/></imgdir><imgdir name="165"><int name="x" value="1710"/><int name="y" value="60"/><string name="u" value="enV1"/><int name="no" value="0"/><int name="zM" value="0"/></imgdir><imgdir name="160"><int name="x" value="1620"/><int name="y" value="0"/><string name="u" value="bsc"/><int name="no" value="1"/><int name="zM" value="0"/></imgdir><imgdir name="0"><int name="x" value="1620"/><int name="y" value="60"/><string name="u" value="bsc"/><int name="no" value="1"/><int name="zM" value="0"/></imgdir><imgdir name="164"><int name="x" value="1710"/><int name="y" value="120"/><string name="u" value="edD"/><int name="no" value="0"/><int name="zM" value="0"/></imgdir><imgdir name="166"><int name="x" value="1530"/><int name="y" value="120"/><string name="u" value="enH1"/><int name="no" value="1"/><int name="zM" value="0"/></imgdir><imgdir name="167"><int name="x" value="1620"/><int name="y" value="120"/><string name="u" value="enH1"/><int name="no" value="0"/><int name="zM" value="0"/></imgdir></imgdir><imgdir name="obj"></imgdir></imgdir><imgdir name="6"><imgdir name="info"></imgdir><imgdir name="tile"></imgdir><imgdir name="obj"></imgdir></imgdir><imgdir name="7"><imgdir name="info"></imgdir><imgdir name="tile"></imgdir><imgdir name="obj"></imgdir></imgdir><imgdir name="foothold"><imgdir name="5"><imgdir name="0"><imgdir name="1"><int name="x1" value="-1800"/><int name="y1" value="-18"/><int name="x2" value="-1710"/><int name="y2" value="-18"/><int name="prev" value="42"/><int name="next" value="2"/><int name="piece" value="0"/></imgdir><imgdir name="2"><int name="x1" value="-1710"/><int name="y1" value="-18"/><int name="x2" value="-1620"/><int name="y2" value="-18"/><int name="prev" value="1"/><int name="next" value="3"/><int name="piece" value="0"/></imgdir><imgdir name="3"><int name="x1" value="-1620"/><int name="y1" value="-18"/><int name="x2" value="-1530"/><int name="y2" value="-18"/><int name="prev" value="2"/><int name="next" value="4"/><int name="piece" value="0"/></imgdir><imgdir name="4"><int name="x1" value="-1530"/><int name="y1" value="-18"/><int name="x2" value="-1440"/><int name="y2" value="-18"/><int name="prev" value="3"/><int name="next" value="5"/><int name="piece" value="0"/></imgdir><imgdir name="5"><int name="x1" value="-1440"/><int name="y1" value="-18"/><int name="x2" value="-1350"/><int name="y2" value="-18"/><int name="prev" value="4"/><int name="next" value="6"/><int name="piece" value="0"/></imgdir><imgdir name="6"><int name="x1" value="-1350"/><int name="y1" value="-18"/><int name="x2" value="-1260"/><int name="y2" value="-18"/><int name="prev" value="5"/><int name="next" value="7"/><int name="piece" value="0"/></imgdir><imgdir name="7"><int name="x1" value="-1260"/><int name="y1" value="-18"/><int name="x2" value="-1170"/><int name="y2" value="-18"/><int name="prev" value="6"/><int name="next" value="9"/><int name="piece" value="0"/></imgdir><imgdir name="8"><int name="x1" value="-1080"/><int name="y1" value="-18"/><int name="x2" value="-990"/><int name="y2" value="-18"/><int name="prev" value="9"/><int name="next" value="13"/><int name="piece" value="0"/></imgdir><imgdir name="9"><int name="x1" value="-1170"/><int name="y1" value="-18"/><int name="x2" value="-1080"/><int name="y2" value="-18"/><int name="prev" value="7"/><int name="next" value="8"/><int name="piece" value="0"/></imgdir><imgdir name="10"><int name="x1" value="-900"/><int name="y1" value="-18"/><int name="x2" value="-810"/><int name="y2" value="-18"/><int name="prev" value="13"/><int name="next" value="11"/><int name="piece" value="0"/></imgdir><imgdir name="11"><int name="x1" value="-810"/><int name="y1" value="-18"/><int name="x2" value="-720"/><int name="y2" value="-18"/><int name="prev" value="10"/><int name="next" value="12"/><int name="piece" value="0"/></imgdir><imgdir name="12"><int name="x1" value="-720"/><int name="y1" value="-18"/><int name="x2" value="-630"/><int name="y2" value="-18"/><int name="prev" value="11"/><int name="next" value="14"/><int name="piece" value="0"/></imgdir><imgdir name="13"><int name="x1" value="-990"/><int name="y1" value="-18"/><int name="x2" value="-900"/><int name="y2" value="-18"/><int name="prev" value="8"/><int name="next" value="10"/><int name="piece" value="0"/></imgdir><imgdir name="14"><int name="x1" value="-630"/><int name="y1" value="-18"/><int name="x2" value="-540"/><int name="y2" value="-18"/><int name="prev" value="12"/><int name="next" value="15"/><int name="piece" value="0"/></imgdir><imgdir name="15"><int name="x1" value="-540"/><int name="y1" value="-18"/><int name="x2" value="-450"/><int name="y2" value="-18"/><int name="prev" value="14"/><int name="next" value="17"/><int name="piece" value="0"/></imgdir><imgdir name="16"><int name="x1" value="-180"/><int name="y1" value="-18"/><int name="x2" value="-90"/><int name="y2" value="-18"/><int name="prev" value="19"/><int name="next" value="20"/><int name="piece" value="0"/></imgdir><imgdir name="17"><int name="x1" value="-450"/><int name="y1" value="-18"/><int name="x2" value="-360"/><int name="y2" value="-18"/><int name="prev" value="15"/><int name="next" value="18"/><int name="piece" value="0"/></imgdir><imgdir name="18"><int name="x1" value="-360"/><int name="y1" value="-18"/><int name="x2" value="-270"/><int name="y2" value="-18"/><int name="prev" value="17"/><int name="next" value="19"/><int name="piece" value="0"/></imgdir><imgdir name="19"><int name="x1" value="-270"/><int name="y1" value="-18"/><int name="x2" value="-180"/><int name="y2" value="-18"/><int name="prev" value="18"/><int name="next" value="16"/><int name="piece" value="0"/></imgdir><imgdir name="20"><int name="x1" value="-90"/><int name="y1" value="-18"/><int name="x2" value="0"/><int name="y2" value="-18"/><int name="prev" value="16"/><int name="next" value="22"/><int name="piece" value="0"/></imgdir><imgdir name="21"><int name="x1" value="270"/><int name="y1" value="-18"/><int name="x2" value="360"/><int name="y2" value="-18"/><int name="prev" value="24"/><int name="next" value="26"/><int name="piece" value="0"/></imgdir><imgdir name="22"><int name="x1" value="0"/><int name="y1" value="-18"/><int name="x2" value="90"/><int name="y2" value="-18"/><int name="prev" value="20"/><int name="next" value="23"/><int name="piece" value="0"/></imgdir><imgdir name="23"><int name="x1" value="90"/><int name="y1" value="-18"/><int name="x2" value="180"/><int name="y2" value="-18"/><int name="prev" value="22"/><int name="next" value="24"/><int name="piece" value="0"/></imgdir><imgdir name="24"><int name="x1" value="180"/><int name="y1" value="-18"/><int name="x2" value="270"/><int name="y2" value="-18"/><int name="prev" value="23"/><int name="next" value="21"/><int name="piece" value="0"/></imgdir><imgdir name="25"><int name="x1" value="540"/><int name="y1" value="-18"/><int name="x2" value="630"/><int name="y2" value="-18"/><int name="prev" value="27"/><int name="next" value="28"/><int name="piece" value="0"/></imgdir><imgdir name="26"><int name="x1" value="360"/><int name="y1" value="-18"/><int name="x2" value="450"/><int name="y2" value="-18"/><int name="prev" value="21"/><int name="next" value="27"/><int name="piece" value="0"/></imgdir><imgdir name="27"><int name="x1" value="450"/><int name="y1" value="-18"/><int name="x2" value="540"/><int name="y2" value="-18"/><int name="prev" value="26"/><int name="next" value="25"/><int name="piece" value="0"/></imgdir><imgdir name="28"><int name="x1" value="630"/><int name="y1" value="-18"/><int name="x2" value="720"/><int name="y2" value="-18"/><int name="prev" value="25"/><int name="next" value="29"/><int name="piece" value="0"/></imgdir><imgdir name="29"><int name="x1" value="720"/><int name="y1" value="-18"/><int name="x2" value="810"/><int name="y2" value="-18"/><int name="prev" value="28"/><int name="next" value="31"/><int name="piece" value="0"/></imgdir><imgdir name="30"><int name="x1" value="1080"/><int name="y1" value="-18"/><int name="x2" value="1170"/><int name="y2" value="-18"/><int name="prev" value="34"/><int name="next" value="36"/><int name="piece" value="0"/></imgdir><imgdir name="31"><int name="x1" value="810"/><int name="y1" value="-18"/><int name="x2" value="900"/><int name="y2" value="-18"/><int name="prev" value="29"/><int name="next" value="32"/><int name="piece" value="0"/></imgdir><imgdir name="32"><int name="x1" value="900"/><int name="y1" value="-18"/><int name="x2" value="990"/><int name="y2" value="-18"/><int name="prev" value="31"/><int name="next" value="34"/><int name="piece" value="0"/></imgdir><imgdir name="33"><int name="x1" value="1260"/><int name="y1" value="-18"/><int name="x2" value="1350"/><int name="y2" value="-18"/><int name="prev" value="36"/><int name="next" value="35"/><int name="piece" value="0"/></imgdir><imgdir name="34"><int name="x1" value="990"/><int name="y1" value="-18"/><int name="x2" value="1080"/><int name="y2" value="-18"/><int name="prev" value="32"/><int name="next" value="30"/><int name="piece" value="0"/></imgdir><imgdir name="35"><int name="x1" value="1350"/><int name="y1" value="-18"/><int name="x2" value="1440"/><int name="y2" value="-18"/><int name="prev" value="33"/><int name="next" value="38"/><int name="piece" value="0"/></imgdir><imgdir name="36"><int name="x1" value="1170"/><int name="y1" value="-18"/><int name="x2" value="1260"/><int name="y2" value="-18"/><int name="prev" value="30"/><int name="next" value="33"/><int name="piece" value="0"/></imgdir><imgdir name="37"><int name="x1" value="1530"/><int name="y1" value="-18"/><int name="x2" value="1620"/><int name="y2" value="-18"/><int name="prev" value="38"/><int name="next" value="44"/><int name="piece" value="0"/></imgdir><imgdir name="38"><int name="x1" value="1440"/><int name="y1" value="-18"/><int name="x2" value="1530"/><int name="y2" value="-18"/><int name="prev" value="35"/><int name="next" value="37"/><int name="piece" value="0"/></imgdir><imgdir name="39"><int name="x1" value="-1926"/><int name="y1" value="0"/><int name="x2" value="-1926"/><int name="y2" value="-18"/><int name="prev" value="41"/><int name="next" value="40"/><int name="piece" value="0"/></imgdir><imgdir name="40"><int name="x1" value="-1926"/><int name="y1" value="-18"/><int name="x2" value="-1854"/><int name="y2" value="-18"/><int name="prev" value="39"/><int name="next" value="42"/><int name="piece" value="0"/></imgdir><imgdir name="41"><int name="x1" value="-1926"/><int name="y1" value="60"/><int name="x2" value="-1926"/><int name="y2" value="0"/><int name="prev" value="43"/><int name="next" value="39"/><int name="piece" value="0"/></imgdir><imgdir name="42"><int name="x1" value="-1854"/><int name="y1" value="-18"/><int name="x2" value="-1800"/><int name="y2" value="-18"/><int name="prev" value="40"/><int name="next" value="1"/><int name="piece" value="0"/></imgdir><imgdir name="43"><int name="x1" value="-1926"/><int name="y1" value="120"/><int name="x2" value="-1926"/><int name="y2" value="60"/><int name="prev" value="0"/><int name="next" value="41"/><int name="piece" value="0"/></imgdir><imgdir name="44"><int name="x1" value="1620"/><int name="y1" value="-18"/><int name="x2" value="1674"/><int name="y2" value="-18"/><int name="prev" value="37"/><int name="next" value="45"/><int name="piece" value="0"/></imgdir><imgdir name="45"><int name="x1" value="1674"/><int name="y1" value="-18"/><int name="x2" value="1710"/><int name="y2" value="-18"/><int name="prev" value="44"/><int name="next" value="46"/><int name="piece" value="0"/></imgdir><imgdir name="46"><int name="x1" value="1710"/><int name="y1" value="-18"/><int name="x2" value="1746"/><int name="y2" value="-18"/><int name="prev" value="45"/><int name="next" value="47"/><int name="piece" value="0"/></imgdir><imgdir name="47"><int name="x1" value="1746"/><int name="y1" value="-18"/><int name="x2" value="1746"/><int name="y2" value="0"/><int name="prev" value="46"/><int name="next" value="48"/><int name="piece" value="0"/></imgdir><imgdir name="48"><int name="x1" value="1746"/><int name="y1" value="0"/><int name="x2" value="1746"/><int name="y2" value="60"/><int name="prev" value="47"/><int name="next" value="49"/><int name="piece" value="0"/></imgdir><imgdir name="49"><int name="x1" value="1746"/><int name="y1" value="60"/><int name="x2" value="1746"/><int name="y2" value="120"/><int name="prev" value="48"/><int name="next" value="0"/><int name="piece" value="0"/></imgdir></imgdir></imgdir></imgdir><imgdir name="ladderRope"></imgdir><imgdir name="miniMap"><canvas name="canvas" width="240" height="63"></canvas><int name="width" value="3848"/><int name="height" value="1013"/><int name="centerX" value="1993"/><int name="centerY" value="818"/><int name="mag" value="4"/></imgdir><imgdir name="portal"><imgdir name="0"><string name="pn" value="sp"/><int name="pt" value="0"/><int name="x" value="-1532"/><int name="y" value="-60"/><int name="tm" value="999999999"/><string name="tn" value=""/></imgdir><imgdir name="1"><string name="pn" value="sp"/><int name="pt" value="0"/><int name="x" value="-501"/><int name="y" value="-82"/><int name="tm" value="999999999"/><string name="tn" value=""/></imgdir><imgdir name="2"><string name="pn" value="sp"/><int name="pt" value="0"/><int name="x" value="-877"/><int name="y" value="-75"/><int name="tm" value="999999999"/><string name="tn" value=""/></imgdir><imgdir name="3"><string name="pn" value="sp"/><int name="pt" value="0"/><int name="x" value="-1293"/><int name="y" value="-66"/><int name="tm" value="999999999"/><string name="tn" value=""/></imgdir><imgdir name="4"><string name="pn" value="sp"/><int name="pt" value="0"/><int name="x" value="-95"/><int name="y" value="-73"/><int name="tm" value="999999999"/><string name="tn" value=""/></imgdir><imgdir name="5"><string name="pn" value="sp"/><int name="pt" value="0"/><int name="x" value="336"/><int name="y" value="-101"/><int name="tm" value="999999999"/><string name="tn" value=""/></imgdir><imgdir name="6"><string name="pn" value="sp"/><int name="pt" value="0"/><int name="x" value="735"/><int name="y" value="-101"/><int name="tm" value="999999999"/><string name="tn" value=""/></imgdir><imgdir name="7"><string name="pn" value="sp"/><int name="pt" value="0"/><int name="x" value="1067"/><int name="y" value="-110"/><int name="tm" value="999999999"/><string name="tn" value=""/></imgdir><imgdir name="8"><string name="pn" value="sp"/><int name="pt" value="0"/><int name="x" value="1525"/><int name="y" value="-102"/><int name="tm" value="999999999"/><string name="tn" value=""/></imgdir><imgdir name="9"><string name="pn" value="st00"/><int name="pt" value="1"/><int name="x" value="-1737"/><int name="y" value="-23"/><int name="tm" value="999999999"/><string name="tn" value=""/></imgdir></imgdir></imgdir>