<?xml version="1.0" encoding="UTF-8" standalone="yes"?><imgdir name="749050502.img"><imgdir name="info"><int name="version" value="10"/><int name="cloud" value="0"/><int name="town" value="0"/><int name="swim" value="0"/><int name="returnMap" value="999999999"/><int name="forcedReturn" value="999999999"/><float name="mobRate" value="1.0"/><string name="bgm" value="BgmTW/FishingMemories"/><string name="mapMark" value="MushroomVillage"/><int name="fly" value="0"/><int name="hideMinimap" value="1"/><int name="fieldLimit" value="4194926"/><string name="onFirstUserEnter" value=""/><string name="onUserEnter" value=""/><int name="VRTop" value="-800"/><int name="VRLeft" value="-1600"/><int name="VRBottom" value="650"/><int name="VRRight" value="1890"/><int name="entrustedFishing" value="1"/><int name="fieldType" value="1017"/></imgdir><imgdir name="back"><imgdir name="0"><string name="bS" value="FishingSystemTW"/><int name="front" value="0"/><int name="ani" value="0"/><int name="no" value="6"/><int name="f" value="0"/><int name="x" value="25"/><int name="y" value="-200"/><int name="rx" value="0"/><int name="ry" value="0"/><int name="type" value="1"/><int name="cx" value="0"/><int name="cy" value="0"/><int name="a" value="255"/></imgdir><imgdir name="1"><string name="bS" value="FishingSystemTW"/><int name="front" value="1"/><int name="ani" value="1"/><int name="no" value="2"/><int name="f" value="0"/><int name="x" value="-139"/><int name="y" value="256"/><int name="rx" value="-2"/><int name="ry" value="-100"/><int name="type" value="4"/><int name="cx" value="2000"/><int name="cy" value="0"/><int name="a" value="255"/></imgdir></imgdir><imgdir name="life"></imgdir><imgdir name="reactor"></imgdir><imgdir name="0"><imgdir name="info"></imgdir><imgdir name="tile"></imgdir><imgdir name="obj"><imgdir name="0"><string name="oS" value="FishingSystemTW"/><string name="l0" value="paradise"/><string name="l1" value="back"/><string name="l2" value="25"/><int name="x" value="1432"/><int name="y" value="-11"/><int name="z" value="8"/><int name="f" value="0"/><int name="zM" value="11"/><int name="r" value="0"/></imgdir><imgdir name="1"><string name="oS" value="FishingSystemTW"/><string name="l0" value="paradise"/><string name="l1" value="back"/><string name="l2" value="24"/><int name="x" value="547"/><int name="y" value="-32"/><int name="z" value="8"/><int name="f" value="0"/><int name="zM" value="11"/><int name="r" value="0"/></imgdir><imgdir name="2"><string name="oS" value="FishingSystemTW"/><string name="l0" value="paradise"/><string name="l1" value="back"/><string name="l2" value="23"/><int name="x" value="-314"/><int name="y" value="-24"/><int name="z" value="9"/><int name="f" value="0"/><int name="zM" value="11"/><int name="r" value="0"/></imgdir><imgdir name="3"><string name="oS" value="FishingSystemTW"/><string name="l0" value="paradise"/><string name="l1" value="back"/><string name="l2" value="22"/><int name="x" value="-1178"/><int name="y" value="36"/><int name="z" value="9"/><int name="f" value="0"/><int name="zM" value="13"/><int name="r" value="0"/></imgdir></imgdir></imgdir><imgdir name="1"><imgdir name="info"></imgdir><imgdir name="tile"></imgdir><imgdir name="obj"><imgdir name="0"><string name="oS" value="FishingSystemTW"/><string name="l0" value="paradise"/><string name="l1" value="back"/><string name="l2" value="31"/><int name="x" value="-1446"/><int name="y" value="-305"/><int name="z" value="9"/><int name="f" value="0"/><int name="zM" value="30"/><int name="r" value="0"/></imgdir><imgdir name="1"><string name="oS" value="FishingSystemTW"/><string name="l0" value="paradise"/><string name="l1" value="back"/><string name="l2" value="32"/><int name="x" value="-1034"/><int name="y" value="-468"/><int name="z" value="9"/><int name="f" value="0"/><int name="zM" value="33"/><int name="r" value="0"/></imgdir><imgdir name="2"><string name="oS" value="FishingSystemTW"/><string name="l0" value="paradise"/><string name="l1" value="back"/><string name="l2" value="33"/><int name="x" value="-288"/><int name="y" value="-412"/><int name="z" value="9"/><int name="f" value="0"/><int name="zM" value="32"/><int name="r" value="0"/></imgdir><imgdir name="3"><string name="oS" value="FishingSystemTW"/><string name="l0" value="paradise"/><string name="l1" value="back"/><string name="l2" value="34"/><int name="x" value="352"/><int name="y" value="-450"/><int name="z" value="9"/><int name="f" value="0"/><int name="zM" value="34"/><int name="r" value="0"/></imgdir><imgdir name="4"><string name="oS" value="FishingSystemTW"/><string name="l0" value="paradise"/><string name="l1" value="back"/><string name="l2" value="35"/><int name="x" value="966"/><int name="y" value="-372"/><int name="z" value="9"/><int name="f" value="0"/><int name="zM" value="31"/><int name="r" value="0"/></imgdir><imgdir name="5"><string name="oS" value="FishingSystemTW"/><string name="l0" value="paradise"/><string name="l1" value="back"/><string name="l2" value="36"/><int name="x" value="1541"/><int name="y" value="-304"/><int name="z" value="9"/><int name="f" value="0"/><int name="zM" value="29"/><int name="r" value="0"/></imgdir></imgdir></imgdir><imgdir name="2"><imgdir name="info"></imgdir><imgdir name="tile"></imgdir><imgdir name="obj"></imgdir></imgdir><imgdir name="3"><imgdir name="info"></imgdir><imgdir name="tile"></imgdir><imgdir name="obj"><imgdir name="0"><string name="oS" value="FishingSystemTW"/><string name="l0" value="paradise"/><string name="l1" value="back"/><string name="l2" value="0"/><int name="x" value="1153"/><int name="y" value="65"/><int name="z" value="9"/><int name="f" value="0"/><int name="zM" value="15"/><int name="r" value="0"/></imgdir><imgdir name="1"><string name="oS" value="FishingSystemTW"/><string name="l0" value="paradise"/><string name="l1" value="back"/><string name="l2" value="1"/><int name="x" value="-852"/><int name="y" value="7"/><int name="z" value="7"/><int name="f" value="0"/><int name="zM" value="18"/><int name="r" value="0"/></imgdir><imgdir name="2"><string name="oS" value="FishingSystemTW"/><string name="l0" value="paradise"/><string name="l1" value="back"/><string name="l2" value="4"/><int name="x" value="-526"/><int name="y" value="11"/><int name="z" value="7"/><int name="f" value="0"/><int name="zM" value="18"/><int name="r" value="0"/></imgdir><imgdir name="3"><string name="oS" value="FishingSystemTW"/><string name="l0" value="paradise"/><string name="l1" value="back"/><string name="l2" value="0"/><int name="x" value="-650"/><int name="y" value="68"/><int name="z" value="9"/><int name="f" value="0"/><int name="zM" value="18"/><int name="r" value="0"/></imgdir><imgdir name="4"><string name="oS" value="FishingSystemTW"/><string name="l0" value="paradise"/><string name="l1" value="back"/><string name="l2" value="5"/><int name="x" value="-1468"/><int name="y" value="26"/><int name="z" value="7"/><int name="f" value="0"/><int name="zM" value="26"/><int name="r" value="0"/></imgdir><imgdir name="6"><string name="oS" value="FishingSystemTW"/><string name="l0" value="paradise"/><string name="l1" value="back"/><string name="l2" value="6"/><int name="x" value="-1096"/><int name="y" value="12"/><int name="z" value="9"/><int name="f" value="0"/><int name="zM" value="18"/><int name="r" value="0"/></imgdir><imgdir name="7"><string name="oS" value="FishingSystemTW"/><string name="l0" value="paradise"/><string name="l1" value="back"/><string name="l2" value="4"/><int name="x" value="907"/><int name="y" value="6"/><int name="z" value="5"/><int name="f" value="0"/><int name="zM" value="15"/><int name="r" value="0"/></imgdir><imgdir name="8"><string name="oS" value="FishingSystemTW"/><string name="l0" value="paradise"/><string name="l1" value="back"/><string name="l2" value="5"/><int name="x" value="1030"/><int name="y" value="44"/><int name="z" value="7"/><int name="f" value="0"/><int name="zM" value="15"/><int name="r" value="0"/></imgdir><imgdir name="9"><string name="oS" value="FishingSystemTW"/><string name="l0" value="paradise"/><string name="l1" value="back"/><string name="l2" value="8"/><int name="x" value="1541"/><int name="y" value="-95"/><int name="z" value="5"/><int name="f" value="0"/><int name="zM" value="14"/><int name="r" value="0"/></imgdir><imgdir name="10"><string name="oS" value="FishingSystemTW"/><string name="l0" value="paradise"/><string name="l1" value="back"/><string name="l2" value="2"/><int name="x" value="1738"/><int name="y" value="15"/><int name="z" value="9"/><int name="f" value="0"/><int name="zM" value="14"/><int name="r" value="0"/></imgdir><imgdir name="11"><string name="oS" value="FishingSystemTW"/><string name="l0" value="paradise"/><string name="l1" value="back"/><string name="l2" value="7"/><int name="x" value="1434"/><int name="y" value="27"/><int name="z" value="9"/><int name="f" value="0"/><int name="zM" value="14"/><int name="r" value="0"/></imgdir><imgdir name="12"><string name="oS" value="FishingSystemTW"/><string name="l0" value="paradise"/><string name="l1" value="back"/><string name="l2" value="3"/><int name="x" value="1181"/><int name="y" value="-62"/><int name="z" value="5"/><int name="f" value="0"/><int name="zM" value="15"/><int name="r" value="0"/></imgdir><imgdir name="13"><string name="oS" value="FishingSystemTW"/><string name="l0" value="paradise"/><string name="l1" value="back"/><string name="l2" value="3"/><int name="x" value="-961"/><int name="y" value="-82"/><int name="z" value="5"/><int name="f" value="0"/><int name="zM" value="18"/><int name="r" value="0"/></imgdir><imgdir name="5"><string name="oS" value="FishingSystemTW"/><string name="l0" value="paradise"/><string name="l1" value="back"/><string name="l2" value="8"/><int name="x" value="-1347"/><int name="y" value="-96"/><int name="z" value="5"/><int name="f" value="0"/><int name="zM" value="26"/><int name="r" value="0"/></imgdir></imgdir></imgdir><imgdir name="4"><imgdir name="info"></imgdir><imgdir name="tile"></imgdir><imgdir name="obj"><imgdir name="0"><string name="oS" value="FishingSystemTW"/><string name="l0" value="paradise"/><string name="l1" value="acc"/><string name="l2" value="0"/><int name="x" value="-903"/><int name="y" value="-26"/><int name="z" value="9"/><int name="f" value="0"/><int name="zM" value="17"/><int name="r" value="0"/></imgdir><imgdir name="1"><string name="oS" value="FishingSystemTW"/><string name="l0" value="paradise"/><string name="l1" value="acc"/><string name="l2" value="1"/><int name="x" value="-1375"/><int name="y" value="18"/><int name="z" value="9"/><int name="f" value="0"/><int name="zM" value="19"/><int name="r" value="0"/></imgdir><imgdir name="2"><string name="oS" value="FishingSystemTW"/><string name="l0" value="paradise"/><string name="l1" value="acc"/><string name="l2" value="2"/><int name="x" value="-1194"/><int name="y" value="15"/><int name="z" value="9"/><int name="f" value="0"/><int name="zM" value="21"/><int name="r" value="0"/></imgdir><imgdir name="3"><string name="oS" value="FishingSystemTW"/><string name="l0" value="paradise"/><string name="l1" value="acc"/><string name="l2" value="2"/><int name="x" value="1077"/><int name="y" value="15"/><int name="z" value="9"/><int name="f" value="0"/><int name="zM" value="16"/><int name="r" value="0"/></imgdir><imgdir name="4"><string name="oS" value="FishingSystemTW"/><string name="l0" value="paradise"/><string name="l1" value="acc"/><string name="l2" value="0"/><int name="x" value="1348"/><int name="y" value="-23"/><int name="z" value="9"/><int name="f" value="0"/><int name="zM" value="16"/><int name="r" value="0"/></imgdir><imgdir name="5"><string name="oS" value="FishingSystemTW"/><string name="l0" value="paradise"/><string name="l1" value="acc"/><string name="l2" value="3"/><int name="x" value="-568"/><int name="y" value="125"/><int name="z" value="9"/><int name="f" value="0"/><int name="zM" value="24"/><int name="r" value="0"/></imgdir><imgdir name="6"><string name="oS" value="FishingSystemTW"/><string name="l0" value="paradise"/><string name="l1" value="acc"/><string name="l2" value="4"/><int name="x" value="-713"/><int name="y" value="133"/><int name="z" value="10"/><int name="f" value="1"/><int name="zM" value="17"/><int name="r" value="0"/></imgdir><imgdir name="7"><string name="oS" value="FishingSystemTW"/><string name="l0" value="paradise"/><string name="l1" value="acc"/><string name="l2" value="5"/><int name="x" value="-1087"/><int name="y" value="133"/><int name="z" value="10"/><int name="f" value="0"/><int name="zM" value="17"/><int name="r" value="0"/></imgdir><imgdir name="8"><string name="oS" value="FishingSystemTW"/><string name="l0" value="paradise"/><string name="l1" value="acc"/><string name="l2" value="7"/><int name="x" value="873"/><int name="y" value="125"/><int name="z" value="9"/><int name="f" value="0"/><int name="zM" value="25"/><int name="r" value="0"/></imgdir><imgdir name="9"><string name="oS" value="FishingSystemTW"/><string name="l0" value="paradise"/><string name="l1" value="acc"/><string name="l2" value="8"/><int name="x" value="974"/><int name="y" value="123"/><int name="z" value="10"/><int name="f" value="0"/><int name="zM" value="16"/><int name="r" value="0"/></imgdir><imgdir name="10"><string name="oS" value="FishingSystemTW"/><string name="l0" value="paradise"/><string name="l1" value="acc"/><string name="l2" value="9"/><int name="x" value="1850"/><int name="y" value="135"/><int name="z" value="9"/><int name="f" value="0"/><int name="zM" value="22"/><int name="r" value="0"/></imgdir><imgdir name="11"><string name="oS" value="FishingSystemTW"/><string name="l0" value="paradise"/><string name="l1" value="acc"/><string name="l2" value="10"/><int name="x" value="1653"/><int name="y" value="128"/><int name="z" value="9"/><int name="f" value="0"/><int name="zM" value="20"/><int name="r" value="0"/></imgdir><imgdir name="12"><string name="oS" value="FishingSystemTW"/><string name="l0" value="paradise"/><string name="l1" value="acc"/><string name="l2" value="11"/><int name="x" value="1595"/><int name="y" value="112"/><int name="z" value="8"/><int name="f" value="0"/><int name="zM" value="20"/><int name="r" value="0"/></imgdir><imgdir name="13"><string name="oS" value="FishingSystemTW"/><string name="l0" value="paradise"/><string name="l1" value="acc"/><string name="l2" value="17"/><int name="x" value="-1357"/><int name="y" value="88"/><int name="z" value="6"/><int name="f" value="0"/><int name="zM" value="17"/><int name="r" value="0"/></imgdir><imgdir name="14"><string name="oS" value="FishingSystemTW"/><string name="l0" value="paradise"/><string name="l1" value="acc"/><string name="l2" value="18"/><int name="x" value="-776"/><int name="y" value="98"/><int name="z" value="5"/><int name="f" value="0"/><int name="zM" value="17"/><int name="r" value="0"/></imgdir><imgdir name="15"><string name="oS" value="FishingSystemTW"/><string name="l0" value="paradise"/><string name="l1" value="acc"/><string name="l2" value="16"/><int name="x" value="655"/><int name="y" value="133"/><int name="z" value="9"/><int name="f" value="0"/><int name="zM" value="23"/><int name="r" value="0"/></imgdir><imgdir name="16"><string name="oS" value="FishingSystemTW"/><string name="l0" value="paradise"/><string name="l1" value="acc"/><string name="l2" value="20"/><int name="x" value="841"/><int name="y" value="119"/><int name="z" value="5"/><int name="f" value="0"/><int name="zM" value="25"/><int name="r" value="0"/></imgdir><imgdir name="17"><string name="oS" value="FishingSystemTW"/><string name="l0" value="paradise"/><string name="l1" value="acc"/><string name="l2" value="21"/><int name="x" value="946"/><int name="y" value="129"/><int name="z" value="7"/><int name="f" value="0"/><int name="zM" value="16"/><int name="r" value="0"/></imgdir><imgdir name="18"><string name="oS" value="FishingSystemTW"/><string name="l0" value="paradise"/><string name="l1" value="acc"/><string name="l2" value="15"/><int name="x" value="1763"/><int name="y" value="136"/><int name="z" value="9"/><int name="f" value="0"/><int name="zM" value="27"/><int name="r" value="0"/></imgdir><imgdir name="19"><string name="oS" value="FishingSystemTW"/><string name="l0" value="paradise"/><string name="l1" value="acc"/><string name="l2" value="13"/><int name="x" value="1208"/><int name="y" value="138"/><int name="z" value="9"/><int name="f" value="0"/><int name="zM" value="16"/><int name="r" value="0"/></imgdir><imgdir name="20"><string name="oS" value="FishingSystemTW"/><string name="l0" value="paradise"/><string name="l1" value="acc"/><string name="l2" value="12"/><int name="x" value="1071"/><int name="y" value="136"/><int name="z" value="9"/><int name="f" value="0"/><int name="zM" value="16"/><int name="r" value="0"/></imgdir><imgdir name="21"><string name="oS" value="FishingSystemTW"/><string name="l0" value="paradise"/><string name="l1" value="acc"/><string name="l2" value="12"/><int name="x" value="-1194"/><int name="y" value="136"/><int name="z" value="9"/><int name="f" value="0"/><int name="zM" value="17"/><int name="r" value="0"/></imgdir><imgdir name="22"><string name="oS" value="FishingSystemTW"/><string name="l0" value="paradise"/><string name="l1" value="acc"/><string name="l2" value="12"/><int name="x" value="-1511"/><int name="y" value="138"/><int name="z" value="9"/><int name="f" value="0"/><int name="zM" value="17"/><int name="r" value="0"/></imgdir><imgdir name="23"><string name="oS" value="FishingSystemTW"/><string name="l0" value="paradise"/><string name="l1" value="acc"/><string name="l2" value="13"/><int name="x" value="-1577"/><int name="y" value="138"/><int name="z" value="9"/><int name="f" value="0"/><int name="zM" value="17"/><int name="r" value="0"/></imgdir></imgdir></imgdir><imgdir name="5"><imgdir name="info"></imgdir><imgdir name="tile"></imgdir><imgdir name="obj"><imgdir name="0"><string name="oS" value="FishingSystemTW"/><string name="l0" value="paradise"/><string name="l1" value="tile"/><string name="l2" value="0"/><int name="x" value="81"/><int name="y" value="96"/><int name="z" value="8"/><int name="f" value="0"/><int name="zM" value="12"/><int name="r" value="0"/></imgdir><imgdir name="3"><string name="oS" value="FishingSystemTW"/><string name="l0" value="paradise"/><string name="l1" value="back"/><string name="l2" value="12"/><int name="x" value="-323"/><int name="y" value="-80"/><int name="z" value="7"/><int name="f" value="0"/><int name="zM" value="12"/><int name="r" value="0"/></imgdir><imgdir name="4"><string name="oS" value="FishingSystemTW"/><string name="l0" value="paradise"/><string name="l1" value="back"/><string name="l2" value="13"/><int name="x" value="42"/><int name="y" value="-153"/><int name="z" value="3"/><int name="f" value="0"/><int name="zM" value="12"/><int name="r" value="0"/></imgdir><imgdir name="2"><string name="oS" value="FishingSystemTW"/><string name="l0" value="paradise"/><string name="l1" value="back"/><string name="l2" value="2"/><int name="x" value="746"/><int name="y" value="15"/><int name="z" value="7"/><int name="f" value="0"/><int name="zM" value="12"/><int name="r" value="0"/></imgdir><imgdir name="1"><string name="oS" value="FishingSystemTW"/><string name="l0" value="paradise"/><string name="l1" value="back"/><string name="l2" value="14"/><int name="x" value="443"/><int name="y" value="-89"/><int name="z" value="6"/><int name="f" value="0"/><int name="zM" value="12"/><int name="r" value="0"/></imgdir><imgdir name="5"><string name="oS" value="FishingSystemTW"/><string name="l0" value="paradise"/><string name="l1" value="tile"/><string name="l2" value="2"/><int name="x" value="-957"/><int name="y" value="169"/><int name="z" value="9"/><int name="f" value="0"/><int name="zM" value="12"/><int name="r" value="0"/></imgdir><imgdir name="6"><string name="oS" value="FishingSystemTW"/><string name="l0" value="paradise"/><string name="l1" value="tile"/><string name="l2" value="3"/><int name="x" value="1174"/><int name="y" value="169"/><int name="z" value="9"/><int name="f" value="0"/><int name="zM" value="12"/><int name="r" value="0"/></imgdir></imgdir></imgdir><imgdir name="6"><imgdir name="info"></imgdir><imgdir name="tile"></imgdir><imgdir name="obj"><imgdir name="0"><string name="oS" value="FishingSystemTW"/><string name="l0" value="paradise"/><string name="l1" value="back"/><string name="l2" value="26"/><int name="x" value="-1260"/><int name="y" value="291"/><int name="z" value="8"/><int name="f" value="0"/><int name="zM" value="0"/><int name="r" value="0"/></imgdir><imgdir name="1"><string name="oS" value="FishingSystemTW"/><string name="l0" value="paradise"/><string name="l1" value="back"/><string name="l2" value="28"/><int name="x" value="140"/><int name="y" value="291"/><int name="z" value="9"/><int name="f" value="0"/><int name="zM" value="1"/><int name="r" value="0"/></imgdir><imgdir name="2"><string name="oS" value="FishingSystemTW"/><string name="l0" value="paradise"/><string name="l1" value="back"/><string name="l2" value="29"/><int name="x" value="840"/><int name="y" value="291"/><int name="z" value="8"/><int name="f" value="0"/><int name="zM" value="2"/><int name="r" value="0"/></imgdir><imgdir name="3"><string name="oS" value="FishingSystemTW"/><string name="l0" value="paradise"/><string name="l1" value="back"/><string name="l2" value="30"/><int name="x" value="1540"/><int name="y" value="291"/><int name="z" value="8"/><int name="f" value="0"/><int name="zM" value="3"/><int name="r" value="0"/></imgdir><imgdir name="4"><string name="oS" value="FishingSystemTW"/><string name="l0" value="paradise"/><string name="l1" value="back"/><string name="l2" value="27"/><int name="x" value="-560"/><int name="y" value="291"/><int name="z" value="8"/><int name="f" value="0"/><int name="zM" value="4"/><int name="r" value="0"/></imgdir><imgdir name="5"><string name="oS" value="FishingSystemTW"/><string name="l0" value="paradise"/><string name="l1" value="tile"/><string name="l2" value="1"/><int name="x" value="74"/><int name="y" value="26"/><int name="z" value="9"/><int name="f" value="0"/><int name="zM" value="28"/><int name="r" value="0"/></imgdir><imgdir name="6"><string name="oS" value="FishingSystemTW"/><string name="l0" value="paradise"/><string name="l1" value="back"/><string name="l2" value="37"/><int name="x" value="-957"/><int name="y" value="206"/><int name="z" value="11"/><int name="f" value="0"/><int name="zM" value="0"/><int name="r" value="0"/></imgdir><imgdir name="7"><string name="oS" value="FishingSystemTW"/><string name="l0" value="paradise"/><string name="l1" value="back"/><string name="l2" value="38"/><int name="x" value="1174"/><int name="y" value="205"/><int name="z" value="11"/><int name="f" value="0"/><int name="zM" value="0"/><int name="r" value="0"/></imgdir></imgdir></imgdir><imgdir name="7"><imgdir name="info"></imgdir><imgdir name="tile"></imgdir><imgdir name="obj"><imgdir name="1"><string name="oS" value="FishingSystemTW"/><string name="l0" value="paradise"/><string name="l1" value="ani"/><string name="l2" value="5"/><int name="x" value="81"/><int name="y" value="203"/><int name="z" value="9"/><int name="f" value="0"/><int name="zM" value="6"/><int name="r" value="0"/></imgdir><imgdir name="2"><string name="oS" value="FishingSystemTW"/><string name="l0" value="paradise"/><string name="l1" value="back"/><string name="l2" value="15"/><int name="x" value="1371"/><int name="y" value="264"/><int name="z" value="9"/><int name="f" value="0"/><int name="zM" value="8"/><int name="r" value="0"/></imgdir><imgdir name="3"><string name="oS" value="FishingSystemTW"/><string name="l0" value="paradise"/><string name="l1" value="back"/><string name="l2" value="16"/><int name="x" value="-152"/><int name="y" value="282"/><int name="z" value="9"/><int name="f" value="0"/><int name="zM" value="6"/><int name="r" value="0"/></imgdir><imgdir name="4"><string name="oS" value="FishingSystemTW"/><string name="l0" value="paradise"/><string name="l1" value="back"/><string name="l2" value="17"/><int name="x" value="-1084"/><int name="y" value="269"/><int name="z" value="9"/><int name="f" value="0"/><int name="zM" value="7"/><int name="r" value="0"/></imgdir><imgdir name="5"><string name="oS" value="FishingSystemTW"/><string name="l0" value="paradise"/><string name="l1" value="back"/><string name="l2" value="18"/><int name="x" value="546"/><int name="y" value="103"/><int name="z" value="9"/><int name="f" value="0"/><int name="zM" value="5"/><int name="r" value="0"/></imgdir><imgdir name="6"><string name="oS" value="FishingSystemTW"/><string name="l0" value="paradise"/><string name="l1" value="back"/><string name="l2" value="19"/><int name="x" value="-985"/><int name="y" value="125"/><int name="z" value="9"/><int name="f" value="0"/><int name="zM" value="9"/><int name="r" value="0"/></imgdir><imgdir name="7"><string name="oS" value="FishingSystemTW"/><string name="l0" value="paradise"/><string name="l1" value="back"/><string name="l2" value="20"/><int name="x" value="445"/><int name="y" value="224"/><int name="z" value="11"/><int name="f" value="0"/><int name="zM" value="5"/><int name="r" value="0"/></imgdir><imgdir name="8"><string name="oS" value="FishingSystemTW"/><string name="l0" value="paradise"/><string name="l1" value="ani"/><string name="l2" value="1"/><int name="x" value="-210"/><int name="y" value="237"/><int name="z" value="11"/><int name="f" value="0"/><int name="zM" value="6"/><int name="r" value="0"/></imgdir><imgdir name="9"><string name="oS" value="FishingSystemTW"/><string name="l0" value="paradise"/><string name="l1" value="ani"/><string name="l2" value="2"/><int name="x" value="249"/><int name="y" value="151"/><int name="z" value="10"/><int name="f" value="0"/><int name="zM" value="5"/><int name="r" value="0"/></imgdir><imgdir name="10"><string name="oS" value="FishingSystemTW"/><string name="l0" value="paradise"/><string name="l1" value="ani"/><string name="l2" value="3"/><int name="x" value="616"/><int name="y" value="270"/><int name="z" value="11"/><int name="f" value="0"/><int name="zM" value="5"/><int name="r" value="0"/></imgdir><imgdir name="11"><string name="oS" value="FishingSystemTW"/><string name="l0" value="paradise"/><string name="l1" value="back"/><string name="l2" value="21"/><int name="x" value="33"/><int name="y" value="-54"/><int name="z" value="9"/><int name="f" value="0"/><int name="zM" value="5"/><int name="r" value="0"/></imgdir><imgdir name="12"><string name="oS" value="FishingSystemTW"/><string name="l0" value="paradise"/><string name="l1" value="ani"/><string name="l2" value="2"/><int name="x" value="-1084"/><int name="y" value="194"/><int name="z" value="9"/><int name="f" value="0"/><int name="zM" value="9"/><int name="r" value="0"/></imgdir><imgdir name="0"><string name="oS" value="FishingSystemTW"/><string name="l0" value="paradise"/><string name="l1" value="ani"/><string name="l2" value="1"/><int name="x" value="1269"/><int name="y" value="194"/><int name="z" value="9"/><int name="f" value="0"/><int name="zM" value="10"/><int name="r" value="0"/></imgdir><imgdir name="13"><string name="oS" value="FishingSystemTW"/><string name="l0" value="paradise"/><string name="l1" value="ani"/><string name="l2" value="6"/><int name="x" value="-750"/><int name="y" value="-196"/><int name="z" value="9"/><int name="f" value="0"/><int name="zM" value="0"/><int name="r" value="0"/></imgdir></imgdir></imgdir><imgdir name="foothold"><imgdir name="4"><imgdir name="17"><imgdir name="1"><int name="x1" value="-924"/><int name="y1" value="122"/><int name="x2" value="-763"/><int name="y2" value="122"/><int name="prev" value="0"/><int name="next" value="0"/><int name="piece" value="0"/></imgdir></imgdir><imgdir name="16"><imgdir name="2"><int name="x1" value="1327"/><int name="y1" value="125"/><int name="x2" value="1488"/><int name="y2" value="125"/><int name="prev" value="0"/><int name="next" value="0"/><int name="piece" value="0"/></imgdir></imgdir></imgdir><imgdir name="5"><imgdir name="12"><imgdir name="3"><int name="x1" value="-401"/><int name="y1" value="129"/><int name="x2" value="-336"/><int name="y2" value="99"/><int name="prev" value="0"/><int name="next" value="4"/><int name="piece" value="0"/></imgdir><imgdir name="4"><int name="x1" value="-336"/><int name="y1" value="99"/><int name="x2" value="-276"/><int name="y2" value="81"/><int name="prev" value="3"/><int name="next" value="5"/><int name="piece" value="0"/></imgdir><imgdir name="5"><int name="x1" value="-276"/><int name="y1" value="81"/><int name="x2" value="-204"/><int name="y2" value="68"/><int name="prev" value="4"/><int name="next" value="6"/><int name="piece" value="0"/></imgdir><imgdir name="6"><int name="x1" value="-204"/><int name="y1" value="68"/><int name="x2" value="-135"/><int name="y2" value="59"/><int name="prev" value="5"/><int name="next" value="7"/><int name="piece" value="0"/></imgdir><imgdir name="7"><int name="x1" value="-135"/><int name="y1" value="59"/><int name="x2" value="-68"/><int name="y2" value="53"/><int name="prev" value="6"/><int name="next" value="8"/><int name="piece" value="0"/></imgdir><imgdir name="8"><int name="x1" value="-68"/><int name="y1" value="53"/><int name="x2" value="32"/><int name="y2" value="51"/><int name="prev" value="7"/><int name="next" value="9"/><int name="piece" value="0"/></imgdir><imgdir name="9"><int name="x1" value="32"/><int name="y1" value="51"/><int name="x2" value="121"/><int name="y2" value="52"/><int name="prev" value="8"/><int name="next" value="10"/><int name="piece" value="0"/></imgdir><imgdir name="10"><int name="x1" value="121"/><int name="y1" value="52"/><int name="x2" value="199"/><int name="y2" value="56"/><int name="prev" value="9"/><int name="next" value="11"/><int name="piece" value="0"/></imgdir><imgdir name="11"><int name="x1" value="199"/><int name="y1" value="56"/><int name="x2" value="274"/><int name="y2" value="65"/><int name="prev" value="10"/><int name="next" value="12"/><int name="piece" value="0"/></imgdir><imgdir name="12"><int name="x1" value="274"/><int name="y1" value="65"/><int name="x2" value="347"/><int name="y2" value="75"/><int name="prev" value="11"/><int name="next" value="13"/><int name="piece" value="0"/></imgdir><imgdir name="13"><int name="x1" value="347"/><int name="y1" value="75"/><int name="x2" value="426"/><int name="y2" value="92"/><int name="prev" value="12"/><int name="next" value="14"/><int name="piece" value="0"/></imgdir><imgdir name="14"><int name="x1" value="426"/><int name="y1" value="92"/><int name="x2" value="487"/><int name="y2" value="115"/><int name="prev" value="13"/><int name="next" value="15"/><int name="piece" value="0"/></imgdir><imgdir name="15"><int name="x1" value="487"/><int name="y1" value="115"/><int name="x2" value="534"/><int name="y2" value="144"/><int name="prev" value="14"/><int name="next" value="16"/><int name="piece" value="0"/></imgdir><imgdir name="16"><int name="x1" value="534"/><int name="y1" value="144"/><int name="x2" value="534"/><int name="y2" value="158"/><int name="prev" value="15"/><int name="next" value="19"/><int name="piece" value="0"/></imgdir><imgdir name="17"><int name="x1" value="-1610"/><int name="y1" value="158"/><int name="x2" value="-336"/><int name="y2" value="158"/><int name="prev" value="0"/><int name="next" value="18"/><int name="piece" value="0"/></imgdir><imgdir name="18"><int name="x1" value="-336"/><int name="y1" value="158"/><int name="x2" value="-336"/><int name="y2" value="102"/><int name="prev" value="17"/><int name="next" value="0"/><int name="piece" value="0"/></imgdir><imgdir name="19"><int name="x1" value="534"/><int name="y1" value="158"/><int name="x2" value="1891"/><int name="y2" value="158"/><int name="prev" value="16"/><int name="next" value="0"/><int name="piece" value="0"/></imgdir></imgdir></imgdir></imgdir><imgdir name="ladderRope"></imgdir><imgdir name="miniMap"><canvas name="canvas" width="225" height="74"></canvas><int name="width" value="3601"/><int name="height" value="1186"/><int name="centerX" value="1661"/><int name="centerY" value="742"/><int name="mag" value="4"/></imgdir><imgdir name="portal"><imgdir name="0"><string name="pn" value="sp"/><int name="pt" value="0"/><int name="x" value="-1546"/><int name="y" value="61"/><int name="tm" value="999999999"/><string name="tn" value=""/></imgdir><imgdir name="1"><string name="pn" value="outFishing"/><int name="pt" value="7"/><int name="x" value="-1547"/><int name="y" value="155"/><int name="tm" value="999999999"/><string name="tn" value=""/><string name="script" value="leaveFish"/><int name="hideTooltip" value="0"/><int name="onlyOnce" value="0"/><int name="delay" value="0"/></imgdir></imgdir><imgdir name="noSkill"><imgdir name="class"><int name="0" value="1"/><int name="1" value="2"/><int name="2" value="3"/><int name="3" value="4"/></imgdir></imgdir><imgdir name="user"><imgdir name="0"><imgdir name="cond"><int name="jobCategory" value="5"/></imgdir><imgdir name="stat"><int name="speed" value="140"/><int name="jump" value="120"/></imgdir></imgdir><imgdir name="1"><imgdir name="cond"><int name="jobCategory" value="1"/></imgdir><imgdir name="stat"><int name="speed" value="140"/><int name="jump" value="120"/></imgdir></imgdir><imgdir name="2"><imgdir name="cond"><int name="jobCategory" value="2"/></imgdir><imgdir name="stat"><int name="speed" value="140"/><int name="jump" value="120"/></imgdir></imgdir><imgdir name="3"><imgdir name="cond"><int name="jobCategory" value="3"/></imgdir><imgdir name="stat"><int name="speed" value="140"/><int name="jump" value="120"/></imgdir></imgdir><imgdir name="4"><imgdir name="cond"><int name="jobCategory" value="4"/></imgdir><imgdir name="stat"><int name="speed" value="140"/><int name="jump" value="120"/></imgdir></imgdir></imgdir></imgdir>