<?xml version="1.0" encoding="UTF-8" standalone="yes"?><imgdir name="777777777.img"><imgdir name="0"><imgdir name="info"></imgdir><imgdir name="tile"></imgdir><imgdir name="obj"><imgdir name="0"><string name="oS" value="login"/><string name="l0" value="Title"/><string name="l1" value="logo"/><string name="l2" value="0"/><int name="x" value="19"/><int name="y" value="-183"/><int name="z" value="3"/><int name="f" value="0"/><int name="zM" value="2"/></imgdir><imgdir name="1"><string name="oS" value="login"/><string name="l0" value="WorldSelect"/><string name="l1" value="neoCity"/><string name="l2" value="0"/><int name="x" value="34"/><int name="y" value="-648"/><int name="z" value="0"/><int name="f" value="0"/><int name="zM" value="0"/><int name="r" value="0"/></imgdir><imgdir name="2"><string name="oS" value="login"/><string name="l0" value="WorldSelect"/><string name="l1" value="neoCity"/><string name="l2" value="1"/><int name="x" value="174"/><int name="y" value="-555"/><int name="z" value="2"/><int name="f" value="0"/><int name="zM" value="0"/><int name="r" value="0"/></imgdir><imgdir name="3"><string name="oS" value="login"/><string name="l0" value="WorldSelect"/><string name="l1" value="neoCity"/><string name="l2" value="2"/><int name="x" value="126"/><int name="y" value="-577"/><int name="z" value="4"/><int name="f" value="0"/><int name="zM" value="0"/><int name="r" value="0"/></imgdir><imgdir name="4"><string name="oS" value="login"/><string name="l0" value="WorldSelect"/><string name="l1" value="neoCity"/><string name="l2" value="3"/><int name="x" value="117"/><int name="y" value="-591"/><int name="z" value="6"/><int name="f" value="0"/><int name="zM" value="0"/><int name="r" value="0"/></imgdir><imgdir name="5"><string name="oS" value="login"/><string name="l0" value="WorldSelect"/><string name="l1" value="neoCity"/><string name="l2" value="4"/><int name="x" value="-130"/><int name="y" value="-644"/><int name="z" value="6"/><int name="f" value="0"/><int name="zM" value="0"/><int name="r" value="0"/></imgdir><imgdir name="6"><string name="oS" value="login"/><string name="l0" value="WorldSelect"/><string name="l1" value="neoCity"/><string name="l2" value="5"/><int name="x" value="-126"/><int name="y" value="-490"/><int name="z" value="9"/><int name="f" value="0"/><int name="zM" value="0"/><int name="r" value="0"/></imgdir></imgdir></imgdir><imgdir name="1"><imgdir name="info"></imgdir><imgdir name="tile"></imgdir><imgdir name="obj"><imgdir name="4"><string name="oS" value="login"/><string name="l0" value="CharSelect"/><string name="l1" value="signboard"/><string name="l2" value="0"/><int name="x" value="253"/><int name="y" value="-1258"/><int name="z" value="3"/><int name="f" value="0"/><int name="zM" value="5"/></imgdir><imgdir name="1"><string name="oS" value="login"/><string name="l0" value="WorldSelect"/><string name="l1" value="signboard"/><string name="l2" value="0"/><int name="x" value="51"/><int name="y" value="-888"/><int name="z" value="20"/><int name="f" value="0"/><int name="zM" value="3"/></imgdir><imgdir name="2"><string name="oS" value="login"/><string name="l0" value="WorldSelect"/><string name="l1" value="signboard"/><string name="l2" value="2"/><int name="x" value="42"/><int name="y" value="-753"/><int name="z" value="0"/><int name="f" value="0"/><int name="zM" value="3"/></imgdir><imgdir name="3"><string name="oS" value="login"/><string name="l0" value="WorldSelect"/><string name="l1" value="signboard"/><string name="l2" value="1"/><int name="x" value="50"/><int name="y" value="-1044"/><int name="z" value="3"/><int name="f" value="0"/><int name="zM" value="4"/></imgdir><imgdir name="0"><string name="oS" value="login"/><string name="l0" value="Title"/><string name="l1" value="signboard"/><string name="l2" value="0"/><int name="x" value="137"/><int name="y" value="21"/><int name="z" value="3"/><int name="f" value="0"/><int name="zM" value="0"/></imgdir></imgdir></imgdir><imgdir name="2"><imgdir name="info"></imgdir><imgdir name="tile"></imgdir><imgdir name="obj"></imgdir></imgdir><imgdir name="3"><imgdir name="info"></imgdir><imgdir name="tile"></imgdir><imgdir name="obj"></imgdir></imgdir><imgdir name="4"><imgdir name="info"></imgdir><imgdir name="tile"></imgdir><imgdir name="obj"><imgdir name="0"><string name="oS" value="login"/><string name="l0" value="Title"/><string name="l1" value="effect"/><string name="l2" value="0"/><int name="x" value="190"/><int name="y" value="-306"/><int name="z" value="3"/><int name="f" value="0"/><int name="zM" value="1"/></imgdir><imgdir name="1"><string name="oS" value="login"/><string name="l0" value="Title"/><string name="l1" value="effect"/><string name="l2" value="1"/><int name="x" value="189"/><int name="y" value="-304"/><int name="z" value="2"/><int name="f" value="0"/><int name="zM" value="1"/></imgdir><imgdir name="2"><string name="oS" value="login"/><string name="l0" value="Title"/><string name="l1" value="effect"/><string name="l2" value="2"/><int name="x" value="194"/><int name="y" value="-303"/><int name="z" value="4"/><int name="f" value="0"/><int name="zM" value="1"/></imgdir><imgdir name="3"><string name="oS" value="login"/><string name="l0" value="Title"/><string name="l1" value="effect"/><string name="l2" value="3"/><int name="x" value="186"/><int name="y" value="-304"/><int name="z" value="2"/><int name="f" value="0"/><int name="zM" value="1"/></imgdir><imgdir name="4"><string name="oS" value="login"/><string name="l0" value="Title"/><string name="l1" value="effect"/><string name="l2" value="4"/><int name="x" value="180"/><int name="y" value="-304"/><int name="z" value="1"/><int name="f" value="0"/><int name="zM" value="1"/></imgdir><imgdir name="5"><string name="oS" value="login"/><string name="l0" value="Title"/><string name="l1" value="effect"/><string name="l2" value="5"/><int name="x" value="183"/><int name="y" value="-305"/><int name="z" value="5"/><int name="f" value="0"/><int name="zM" value="1"/></imgdir></imgdir></imgdir><imgdir name="5"><imgdir name="info"></imgdir><imgdir name="tile"></imgdir><imgdir name="obj"></imgdir></imgdir><imgdir name="6"><imgdir name="info"></imgdir><imgdir name="tile"></imgdir><imgdir name="obj"></imgdir></imgdir><imgdir name="7"><imgdir name="info"></imgdir><imgdir name="tile"></imgdir><imgdir name="obj"></imgdir></imgdir><imgdir name="back"><imgdir name="0"><string name="bS" value="login"/><int name="front" value="0"/><int name="ani" value="0"/><int name="no" value="0"/><int name="x" value="-315"/><int name="y" value="-615"/><int name="rx" value="-100"/><int name="ry" value="-100"/><int name="type" value="1"/><int name="cx" value="0"/><int name="cy" value="0"/><int name="a" value="255"/><int name="f" value="0"/></imgdir><imgdir name="1"><string name="bS" value="login"/><int name="front" value="0"/><int name="ani" value="0"/><int name="no" value="1"/><int name="x" value="-400"/><int name="y" value="-1200"/><int name="rx" value="-100"/><int name="ry" value="-100"/><int name="type" value="1"/><int name="cx" value="0"/><int name="cy" value="0"/><int name="a" value="255"/><int name="f" value="0"/></imgdir><imgdir name="2"><string name="bS" value="login"/><int name="front" value="0"/><int name="ani" value="0"/><int name="no" value="2"/><int name="x" value="-400"/><int name="y" value="-1800"/><int name="rx" value="-100"/><int name="ry" value="-100"/><int name="type" value="1"/><int name="cx" value="0"/><int name="cy" value="0"/><int name="a" value="255"/><int name="f" value="0"/></imgdir><imgdir name="3"><string name="bS" value="login"/><int name="front" value="0"/><int name="ani" value="0"/><int name="no" value="2"/><int name="f" value="0"/><int name="x" value="-400"/><int name="y" value="-2399"/><int name="rx" value="-100"/><int name="ry" value="-100"/><int name="type" value="1"/><int name="cx" value="0"/><int name="cy" value="0"/><int name="a" value="255"/></imgdir><imgdir name="5"><string name="bS" value="login"/><int name="front" value="0"/><int name="ani" value="0"/><int name="no" value="3"/><int name="x" value="157"/><int name="y" value="-2441"/><int name="rx" value="-5"/><int name="ry" value="-100"/><int name="type" value="4"/><int name="cx" value="1000"/><int name="cy" value="0"/><int name="a" value="255"/><int name="f" value="0"/></imgdir><imgdir name="6"><string name="bS" value="login"/><int name="front" value="0"/><int name="ani" value="0"/><int name="no" value="5"/><int name="x" value="306"/><int name="y" value="-2183"/><int name="rx" value="-5"/><int name="ry" value="-100"/><int name="type" value="4"/><int name="cx" value="750"/><int name="cy" value="0"/><int name="a" value="255"/><int name="f" value="0"/></imgdir><imgdir name="8"><string name="bS" value="login"/><int name="front" value="0"/><int name="ani" value="0"/><int name="no" value="9"/><int name="x" value="-240"/><int name="y" value="-2152"/><int name="rx" value="-6"/><int name="ry" value="-100"/><int name="type" value="4"/><int name="cx" value="1000"/><int name="cy" value="0"/><int name="a" value="255"/><int name="f" value="0"/></imgdir><imgdir name="9"><string name="bS" value="login"/><int name="front" value="0"/><int name="ani" value="0"/><int name="no" value="6"/><int name="x" value="23"/><int name="y" value="-2152"/><int name="rx" value="-7"/><int name="ry" value="-100"/><int name="type" value="4"/><int name="cx" value="900"/><int name="cy" value="0"/><int name="a" value="255"/><int name="f" value="0"/></imgdir><imgdir name="14"><string name="bS" value="login"/><int name="front" value="0"/><int name="ani" value="1"/><int name="no" value="0"/><int name="x" value="-182"/><int name="y" value="-1354"/><int name="rx" value="12"/><int name="ry" value="-100"/><int name="type" value="4"/><int name="cx" value="1100"/><int name="cy" value="0"/><int name="a" value="255"/><int name="f" value="0"/></imgdir><imgdir name="15"><string name="bS" value="login"/><int name="front" value="0"/><int name="ani" value="1"/><int name="no" value="2"/><int name="x" value="-212"/><int name="y" value="-1366"/><int name="rx" value="12"/><int name="ry" value="-100"/><int name="type" value="4"/><int name="cx" value="1100"/><int name="cy" value="0"/><int name="a" value="255"/><int name="f" value="0"/></imgdir><imgdir name="16"><string name="bS" value="login"/><int name="front" value="0"/><int name="ani" value="1"/><int name="no" value="1"/><int name="x" value="-197"/><int name="y" value="-1341"/><int name="rx" value="12"/><int name="ry" value="-100"/><int name="type" value="4"/><int name="cx" value="1100"/><int name="cy" value="0"/><int name="a" value="255"/><int name="f" value="0"/></imgdir><imgdir name="17"><string name="bS" value="login"/><int name="front" value="0"/><int name="ani" value="1"/><int name="no" value="1"/><int name="x" value="-221"/><int name="y" value="-1350"/><int name="rx" value="12"/><int name="ry" value="-100"/><int name="type" value="4"/><int name="cx" value="1100"/><int name="cy" value="0"/><int name="a" value="255"/><int name="f" value="0"/></imgdir><imgdir name="4"><string name="bS" value="login"/><int name="front" value="0"/><int name="ani" value="0"/><int name="no" value="2"/><int name="f" value="0"/><int name="x" value="-400"/><int name="y" value="-2999"/><int name="rx" value="-100"/><int name="ry" value="-100"/><int name="type" value="1"/><int name="cx" value="0"/><int name="cy" value="0"/><int name="a" value="255"/></imgdir><imgdir name="7"><string name="bS" value="login"/><int name="front" value="0"/><int name="ani" value="0"/><int name="no" value="3"/><int name="x" value="-111"/><int name="y" value="-1442"/><int name="rx" value="-4"/><int name="ry" value="-100"/><int name="type" value="4"/><int name="cx" value="800"/><int name="cy" value="0"/><int name="a" value="255"/><int name="f" value="0"/></imgdir><imgdir name="13"><string name="bS" value="login"/><int name="front" value="0"/><int name="ani" value="0"/><int name="no" value="4"/><int name="x" value="324"/><int name="y" value="-838"/><int name="rx" value="-4"/><int name="ry" value="-100"/><int name="type" value="4"/><int name="cx" value="700"/><int name="cy" value="0"/><int name="a" value="255"/><int name="f" value="0"/></imgdir><imgdir name="12"><string name="bS" value="login"/><int name="front" value="0"/><int name="ani" value="0"/><int name="no" value="8"/><int name="x" value="111"/><int name="y" value="-2195"/><int name="rx" value="-5"/><int name="ry" value="-100"/><int name="type" value="4"/><int name="cx" value="1200"/><int name="cy" value="0"/><int name="a" value="255"/><int name="f" value="0"/></imgdir><imgdir name="11"><string name="bS" value="login"/><int name="front" value="0"/><int name="ani" value="0"/><int name="no" value="10"/><int name="x" value="-245"/><int name="y" value="-1483"/><int name="rx" value="-7"/><int name="ry" value="-100"/><int name="type" value="4"/><int name="cx" value="850"/><int name="cy" value="0"/><int name="a" value="255"/><int name="f" value="0"/></imgdir><imgdir name="10"><string name="bS" value="login"/><int name="front" value="0"/><int name="ani" value="0"/><int name="no" value="5"/><int name="x" value="-48"/><int name="y" value="-1106"/><int name="rx" value="-4"/><int name="ry" value="-100"/><int name="type" value="4"/><int name="cx" value="800"/><int name="cy" value="0"/><int name="a" value="255"/><int name="f" value="0"/></imgdir><imgdir name="18"><string name="bS" value="login"/><int name="front" value="0"/><int name="ani" value="1"/><int name="no" value="2"/><int name="x" value="-234"/><int name="y" value="-1333"/><int name="rx" value="12"/><int name="ry" value="-100"/><int name="type" value="4"/><int name="cx" value="1100"/><int name="cy" value="0"/><int name="a" value="255"/><int name="f" value="0"/></imgdir><imgdir name="19"><string name="bS" value="login"/><int name="front" value="0"/><int name="ani" value="0"/><int name="no" value="2"/><int name="f" value="0"/><int name="x" value="0"/><int name="y" value="-3600"/><int name="rx" value="12"/><int name="ry" value="-100"/><int name="type" value="1"/><int name="cx" value="0"/><int name="cy" value="0"/><int name="a" value="255"/></imgdir><imgdir name="20"><string name="bS" value="login"/><int name="front" value="0"/><int name="ani" value="1"/><int name="no" value="1"/><int name="x" value="-252"/><int name="y" value="-1346"/><int name="rx" value="12"/><int name="ry" value="-100"/><int name="type" value="4"/><int name="cx" value="1100"/><int name="cy" value="0"/><int name="a" value="255"/><int name="f" value="0"/></imgdir><imgdir name="22"><string name="bS" value="login"/><int name="front" value="0"/><int name="ani" value="1"/><int name="no" value="3"/><int name="x" value="-287"/><int name="y" value="-1342"/><int name="rx" value="12"/><int name="ry" value="-100"/><int name="type" value="4"/><int name="cx" value="1100"/><int name="cy" value="0"/><int name="a" value="255"/><int name="f" value="0"/></imgdir><imgdir name="23"><string name="bS" value="login"/><int name="front" value="0"/><int name="ani" value="1"/><int name="no" value="3"/><int name="f" value="0"/><int name="x" value="-287"/><int name="y" value="-3642"/><int name="rx" value="12"/><int name="ry" value="-100"/><int name="type" value="4"/><int name="cx" value="1000"/><int name="cy" value="0"/><int name="a" value="255"/></imgdir><imgdir name="24"><string name="bS" value="login"/><int name="front" value="0"/><int name="ani" value="1"/><int name="no" value="0"/><int name="x" value="-307"/><int name="y" value="-1336"/><int name="rx" value="12"/><int name="ry" value="-100"/><int name="type" value="4"/><int name="cx" value="1100"/><int name="cy" value="0"/><int name="a" value="255"/><int name="f" value="0"/></imgdir><imgdir name="25"><string name="bS" value="login"/><int name="front" value="0"/><int name="ani" value="0"/><int name="no" value="11"/><int name="x" value="0"/><int name="y" value="0"/><int name="rx" value="-100"/><int name="ry" value="-100"/><int name="type" value="0"/><int name="cx" value="0"/><int name="cy" value="0"/><int name="a" value="255"/><int name="f" value="0"/></imgdir><imgdir name="26"><string name="bS" value="login"/><int name="front" value="0"/><int name="ani" value="0"/><int name="no" value="12"/><int name="x" value="5"/><int name="y" value="-447"/><int name="rx" value="-100"/><int name="ry" value="-100"/><int name="type" value="0"/><int name="cx" value="0"/><int name="cy" value="0"/><int name="a" value="255"/><int name="f" value="0"/></imgdir><imgdir name="27"><string name="bS" value="login"/><int name="front" value="0"/><int name="ani" value="0"/><int name="no" value="13"/><int name="x" value="-181"/><int name="y" value="-818"/><int name="rx" value="-100"/><int name="ry" value="-100"/><int name="type" value="0"/><int name="cx" value="0"/><int name="cy" value="0"/><int name="a" value="255"/><int name="f" value="0"/></imgdir><imgdir name="28"><string name="bS" value="login"/><int name="front" value="0"/><int name="ani" value="0"/><int name="no" value="14"/><int name="x" value="-7"/><int name="y" value="-1122"/><int name="rx" value="-100"/><int name="ry" value="-100"/><int name="type" value="0"/><int name="cx" value="0"/><int name="cy" value="0"/><int name="a" value="255"/><int name="f" value="0"/></imgdir><imgdir name="21"><string name="bS" value="login"/><int name="front" value="0"/><int name="ani" value="1"/><int name="no" value="0"/><int name="x" value="-264"/><int name="y" value="-1327"/><int name="rx" value="12"/><int name="ry" value="-100"/><int name="type" value="4"/><int name="cx" value="1100"/><int name="cy" value="0"/><int name="a" value="255"/><int name="f" value="0"/></imgdir><imgdir name="29"><string name="bS" value="login"/><int name="front" value="0"/><int name="ani" value="0"/><int name="no" value="3"/><int name="f" value="0"/><int name="x" value="66"/><int name="y" value="-3044"/><int name="rx" value="12"/><int name="ry" value="-100"/><int name="type" value="4"/><int name="cx" value="3000"/><int name="cy" value="0"/><int name="a" value="255"/></imgdir><imgdir name="30"><string name="bS" value="login"/><int name="front" value="0"/><int name="ani" value="0"/><int name="no" value="3"/><int name="f" value="0"/><int name="x" value="66"/><int name="y" value="-3644"/><int name="rx" value="12"/><int name="ry" value="-100"/><int name="type" value="4"/><int name="cx" value="3000"/><int name="cy" value="0"/><int name="a" value="255"/></imgdir><imgdir name="31"><string name="bS" value="login"/><int name="front" value="0"/><int name="ani" value="0"/><int name="no" value="4"/><int name="f" value="0"/><int name="x" value="247"/><int name="y" value="-3236"/><int name="rx" value="10"/><int name="ry" value="-100"/><int name="type" value="4"/><int name="cx" value="2500"/><int name="cy" value="0"/><int name="a" value="255"/></imgdir><imgdir name="33"><string name="bS" value="login"/><int name="front" value="0"/><int name="ani" value="0"/><int name="no" value="5"/><int name="f" value="0"/><int name="x" value="3"/><int name="y" value="-3444"/><int name="rx" value="13"/><int name="ry" value="-100"/><int name="type" value="4"/><int name="cx" value="4200"/><int name="cy" value="0"/><int name="a" value="255"/></imgdir><imgdir name="32"><string name="bS" value="login"/><int name="front" value="0"/><int name="ani" value="0"/><int name="no" value="5"/><int name="f" value="0"/><int name="x" value="3"/><int name="y" value="-2844"/><int name="rx" value="13"/><int name="ry" value="-100"/><int name="type" value="4"/><int name="cx" value="4200"/><int name="cy" value="0"/><int name="a" value="255"/></imgdir><imgdir name="34"><string name="bS" value="login"/><int name="front" value="0"/><int name="ani" value="0"/><int name="no" value="8"/><int name="f" value="0"/><int name="x" value="42"/><int name="y" value="-2732"/><int name="rx" value="8"/><int name="ry" value="-100"/><int name="type" value="4"/><int name="cx" value="2700"/><int name="cy" value="0"/><int name="a" value="255"/></imgdir><imgdir name="35"><string name="bS" value="login"/><int name="front" value="0"/><int name="ani" value="0"/><int name="no" value="8"/><int name="f" value="0"/><int name="x" value="42"/><int name="y" value="-3782"/><int name="rx" value="8"/><int name="ry" value="-100"/><int name="type" value="4"/><int name="cx" value="2700"/><int name="cy" value="0"/><int name="a" value="255"/></imgdir><imgdir name="36"><string name="bS" value="login"/><int name="front" value="0"/><int name="ani" value="0"/><int name="no" value="4"/><int name="f" value="0"/><int name="x" value="42"/><int name="y" value="-3732"/><int name="rx" value="8"/><int name="ry" value="-100"/><int name="type" value="4"/><int name="cx" value="2700"/><int name="cy" value="0"/><int name="a" value="255"/></imgdir><imgdir name="37"><string name="bS" value="login"/><int name="front" value="0"/><int name="ani" value="0"/><int name="no" value="9"/><int name="f" value="0"/><int name="x" value="424"/><int name="y" value="-2775"/><int name="rx" value="8"/><int name="ry" value="-100"/><int name="type" value="4"/><int name="cx" value="3000"/><int name="cy" value="0"/><int name="a" value="255"/></imgdir><imgdir name="38"><string name="bS" value="login"/><int name="front" value="0"/><int name="ani" value="0"/><int name="no" value="15"/><int name="f" value="0"/><int name="x" value="-180"/><int name="y" value="-3233"/><int name="rx" value="-100"/><int name="ry" value="-100"/><int name="type" value="0"/><int name="cx" value="0"/><int name="cy" value="0"/><int name="a" value="255"/></imgdir><imgdir name="41"><string name="bS" value="login"/><int name="front" value="0"/><int name="ani" value="0"/><int name="no" value="16"/><int name="f" value="0"/><int name="x" value="-132"/><int name="y" value="-2918"/><int name="rx" value="-100"/><int name="ry" value="-100"/><int name="type" value="0"/><int name="cx" value="0"/><int name="cy" value="0"/><int name="a" value="255"/></imgdir><imgdir name="43"><string name="bS" value="login"/><int name="front" value="0"/><int name="ani" value="0"/><int name="no" value="18"/><int name="f" value="0"/><int name="x" value="17"/><int name="y" value="-2099"/><int name="rx" value="-100"/><int name="ry" value="-100"/><int name="type" value="0"/><int name="cx" value="0"/><int name="cy" value="0"/><int name="a" value="255"/></imgdir><imgdir name="44"><string name="bS" value="login"/><int name="front" value="0"/><int name="ani" value="0"/><int name="no" value="15"/><int name="x" value="-179"/><int name="y" value="-1434"/><int name="rx" value="-100"/><int name="ry" value="-100"/><int name="type" value="0"/><int name="cx" value="0"/><int name="cy" value="0"/><int name="a" value="255"/><int name="f" value="0"/></imgdir><imgdir name="45"><string name="bS" value="login"/><int name="front" value="0"/><int name="ani" value="0"/><int name="no" value="30"/><int name="f" value="0"/><int name="x" value="-135"/><int name="y" value="-2400"/><int name="rx" value="-100"/><int name="ry" value="-100"/><int name="type" value="0"/><int name="cx" value="0"/><int name="cy" value="0"/><int name="a" value="255"/></imgdir><imgdir name="46"><string name="bS" value="login"/><int name="front" value="0"/><int name="ani" value="0"/><int name="no" value="31"/><int name="f" value="0"/><int name="x" value="295"/><int name="y" value="-2621"/><int name="rx" value="-100"/><int name="ry" value="-100"/><int name="type" value="0"/><int name="cx" value="0"/><int name="cy" value="0"/><int name="a" value="255"/></imgdir><imgdir name="42"><string name="bS" value="login"/><int name="front" value="0"/><int name="ani" value="0"/><int name="no" value="17"/><int name="f" value="0"/><int name="x" value="-172"/><int name="y" value="-3056"/><int name="rx" value="-100"/><int name="ry" value="-100"/><int name="type" value="0"/><int name="cx" value="0"/><int name="cy" value="0"/><int name="a" value="255"/></imgdir><imgdir name="47"><string name="bS" value="login"/><int name="front" value="0"/><int name="ani" value="0"/><int name="no" value="32"/><int name="f" value="0"/><int name="x" value="241"/><int name="y" value="-2550"/><int name="rx" value="-100"/><int name="ry" value="-100"/><int name="type" value="0"/><int name="cx" value="0"/><int name="cy" value="0"/><int name="a" value="255"/></imgdir><imgdir name="40"><string name="bS" value="login"/><int name="front" value="0"/><int name="ani" value="0"/><int name="no" value="15"/><int name="f" value="0"/><int name="x" value="-180"/><int name="y" value="-2633"/><int name="rx" value="-100"/><int name="ry" value="-100"/><int name="type" value="0"/><int name="cx" value="0"/><int name="cy" value="0"/><int name="a" value="255"/></imgdir><imgdir name="39"><string name="bS" value="login"/><int name="front" value="0"/><int name="ani" value="0"/><int name="no" value="33"/><int name="f" value="0"/><int name="x" value="-22"/><int name="y" value="-3608"/><int name="rx" value="-100"/><int name="ry" value="-100"/><int name="type" value="0"/><int name="cx" value="0"/><int name="cy" value="0"/><int name="a" value="255"/></imgdir></imgdir><imgdir name="foothold"><imgdir name="2"><imgdir name="1"><imgdir name="1"><int name="x1" value="-315"/><int name="y1" value="197"/><int name="x2" value="-283"/><int name="y2" value="197"/><int name="prev" value="12"/><int name="next" value="13"/></imgdir><imgdir name="2"><int name="x1" value="-225"/><int name="y1" value="197"/><int name="x2" value="-135"/><int name="y2" value="197"/><int name="prev" value="13"/><int name="next" value="10"/></imgdir><imgdir name="3"><int name="x1" value="373"/><int name="y1" value="197"/><int name="x2" value="437"/><int name="y2" value="197"/><int name="prev" value="5"/><int name="next" value="4"/></imgdir><imgdir name="4"><int name="x1" value="437"/><int name="y1" value="197"/><int name="x2" value="437"/><int name="y2" value="210"/><int name="prev" value="3"/><int name="next" value="0"/></imgdir><imgdir name="5"><int name="x1" value="315"/><int name="y1" value="197"/><int name="x2" value="373"/><int name="y2" value="197"/><int name="prev" value="7"/><int name="next" value="3"/></imgdir><imgdir name="6"><int name="x1" value="135"/><int name="y1" value="197"/><int name="x2" value="225"/><int name="y2" value="197"/><int name="prev" value="8"/><int name="next" value="7"/></imgdir><imgdir name="7"><int name="x1" value="225"/><int name="y1" value="197"/><int name="x2" value="315"/><int name="y2" value="197"/><int name="prev" value="6"/><int name="next" value="5"/></imgdir><imgdir name="8"><int name="x1" value="45"/><int name="y1" value="197"/><int name="x2" value="135"/><int name="y2" value="197"/><int name="prev" value="9"/><int name="next" value="6"/></imgdir><imgdir name="9"><int name="x1" value="-45"/><int name="y1" value="197"/><int name="x2" value="45"/><int name="y2" value="197"/><int name="prev" value="10"/><int name="next" value="8"/></imgdir><imgdir name="10"><int name="x1" value="-135"/><int name="y1" value="197"/><int name="x2" value="-45"/><int name="y2" value="197"/><int name="prev" value="2"/><int name="next" value="9"/></imgdir><imgdir name="11"><int name="x1" value="-347"/><int name="y1" value="210"/><int name="x2" value="-347"/><int name="y2" value="197"/><int name="prev" value="0"/><int name="next" value="12"/></imgdir><imgdir name="12"><int name="x1" value="-347"/><int name="y1" value="197"/><int name="x2" value="-315"/><int name="y2" value="197"/><int name="prev" value="11"/><int name="next" value="1"/></imgdir><imgdir name="13"><int name="x1" value="-283"/><int name="y1" value="197"/><int name="x2" value="-225"/><int name="y2" value="197"/><int name="prev" value="1"/><int name="next" value="2"/></imgdir></imgdir><imgdir name="26"><imgdir name="14"><int name="x1" value="-135"/><int name="y1" value="-1003"/><int name="x2" value="-45"/><int name="y2" value="-1003"/><int name="prev" value="24"/><int name="next" value="15"/></imgdir><imgdir name="15"><int name="x1" value="-45"/><int name="y1" value="-1003"/><int name="x2" value="45"/><int name="y2" value="-1003"/><int name="prev" value="14"/><int name="next" value="16"/></imgdir><imgdir name="16"><int name="x1" value="45"/><int name="y1" value="-1003"/><int name="x2" value="135"/><int name="y2" value="-1003"/><int name="prev" value="15"/><int name="next" value="19"/></imgdir><imgdir name="17"><int name="x1" value="373"/><int name="y1" value="-1003"/><int name="x2" value="437"/><int name="y2" value="-1003"/><int name="prev" value="20"/><int name="next" value="18"/></imgdir><imgdir name="18"><int name="x1" value="437"/><int name="y1" value="-1003"/><int name="x2" value="437"/><int name="y2" value="-990"/><int name="prev" value="17"/><int name="next" value="0"/></imgdir><imgdir name="19"><int name="x1" value="135"/><int name="y1" value="-1003"/><int name="x2" value="225"/><int name="y2" value="-1003"/><int name="prev" value="16"/><int name="next" value="21"/></imgdir><imgdir name="20"><int name="x1" value="315"/><int name="y1" value="-1003"/><int name="x2" value="373"/><int name="y2" value="-1003"/><int name="prev" value="21"/><int name="next" value="17"/></imgdir><imgdir name="21"><int name="x1" value="225"/><int name="y1" value="-1003"/><int name="x2" value="315"/><int name="y2" value="-1003"/><int name="prev" value="19"/><int name="next" value="20"/></imgdir><imgdir name="22"><int name="x1" value="-257"/><int name="y1" value="-990"/><int name="x2" value="-257"/><int name="y2" value="-1003"/><int name="prev" value="0"/><int name="next" value="23"/></imgdir><imgdir name="23"><int name="x1" value="-257"/><int name="y1" value="-1003"/><int name="x2" value="-193"/><int name="y2" value="-1003"/><int name="prev" value="22"/><int name="next" value="24"/></imgdir><imgdir name="24"><int name="x1" value="-193"/><int name="y1" value="-1003"/><int name="x2" value="-135"/><int name="y2" value="-1003"/><int name="prev" value="23"/><int name="next" value="14"/></imgdir></imgdir><imgdir name="38"><imgdir name="25"><int name="x1" value="-257"/><int name="y1" value="-1590"/><int name="x2" value="-257"/><int name="y2" value="-1603"/><int name="prev" value="0"/><int name="next" value="26"/></imgdir><imgdir name="26"><int name="x1" value="-257"/><int name="y1" value="-1603"/><int name="x2" value="-193"/><int name="y2" value="-1603"/><int name="prev" value="25"/><int name="next" value="36"/></imgdir><imgdir name="27"><int name="x1" value="315"/><int name="y1" value="-1603"/><int name="x2" value="373"/><int name="y2" value="-1603"/><int name="prev" value="31"/><int name="next" value="28"/></imgdir><imgdir name="28"><int name="x1" value="373"/><int name="y1" value="-1603"/><int name="x2" value="405"/><int name="y2" value="-1603"/><int name="prev" value="27"/><int name="next" value="29"/></imgdir><imgdir name="29"><int name="x1" value="405"/><int name="y1" value="-1603"/><int name="x2" value="437"/><int name="y2" value="-1603"/><int name="prev" value="28"/><int name="next" value="30"/></imgdir><imgdir name="30"><int name="x1" value="437"/><int name="y1" value="-1603"/><int name="x2" value="437"/><int name="y2" value="-1590"/><int name="prev" value="29"/><int name="next" value="0"/></imgdir><imgdir name="31"><int name="x1" value="225"/><int name="y1" value="-1603"/><int name="x2" value="315"/><int name="y2" value="-1603"/><int name="prev" value="32"/><int name="next" value="27"/></imgdir><imgdir name="32"><int name="x1" value="135"/><int name="y1" value="-1603"/><int name="x2" value="225"/><int name="y2" value="-1603"/><int name="prev" value="33"/><int name="next" value="31"/></imgdir><imgdir name="33"><int name="x1" value="45"/><int name="y1" value="-1603"/><int name="x2" value="135"/><int name="y2" value="-1603"/><int name="prev" value="34"/><int name="next" value="32"/></imgdir><imgdir name="34"><int name="x1" value="-45"/><int name="y1" value="-1603"/><int name="x2" value="45"/><int name="y2" value="-1603"/><int name="prev" value="35"/><int name="next" value="33"/></imgdir><imgdir name="35"><int name="x1" value="-135"/><int name="y1" value="-1603"/><int name="x2" value="-45"/><int name="y2" value="-1603"/><int name="prev" value="36"/><int name="next" value="34"/></imgdir><imgdir name="36"><int name="x1" value="-193"/><int name="y1" value="-1603"/><int name="x2" value="-135"/><int name="y2" value="-1603"/><int name="prev" value="26"/><int name="next" value="35"/></imgdir></imgdir><imgdir name="35"><imgdir name="37"><int name="x1" value="-167"/><int name="y1" value="-1470"/><int name="x2" value="-167"/><int name="y2" value="-1483"/><int name="prev" value="0"/><int name="next" value="38"/></imgdir><imgdir name="38"><int name="x1" value="-167"/><int name="y1" value="-1483"/><int name="x2" value="-103"/><int name="y2" value="-1483"/><int name="prev" value="37"/><int name="next" value="39"/></imgdir><imgdir name="39"><int name="x1" value="-103"/><int name="y1" value="-1483"/><int name="x2" value="-103"/><int name="y2" value="-1470"/><int name="prev" value="38"/><int name="next" value="0"/></imgdir></imgdir><imgdir name="13"><imgdir name="40"><int name="x1" value="-225"/><int name="y1" value="-403"/><int name="x2" value="-193"/><int name="y2" value="-403"/><int name="prev" value="50"/><int name="next" value="51"/></imgdir><imgdir name="41"><int name="x1" value="-45"/><int name="y1" value="-403"/><int name="x2" value="45"/><int name="y2" value="-403"/><int name="prev" value="42"/><int name="next" value="43"/></imgdir><imgdir name="42"><int name="x1" value="-135"/><int name="y1" value="-403"/><int name="x2" value="-45"/><int name="y2" value="-403"/><int name="prev" value="51"/><int name="next" value="41"/></imgdir><imgdir name="43"><int name="x1" value="45"/><int name="y1" value="-403"/><int name="x2" value="135"/><int name="y2" value="-403"/><int name="prev" value="41"/><int name="next" value="44"/></imgdir><imgdir name="44"><int name="x1" value="135"/><int name="y1" value="-403"/><int name="x2" value="225"/><int name="y2" value="-403"/><int name="prev" value="43"/><int name="next" value="45"/></imgdir><imgdir name="45"><int name="x1" value="225"/><int name="y1" value="-403"/><int name="x2" value="315"/><int name="y2" value="-403"/><int name="prev" value="44"/><int name="next" value="48"/></imgdir><imgdir name="46"><int name="x1" value="373"/><int name="y1" value="-403"/><int name="x2" value="437"/><int name="y2" value="-403"/><int name="prev" value="48"/><int name="next" value="47"/></imgdir><imgdir name="47"><int name="x1" value="437"/><int name="y1" value="-403"/><int name="x2" value="437"/><int name="y2" value="-390"/><int name="prev" value="46"/><int name="next" value="0"/></imgdir><imgdir name="48"><int name="x1" value="315"/><int name="y1" value="-403"/><int name="x2" value="373"/><int name="y2" value="-403"/><int name="prev" value="45"/><int name="next" value="46"/></imgdir><imgdir name="49"><int name="x1" value="-257"/><int name="y1" value="-390"/><int name="x2" value="-257"/><int name="y2" value="-403"/><int name="prev" value="0"/><int name="next" value="50"/></imgdir><imgdir name="50"><int name="x1" value="-257"/><int name="y1" value="-403"/><int name="x2" value="-225"/><int name="y2" value="-403"/><int name="prev" value="49"/><int name="next" value="40"/></imgdir><imgdir name="51"><int name="x1" value="-193"/><int name="y1" value="-403"/><int name="x2" value="-135"/><int name="y2" value="-403"/><int name="prev" value="40"/><int name="next" value="42"/></imgdir></imgdir><imgdir name="23"><imgdir name="52"><int name="x1" value="-167"/><int name="y1" value="-930"/><int name="x2" value="-167"/><int name="y2" value="-943"/><int name="prev" value="0"/><int name="next" value="53"/></imgdir><imgdir name="53"><int name="x1" value="-167"/><int name="y1" value="-943"/><int name="x2" value="-103"/><int name="y2" value="-943"/><int name="prev" value="52"/><int name="next" value="54"/></imgdir><imgdir name="54"><int name="x1" value="-103"/><int name="y1" value="-943"/><int name="x2" value="-103"/><int name="y2" value="-930"/><int name="prev" value="53"/><int name="next" value="0"/></imgdir></imgdir><imgdir name="22"><imgdir name="55"><int name="x1" value="-167"/><int name="y1" value="-870"/><int name="x2" value="-167"/><int name="y2" value="-883"/><int name="prev" value="0"/><int name="next" value="56"/></imgdir><imgdir name="56"><int name="x1" value="-167"/><int name="y1" value="-883"/><int name="x2" value="-103"/><int name="y2" value="-883"/><int name="prev" value="55"/><int name="next" value="57"/></imgdir><imgdir name="57"><int name="x1" value="-103"/><int name="y1" value="-883"/><int name="x2" value="-103"/><int name="y2" value="-870"/><int name="prev" value="56"/><int name="next" value="0"/></imgdir></imgdir><imgdir name="10"><imgdir name="58"><int name="x1" value="-167"/><int name="y1" value="-270"/><int name="x2" value="-167"/><int name="y2" value="-283"/><int name="prev" value="0"/><int name="next" value="59"/></imgdir><imgdir name="59"><int name="x1" value="-167"/><int name="y1" value="-283"/><int name="x2" value="-103"/><int name="y2" value="-283"/><int name="prev" value="58"/><int name="next" value="60"/></imgdir><imgdir name="60"><int name="x1" value="-103"/><int name="y1" value="-283"/><int name="x2" value="-103"/><int name="y2" value="-270"/><int name="prev" value="59"/><int name="next" value="0"/></imgdir></imgdir><imgdir name="11"><imgdir name="61"><int name="x1" value="-167"/><int name="y1" value="-330"/><int name="x2" value="-167"/><int name="y2" value="-343"/><int name="prev" value="0"/><int name="next" value="62"/></imgdir><imgdir name="62"><int name="x1" value="-167"/><int name="y1" value="-343"/><int name="x2" value="-103"/><int name="y2" value="-343"/><int name="prev" value="61"/><int name="next" value="63"/></imgdir><imgdir name="63"><int name="x1" value="-103"/><int name="y1" value="-343"/><int name="x2" value="-103"/><int name="y2" value="-330"/><int name="prev" value="62"/><int name="next" value="0"/></imgdir></imgdir><imgdir name="36"><imgdir name="64"><int name="x1" value="-167"/><int name="y1" value="-1530"/><int name="x2" value="-167"/><int name="y2" value="-1543"/><int name="prev" value="0"/><int name="next" value="65"/></imgdir><imgdir name="65"><int name="x1" value="-167"/><int name="y1" value="-1543"/><int name="x2" value="-103"/><int name="y2" value="-1543"/><int name="prev" value="64"/><int name="next" value="66"/></imgdir><imgdir name="66"><int name="x1" value="-103"/><int name="y1" value="-1543"/><int name="x2" value="-103"/><int name="y2" value="-1530"/><int name="prev" value="65"/><int name="next" value="0"/></imgdir></imgdir><imgdir name="2"><imgdir name="67"><int name="x1" value="-167"/><int name="y1" value="150"/><int name="x2" value="-167"/><int name="y2" value="137"/><int name="prev" value="0"/><int name="next" value="68"/></imgdir><imgdir name="68"><int name="x1" value="-167"/><int name="y1" value="137"/><int name="x2" value="-103"/><int name="y2" value="137"/><int name="prev" value="67"/><int name="next" value="69"/></imgdir><imgdir name="69"><int name="x1" value="-103"/><int name="y1" value="137"/><int name="x2" value="-103"/><int name="y2" value="150"/><int name="prev" value="68"/><int name="next" value="0"/></imgdir></imgdir><imgdir name="4"><imgdir name="70"><int name="x1" value="-167"/><int name="y1" value="90"/><int name="x2" value="-167"/><int name="y2" value="77"/><int name="prev" value="0"/><int name="next" value="71"/></imgdir><imgdir name="71"><int name="x1" value="-167"/><int name="y1" value="77"/><int name="x2" value="-103"/><int name="y2" value="77"/><int name="prev" value="70"/><int name="next" value="72"/></imgdir><imgdir name="72"><int name="x1" value="-103"/><int name="y1" value="77"/><int name="x2" value="-103"/><int name="y2" value="90"/><int name="prev" value="71"/><int name="next" value="0"/></imgdir></imgdir><imgdir name="5"><imgdir name="73"><int name="x1" value="-167"/><int name="y1" value="30"/><int name="x2" value="-167"/><int name="y2" value="17"/><int name="prev" value="0"/><int name="next" value="74"/></imgdir><imgdir name="74"><int name="x1" value="-167"/><int name="y1" value="17"/><int name="x2" value="-103"/><int name="y2" value="17"/><int name="prev" value="73"/><int name="next" value="75"/></imgdir><imgdir name="75"><int name="x1" value="-103"/><int name="y1" value="17"/><int name="x2" value="-103"/><int name="y2" value="30"/><int name="prev" value="74"/><int name="next" value="0"/></imgdir></imgdir><imgdir name="6"><imgdir name="76"><int name="x1" value="-167"/><int name="y1" value="-30"/><int name="x2" value="-167"/><int name="y2" value="-43"/><int name="prev" value="0"/><int name="next" value="77"/></imgdir><imgdir name="77"><int name="x1" value="-167"/><int name="y1" value="-43"/><int name="x2" value="-103"/><int name="y2" value="-43"/><int name="prev" value="76"/><int name="next" value="78"/></imgdir><imgdir name="78"><int name="x1" value="-103"/><int name="y1" value="-43"/><int name="x2" value="-103"/><int name="y2" value="-30"/><int name="prev" value="77"/><int name="next" value="0"/></imgdir></imgdir><imgdir name="7"><imgdir name="79"><int name="x1" value="-167"/><int name="y1" value="-90"/><int name="x2" value="-167"/><int name="y2" value="-103"/><int name="prev" value="0"/><int name="next" value="80"/></imgdir><imgdir name="80"><int name="x1" value="-167"/><int name="y1" value="-103"/><int name="x2" value="-103"/><int name="y2" value="-103"/><int name="prev" value="79"/><int name="next" value="81"/></imgdir><imgdir name="81"><int name="x1" value="-103"/><int name="y1" value="-103"/><int name="x2" value="-103"/><int name="y2" value="-90"/><int name="prev" value="80"/><int name="next" value="0"/></imgdir></imgdir><imgdir name="8"><imgdir name="82"><int name="x1" value="-167"/><int name="y1" value="-150"/><int name="x2" value="-167"/><int name="y2" value="-163"/><int name="prev" value="0"/><int name="next" value="83"/></imgdir><imgdir name="83"><int name="x1" value="-167"/><int name="y1" value="-163"/><int name="x2" value="-103"/><int name="y2" value="-163"/><int name="prev" value="82"/><int name="next" value="84"/></imgdir><imgdir name="84"><int name="x1" value="-103"/><int name="y1" value="-163"/><int name="x2" value="-103"/><int name="y2" value="-150"/><int name="prev" value="83"/><int name="next" value="0"/></imgdir></imgdir><imgdir name="9"><imgdir name="85"><int name="x1" value="-167"/><int name="y1" value="-210"/><int name="x2" value="-167"/><int name="y2" value="-223"/><int name="prev" value="0"/><int name="next" value="86"/></imgdir><imgdir name="86"><int name="x1" value="-167"/><int name="y1" value="-223"/><int name="x2" value="-103"/><int name="y2" value="-223"/><int name="prev" value="85"/><int name="next" value="87"/></imgdir><imgdir name="87"><int name="x1" value="-103"/><int name="y1" value="-223"/><int name="x2" value="-103"/><int name="y2" value="-210"/><int name="prev" value="86"/><int name="next" value="0"/></imgdir></imgdir><imgdir name="14"><imgdir name="88"><int name="x1" value="-167"/><int name="y1" value="-450"/><int name="x2" value="-167"/><int name="y2" value="-463"/><int name="prev" value="0"/><int name="next" value="89"/></imgdir><imgdir name="89"><int name="x1" value="-167"/><int name="y1" value="-463"/><int name="x2" value="-103"/><int name="y2" value="-463"/><int name="prev" value="88"/><int name="next" value="90"/></imgdir><imgdir name="90"><int name="x1" value="-103"/><int name="y1" value="-463"/><int name="x2" value="-103"/><int name="y2" value="-450"/><int name="prev" value="89"/><int name="next" value="0"/></imgdir></imgdir><imgdir name="15"><imgdir name="91"><int name="x1" value="-167"/><int name="y1" value="-510"/><int name="x2" value="-167"/><int name="y2" value="-523"/><int name="prev" value="0"/><int name="next" value="92"/></imgdir><imgdir name="92"><int name="x1" value="-167"/><int name="y1" value="-523"/><int name="x2" value="-103"/><int name="y2" value="-523"/><int name="prev" value="91"/><int name="next" value="93"/></imgdir><imgdir name="93"><int name="x1" value="-103"/><int name="y1" value="-523"/><int name="x2" value="-103"/><int name="y2" value="-510"/><int name="prev" value="92"/><int name="next" value="0"/></imgdir></imgdir><imgdir name="16"><imgdir name="94"><int name="x1" value="-167"/><int name="y1" value="-570"/><int name="x2" value="-167"/><int name="y2" value="-583"/><int name="prev" value="0"/><int name="next" value="95"/></imgdir><imgdir name="95"><int name="x1" value="-167"/><int name="y1" value="-583"/><int name="x2" value="-103"/><int name="y2" value="-583"/><int name="prev" value="94"/><int name="next" value="96"/></imgdir><imgdir name="96"><int name="x1" value="-103"/><int name="y1" value="-583"/><int name="x2" value="-103"/><int name="y2" value="-570"/><int name="prev" value="95"/><int name="next" value="0"/></imgdir></imgdir><imgdir name="17"><imgdir name="97"><int name="x1" value="-167"/><int name="y1" value="-630"/><int name="x2" value="-167"/><int name="y2" value="-643"/><int name="prev" value="0"/><int name="next" value="98"/></imgdir><imgdir name="98"><int name="x1" value="-167"/><int name="y1" value="-643"/><int name="x2" value="-103"/><int name="y2" value="-643"/><int name="prev" value="97"/><int name="next" value="99"/></imgdir><imgdir name="99"><int name="x1" value="-103"/><int name="y1" value="-643"/><int name="x2" value="-103"/><int name="y2" value="-630"/><int name="prev" value="98"/><int name="next" value="0"/></imgdir></imgdir><imgdir name="18"><imgdir name="100"><int name="x1" value="-167"/><int name="y1" value="-690"/><int name="x2" value="-167"/><int name="y2" value="-703"/><int name="prev" value="0"/><int name="next" value="101"/></imgdir><imgdir name="101"><int name="x1" value="-167"/><int name="y1" value="-703"/><int name="x2" value="-103"/><int name="y2" value="-703"/><int name="prev" value="100"/><int name="next" value="102"/></imgdir><imgdir name="102"><int name="x1" value="-103"/><int name="y1" value="-703"/><int name="x2" value="-103"/><int name="y2" value="-690"/><int name="prev" value="101"/><int name="next" value="0"/></imgdir></imgdir><imgdir name="20"><imgdir name="103"><int name="x1" value="-167"/><int name="y1" value="-750"/><int name="x2" value="-167"/><int name="y2" value="-763"/><int name="prev" value="0"/><int name="next" value="104"/></imgdir><imgdir name="104"><int name="x1" value="-167"/><int name="y1" value="-763"/><int name="x2" value="-103"/><int name="y2" value="-763"/><int name="prev" value="103"/><int name="next" value="105"/></imgdir><imgdir name="105"><int name="x1" value="-103"/><int name="y1" value="-763"/><int name="x2" value="-103"/><int name="y2" value="-750"/><int name="prev" value="104"/><int name="next" value="0"/></imgdir></imgdir><imgdir name="21"><imgdir name="106"><int name="x1" value="-167"/><int name="y1" value="-810"/><int name="x2" value="-167"/><int name="y2" value="-823"/><int name="prev" value="0"/><int name="next" value="107"/></imgdir><imgdir name="107"><int name="x1" value="-167"/><int name="y1" value="-823"/><int name="x2" value="-103"/><int name="y2" value="-823"/><int name="prev" value="106"/><int name="next" value="108"/></imgdir><imgdir name="108"><int name="x1" value="-103"/><int name="y1" value="-823"/><int name="x2" value="-103"/><int name="y2" value="-810"/><int name="prev" value="107"/><int name="next" value="0"/></imgdir></imgdir><imgdir name="27"><imgdir name="109"><int name="x1" value="-167"/><int name="y1" value="-1050"/><int name="x2" value="-167"/><int name="y2" value="-1063"/><int name="prev" value="0"/><int name="next" value="110"/></imgdir><imgdir name="110"><int name="x1" value="-167"/><int name="y1" value="-1063"/><int name="x2" value="-103"/><int name="y2" value="-1063"/><int name="prev" value="109"/><int name="next" value="111"/></imgdir><imgdir name="111"><int name="x1" value="-103"/><int name="y1" value="-1063"/><int name="x2" value="-103"/><int name="y2" value="-1050"/><int name="prev" value="110"/><int name="next" value="0"/></imgdir></imgdir><imgdir name="28"><imgdir name="112"><int name="x1" value="-167"/><int name="y1" value="-1110"/><int name="x2" value="-167"/><int name="y2" value="-1123"/><int name="prev" value="0"/><int name="next" value="113"/></imgdir><imgdir name="113"><int name="x1" value="-167"/><int name="y1" value="-1123"/><int name="x2" value="-103"/><int name="y2" value="-1123"/><int name="prev" value="112"/><int name="next" value="114"/></imgdir><imgdir name="114"><int name="x1" value="-103"/><int name="y1" value="-1123"/><int name="x2" value="-103"/><int name="y2" value="-1110"/><int name="prev" value="113"/><int name="next" value="0"/></imgdir></imgdir><imgdir name="30"><imgdir name="115"><int name="x1" value="-167"/><int name="y1" value="-1170"/><int name="x2" value="-167"/><int name="y2" value="-1183"/><int name="prev" value="0"/><int name="next" value="116"/></imgdir><imgdir name="116"><int name="x1" value="-167"/><int name="y1" value="-1183"/><int name="x2" value="-103"/><int name="y2" value="-1183"/><int name="prev" value="115"/><int name="next" value="117"/></imgdir><imgdir name="117"><int name="x1" value="-103"/><int name="y1" value="-1183"/><int name="x2" value="-103"/><int name="y2" value="-1170"/><int name="prev" value="116"/><int name="next" value="0"/></imgdir></imgdir><imgdir name="31"><imgdir name="118"><int name="x1" value="-167"/><int name="y1" value="-1230"/><int name="x2" value="-167"/><int name="y2" value="-1243"/><int name="prev" value="0"/><int name="next" value="119"/></imgdir><imgdir name="119"><int name="x1" value="-167"/><int name="y1" value="-1243"/><int name="x2" value="-103"/><int name="y2" value="-1243"/><int name="prev" value="118"/><int name="next" value="120"/></imgdir><imgdir name="120"><int name="x1" value="-103"/><int name="y1" value="-1243"/><int name="x2" value="-103"/><int name="y2" value="-1230"/><int name="prev" value="119"/><int name="next" value="0"/></imgdir></imgdir><imgdir name="32"><imgdir name="121"><int name="x1" value="-167"/><int name="y1" value="-1290"/><int name="x2" value="-167"/><int name="y2" value="-1303"/><int name="prev" value="0"/><int name="next" value="122"/></imgdir><imgdir name="122"><int name="x1" value="-167"/><int name="y1" value="-1303"/><int name="x2" value="-103"/><int name="y2" value="-1303"/><int name="prev" value="121"/><int name="next" value="123"/></imgdir><imgdir name="123"><int name="x1" value="-103"/><int name="y1" value="-1303"/><int name="x2" value="-103"/><int name="y2" value="-1290"/><int name="prev" value="122"/><int name="next" value="0"/></imgdir></imgdir><imgdir name="33"><imgdir name="124"><int name="x1" value="-167"/><int name="y1" value="-1350"/><int name="x2" value="-167"/><int name="y2" value="-1363"/><int name="prev" value="0"/><int name="next" value="125"/></imgdir><imgdir name="125"><int name="x1" value="-167"/><int name="y1" value="-1363"/><int name="x2" value="-103"/><int name="y2" value="-1363"/><int name="prev" value="124"/><int name="next" value="126"/></imgdir><imgdir name="126"><int name="x1" value="-103"/><int name="y1" value="-1363"/><int name="x2" value="-103"/><int name="y2" value="-1350"/><int name="prev" value="125"/><int name="next" value="0"/></imgdir></imgdir><imgdir name="34"><imgdir name="127"><int name="x1" value="-167"/><int name="y1" value="-1410"/><int name="x2" value="-167"/><int name="y2" value="-1423"/><int name="prev" value="0"/><int name="next" value="128"/></imgdir><imgdir name="128"><int name="x1" value="-167"/><int name="y1" value="-1423"/><int name="x2" value="-103"/><int name="y2" value="-1423"/><int name="prev" value="127"/><int name="next" value="129"/></imgdir><imgdir name="129"><int name="x1" value="-103"/><int name="y1" value="-1423"/><int name="x2" value="-103"/><int name="y2" value="-1410"/><int name="prev" value="128"/><int name="next" value="0"/></imgdir></imgdir><imgdir name="39"><imgdir name="130"><int name="x1" value="-167"/><int name="y1" value="-1650"/><int name="x2" value="-167"/><int name="y2" value="-1663"/><int name="prev" value="0"/><int name="next" value="131"/></imgdir><imgdir name="131"><int name="x1" value="-167"/><int name="y1" value="-1663"/><int name="x2" value="-103"/><int name="y2" value="-1663"/><int name="prev" value="130"/><int name="next" value="132"/></imgdir><imgdir name="132"><int name="x1" value="-103"/><int name="y1" value="-1663"/><int name="x2" value="-103"/><int name="y2" value="-1650"/><int name="prev" value="131"/><int name="next" value="0"/></imgdir></imgdir><imgdir name="41"><imgdir name="133"><int name="x1" value="-167"/><int name="y1" value="-1710"/><int name="x2" value="-167"/><int name="y2" value="-1723"/><int name="prev" value="0"/><int name="next" value="134"/></imgdir><imgdir name="134"><int name="x1" value="-167"/><int name="y1" value="-1723"/><int name="x2" value="-103"/><int name="y2" value="-1723"/><int name="prev" value="133"/><int name="next" value="135"/></imgdir><imgdir name="135"><int name="x1" value="-103"/><int name="y1" value="-1723"/><int name="x2" value="-103"/><int name="y2" value="-1710"/><int name="prev" value="134"/><int name="next" value="0"/></imgdir></imgdir><imgdir name="42"><imgdir name="136"><int name="x1" value="-167"/><int name="y1" value="-1770"/><int name="x2" value="-167"/><int name="y2" value="-1783"/><int name="prev" value="0"/><int name="next" value="137"/></imgdir><imgdir name="137"><int name="x1" value="-167"/><int name="y1" value="-1783"/><int name="x2" value="-103"/><int name="y2" value="-1783"/><int name="prev" value="136"/><int name="next" value="138"/></imgdir><imgdir name="138"><int name="x1" value="-103"/><int name="y1" value="-1783"/><int name="x2" value="-103"/><int name="y2" value="-1770"/><int name="prev" value="137"/><int name="next" value="0"/></imgdir></imgdir><imgdir name="43"><imgdir name="139"><int name="x1" value="-167"/><int name="y1" value="-1830"/><int name="x2" value="-167"/><int name="y2" value="-1843"/><int name="prev" value="0"/><int name="next" value="140"/></imgdir><imgdir name="140"><int name="x1" value="-167"/><int name="y1" value="-1843"/><int name="x2" value="-103"/><int name="y2" value="-1843"/><int name="prev" value="139"/><int name="next" value="141"/></imgdir><imgdir name="141"><int name="x1" value="-103"/><int name="y1" value="-1843"/><int name="x2" value="-103"/><int name="y2" value="-1830"/><int name="prev" value="140"/><int name="next" value="0"/></imgdir></imgdir></imgdir></imgdir><imgdir name="info"><int name="version" value="10"/><int name="cloud" value="0"/><string name="streetName" value="이름없음"/><string name="mapName" value=""/><string name="mapDesc" value=""/><int name="town" value="0"/><int name="returnMap" value="999999999"/><int name="forcedReturn" value="999999999"/><float name="mobRate" value="4.999989"/><string name="bgm" value="BgmUI/Title"/><string name="mapMark" value="None"/><int name="hideMinimap" value="0"/><int name="fieldLimit" value="0"/><int name="swim" value="0"/></imgdir><imgdir name="ladderRope"></imgdir><imgdir name="life"></imgdir><imgdir name="miniMap"><canvas name="canvas" width="51" height="107"></canvas><int name="width" value="821"/><int name="height" value="1714"/><int name="centerX" value="334"/><int name="centerY" value="1527"/><int name="mag" value="4"/></imgdir><imgdir name="portal"><imgdir name="0"><string name="pn" value="sp"/><int name="pt" value="0"/><int name="x" value="0"/><int name="y" value="0"/><int name="tm" value="999999999"/><string name="tn" value=""/></imgdir></imgdir><imgdir name="reactor"></imgdir></imgdir>